pk_model,scenario,endpoint,analysis_model,n_trials,mean_log_gmr,sd_log_gmr,se_median,df_median,true_ratio,bias_log,bias_mc_se,sd_se_ratio,bias_lo,bias_hi,bias_pct,sd_se_lo,sd_se_hi,pred_pct,theory_boundary_pct,bias_dir
k2016,F097,AUCinf_A,M0,10000,-0.0451619549623069,0.0511258637159867,0.0518819065,185,0.952069739554753,0.0039550360767178,0.000511258637159867,0.985427621399893,0.00295298756109943,0.00495708459233617,0.396286755308872,0.971768780729571,0.999083861419461,96.4179886154375,,
k2016,F097,AUCinf_A,M1,10000,-0.0453353955012552,0.0508267260196609,0.0504545055,184,0.952069739554753,0.00378159553776955,0.000508267260196609,1.00737734947498,0.00278541001326335,0.00477778106227575,0.37887547917983,0.993414267445858,1.02133777292563,96.8226482571215,,
k2016,F097,AUCinf_A,M2,10000,-0.0454134984194479,0.0501839830176473,0.049813075,184,0.952069739554753,0.00370349261957687,0.000501839830176473,1.00744599721353,0.00271990462642329,0.00468708061273046,0.37103590223091,0.993481963670054,1.02140737199736,97.1220064320509,,
k2016,F097,AUCinf_Ai,M0,10000,-0.045923930633025,0.0498571640009727,0.050619184,199,0.952069739554753,0.00319306040599972,0.000498571640009727,0.984946023645356,0.00221587794786759,0.00417024286413186,0.31981636535916,0.97129385831765,0.998595589593297,96.962327332966,,
k2016,F097,AUCinf_Ai,M1,10000,-0.0460384528167005,0.0495961646254285,0.0492043315,198,0.952069739554753,0.00307853822232428,0.000495961646254285,1.00796338682964,0.00210647125795268,0.00405060518669587,0.308328178761741,0.993992181838793,1.0219319316954,97.3208105030019,,
k2016,F097,AUCinf_Ai,M2,10000,-0.0460848043986424,0.0489085512186649,0.0485490965,198,0.952069739554753,0.00303218664038238,0.000489085512186649,1.00740394249489,0.00207359665113622,0.00399077662962854,0.303678836821719,0.99344049186455,1.02136473447657,97.6079049924598,,
k2016,F097,AUCinf_B,M0,10000,-0.0467265799072125,0.0467668507284671,0.0482100895,229,0.952069739554753,0.00239041113181229,0.000467668507284671,0.970063553366088,0.00147379770083072,0.00330702456279385,0.239327044235727,0.956617671367478,0.983506875261392,98.07390565733,,
k2016,F097,AUCinf_B,M1,10000,-0.0467797203154599,0.0467445395222382,0.0467986465,228,0.952069739554753,0.00233727072356485,0.000467445395222382,0.998843834559151,0.00142109458418989,0.00325344686293981,0.234000427004699,0.984999034094358,1.01268599896634,98.2955039546314,,
k2016,F097,AUCinf_B,M2,10000,-0.0468234765161582,0.04611772754966,0.0461552715,228,0.952069739554753,0.0022935145228665,0.0004611772754966,0.999186572863296,0.00138962367240486,0.00319740537332814,0.229614663918087,0.985337021762549,1.01303348700192,98.4996596853217,,
k2016,F097,AUCinf_C,M0,10000,-0.0495014264199381,0.0486471954003429,0.0502759515,232,0.952069739554753,-0.000384435380913359,0.000486471954003429,0.967603674300283,-0.0013379028902489,0.000569032128422187,-0.0384361495100682,0.954191888257072,0.981012906732077,96.8697587975616,,
k2016,F097,AUCinf_C,M1,10000,-0.0494953857866595,0.0486340213154811,0.048826454,231,0.952069739554753,-0.000378394747634798,0.000486340213154811,0.996058843746487,-0.00133160404965176,0.000574814554382163,-0.0378323165371341,0.982252645554405,1.00986241323086,97.2054335963631,,
k2016,F097,AUCinf_C,M2,10000,-0.0495223331217916,0.0480133702075887,0.048167055,231,0.952069739554753,-0.000405342082766824,0.000480133702075887,0.9968093379923,-0.00134638684659945,0.000535702681065798,-0.0405259942763414,0.982992737330158,1.0106233079661,97.4934595769967,,
k2016,F097,AUCinf_Ci,M0,10000,-0.0491076340851177,0.0483241821126556,0.049935978,232,0.952069739554753,9.35695390704566e-06,0.000483241821126556,0.967722753175187,-0.000937779611324551,0.000956493519138642,0.00093569976835628,0.954309316600426,0.981133635824268,97.0903883354499,,
k2016,F097,AUCinf_Ci,M1,10000,-0.0491017198807445,0.0483109585691381,0.0484921035,231,0.952069739554753,1.52711582802265e-05,0.000483109585691381,0.996264444769613,-0.000931606230260947,0.0009621485468214,0.0015271274884876,0.98245539677755,1.01007086351136,97.4069527222409,,
k2016,F097,AUCinf_Ci,M2,10000,-0.0491262889945706,0.0476877538365344,0.0478352615,231,0.952069739554753,-9.29795554588386e-06,0.000476877538365344,0.996916340397437,-0.000943960755778076,0.000925364844686308,-0.000929791232007204,0.983098256593589,1.01073179323055,97.6817268133279,,
k2016,F097,AUCinf_true,M0,10000,-0.0489969955824511,0.0457930310800159,0.0475934475,232,0.952069739554753,0.000119995456573666,0.000457930310800159,0.96217091817137,-0.000777531460023879,0.00101752237317121,0.0120002656316398,0.94883443461487,0.975504862454086,98.1522726841674,,
k2016,F097,AUCinf_true,M1,10000,-0.0489913216839288,0.0457770739860549,0.04607207,231,0.952069739554753,0.000125669355095906,0.000457770739860549,0.993597074888427,-0.000771544808207023,0.00102288351839884,0.0125677251820111,0.979824998845825,1.0073665287202,98.3903503270082,,
k2016,F097,AUCinf_true,M2,10000,-0.0490186597111714,0.0451021452141634,0.045400858,231,0.952069739554753,9.83313278533904e-05,0.000451021452141635,0.993420547562415,-0.000785654474599169,0.00098231713030595,0.00983361625368495,0.979650918334341,1.00718755504553,98.60287006691,,
k2016,F097,AUClast,M0,10000,-0.049803745692805,0.0487679362075027,0.050453773,232,0.952069739554753,-0.000686754653780285,0.000487679362075027,0.966586506969513,-0.00164258863945081,0.000269079331890238,-0.06865188917764,0.953188819705557,0.979981643306466,96.749212669409,,
k2016,F097,AUClast,M1,10000,-0.0497979716552078,0.0487549564101148,0.048981704,231,0.952069739554753,-0.000680980616183095,0.000487549564101148,0.995370769667686,-0.00163656020249955,0.000274598970133357,-0.0680748801506703,0.981574108750598,1.00916480369297,97.0998111167893,,
k2016,F097,AUClast,M2,10000,-0.0498246447265261,0.048141681958753,0.0483053585,231,0.952069739554753,-0.000707653687501364,0.00048141681958753,0.99661162764692,-0.00165121331544474,0.000235905940442011,-0.0707403359682557,0.982797767413449,1.01042285771383,97.3967521383259,,
k2016,F097,Cmax,M0,10000,-0.0351921099478729,0.0422597770962824,0.0432705845,232,0.965269785236406,0.00015553657457567,0.000422597770962824,0.976639848631637,-0.000672739836458373,0.000983812985609712,0.0155548671015859,0.963102813749463,0.990174306054944,99.7074617188921,,
k2016,F097,Cmax,M1,10000,-0.0351917020460924,0.0422546863205901,0.042409946,231,0.965269785236406,0.000155944476356099,0.000422546863205901,0.99633907387173,-0.00067223215730784,0.000984121110020037,0.0155956636328058,0.982528991458678,1.01014652683752,99.7364707339764,,
k2016,F097,Cmax,M2,10000,-0.0352029083423695,0.041922880805585,0.042032103,231,0.965269785236406,0.000144738180079047,0.00041922880805585,0.997401457775858,-0.000676935184992074,0.000966411545150169,0.0144748655154903,0.983576649844501,1.0112236334562,99.7649073309896,,
k2016,F_down_080,AUCinf_A,M0,10000,-0.20393738391017,0.0516828094133528,0.0527523495,181,0.79988525403249,0.0193496101508464,0.000516828094133528,0.979725261589587,0.0183366457001462,0.0203625746015466,1.95380271604693,0.966145460335658,0.993302477241909,9.41014844462086,4.97236873989632,toward_1
k2016,F_down_080,AUCinf_A,M1,10000,-0.204710695598639,0.0513659932729156,0.051266555,180,0.79988525403249,0.0185762984623769,0.000513659932729156,1.00193963243513,0.0175695434939265,0.0195830534308273,1.87499112561225,0.988051921655046,1.01582469898747,9.82982730087128,4.9715717721515,toward_1
k2016,F_down_080,AUCinf_A,M2,10000,-0.20505921763232,0.050690659059418,0.050602042,180,0.79988525403249,0.0182277764286961,0.00050690659059418,1.00175125461178,0.0172342577676056,0.0192212950897867,1.83949163306094,0.987866154903899,1.01563371058906,9.78821285958018,4.9711993164447,toward_1
k2016,F_down_080,AUCinf_Ai,M0,10000,-0.207476993357999,0.0503014538299542,0.051266906,196,0.79988525403249,0.0158100007030168,0.000503014538299542,0.981168121008788,0.0148241103242497,0.0167958910817839,1.59356400100488,0.967568320531691,0.994765332076415,8.48867724976623,4.97154249603532,toward_1
k2016,F_down_080,AUCinf_Ai,M1,10000,-0.2079965543884,0.0500269129400931,0.0497990455,195,0.79988525403249,0.0152904396726164,0.000500269129400931,1.00457573910916,0.0143099301964133,0.0162709491488194,1.54079365410544,0.990651489713478,1.01849733732012,8.97330959050696,4.97070742358328,toward_1
k2016,F_down_080,AUCinf_Ai,M2,10000,-0.208232624646801,0.049323006123813,0.0491525405,195,0.79988525403249,0.0150543694142156,0.00049323006123813,1.003468093858,0.0140876562580964,0.0160210825703348,1.51682572187859,0.989559197340273,1.0173743421142,8.93640421365664,4.97032305882847,toward_1
k2016,F_down_080,AUCinf_B,M0,10000,-0.2125562786526,0.0470472175116293,0.048533683,227,0.79988525403249,0.0107307154084167,0.000470472175116293,0.969372497686386,0.00980860688946051,0.0116528239273728,1.07884960258451,0.95593619429022,0.982806242803015,6.96047373597524,4.96989590072905,toward_1
k2016,F_down_080,AUCinf_B,M1,10000,-0.2128039871871,0.0470112308980085,0.047119111,226,0.79988525403249,0.0104830068739159,0.000470112308980085,0.997710480955562,0.00956160367962594,0.0114044100682058,1.05381460969913,0.98388138970772,1.01153693913685,7.55757811474577,4.96899577531595,toward_1
k2016,F_down_080,AUCinf_B,M2,10000,-0.2129615901631,0.0463978963194789,0.0464780205,226,0.79988525403249,0.0103254038979158,0.000463978963194789,0.998276084487698,0.00941602184046981,0.0112347859553619,1.03788948273715,0.984439153507784,1.01211038090836,7.56396635840103,4.96856920335835,toward_1
k2016,F_down_080,AUCinf_C,M0,10000,-0.2270430545104,0.0493981524050815,0.0510100965,232,0.79988525403249,-0.00375606044938404,0.000493981524050815,0.968399509008604,-0.00472424644555184,-0.00278787445321623,-0.374901527779137,0.954976692039077,0.981819770266418,3.71892653670294,4.97134779894942,away_from_1
k2016,F_down_080,AUCinf_C,M1,10000,-0.227037117464901,0.0493855135754834,0.0495202295,231,0.79988525403249,-0.00375012340388439,0.000493855135754834,0.997279577944674,-0.00471806168354401,-0.00278218512422478,-0.374310047280779,0.983456459368434,1.01110006459156,4.13861741936302,4.97048907325958,away_from_1
k2016,F_down_080,AUCinf_C,M2,10000,-0.2270674423466,0.048749054494341,0.0488547715,231,0.79988525403249,-0.00378044828558363,0.00048749054494341,0.997836096610153,-0.00473591219647652,-0.00282498437469075,-0.377331138735448,0.984005264225596,1.01166429559664,4.13217392763287,4.97008806837338,away_from_1
k2016,F_down_080,AUCinf_Ci,M0,10000,-0.2252395919833,0.0489814476144639,0.050634136,232,0.79988525403249,-0.00195259792228367,0.000489814476144639,0.967360193812014,-0.00291261665463351,-0.000992579189933821,-0.195069284311356,0.953951782609454,0.980766052045727,4.00624101019007,4.97113554960469,away_from_1
k2016,F_down_080,AUCinf_Ci,M1,10000,-0.2252336486848,0.048967006190984,0.049164916,231,0.79988525403249,-0.00194665462378341,0.000489670061909841,0.995974572416315,-0.00290639030943419,-0.00098691893813262,-0.194476112053621,0.982169542294466,1.00977697405286,4.44869609152069,4.97027630884306,away_from_1
k2016,F_down_080,AUCinf_Ci,M2,10000,-0.225264600518,0.0483362306223813,0.048507703,231,0.79988525403249,-0.00197760645698386,0.000483362306223813,0.996465048497169,-0.00292497916866675,-0.00103023374530097,-0.197565228174335,0.982653219971769,1.01027424724284,4.44511729989521,4.96987456997013,away_from_1
k2016,F_down_080,AUCinf_true,M0,10000,-0.223140410263399,0.0462875635476243,0.0480605005,232,0.79988525403249,0.000146583797617228,0.000462875635476243,0.963110310256222,-0.000760635777237299,0.00105380337247176,0.0146594541547085,0.949760805949608,0.976457272809895,4.32060781411185,4.96959364375541,none
k2016,F_down_080,AUCinf_true,M1,10000,-0.223134790782799,0.0462713252184024,0.046515337,231,0.79988525403249,0.000152203278217494,0.000462713252184024,0.994754165027385,-0.000754698031232592,0.00105910458766758,0.015221486172412,0.980966050759848,1.0085396540304,4.84575827312542,4.9685874863989,none
k2016,F_down_080,AUCinf_true,M2,10000,-0.2231643752064,0.0455870611810395,0.045843229,231,0.79988525403249,0.000122618854616174,0.000455870611810395,0.994412090410113,-0.000770871126142439,0.00101610883537479,0.0122626372615287,0.980628717579281,1.0081928388792,4.83352696961744,4.96812812878266,none
k2016,F_down_080,AUClast,M0,10000,-0.2283586207258,0.0493941425253414,0.051068469,232,0.79988525403249,-0.00507162666478353,0.000493941425253414,0.96721408517928,-0.0060397340687526,-0.00410351926081446,-0.505878768028556,0.953807699163037,0.980617918612273,3.49152655634981,4.9713804736391,away_from_1
k2016,F_down_080,AUClast,M1,10000,-0.2283529095941,0.0493813604094235,0.049559206,231,0.79988525403249,-0.00506591553308386,0.000493813604094235,0.996411451979749,-0.00603377241218448,-0.00409805865398324,-0.505310542376258,0.982600366346344,1.01021990797487,3.89572553645739,4.9705122274361,away_from_1
k2016,F_down_080,AUClast,M2,10000,-0.228381717992999,0.0487536702149309,0.048873923,231,0.79988525403249,-0.00509472393198293,0.000487536702149309,0.997539530741801,-0.00605027830933701,-0.00413916955462885,-0.50817678379238,0.983712809005105,1.01136361986309,3.8950949886347,4.97009976131084,away_from_1
k2016,F_down_080,Cmax,M0,10000,-0.16177376273105,0.0428617023526725,0.043867382,232,0.852080931927538,-0.00169999659219358,0.000428617023526725,0.977074546018554,-0.00254007052146672,-0.000859922662920444,-0.169855241646733,0.963531485871593,0.990615027559435,39.8054054640574,41.5480279379706,away_from_1
k2016,F_down_080,Cmax,M1,10000,-0.16177334137159,0.0428564510074033,0.0429906715,231,0.852080931927538,-0.00169957523273331,0.000428564510074033,0.996877915884689,-0.00253954623753047,-0.000859604227936156,-0.169813177261957,0.983060364676323,1.01069283622373,41.1124132851157,42.6923176155546,away_from_1
k2016,F_down_080,Cmax,M2,10000,-0.16178590372716,0.0425232427105206,0.0426002935,231,0.852080931927538,-0.00171213758830371,0.000425232427105205,0.998191308482899,-0.00254557783048847,-0.000878697346118957,-0.171067271688286,0.984355552568426,1.01202443006186,41.6229485827767,43.2196334418622,away_from_1
k2016,F_up_125,AUCinf_A,M0,10000,0.205941979558299,0.0496579207229408,0.0509620955,190,1.25010656509896,-0.0172868202013264,0.000496579207229408,0.97440892560905,-0.0182600975629675,-0.0163135428396853,-1.71382603989516,0.960902813162428,0.987912466484455,8.85204498365704,4.98297704310202,toward_1
k2016,F_up_125,AUCinf_A,M1,10000,0.2066191125405,0.0493793831955471,0.049567369,189,1.25010656509896,-0.0166096872191256,0.000493793831955471,0.996207468577708,-0.0175775053455464,-0.0156418690927049,-1.64725069217436,0.982399210322719,1.01001309773275,9.26509185254573,4.98249984068568,toward_1
k2016,F_up_125,AUCinf_A,M2,10000,0.2068766983793,0.0487531051536602,0.0489198375,189,1.25010656509896,-0.0163521013803262,0.000487531051536602,0.99659172321781,-0.0173076446826828,-0.0153965580779695,-1.6219131535902,0.982778138876165,1.01040267744542,9.25936990197028,4.98226852918743,toward_1
k2016,F_up_125,AUCinf_Ai,M0,10000,0.211364619887801,0.0487437426625698,0.0500067455,203,1.25010656509896,-0.0118641798718249,0.000487437426625698,0.974743350625963,-0.0128195396727281,-0.0109088200709216,-1.17940779974373,0.961232602772414,0.98825152602571,7.30342145242808,4.98263891821287,toward_1
k2016,F_up_125,AUCinf_Ai,M1,10000,0.2118244356336,0.0485741328952464,0.0486079985,202,1.25010656509896,-0.0114043641260261,0.000485741328952464,0.999303291519943,-0.0123563996365756,-0.0104523286154767,-1.1339580869949,0.98545212260222,1.01315182316751,7.77228825290547,4.98214104792039,toward_1
k2016,F_up_125,AUCinf_Ai,M2,10000,0.211967823462099,0.0479314364839568,0.047947476,202,1.25010656509896,-0.0112609762975267,0.000479314364839568,0.999665477364372,-0.0122004151898849,-0.0103215374051684,-1.11978088353775,0.985809288251726,1.01351902825101,7.78294320643128,4.98189538218052,toward_1
k2016,F_up_125,AUCinf_B,M0,10000,0.217139372771,0.0462977619406019,0.0479819475,230,1.25010656509896,-0.00608942698862625,0.000462977619406019,0.964899599804737,-0.00699684644831013,-0.00518200752894236,-0.607092400467557,0.951525294467255,0.978271358667148,5.6836573640055,4.98188344527872,toward_1
k2016,F_up_125,AUCinf_B,M1,10000,0.2173103630534,0.046284420590648,0.04659868,229,1.25010656509896,-0.00591843670622544,0.00046284420590648,0.993256044820326,-0.00682559468025518,-0.0050112787321957,-0.590095726036799,0.979488695736115,1.00702077259372,6.21810546862031,4.98134727634645,toward_1
k2016,F_up_125,AUCinf_B,M2,10000,0.2173656551582,0.0456883486578567,0.045985961,229,1.25010656509896,-0.00586314460142548,0.000456883486578567,0.99352819130727,-0.00675861978025056,-0.0049676694226004,-0.584598991229912,0.979757070047992,1.00729669053751,6.22900870759587,4.98109912431889,toward_1
k2016,F_up_125,AUCinf_C,M0,10000,0.226079089021601,0.0478104825440205,0.049454298,232,1.25010656509896,0.00285028926197492,0.000478104825440205,0.966760918212215,0.00191322102327731,0.00378735750067253,0.285435519852739,0.953360813464393,0.980158471572743,3.83946114610547,4.9824205430839,away_from_1
k2016,F_up_125,AUCinf_C,M1,10000,0.226085004038901,0.0477975807707716,0.048051967,231,1.25010656509896,0.00285620427927474,0.000477975807707716,0.994706018398199,0.00191938891068618,0.00379301964786331,0.28602871169312,0.980918571482705,1.00849084017624,4.25523403753071,4.98190902794411,away_from_1
k2016,F_up_125,AUCinf_C,M2,10000,0.2260605041101,0.0472086489451012,0.047403594,231,1.25010656509896,0.00283170435047467,0.000472086489451012,0.99588754694636,0.00190643183356274,0.0037569768673866,0.283571741227973,0.982083723069398,1.00968874256769,4.27085035631382,4.98166194954789,away_from_1
k2016,F_up_125,AUCinf_Ci,M0,10000,0.224794835907901,0.0475689387770635,0.049198061,232,1.25010656509896,0.00156603614827494,0.000475689387770635,0.966886454672747,0.000633702080416588,0.00249837021613329,0.156726302324373,0.953484609885905,0.980285747740991,4.06912936799273,4.982329114549,away_from_1
k2016,F_up_125,AUCinf_Ci,M1,10000,0.224800295227201,0.047555216362661,0.0478162095,231,1.25010656509896,0.00157149546757515,0.00047555216362661,0.994541743478453,0.000639430354096898,0.0025035605810534,0.157273091365862,0.980756573549017,1.00832428870397,4.50018017742918,4.98181996090468,away_from_1
k2016,F_up_125,AUCinf_Ci,M2,10000,0.224777000924901,0.0469662193912225,0.047169824,231,1.25010656509896,0.00154820116527502,0.000469662193912225,0.99568358345417,0.000627680180306987,0.00246872215024304,0.154940024742611,0.981882586679657,1.00948195251133,4.51882191247206,4.98157120224361,away_from_1
k2016,F_up_125,AUCinf_true,M0,10000,0.2233127728817,0.0452596882393846,0.047064308,232,1.25010656509896,8.39731220740325e-05,0.000452596882393846,0.961656298853573,-0.000803100466933016,0.000971046711081081,0.00839766479152626,0.948326948345828,0.974983111445671,4.2622288041359,4.98152915992522,none
k2016,F_up_125,AUCinf_true,M1,10000,0.2233185233388,0.0452442327302082,0.0455765815,231,1.25010656509896,8.97235791741391e-05,0.000452442327302082,0.992707904830646,-0.000797047087419424,0.000976494245767702,0.00897276044549145,0.978948153419386,1.00646503637769,4.77099768325329,4.98092796574049,none
k2016,F_up_125,AUCinf_true,M2,10000,0.2232944739632,0.0445863680205875,0.044923521,231,1.25010656509896,6.56742035737845e-05,0.000445863680205875,0.99249495649701,-0.000808202551644215,0.000939550958791784,0.00656763601714072,0.978738156725523,1.00624913696628,4.7722434381813,4.9806511438149,none
k2016,F_up_125,AUClast,M0,10000,0.228049097012999,0.0480520131622967,0.0497091775,232,1.25010656509896,0.00482029725337319,0.000480520131622967,0.966662809142169,0.00387849510154572,0.00576209940520065,0.483193357550982,0.953264064267084,0.980059002888882,3.51099470879784,4.98251055345006,away_from_1
k2016,F_up_125,AUClast,M1,10000,0.228054995175,0.0480390725085243,0.048283847,231,1.25010656509896,0.00482619541537396,0.000480390725085243,0.994930509752554,0.0038846468956998,0.00576774393504812,0.483786025451582,0.981139951201488,1.00871844257371,3.90236633539199,4.98199578288397,away_from_1
k2016,F_up_125,AUClast,M2,10000,0.2280328746635,0.0474429538137709,0.0476236525,231,1.25010656509896,0.00480407490387425,0.000474429538137709,0.996205694508016,0.00387421009592236,0.00573393971182613,0.481563297291299,0.982397460843099,1.01001129907767,3.91341244137292,4.98174656132007,away_from_1
k2016,F_up_125,Cmax,M0,10000,0.1644783714798,0.0414762349517228,0.0424921705,232,1.17552651005478,0.00276223058402031,0.000414762349517228,0.976091229600117,0.00194931131682333,0.00357514985121729,0.276604905794575,0.96256179903081,0.989618084158423,39.0709416564995,41.8551747581024,away_from_1
k2016,F_up_125,Cmax,M1,10000,0.1644787213587,0.0414714361887346,0.0416375765,231,1.17552651005478,0.00276258046292072,0.000414714361887346,0.996009846748276,0.00194975524975001,0.00357540567609143,0.276639990468963,0.982204327695055,1.0098127372231,40.3805645037548,43.0149958522309,away_from_1
k2016,F_up_125,Cmax,M2,10000,0.16446938112455,0.0411411214126002,0.041271255,231,1.17552651005478,0.00275324022877038,0.000411411214126002,0.996846871087399,0.00194688906624752,0.00355959139129324,0.2757033875457,0.983029750185562,1.01066136120184,40.8839182775282,43.5293387415678,away_from_1
k2016,S00,AUCinf_A,M0,10000,-0.000116164168523007,0.0507900620729927,0.0517079905,186,1,-0.000116164168523007,0.000507900620729927,0.982247841810692,-0.0011116310928792,0.000879302755833188,-0.0116157421727214,0.968633075511568,0.995860015850844,99.3281381950245,,
k2016,S00,AUCinf_A,M1,10000,-8.92641346820998e-05,0.0505052053570096,0.05025884,185,1,-8.92641346820998e-05,0.000505052053570096,1.0049019308247,-0.00107914796999748,0.000900619700633283,-0.00892601507577195,0.990973160142449,1.01882804946137,99.4448459808831,,
k2016,S00,AUCinf_A,M2,10000,-9.93809048000392e-05,0.0498938144639028,0.0496072045,185,1,-9.93809048000392e-05,0.000498938144639028,1.00577758748536,-0.00107728169880577,0.000878519889205692,-0.00993759666815253,0.991836679478611,1.01971584113558,99.5326657337391,,
k2016,S00,AUCinf_Ai,M0,10000,7.46807087847715e-05,0.0496044061159801,0.050483438,200,1,7.46807087847715e-05,0.000496044061159801,0.982587717500145,-0.000897547785833422,0.00104690920340296,0.00746834974583166,0.968968240243272,0.996204601601078,99.5147521890114,,
k2016,S00,AUCinf_Ai,M1,10000,8.72283971131005e-05,0.0493806709368142,0.0490651995,199,1,8.72283971131005e-05,0.000493806709368142,1.00642963729953,-0.000880614968572696,0.0010550717627989,0.00872322016203242,0.992479691343851,1.02037692717785,99.5983337967793,,
k2016,S00,AUCinf_Ai,M2,10000,8.93761446153488e-05,0.0487073615303459,0.048410382,199,1,8.93761446153488e-05,0.000487073615303459,1.00613462480725,-0.000865270599199148,0.00104402288842985,0.00893801387820137,0.992188767968358,1.02007782634736,99.6705514204271,,
k2016,S00,AUCinf_B,M0,10000,0.00035254254632861,0.0466438006783414,0.048152752,229,1,0.00035254254632861,0.000466438006783414,0.968663238153894,-0.00056165914798753,0.00126674424064475,0.0352604696755465,0.955236765680607,0.982087154219458,99.7922620836054,,
k2016,S00,AUCinf_B,M1,10000,0.00035778069778311,0.0466175137065835,0.046750924,228,1,0.00035778069778311,0.000466175137065835,0.997146360285489,-0.00055590578135395,0.00127146717692017,0.0357844708930744,0.983325088216026,1.01096500077717,99.8253759231978,,
k2016,S00,AUCinf_B,M2,10000,0.00032961427155272,0.0459936331333954,0.0461326695,228,1,0.00032961427155272,0.000459936331333954,0.996986162558735,-0.000571844373043311,0.00123107291614875,0.032966860030581,0.983167110962068,1.0108025830004,99.860159188288,,
k2016,S00,AUCinf_C,M0,10000,0.000369449134003058,0.0484528954750334,0.0501110685,232,1,0.000369449134003058,0.000484528954750334,0.96691004453504,-0.000580210166774435,0.00131910843478055,0.0369517388739693,0.953507872773224,0.980309664516001,99.6236368464824,,
k2016,S00,AUCinf_C,M1,10000,0.0003754043131029,0.0484393910327653,0.04865356,231,1,0.0003754043131029,0.000484393910327653,0.995598082293779,-0.000573990305469824,0.00132479893167562,0.0375474786120433,0.981798270635962,1.00939526645989,99.6799432289352,,
k2016,S00,AUCinf_C,M2,10000,0.0003483521296483,0.047826599797348,0.0480096395,231,1,0.0003483521296483,0.00047826599797348,0.996187438511134,-0.000589032001409827,0.00128573626070643,0.0348412811297383,0.982379457889411,1.00999279008577,99.7368553146259,,
k2016,S00,AUCinf_Ci,M0,10000,0.000369799237547257,0.0481348863420186,0.0497723255,232,1,0.000369799237547257,0.000481348863420186,0.967101413455527,-0.000573627198755596,0.00131322567385011,0.0369867621714537,0.953696589162427,0.980503685462729,99.6589419102356,,
k2016,S00,AUCinf_Ci,M1,10000,0.000375662245106301,0.0481217217932912,0.048333114,231,1,0.000375662245106301,0.000481217217932912,0.995626348289728,-0.000567506170782768,0.00131883066099537,0.0375732815004026,0.981826144841863,1.00942392417129,99.7100937772775,,
k2016,S00,AUCinf_Ci,M2,10000,0.0003508527676288,0.047507010600046,0.047699833,231,1,0.0003508527676288,0.00047507010600046,0.995957587525431,-0.000580267530263726,0.00128197306552133,0.0350914323659968,0.982152792828198,1.00975975378218,99.7624799533949,,
k2016,S00,AUCinf_true,M0,10000,0.000113050920981001,0.0456769092787624,0.047480601,232,1,0.000113050920981001,0.000456769092787624,0.962012028423194,-0.000782200050133775,0.00100830189209578,0.0113057311477149,0.948677747209827,0.975343770782106,99.846819264784,,
k2016,S00,AUCinf_true,M1,10000,0.00011873957366671,0.0456610369678531,0.0459675925,231,1,0.00011873957366671,0.000456610369678531,0.993331050954063,-0.00077620030587073,0.00101367945320415,0.0118746623488875,0.979562662222893,1.00709681817647,99.8737553077576,,
k2016,S00,AUCinf_true,M2,10000,9.20123415420893e-05,0.0449889910661036,0.045298888,231,1,9.20123415420893e-05,0.000449889910661036,0.993158840148649,-0.000789755680361483,0.000973780363445661,0.00920165748075075,0.979392838401467,1.00692222084155,99.9023111280204,,
k2016,S00,AUClast,M0,10000,0.000447528810961348,0.0486205372697782,0.050291934,232,1,0.000447528810961348,0.000486205372697782,0.966766107459264,-0.000505416208616179,0.00140047383053888,0.0447628966919966,0.953365930784193,0.980163732733347,99.6037740061255,,
k2016,S00,AUClast,M1,10000,0.00045325072658739,0.0486074153301199,0.0488395895,231,1,0.00045325072658739,0.000486074153301199,0.995246189162173,-0.00049943710769876,0.00140593856087354,0.0453353460218686,0.981451255033779,1.00903849672754,99.6623861933076,,
k2016,S00,AUClast,M2,10000,0.000427397381832439,0.0479986316811807,0.048172654,231,1,0.000427397381832439,0.000479986316811807,0.996387528932507,-0.000513358512190733,0.00136815327585561,0.0427488729106917,0.982576774892295,1.01019565339758,99.7222745744386,,
k2016,S00,Cmax,M0,10000,0.000651279488914301,0.0421052326174296,0.043115831,232,1,0.000651279488914301,0.000421052326174296,0.976560851104311,-0.000173967905994131,0.00147652688382273,0.0651491617449818,0.963024911193108,0.99009421376513,99.969160715611,,
k2016,S00,Cmax,M1,10000,0.00065168014335726,0.0421001996169882,0.042253515,231,1,0.00065168014335726,0.000421001996169882,0.996371535409259,-0.000173468606555178,0.0014768288932697,0.0651892532996135,0.982561003052487,1.0101794382331,99.972986029083,,
k2016,S00,Cmax,M2,10000,0.000640804832984958,0.0417687654654177,0.041882925,231,1,0.000640804832984958,0.000417687654654177,0.997274318004717,-0.000177847926924234,0.00145945759289415,0.0641010192264702,0.983451272335589,1.01109473175837,99.9772131448047,,
k2016,V2_up_080,AUCinf_A,M0,10000,-0.225549659753901,0.0476050399693146,0.0486020905,193,0.799717812019852,-0.00205331123889177,0.000476050399693146,0.979485439403365,-0.00298635287711623,-0.00112026960066731,-0.205120463745268,0.965908962283,0.99305933155504,4.11101159177481,4.9264540089771,away_from_1
k2016,V2_up_080,AUCinf_A,M1,10000,-0.225980254059,0.0473308005797566,0.0472190675,192,0.799717812019852,-0.00248390554399039,0.000473308005797566,1.00236627035798,-0.00341157218894809,-0.00155623889903269,-0.248082320322396,0.988472646023928,1.01625724933833,4.37384122052581,4.92431773619917,away_from_1
k2016,V2_up_080,AUCinf_A,M2,10000,-0.2261569917721,0.0467174301197381,0.046559421,192,0.799717812019852,-0.00266064325709059,0.000467174301197381,1.00339370886374,-0.00357628806194012,-0.00174499845224106,-0.265710688285847,0.989485843383464,1.01729892627879,4.34721216845527,4.92325214224094,away_from_1
k2016,V2_up_080,AUCinf_Ai,M0,10000,-0.2284395671821,0.0468439261799805,0.04784417,204,0.799717812019852,-0.0049432186670908,0.000468439261799805,0.97909371570205,-0.00586134274916295,-0.00402509458501865,-0.493102106843779,0.965522668195699,0.992662179273512,3.58753870848001,4.92524834897153,away_from_1
k2016,V2_up_080,AUCinf_Ai,M1,10000,-0.2287969208101,0.0466371214167704,0.046431575,203,0.799717812019852,-0.00530057229509093,0.000466371214167704,1.00442686720772,-0.00621464307828584,-0.00438650151189601,-0.528654904977888,0.990504681299546,1.01834640232407,3.86700706829005,4.92299257741761,away_from_1
k2016,V2_up_080,AUCinf_Ai,M2,10000,-0.228962641941,0.045978270836901,0.045797245,203,0.799717812019852,-0.00546629342599109,0.00045978270836901,1.00395276696013,-0.00636745097510863,-0.00456513587687354,-0.545138042939342,0.990037152472932,1.0178657319067,3.81599108907544,4.92193269769861,away_from_1
k2016,V2_up_080,AUCinf_B,M0,10000,-0.229375809230002,0.0447334837482002,0.046254158,228,0.799717812019852,-0.0058794607149926,0.000447334837482002,0.967123512402932,-0.0067562208854874,-0.00500270054449779,-0.586221050970204,0.953718381800171,0.980526090661475,3.23715838469205,4.92260376646637,away_from_1
k2016,V2_up_080,AUCinf_B,M1,10000,-0.229556126627401,0.044696195364682,0.044845575,227,0.799717812019852,-0.00605977811239136,0.00044696195364682,0.996669021741431,-0.00693580744399879,-0.00518374878078394,-0.604145468765116,0.982854365978409,1.01048104718642,3.58842369421804,4.92019198247314,away_from_1
k2016,V2_up_080,AUCinf_B,M2,10000,-0.229667265243801,0.0441046300730821,0.0442254205,227,0.799717812019852,-0.00617091672879147,0.000441046300730821,0.997268755716683,-0.0070353515937385,-0.00530648186384444,-0.615191572677909,0.98344578714546,1.01108909238711,3.56131716346789,4.91908019153609,away_from_1
k2016,V2_up_080,AUCinf_C,M0,10000,-0.2300251687564,0.0466803999656603,0.0483497525,232,0.799717812019852,-0.00652882024139112,0.000466803999656603,0.965473400627238,-0.00744373926855731,-0.00561390121422493,-0.650755380127654,0.95209114193647,0.978853111328612,3.15897713321945,4.92592545062967,away_from_1
k2016,V2_up_080,AUCinf_C,M1,10000,-0.230019542242801,0.0466665923024258,0.046863535,231,0.799717812019852,-0.00652319372779162,0.000466665923024258,0.995797527916445,-0.0074378421297313,-0.00560854532585193,-0.650196388679114,0.981994951777581,1.00959747603724,3.54756367820678,4.92359402827592,away_from_1
k2016,V2_up_080,AUCinf_C,M2,10000,-0.230044640544201,0.0460452266681741,0.046202111,231,0.799717812019852,-0.00654829202919138,0.000460452266681741,0.996604390396233,-0.00745076188848743,-0.00564582216989534,-0.652689868702971,0.982790630477034,1.01041552016797,3.53827047295256,4.9225070611209,away_from_1
k2016,V2_up_080,AUCinf_Ci,M0,10000,-0.2319863393501,0.0463259974844395,0.047965093,232,0.799717812019852,-0.00848999083509117,0.000463259974844395,0.965827325393479,-0.00939796370126511,-0.00758201796891722,-0.845405263979948,0.952440161013154,0.979211940850364,2.86666642109365,4.92533498888611,away_from_1
k2016,V2_up_080,AUCinf_Ci,M1,10000,-0.2319810101288,0.0463116281757626,0.046516351,231,0.799717812019852,-0.00848466161379069,0.000463116281757626,0.995598906194569,-0.00939235284668974,-0.00757697038089164,-0.844876845793618,0.981799083116806,1.00939610177845,3.21853897356623,4.92302730532839,away_from_1
k2016,V2_up_080,AUCinf_Ci,M2,10000,-0.2320061758861,0.0457002566675106,0.045840701,231,0.799717812019852,-0.00850982737109021,0.000457002566675106,0.996936252513037,-0.00940553594261578,-0.00761411879956464,-0.847372128159951,0.983117892710823,1.01075198129197,3.21220975851587,4.92189996092954,away_from_1
k2016,V2_up_080,AUCinf_true,M0,10000,-0.223327958518,0.0437387987985942,0.04550949,232,0.799717812019852,0.000168389997009744,0.000437387987985942,0.961091824992858,-0.000688874706713141,0.00102565470073263,0.0168404175401093,0.947770298559006,0.974410815000771,4.24876596135991,4.92133182898662,none
k2016,V2_up_080,AUCinf_true,M1,10000,-0.223322809273999,0.0437216786365902,0.044009248,231,0.799717812019852,0.00017353924100999,0.000437216786365902,0.993465706039563,-0.000683389913703521,0.0010304683957235,0.0173554299815137,0.979695450877701,1.00723333933729,4.78130126316678,4.91867118579718,none
k2016,V2_up_080,AUCinf_true,M2,10000,-0.2233474111913,0.0430395278521614,0.043323772,231,0.799717812019852,0.000148937323709686,0.000430395278521614,0.99343907202174,-0.000694621921308764,0.000992496568728135,0.0148948415423567,0.979669186029361,1.00720633622027,4.77452653700202,4.91739298420111,none
k2016,V2_up_080,AUClast,M0,10000,-0.226539117788701,0.0469164399120947,0.048617845,232,0.799717812019852,-0.00304276927369143,0.000469164399120947,0.965004514537711,-0.00396231459879686,-0.002123223948586,-0.303814474291408,0.951628754995384,0.978377727328085,3.72352453579807,4.92633148692118,away_from_1
k2016,V2_up_080,AUClast,M1,10000,-0.226533775856901,0.0469027933242472,0.047126823,231,0.799717812019852,-0.003037427341892,0.000469027933242472,0.995246238522109,-0.0039567051987905,-0.00211814948499349,-0.303281902645192,0.981451303709545,1.00903854677152,4.16682267008678,4.92401827135288,away_from_1
k2016,V2_up_080,AUClast,M2,10000,-0.226557750681901,0.0462758378022679,0.046447092,231,0.799717812019852,-0.00306140216689127,0.000462758378022679,0.996312918842537,-0.00396839192135989,-0.00215441241242265,-0.305672085362352,0.98250319895979,1.01012000934704,4.16931020623581,4.92291324366644,away_from_1
k2016,V2_up_080,Cmax,M0,10000,-0.0483919641988034,0.0426801528015139,0.0436655485,232,0.962983911224041,-0.0106733899427696,0.000426801528015139,0.977433108426747,-0.0115099055662259,-0.00983687431931328,-1.06166314310603,0.963885078308682,0.990978558992447,99.1909393512972,99.4958045870084,away_from_1
k2016,V2_up_080,Cmax,M1,10000,-0.0483913276914607,0.0426745407656144,0.0428129185,231,0.962983911224041,-0.0106727534354268,0.000426745407656144,0.996767850937665,-0.0115091590650008,-0.00983634780585294,-1.0616001681081,0.982951825320364,1.01058124597611,99.2617774659178,99.6042062720218,away_from_1
k2016,V2_up_080,Cmax,M2,10000,-0.0484029312476467,0.0423484909217286,0.042458637,231,0.962983911224041,-0.0106843569916128,0.000423484909217286,0.997405802775265,-0.0115143721616749,-0.00985434182155074,-1.06274819872887,0.983580934618627,1.01122803866942,99.3252452433157,99.6437843298738,away_from_1
k2016,Vmax_down_125,AUCinf_A,M0,10000,0.17433628607399,0.0490347908386508,0.0502003665,192,1.25088393369916,-0.0495141622889453,0.000490347908386508,0.976781530841031,-0.0504752265292774,-0.0485530980486132,-4.83083200915366,0.963242532126424,0.990317951722857,24.2977427749194,4.85813298075839,toward_1
k2016,Vmax_down_125,AUCinf_A,M1,10000,0.17619476825677,0.0487509656996549,0.0488637165,191,1.25088393369916,-0.0476556801061653,0.000487509656996549,0.997692545544605,-0.048611181475994,-0.0467001787363365,-4.65379734916783,0.983863702896372,1.01151875517361,24.394760019327,4.85430735543302,toward_1
k2016,Vmax_down_125,AUCinf_A,M2,10000,0.17702655207185,0.0481799312842057,0.048282999,191,1.25088393369916,-0.0468238962910856,0.000481799312842057,0.997865341467412,-0.0477682055920322,-0.045879586990139,-4.57445692850907,0.984034103724981,1.01169394573459,24.2206134284562,4.85257610245828,toward_1
k2016,Vmax_down_125,AUCinf_Ai,M0,10000,0.19613120927472,0.0483486116239908,0.049528046,207,1.25088393369916,-0.0277192390882159,0.000483486116239908,0.976186535281259,-0.0286668544630713,-0.0267716237133605,-2.73385862256168,0.962655783696501,0.989714710603494,12.8427852180111,4.85610616466022,toward_1
k2016,Vmax_down_125,AUCinf_Ai,M1,10000,0.1971736720878,0.0481587147617115,0.0481870455,206,1.25088393369916,-0.0266767762751355,0.000481587147617115,0.999412067330659,-0.0276206697398824,-0.0257328828103886,-2.63240941787954,0.985559390690365,1.01326210641372,13.26395765604,4.85215782830293,toward_1
k2016,Vmax_down_125,AUCinf_Ai,M2,10000,0.1976181557283,0.0475532304162335,0.0475997205,206,1.25088393369916,-0.026232292634635,0.000475532304162335,0.999023311832966,-0.0271643188242786,-0.0253002664449915,-2.58912149707722,0.985176023664932,1.01286796346974,13.1970597117181,4.8503558603366,toward_1
k2016,Vmax_down_125,AUCinf_B,M0,10000,0.2148241095049,0.0465050558334486,0.0481274065,230,1.25088393369916,-0.00902633885803575,0.000465050558334486,0.966290502968378,-0.00993782120336158,-0.00811485651270991,-0.898572375520368,0.952896918564339,0.979681537226601,6.29804100714944,4.85180609673445,toward_1
k2016,Vmax_down_125,AUCinf_B,M1,10000,0.215140085860899,0.0464881780795495,0.0468013615,229,1.25088393369916,-0.00871036250203619,0.000464881780795495,0.993308241247416,-0.0096215140494642,-0.00779921095460818,-0.867253719828454,0.979540168677618,1.00707369236864,6.80464575732291,4.84766589221779,toward_1
k2016,Vmax_down_125,AUCinf_B,M2,10000,0.215257971753801,0.0459398050995994,0.0462171885,229,1.25088393369916,-0.00859247660913437,0.000459398050995994,0.993998263213249,-0.00949288024365441,-0.00769207297461433,-0.855566678662301,0.980220626369135,1.00777327678775,6.81309897589935,4.84576460829692,toward_1
k2016,Vmax_down_125,AUCinf_C,M0,10000,0.228207131706,0.0471816448996812,0.0487593905,232,1.25088393369916,0.00435668334306474,0.000471816448996812,0.967642220623763,0.00343194009571741,0.00528142659041207,0.436618748510731,0.954229900296674,0.981051987237706,3.48393890424255,4.85369153616554,away_from_1
k2016,Vmax_down_125,AUCinf_C,M1,10000,0.228213016718901,0.0471690198570283,0.0473959335,231,1.25088393369916,0.00436256835596555,0.000471690198570283,0.995212381607133,0.00343807255490725,0.00528706415702385,0.437209821047002,0.981417916079372,1.00900422066109,3.86228342931353,4.84954054556408,away_from_1
k2016,Vmax_down_125,AUCinf_C,M2,10000,0.228195464473801,0.0466091412969365,0.046767857,231,1.25088393369916,0.0043450161108653,0.000466091412969365,0.996606307980638,0.00343149372794196,0.00525853849378864,0.435446937994377,0.982792521482135,1.01041746432662,3.87407830561316,4.84754500109239,away_from_1
k2016,Vmax_down_125,AUCinf_Ci,M0,10000,0.227014733518099,0.047175411597795,0.048765711,232,1.25088393369916,0.00316428515516382,0.00047175411597795,0.967388983578954,0.0022396640782885,0.00408890623203913,0.316929679012201,0.953980173326448,0.980795240786635,3.67930553215946,4.85371027344249,away_from_1
k2016,Vmax_down_125,AUCinf_Ci,M1,10000,0.227020399016299,0.0471631255370526,0.0474114505,231,1.25088393369916,0.00316995065336387,0.000471631255370526,0.994762342001172,0.00224557037885422,0.00409433092787351,0.317498026006713,0.980974114394025,1.00854794432222,4.07216020119209,4.84958918567263,away_from_1
k2016,Vmax_down_125,AUCinf_Ci,M2,10000,0.2270030839447,0.0466127533462077,0.0467995665,231,1.25088393369916,0.00315263558176485,0.000466127533462077,0.99600822896955,0.00223904240397669,0.00406622875955301,0.315761036383844,0.982202732340078,1.00981109702489,4.08509584079623,4.84764701731875,away_from_1
k2016,Vmax_down_125,AUCinf_true,M0,10000,0.223887295250399,0.0448631190912509,0.046631159,232,1.25088393369916,3.68468874638317e-05,0.000448631190912509,0.962084581497339,-0.000842454089065999,0.000916147863993662,0.00368475663188317,0.948749294638444,0.975417329310302,4.15381373216944,4.84709715526295,none
k2016,Vmax_down_125,AUCinf_true,M1,10000,0.2238931379177,0.044848523884033,0.045210615,231,1.25088393369916,4.2689554764469e-05,0.00044848523884033,0.991991015473534,-0.000836325360960421,0.000921704470489359,0.00426904659764915,0.978241200740823,1.00573821223398,4.63305986191705,4.84236121917612,none
k2016,Vmax_down_125,AUCinf_true,M2,10000,0.223873725261898,0.0442202602987824,0.04458786,231,1.25088393369916,2.32768989630039e-05,0.000442202602987824,0.991755610132049,-0.000843424276762994,0.000889978074689002,0.00232771698720491,0.978009058311786,1.00549954460131,4.63118134824735,4.84018815179662,none
k2016,Vmax_down_125,AUClast,M0,10000,0.2329622111173,0.0472200323016023,0.048845005,232,1.25088393369916,0.00911176275436465,0.000472200323016023,0.966732059943536,0.00818626712776507,0.0100372583809642,0.915340123517727,0.953332355195152,0.980129213380788,2.76689826578879,4.85394493535158,away_from_1
k2016,Vmax_down_125,AUClast,M1,10000,0.232968029433301,0.0472074832096525,0.0474617575,231,1.25088393369916,0.00911758107036531,0.000472074832096525,0.994642543729075,0.00819233140144833,0.0100428307392823,0.915927282564022,0.980855976624918,1.00842648586329,3.08472617499199,4.84974666367177,away_from_1
k2016,Vmax_down_125,AUClast,M2,10000,0.2329528649307,0.0466436878843545,0.046844568,231,1.25088393369916,0.00910241656776475,0.000466436878843545,0.995711773547672,0.00818821708417013,0.0100166160513594,0.914396954325669,0.981910386035181,1.00951053326841,3.08189025383224,4.84779156261777,away_from_1
k2016,Vmax_down_125,Cmax,M0,10000,0.0591246117621531,0.0405601455715188,0.041590868,232,1.0544021629266,0.00615067566412249,0.000405601455715188,0.975217578327982,0.0053557114188437,0.00694563990940127,0.616962991023229,0.961700257286832,0.988732325663793,99.062406194391,99.2282125690971,away_from_1
k2016,Vmax_down_125,Cmax,M1,10000,0.0591248735320871,0.0405555612210716,0.0407428925,231,1.0544021629266,0.00615093743405653,0.000405555612210716,0.995402111449783,0.00535606304039543,0.00694581182771762,0.616989329522433,0.981605016109711,1.00919657981534,99.1464802616295,99.3882581928201,away_from_1
k2016,Vmax_down_125,Cmax,M2,10000,0.0591178480430494,0.0402281561897854,0.0403689285,231,1.0544021629266,0.00614391194501874,0.000402281561897854,0.996512854924682,0.00535545457205443,0.00693236931798305,0.616282448449979,0.982700363762715,1.01032271618076,99.2242473112865,99.4507227510221,away_from_1
k2016,Vmax_up_080,AUCinf_A,M0,10000,-0.17293545765659,0.0541743354183543,0.0551788995,171,0.799417254503779,0.0509367909632998,0.000541743354183543,0.981794416149136,0.0498749935002361,0.0519985884263635,5.22563790689938,0.968185934704153,0.995400306531787,22.4317436975184,4.86705084828814,toward_1
k2016,Vmax_up_080,AUCinf_A,M1,10000,-0.174770269172046,0.0537436602148372,0.053589538,170,0.799417254503779,0.0491019794478435,0.000537436602148372,1.00287597580776,0.0480486230636591,0.0501553358320278,5.0327457092741,0.988975286535228,1.01677401838144,22.6913748954617,4.86316255416466,toward_1
k2016,Vmax_up_080,AUCinf_A,M2,10000,-0.17557417852441,0.0530613523340347,0.052924848,170,0.799417254503779,0.0482980700954802,0.000530613523340347,1.00257921069579,0.0472580867000232,0.0493380534909372,4.94834283337027,0.988682634832798,1.01647314064312,22.5690684779706,4.86146340122681,toward_1
k2016,Vmax_up_080,AUCinf_Ai,M0,10000,-0.17980706548643,0.0519266620540845,0.0531400115,187,0.799417254503779,0.0440651831334599,0.000519266620540845,0.977166932944388,0.043047439258826,0.0450829270080937,4.50504723327758,0.963622592238336,0.990708694800542,19.5695393912285,4.86184985378473,toward_1
k2016,Vmax_up_080,AUCinf_Ai,M1,10000,-0.181206010797681,0.0516294553301925,0.0516383205,186,0.799417254503779,0.0426662378222089,0.000516294553301926,0.999828321879534,0.0416543190923229,0.0436781565520948,4.35895260047547,0.985969875607419,1.01368412949588,20.0148300407862,4.85788812592034,toward_1
k2016,Vmax_up_080,AUCinf_Ai,M2,10000,-0.18182300149476,0.0509909221967897,0.0509449535,186,0.799417254503779,0.0420492471251296,0.000509909221967897,1.00090232090976,0.0410498434146877,0.0430486508355716,4.29458395703313,0.987028988124097,1.01477301220525,20.0105132110312,4.85597665923382,toward_1
k2016,Vmax_up_080,AUCinf_B,M0,10000,-0.1909447642669,0.0481065458732549,0.0495981,224,0.799417254503779,0.0329274843529897,0.000481065458732549,0.969927192236293,0.0319846133796677,0.0338703553263117,3.34755933726414,0.956483200315559,0.983368624413593,15.0667903920488,4.85180544947092,toward_1
k2016,Vmax_up_080,AUCinf_B,M1,10000,-0.191688269875801,0.048062153064496,0.0481409135,223,0.799417254503779,0.0321839787440889,0.00048062153064496,0.998363960511385,0.0312419778538303,0.0331259796343476,3.27074840544843,0.984525811497208,1.0121994747344,15.8667086139419,4.84738240604359,toward_1
k2016,Vmax_up_080,AUCinf_B,M2,10000,-0.1920600148199,0.0474776765621635,0.0475335915,223,0.799417254503779,0.0318122337999898,0.000474776765621635,0.998823675298414,0.0308816884386749,0.0327427791613046,3.23236516168579,0.984979154257623,1.01266556033481,15.890639647222,4.84545699829148,toward_1
k2016,Vmax_up_080,AUCinf_C,M0,10000,-0.2377940483488,0.0512190824459564,0.0528275725,232,0.799417254503779,-0.0139217997289098,0.000512190824459564,0.969552073322248,-0.0149256752980624,-0.0129179241597572,-1.38253396266442,0.956113280859463,0.982988307031578,2.33314993510829,4.86071350458781,away_from_1
k2016,Vmax_up_080,AUCinf_C,M1,10000,-0.2377880905029,0.0512051653665422,0.051287442,231,0.799417254503779,-0.0139158418830104,0.000512051653665422,0.998395774282175,-0.0149194446824188,-0.012912239083602,-1.38194641324852,0.984557184302862,1.01223172938637,2.61820906618525,4.85658569169132,away_from_1
k2016,Vmax_up_080,AUCinf_C,M2,10000,-0.237825034115901,0.0505622192980658,0.0506027255,231,0.799417254503779,-0.0139527854960117,0.000505622192980658,0.999199525291693,-0.0149437867840379,-0.0129617842079854,-1.38558965315754,0.985349794659591,1.01304661892749,2.59981469770241,4.85466806325994,away_from_1
k2016,Vmax_up_080,AUCinf_Ci,M0,10000,-0.2332117562825,0.0509499407574247,0.0524967215,232,0.799417254503779,-0.00933950766260974,0.000509499407574247,0.970535669687957,-0.0103381081515998,-0.00834090717361972,-0.929602991976952,0.957083243767218,0.983985534259423,2.8769496756581,4.85984568129532,away_from_1
k2016,Vmax_up_080,AUCinf_Ci,M1,10000,-0.233206601660199,0.050935545279779,0.0509737035,231,0.799417254503779,-0.00933435304030963,0.00050935545279779,0.999251413619162,-0.0103326713831224,-0.00833603469749687,-0.9290923201831,0.985400963771989,1.01309922633309,3.21367226940866,4.8557133496509,away_from_1
k2016,Vmax_up_080,AUCinf_Ci,M2,10000,-0.233242340739299,0.0503073735041729,0.050302348,231,0.799417254503779,-0.00937009211940959,0.000503073735041729,1.00009990595614,-0.0103560985216594,-0.00838408571715975,-0.9326329599192,0.986237695304427,1.01395947723534,3.20090715759982,4.85381054376377,away_from_1
k2016,Vmax_up_080,AUCinf_true,M0,10000,-0.2236680174447,0.0476929410941743,0.04935833,232,0.799417254503779,0.000204231175189973,0.000476929410941743,0.966259212865879,-0.000730533293423746,0.00113899564380369,0.0204252031796193,0.952866062168502,0.979649813500017,4.27060723853424,4.85104211570554,none
k2016,Vmax_up_080,AUCinf_true,M1,10000,-0.2236625043418,0.0476762525773011,0.0478045815,231,0.799417254503779,0.000209744278089674,0.000476762525773011,0.997315551801265,-0.000724693101603776,0.00114418165778312,0.0209766275958811,0.983491934597663,1.01113653698057,4.77764039643527,4.84626778438247,none
k2016,Vmax_up_080,AUCinf_true,M2,10000,-0.223696901625099,0.0469792995101854,0.0470873655,231,0.799417254503779,0.000175346994790521,0.000469792995101854,0.997704989678927,-0.000745430355798314,0.00109612434537936,0.0175362368973309,0.983875974544715,1.01153137176107,4.77518141865003,4.84395594835268,none
k2016,Vmax_up_080,AUClast,M0,10000,-0.239006249655801,0.0510033585214715,0.052627397,232,0.799417254503779,-0.015134001035911,0.000510033585214715,0.969140816929849,-0.0161336484938376,-0.0141343535779843,-1.50200575732556,0.955707724820308,0.982571351371285,2.19499172347916,4.86018973243946,away_from_1
k2016,Vmax_up_080,AUClast,M1,10000,-0.2390004638186,0.0509898009759402,0.0510651355,231,0.799417254503779,-0.0151282151987102,0.000509898009759402,0.998524736626621,-0.0161275969336273,-0.0141288334637931,-1.50143586231762,0.984684359122707,1.01236247891507,2.47129798061882,4.85596866772933,away_from_1
k2016,Vmax_up_080,AUClast,M2,10000,-0.2390359131302,0.0503462110299486,0.0503736045,231,0.799417254503779,-0.01516366451031,0.000503462110299486,0.999456193966596,-0.0161504321140776,-0.0141768969065425,-1.50492750672132,0.985602905694685,1.01330684456482,2.45319005073529,4.85401488144673,away_from_1
k2016,Vmax_up_080,Cmax,M0,10000,-0.0692265019261428,0.044309689656856,0.0452367405,232,0.93845337546823,-0.00570439789442864,0.00044309689656856,0.979506683441439,-0.00657285185336449,-0.0048359439354928,-0.568815870968964,0.965929911861162,0.993080869996962,96.3084588066644,96.9120121150333,away_from_1
k2016,Vmax_up_080,Cmax,M1,10000,-0.0692259448353784,0.0443043165737817,0.0443600205,231,0.93845337546823,-0.00570384080366423,0.000443043165737817,0.998744276364383,-0.00657218945210697,-0.0048354921552215,-0.568760478759167,0.984900855858391,1.01258506107552,96.5661703756317,97.3615637441263,away_from_1
k2016,Vmax_up_080,Cmax,M2,10000,-0.0692417263899559,0.0439686196818963,0.043959396,231,0.93845337546823,-0.00571962235824165,0.000439686196818963,1.00020982276227,-0.00658139146850621,-0.0048578532479771,-0.570329645910384,0.986346088572845,1.01407091728909,96.7780537559671,97.5533042151689,away_from_1
k2016,ka_down_080,AUCinf_A,M0,10000,-0.147402973959753,0.0601264302054784,0.0595480625,168,0.799297411482507,0.076619198876191,0.000601264302054784,1.009712620045,0.0754407424989741,0.077797655253408,7.96308734543885,0.995717169237139,1.02370540611135,35.2572722259751,4.85168187266446,toward_1
k2016,ka_down_080,AUCinf_A,M1,10000,-0.148942051942014,0.0597506416375136,0.058099935,167,0.799297411482507,0.0750801208939302,0.000597506416375136,1.02841150575321,0.0739090298373033,0.076251211950557,7.79705153861079,1.01415687294654,1.04266342446998,35.7001099715935,4.84804401646641,toward_1
k2016,ka_down_080,AUCinf_A,M2,10000,-0.149735985027914,0.0591487208213984,0.0574426285,167,0.799297411482507,0.0742861878080304,0.000591487208213985,1.02970080523732,0.0731268941826149,0.075445481433446,7.71150185768665,1.015428301675,1.04397059130714,35.74601743537,4.84632719481613,toward_1
k2016,ka_down_080,AUCinf_Ai,M0,10000,-0.152319553111598,0.0579328800060343,0.057691492,186,0.799297411482507,0.0717026197243462,0.000579328800060343,1.00418411792911,0.0705671561410211,0.0728380833076712,7.43358102752409,0.990265296726415,1.01810028898061,33.5898540910999,4.84676855681338,toward_1
k2016,ka_down_080,AUCinf_Ai,M1,10000,-0.15387952121923,0.0576337192201425,0.0562419465,185,0.799297411482507,0.0701426516167146,0.000576337192201425,1.02474616912739,0.0690130514770488,0.0712722517563803,7.26611871932248,1.01054234091345,1.03894729292464,34.038404848554,4.84288046957889,toward_1
k2016,ka_down_080,AUCinf_Ai,M2,10000,-0.154644329538096,0.0569759083519269,0.0556357845,185,0.799297411482507,0.069377843297848,0.000569759083519269,1.02408744415075,0.0682611360142857,0.0704945505814103,7.18411206307723,1.00989274640901,1.03827943921425,34.01694974251,4.8411908420587,toward_1
k2016,ka_down_080,AUCinf_B,M0,10000,-0.1873577876558,0.0543153536113743,0.055098898,226,0.799297411482507,0.0366643851801445,0.000543153536113743,0.985779309259041,0.035599823811286,0.037728946549003,3.73448141168395,0.972115593904541,0.999440423034643,15.4672302581207,4.83930552792083,toward_1
k2016,ka_down_080,AUCinf_B,M1,10000,-0.18803143305509,0.0542681485089842,0.053712302,225,0.799297411482507,0.0359907397808542,0.000542681485089842,1.01034858846646,0.0349271036150014,0.037054375946707,3.66462468750537,0.99634432261105,1.02435018790197,16.1643594691318,4.83522026471418,toward_1
k2016,ka_down_080,AUCinf_B,M2,10000,-0.1883507148709,0.0536756265585882,0.0531031765,225,0.799297411482507,0.0356714579650448,0.000536756265585882,1.01077995887098,0.0346194350160203,0.0367234809140694,3.63153174116908,0.996769713865502,1.02478753631812,16.21073627374,4.83335582325488,toward_1
k2016,ka_down_080,AUCinf_C,M0,10000,-0.230920426640501,0.0596796776577194,0.059621079,232,0.799297411482507,-0.00689825380455678,0.000596796776577194,1.00098285134557,-0.00806795399273767,-0.00572855361637588,-0.687451546750229,0.987108402341559,1.01485465864688,3.75267859810918,4.85130692553022,away_from_1
k2016,ka_down_080,AUCinf_C,M1,10000,-0.230917315810901,0.0596659143874638,0.0581728145,231,0.799297411482507,-0.00689514297495686,0.000596659143874638,1.02566662624625,-0.00806457340799765,-0.00572571254191607,-0.687142601854329,1.01145003973646,1.03988050591017,4.08910841792825,4.84765799044618,away_from_1
k2016,ka_down_080,AUCinf_C,M2,10000,-0.230962442404201,0.0590999910981839,0.057509404,231,0.799297411482507,-0.00694026956825639,0.000590999910981839,1.02765786093321,-0.00809860810864717,-0.0057819310278656,-0.691624151660242,1.01341367426616,1.04189933549931,4.0988446710612,4.84592278684151,away_from_1
k2016,ka_down_080,AUCinf_Ci,M0,10000,-0.2270376022625,0.0593795676893065,0.059339934,232,0.799297411482507,-0.00301542942655544,0.000593795676893065,1.00066790922461,-0.00417924756744143,-0.00185161128566946,-0.301088758558943,0.986797825578502,1.01453535199919,4.30879063570755,4.8506111474739,away_from_1
k2016,ka_down_080,AUCinf_Ci,M1,10000,-0.227034542628299,0.0593650762587501,0.0579191005,231,0.799297411482507,-0.00301236979235434,0.000593650762587501,1.02496543879769,-0.00417590390642058,-0.0018488356782881,-0.300783715893638,1.01075857132503,1.03916960127499,4.67913284494489,4.84699902286821,away_from_1
k2016,ka_down_080,AUCinf_Ci,M2,10000,-0.2270784546784,0.0588085338571998,0.0572595565,231,0.799297411482507,-0.00305628184245599,0.000588085338571998,1.02705185739956,-0.00420890792589315,-0.00190365575901883,-0.305161616752192,1.01281607044196,1.04128493385551,4.69780692125237,4.8452589871352,away_from_1
k2016,ka_down_080,AUCinf_true,M0,10000,-0.2238720669223,0.0564842312242156,0.0568546855,232,0.799297411482507,0.000150105913644116,0.000564842312242156,0.993484190924169,-0.000956964675294837,0.00125717650258307,0.0150117180100384,0.97971367954654,1.00725208038888,4.69497701778732,4.84416446403415,none
k2016,ka_down_080,AUCinf_true,M1,10000,-0.2238666704339,0.0564694760962815,0.0553435355,231,0.799297411482507,0.000155502402044011,0.000564694760962815,1.0203445729679,-0.000951278991701561,0.00126228379578958,0.0155514493169306,1.00620175451189,1.03448469862352,5.14078706620981,4.83997172845759,none
k2016,ka_down_080,AUCinf_true,M2,10000,-0.2239095679651,0.055832865076562,0.0546922935,231,0.799297411482507,0.000112604870844718,0.00055832865076562,1.02085433803507,-0.000981699176192739,0.00120690891788218,0.0112611211011249,1.00670445381422,1.03500152811019,5.13966837500286,4.83809136193202,none
k2016,ka_down_080,AUClast,M0,10000,-0.226300916745901,0.0595519727840491,0.059497206,232,0.799297411482507,-0.00227874390995628,0.000595519727840492,1.0009204933766,-0.00344594112860674,-0.00111154669130582,-0.227614954405864,0.98704690870554,1.01479143650953,4.42889012900124,4.8510011681074,away_from_1
k2016,ka_down_080,AUClast,M1,10000,-0.226297940903801,0.0595380030844904,0.0580249955,231,0.799297411482507,-0.00227576806785698,0.000595380030844904,1.02607510041927,-0.00344269148542734,-0.00110884465028662,-0.227318047100333,1.0118528521201,1.04029464079457,4.82073082244115,4.84727475536331,away_from_1
k2016,ka_down_080,AUClast,M2,10000,-0.2263414499274,0.0589653480008903,0.057375368,231,0.799297411482507,-0.00231927709145549,0.000589653480008904,1.02771189198979,-0.00347497667563165,-0.00116357750727933,-0.231658964638681,1.01346695640767,1.04195411532836,4.8338774507921,4.84556738781094,away_from_1
k2016,ka_down_080,Cmax,M0,10000,-0.446820303979999,0.0530061700530716,0.0531731365,232,0.631952944916229,0.012120037873609,0.000530061700530716,0.996859947373457,0.0110811360309847,0.0131589397162333,1.21937831633845,0.983042645223496,1.01067461870151,2.09547505444829e-07,2.37354445657153e-07,toward_1
k2016,ka_down_080,Cmax,M1,10000,-0.446822807166999,0.0530021539014599,0.0523669205,231,0.631952944916229,0.012117534686609,0.000530021539014599,1.01213043263562,0.0110787115591099,0.0131563578141081,1.21912494562362,0.998101468948444,1.02615672520041,2.43030204817636e-07,1.65063941427735e-07,toward_1
k2016,ka_down_080,Cmax,M2,10000,-0.446843155324997,0.0527201074902721,0.052007296,231,0.631952944916229,0.0120971865286104,0.000527201074902721,1.01370599021861,0.0110638914091903,0.0131304816480306,1.21706534383137,0.999655188002124,1.02775411715464,2.14891203967507e-07,1.39394500996127e-07,toward_1
k2016,ke_down_125,AUCinf_A,M0,10000,0.211984821639801,0.0504930515525553,0.0516560275,184,1.24933521039854,-0.0106267565206105,0.000504930515525553,0.977486152076934,-0.0116164021457359,-0.00963711089548522,-1.05704920229458,0.96393738673007,0.991032337731445,7.07458963404087,5.1057911848199,toward_1
k2016,ke_down_125,AUCinf_A,M1,10000,0.212791698946899,0.0502333050558984,0.0501050375,183,1.24933521039854,-0.00981987921351221,0.000502333050558984,1.00255997325415,-0.010804433900852,-0.00883532452617247,-0.977182163481083,0.98866366403799,1.01645363660542,7.45206695551453,5.10908693867104,toward_1
k2016,ke_down_125,AUCinf_A,M2,10000,0.2131315744385,0.0495409127083586,0.0494470195,183,1.24933521039854,-0.00948000372191138,0.000495409127083586,1.0018988648721,-0.0104509877686076,-0.00850901967521512,-0.943521014613469,0.988011719164103,1.01578336645994,7.38093108128481,5.11055139092926,toward_1
k2016,ke_down_125,AUCinf_Ai,M0,10000,0.221509301020001,0.0495302226417028,0.050584813,200,1.24933521039854,-0.00110227714041028,0.000495302226417028,0.97915203604099,-0.00207305166565016,-0.000131502615170402,-0.110166985611548,0.965580180166577,0.992721307826602,4.89928811073657,5.10815853565615,toward_1
k2016,ke_down_125,AUCinf_Ai,M1,10000,0.2218282979134,0.0493190106077651,0.049026781,199,1.24933521039854,-0.00078328024701152,0.000493190106077651,1.00596061176778,-0.0017499150924552,0.000183354598432165,-0.0782973563117184,0.992017166893326,1.01990140180269,5.30377914443979,5.11161981434177,none
k2016,ke_down_125,AUCinf_Ai,M2,10000,0.2219214622669,0.0485984461345714,0.0483396455,199,1.24933521039854,-0.000690115893510951,0.000485984461345714,1.0053537967003,-0.00164262793479465,0.000262396147772746,-0.0689877818307316,0.991418762783826,1.01928617737866,5.27666998826075,5.11322074656904,none
k2016,ke_down_125,AUCinf_B,M0,10000,0.2236340574851,0.0467850133875933,0.048456072,230,1.24933521039854,0.0010224793246883,0.000467850133875933,0.965513948130036,0.000105509912129226,0.00193944873724737,0.102300223487939,0.952131127417391,0.978894220746276,4.26274012548866,5.11312178493663,away_from_1
k2016,ke_down_125,AUCinf_B,M1,10000,0.223756979608099,0.0467684375132218,0.0469437075,229,1.24933521039854,0.00114540144768815,0.000467684375132218,0.996266379540256,0.000228756916296888,0.00206204597907942,0.114605767044851,0.982457304730674,1.01007282509442,4.73766026390862,5.11679490326975,away_from_1
k2016,ke_down_125,AUCinf_B,M2,10000,0.2237790791877,0.0460976653165614,0.046299728,229,1.24933521039854,0.00116750102728833,0.000460976653165614,0.995635769535437,0.000264003389369911,0.00207099866520674,0.116818282191877,0.981835435501325,1.00943347597838,4.72069114620347,5.11843467241018,away_from_1
k2016,ke_down_125,AUCinf_C,M0,10000,0.226199884849999,0.04830965818457,0.0500320465,232,1.24933521039854,0.00358830668958815,0.0004830965818457,0.965574298156482,0.00264145478811617,0.00453515859106013,0.359475236942353,0.95219064094263,0.97895540711466,3.80652684251697,5.10953692972878,away_from_1
k2016,ke_down_125,AUCinf_C,M1,10000,0.226205847928199,0.048295266346977,0.0485088735,231,1.24933521039854,0.00359426976778818,0.00048295266346977,0.995596534456258,0.00264769994114974,0.00454083959442662,0.360073690125606,0.981796744252747,1.00939369717215,4.2517651470512,5.11300242264011,away_from_1
k2016,ke_down_125,AUCinf_C,M2,10000,0.2261748607499,0.0476553514814349,0.047805958,231,1.24933521039854,0.00356328258948863,0.000476553514814349,0.996849628689272,0.00262925486374653,0.00449731031523073,0.356963862810655,0.983032469564795,1.01066415701907,4.26885133221553,5.11467908983066,away_from_1
k2016,ke_down_125,AUCinf_Ci,M0,10000,0.2269467676643,0.048099747624979,0.0498271255,232,1.24933521039854,0.0043351895038885,0.00048099747624979,0.965332580242443,0.00339245177378426,0.00527792723399275,0.434460003179882,0.951952273438508,0.978710339428624,3.67410320836137,5.10999135269838,away_from_1
k2016,ke_down_125,AUCinf_Ci,M1,10000,0.2269527017518,0.0480837268306392,0.0482955065,231,1.24933521039854,0.00434112359138841,0.000480837268306392,0.995614919798786,0.00339869986308326,0.00528354731969357,0.435055991821876,0.981814874759243,1.00941233730218,4.11080855102735,5.11350616260701,away_from_1
k2016,ke_down_125,AUCinf_Ci,M2,10000,0.2269205870088,0.0474463854154068,0.047593088,231,1.24933521039854,0.00430900884838906,0.000474463854154068,0.996917565328116,0.00337907678228102,0.00523894091449709,0.431830597602212,0.983099464545718,1.01073303513655,4.12651728922102,5.11519670873408,away_from_1
k2016,ke_down_125,AUCinf_true,M0,10000,0.222780232611402,0.0457571438574568,0.047618816,232,1.24933521039854,0.000168654450990458,0.000457571438574568,0.960904694847028,-0.000728169088969877,0.00106547799095079,0.0168668673951933,0.947585762191543,0.974221091570431,4.35683815814065,5.11513882455703,none
k2016,ke_down_125,AUCinf_true,M1,10000,0.222785880253001,0.0457396378362175,0.046013713,231,1.24933521039854,0.000174302092589451,0.000457396378362175,0.994043619914295,-0.000722178335659467,0.00107078252083837,0.0174317284081793,0.980265354388846,1.00781926205043,4.91092075414717,5.11918814254955,none
k2016,ke_down_125,AUCinf_true,M2,10000,0.222753506532399,0.0450238666740901,0.0453227435,231,1.24933521039854,0.000141928371988231,0.000450238666740901,0.993405588390519,-0.000740523199271266,0.00102437994324773,0.0141938444296219,0.979636166508922,1.00717238856664,4.90864694282289,5.12102268679724,none
k2016,ke_down_125,AUClast,M0,10000,0.227576241840199,0.0484610540398368,0.050219909,232,1.24933521039854,0.00496466367978821,0.000484610540398368,0.964976938525254,0.00401484447407891,0.0059144828854975,0.497700804259704,0.951601561209234,0.978349769162097,3.57054813573822,5.10912362126963,away_from_1
k2016,ke_down_125,AUClast,M1,10000,0.2275819669709,0.0484462675647887,0.048653403,231,1.24933521039854,0.00497038881048836,0.000484462675647887,0.995742632119458,0.00402085941436459,0.00591991820661213,0.498276168378875,0.981940816881677,1.00954181948405,4.0045962135523,5.11266373409472,away_from_1
k2016,ke_down_125,AUClast,M2,10000,0.2275524501085,0.0477984820784032,0.047953347,231,1.24933521039854,0.00494087194808851,0.000477984820784032,0.996770508602938,0.00400403891419498,0.00587770498198205,0.495309818368672,0.982954446148201,1.01058394047181,4.01397417581891,5.11432341264735,away_from_1
k2016,ke_down_125,Cmax,M0,10000,0.0737388767764457,0.041368460171823,0.0423901715,232,1.06710162104024,0.00879266902913009,0.00041368460171823,0.975897447638846,0.00798186210880356,0.00960347594945662,0.883143808798592,0.962370703047562,0.989421616730542,97.2528353087564,98.0710360269269,away_from_1
k2016,ke_down_125,Cmax,M1,10000,0.073739053393286,0.041363525947422,0.041504997,231,1.06710162104024,0.00879284564597035,0.00041363525947422,0.996591469393962,0.007982135434665,0.0096035558572757,0.88316162646227,0.982777888570525,1.01040242010403,97.4700268903823,98.4100749964101,away_from_1
k2016,ke_down_125,Cmax,M2,10000,0.0737283184377174,0.0410251058204777,0.041105124,231,1.06710162104024,0.00878211069040179,0.000410251058204777,0.998053328350931,0.00797803339170098,0.0095861879891026,0.882078656017415,0.984219484955041,1.01188453777545,97.6557950834357,98.5497320757119,away_from_1
k2016,ke_up_080,AUCinf_A,M0,10000,-0.218225529760199,0.050940858394808,0.0521803615,187,0.800334236753497,0.00450031286456229,0.00050940858394808,0.976245793061591,0.0035018903866085,0.00549873534251608,0.451045448027587,0.962714220115058,0.989774789589213,5.51639220470366,5.08209548194652,toward_1
k2016,ke_up_080,AUCinf_A,M1,10000,-0.218649764479099,0.0506748408637223,0.050792659,186,0.800334236753497,0.00407607814566194,0.000506748408637223,0.997680410149866,0.00308286951551,0.00506928677581388,0.408439665063876,0.983851735708225,1.01150645160431,5.84112035227662,5.084347944489,toward_1
k2016,ke_up_080,AUCinf_A,M2,10000,-0.218827075665101,0.0500356579599731,0.0501822095,186,0.800334236753497,0.00389876695966085,0.000500356579599731,0.997079611649485,0.00291808608421773,0.00487944783510397,0.390637703832408,0.983259264771243,1.0108973271261,5.80146021457401,5.0853809968781,toward_1
k2016,ke_up_080,AUCinf_Ai,M0,10000,-0.2220264041067,0.0498496451728994,0.0508678625,200,0.800334236753497,0.000699438518061701,0.000498496451728994,0.979983091935491,-0.000277596573748136,0.00167647360987154,0.0699683182221245,0.966399716940033,0.9935638806489,4.80710531200306,5.0842950731468,none
k2016,ke_up_080,AUCinf_Ai,M1,10000,-0.222222622122201,0.0496510756020947,0.049519036,199,0.800334236753497,0.000503220502560825,0.000496510756020947,1.00266644128724,-0.000469922697176985,0.00147636370229863,0.0503347139239052,0.988768656336208,1.01656158009239,5.1592606637378,5.08660201456696,none
k2016,ke_up_080,AUCinf_Ai,M2,10000,-0.2223185709996,0.048997808020758,0.048912137,199,0.800334236753497,0.000407271625161326,0.00048997808020758,1.0017515288845,-0.000553067765259608,0.00136761101558226,0.0407354571509755,0.987866425374969,1.0156339886627,5.12534047230261,5.08768407747406,none
k2016,ke_up_080,AUCinf_B,M0,10000,-0.221285415448201,0.0468948183763333,0.048396773,228,0.800334236753497,0.0014404271765609,0.000468948183763333,0.968965810516609,0.000521305625769295,0.0023595487273525,0.144146509007292,0.955535144140488,0.982393919686485,4.79726092620378,5.08875427631309,toward_1
k2016,ke_up_080,AUCinf_B,M1,10000,-0.221389758259101,0.0468786488436606,0.0470804765,227,0.800334236753497,0.00133608436566074,0.000468786488436606,0.995713134799318,0.000417279731885989,0.00225488899943549,0.133697732402172,0.981911728418755,1.00951191338454,5.24773847443981,5.09124969447549,toward_1
k2016,ke_up_080,AUCinf_B,M2,10000,-0.2214661482217,0.046314382461806,0.0464938355,227,0.800334236753497,0.00125969440306176,0.00046314382461806,0.996140283195307,0.000351949187148223,0.00216743961897529,0.126048815131474,0.982332956185206,1.00994498128277,5.24257089406126,5.09240951620769,toward_1
k2016,ke_up_080,AUCinf_C,M0,10000,-0.2272416044285,0.0488514051102847,0.050505066,232,0.800334236753497,-0.004515761803739,0.000488514051102847,0.967257524429029,-0.00547323174984234,-0.00355829185763566,-0.450558108174193,0.953850536308908,0.980661959851258,3.66274678020689,5.08503894379451,away_from_1
k2016,ke_up_080,AUCinf_C,M1,10000,-0.227235690856599,0.0488405712624717,0.049103116,231,0.800334236753497,-0.00450984823183789,0.000488405712624717,0.994653195990082,-0.00546710583842596,-0.00355259062524983,-0.449969413651208,0.98086648123679,1.00843728574532,4.0567342478439,5.08748007722749,away_from_1
k2016,ke_up_080,AUCinf_C,M2,10000,-0.227258580783099,0.0482596641514073,0.048475819,231,0.800334236753497,-0.00453273815833719,0.000482596641514073,0.995540975829771,-0.00547861019476476,-0.00358686612190961,-0.452248080454976,0.981741955714707,1.00933736860384,4.05671494976804,5.08862009247286,away_from_1
k2016,ke_up_080,AUCinf_Ci,M0,10000,-0.2267842959705,0.0484916602675801,0.050113641,232,0.800334236753497,-0.00405845334573873,0.000484916602675801,0.967633947562902,-0.00500887242248882,-0.00310803426898864,-0.405022895382445,0.954221741907269,0.981043599527222,3.73936516310342,5.08570769506799,away_from_1
k2016,ke_up_080,AUCinf_Ci,M1,10000,-0.226778457620501,0.0484801906350922,0.048744132,231,0.800334236753497,-0.00405261499573953,0.000484801906350922,0.99458516637638,-0.0050028092718237,-0.00310242071965536,-0.404441423350532,0.980799394569718,1.00836831336453,4.13310052039704,5.08812885887969,away_from_1
k2016,ke_up_080,AUCinf_Ci,M2,10000,-0.226801034610201,0.0479124749505604,0.0481245335,231,0.800334236753497,-0.00407519198543965,0.000479124749505604,0.995593545869081,-0.00501425923857241,-0.00313612473230689,-0.406689965867935,0.981793797089857,1.00939066716857,4.13595235564992,5.08927157300753,away_from_1
k2016,ke_up_080,AUCinf_true,M0,10000,-0.2226592434668,0.0459121100683982,0.047642245,232,0.800334236753497,6.65991579618663e-05,0.000459121100683982,0.963684857176612,-0.000833261663921125,0.000966459979844858,0.00666013757351092,0.950327389175179,0.977039781908812,4.42716812670848,5.09018562283038,none
k2016,ke_up_080,AUCinf_true,M1,10000,-0.2226535325025,0.045897575937148,0.0462145185,231,0.800334236753497,7.23101222617484e-05,0.00045897575937148,0.993141926538692,-0.000827265835883275,0.000971886080406771,0.00723127367017185,0.979376159228112,1.00690507283963,4.92464317125222,5.0929884143511,none
k2016,ke_up_080,AUCinf_true,M2,10000,-0.2226757452434,0.0452639735717779,0.0455950335,231,0.800334236753497,5.00973813611916e-05,0.000452639735717779,0.992739123040186,-0.000837060198617384,0.000937254961339767,0.00500986362559353,0.97897893891876,1.00649668721501,4.91429945001769,5.09426129453144,none
k2016,ke_up_080,AUClast,M0,10000,-0.2284529473124,0.0490094454861503,0.0506173325,232,0.800334236753497,-0.00572710468763812,0.000490094454861503,0.968234457755164,-0.00668767216818946,-0.00476653720708679,-0.571073608672468,0.954813928532321,0.981652431701882,3.48417568497396,5.08484905750943,away_from_1
k2016,ke_up_080,AUClast,M1,10000,-0.2284471360495,0.0489978452061203,0.049209509,231,0.800334236753497,-0.00572129342473846,0.000489978452061203,0.995698721686499,-0.0066816335439791,-0.00476095330549781,-0.57049579936248,0.981897515083583,1.00949730053211,3.86265041179668,5.08728962715789,away_from_1
k2016,ke_up_080,AUClast,M2,10000,-0.2284686155611,0.0484183820204849,0.048589232,231,0.800334236753497,-0.00574277293633868,0.000484183820204849,0.996483789257769,-0.0066917557858372,-0.00479379008684016,-0.57263147361466,0.98267170096995,1.0102932477164,3.85903076698456,5.08841178676901,away_from_1
k2016,ke_up_080,Cmax,M0,10000,-0.0816281441641795,0.0429417948543894,0.04397659,232,0.929468091140586,-0.00848534269628235,0.000429417948543894,0.976469409164954,-0.00932698640974345,-0.00764369898282124,-0.844944378588963,0.96293473671455,0.9900015046063,94.5672999136174,96.0092132775786,away_from_1
k2016,ke_up_080,Cmax,M1,10000,-0.0816274255969474,0.0429367535467245,0.043126681,231,0.929468091140586,-0.00848462412905023,0.000429367535467245,0.995596056805868,-0.00932616903469675,-0.0076430792234037,-0.844873128989487,0.981796273222986,1.00939321290239,94.9199214962821,96.5479522782573,away_from_1
k2016,ke_up_080,Cmax,M2,10000,-0.081638819896986,0.0426165662249259,0.0427639485,231,0.929468091140586,-0.00849601842908884,0.000426165662249259,0.996553585900185,-0.00933128777854505,-0.00766074907963264,-0.84600292581879,0.982740530173259,1.01036401161373,95.186657703654,96.7648345633683,away_from_1
k2020,F097,AUCinf_A,M0,10000,-0.0447617270165599,0.0528579546636903,0.0537504245,194,0.952367656502161,0.00404239792305409,0.000528579546636903,0.983396041154805,0.00300640104868126,0.00507839479742693,0.405057943413123,0.969765359864506,0.997024127155911,95.4523374720535,,
k2020,F097,AUCinf_A,M1,10000,-0.0448298300974583,0.0525415879144445,0.052460152,193,0.952367656502161,0.0039742948421557,0.000525415879144445,1.00155233851485,0.00294449864212714,0.00500409104218426,0.398220282464945,0.987669995948352,1.01543203787571,95.9099863198176,,
k2020,F097,AUCinf_A,M2,10000,-0.0449231857599893,0.0519443785156356,0.0518517675,193,0.952367656502161,0.00388093917962472,0.000519443785156356,1.00178607249282,0.0028628480687251,0.00489903029052434,0.38884797757921,0.987900490180348,1.0156690109828,96.2332189126768,,
k2020,F097,AUCinf_Ai,M0,10000,-0.046316804438554,0.0514960307043808,0.0526029185,212,0.952367656502161,0.00248732050105997,0.000514960307043808,0.978957673315802,0.00147801684578642,0.00349662415633352,0.249041644903691,0.965388511469278,0.992524251586468,95.9416513948931,,
k2020,F097,AUCinf_Ai,M1,10000,-0.0463433483019811,0.0513498946649362,0.051255056,211,0.952367656502161,0.00246077663763289,0.000513498946649362,1.00185032799371,0.00145433719610089,0.00346721607916489,0.246380683349834,0.987963855046937,1.01573415694843,96.3433132621108,,
k2020,F097,AUCinf_Ai,M2,10000,-0.0463722031041041,0.0507088029220034,0.050658625,211,0.952367656502161,0.00243192183550987,0.000507088029220034,1.00099051093478,0.00143804756124721,0.00342579610977253,0.24348813560382,0.987115955762539,1.01486242438411,96.6662978443459,,
k2020,F097,AUCinf_B,M0,10000,-0.0472081069438313,0.0497405799395394,0.051359105,231,0.952367656502161,0.00159601799578268,0.000497405799395394,0.968486112433995,0.000621120543266358,0.00257091544829901,0.159729231035688,0.955062095069469,0.981907573858252,96.6417076538435,,
k2020,F097,AUCinf_B,M1,10000,-0.0472137429332138,0.049726122820006,0.050033479,230,0.952367656502161,0.00159038200640022,0.00049726122820006,0.993856989636998,0.000615767908219945,0.00256499610458049,0.159164733455941,0.980081310961325,1.0076300454159,96.9610409943643,,
k2020,F097,AUCinf_B,M2,10000,-0.0472506711604837,0.0491464919720683,0.0494510215,230,0.952367656502161,0.00155345377913033,0.000491464919720683,0.993841794998477,0.000590200236812919,0.00251670732144773,0.155466101349888,0.980066326933042,1.00761464020724,97.2332990080898,,
k2020,F097,AUCinf_C,M0,10000,-0.0490517890271319,0.0516350391687296,0.0533865905,232,0.952367656502161,-0.000247664087517925,0.000516350391687296,0.967191174509068,-0.00125969225862818,0.000764364083592326,-0.024763342129952,0.953785106053634,0.980594690441714,95.1772570186998,,
k2020,F097,AUCinf_C,M1,10000,-0.0490453467670896,0.0516163134440722,0.051993413,231,0.952367656502161,-0.000241221827475616,0.000516163134440721,0.992747166724218,-0.00125288298112674,0.000770439326175504,-0.0241192735829787,0.978986871110688,1.00650484236992,95.6157189637885,,
k2020,F097,AUCinf_C,M2,10000,-0.0490764049412916,0.0510411909640136,0.051398471,231,0.952367656502161,-0.000272280001677588,0.000510411909640136,0.993048819759903,-0.00127266896185257,0.000728108958497391,-0.0272242936842027,0.979284342986172,1.00681067576971,95.9585353400771,,
k2020,F097,AUCinf_Ci,M0,10000,-0.048532961145299,0.0511307961034677,0.05280715,232,0.952367656502161,0.000271163794315008,0.000511307961034677,0.968255171950535,-0.000730981394321568,0.00127330898295158,0.0271200562540042,0.954834355611836,0.981673432958441,95.6155949079352,,
k2020,F097,AUCinf_Ci,M1,10000,-0.0485270343554114,0.0511135049057886,0.05142298,231,0.952367656502161,0.000277090584202576,0.000511135049057886,0.993981774408807,-0.000724715703186994,0.00127889687159215,0.0277128977344443,0.98020436611314,1.00775655947838,96.0221725326397,,
k2020,F097,AUCinf_Ci,M2,10000,-0.0485566736015968,0.0505459742992915,0.050823288,231,0.952367656502161,0.000247451338017249,0.000505459742992915,0.994543570248575,-0.000743231553883737,0.00123813422991823,0.0247481956625162,0.980758374998596,1.00832614078982,96.3450529770443,,
k2020,F097,AUCinf_true,M0,10000,-0.0487594995073783,0.0502997433628098,0.052020268,232,0.952367656502161,4.46254322357606e-05,0.000502997433628098,0.966925879021035,-0.000941231421991387,0.00103048228646291,0.00446264279652109,0.953523487780166,0.98032571843926,96.0599150524452,,
k2020,F097,AUCinf_true,M1,10000,-0.0487535193178067,0.050280320193211,0.050658051,231,0.952367656502161,5.06056218073439e-05,0.00050280320193211,0.99254351876291,-0.000934870545291011,0.0010360817889057,0.00506069022934153,0.978786045878311,1.00629837221713,96.4330692624297,,
k2020,F097,AUCinf_true,M2,10000,-0.0487851006559346,0.0496649863328251,0.0500213,231,0.952367656502161,1.90242836794127e-05,0.000496649863328251,0.992876761156249,-0.000954391561370699,0.000992440128729524,0.00190244646423032,0.979114669256863,1.00663623274579,96.7584046321138,,
k2020,F097,AUClast,M0,10000,-0.049554636502767,0.0521118731659234,0.0538473405,232,0.952367656502161,-0.000750511563152992,0.000521118731659234,0.967770602634003,-0.00177188550887428,0.000270862382568299,-0.0750229999793017,0.954356502826225,0.981182148389821,94.7669384383998,,
k2020,F097,AUClast,M1,10000,-0.0495483972668647,0.0520935265700985,0.0524413945,231,0.952367656502161,-0.000744272327250724,0.000520935265700985,0.993366539291751,-0.00176528668630146,0.00027674203180001,-0.0743995425303234,0.979597658662913,1.00713279831817,95.2350418664295,,
k2020,F097,AUClast,M2,10000,-0.0495795992777065,0.0515023638136343,0.051835387,231,0.952367656502161,-0.000775474338092448,0.000515023638136343,0.993575369923143,-0.00178490212002647,0.000233953443841573,-0.0775173735576118,0.979803594729285,1.00734452296345,95.6029214851707,,
k2020,F097,Cmax,M0,10000,-0.0350501983932144,0.0421481755606545,0.0431912845,232,0.965498850360188,6.01694407020154e-05,0.000421481755606545,0.97584908734665,-0.000765919620427526,0.000886258501831557,0.00601712509191721,0.962323013068955,0.989372586252384,99.7195559093429,,
k2020,F097,Cmax,M1,10000,-0.0350491358187014,0.0421387709558413,0.0422807325,231,0.965498850360188,6.12320152149487e-05,0.000421387709558413,0.996642405753998,-0.000764672719047365,0.000887136749477262,0.00612338899330656,0.982828118910544,1.01045406234966,99.7493109803729,,
k2020,F097,Cmax,M2,10000,-0.0350658583625576,0.041795108047219,0.0419058085,231,0.965498850360188,4.45094713587974e-05,0.00041795108047219,0.997358350626238,-0.000774659593666297,0.000863678536383891,0.00445104619199999,0.983534140195576,1.01117992891965,99.7770379703929,,
k2020,F_down_080,AUCinf_A,M0,10000,-0.203013607508261,0.0538438250045599,0.054738023,190,0.799619025640266,0.0206062751833964,0.000538438250045598,0.983664042900487,0.0195509556054083,0.0216615947613846,2.08200503166776,0.970029646884658,0.997295842919837,9.56903872020598,4.91195307300812,toward_1
k2020,F_down_080,AUCinf_A,M1,10000,-0.20357468234851,0.0535337257062384,0.0534335135,189,0.799619025640266,0.0200452003431471,0.000535337257062384,1.00187545605135,0.0189959585997224,0.0210944420865718,2.02474545195919,0.98798863480894,1.01575963323538,9.95152259557503,4.90982498076908,toward_1
k2020,F_down_080,AUCinf_A,M2,10000,-0.203888436722481,0.0530324372436387,0.052817943,189,0.799619025640266,0.0197314459691769,0.000530324372436387,1.00406101092651,0.0186920292990777,0.020770862639276,1.99273976304541,0.99014389608854,1.01797547593818,9.97130313923742,4.90878180457688,toward_1
k2020,F_down_080,AUCinf_Ai,M0,10000,-0.210125912028901,0.0522285205432285,0.0531923165,210,0.799619025640266,0.0134939706627564,0.000522285205432285,0.981880917768048,0.012470310470451,0.0145176308550618,1.35854251834291,0.968271237339188,0.99548800690629,7.58738066081329,4.90930974639304,toward_1
k2020,F_down_080,AUCinf_Ai,M1,10000,-0.2104349887491,0.0520695784947251,0.051843307,209,0.799619025640266,0.0131848939425571,0.000520695784947251,1.0043645266442,0.0121643489571587,0.0142054389279555,1.32721979326906,0.990443204827723,1.01828319783338,8.06177251540402,4.90697252431477,toward_1
k2020,F_down_080,AUCinf_Ai,M2,10000,-0.2105695375259,0.0514787286202118,0.0512729205,209,0.799619025640266,0.013050345165757,0.000514787286202118,1.00401397303303,0.0120413806251017,0.0140593097064122,1.31358725693043,0.990097510179115,1.01792778618479,8.0559913754898,4.90594552498976,toward_1
k2020,F_down_080,AUCinf_B,M0,10000,-0.2152703137575,0.0503455159544873,0.0518597295,230,0.799619025640266,0.00834956893415714,0.000503455159544873,0.97080174616968,0.00736281495361833,0.00933632291469596,0.838452380315058,0.957345632209159,0.984255298078724,6.11981765776177,4.90690910869463,toward_1
k2020,F_down_080,AUCinf_B,M1,10000,-0.215382056857801,0.0503209989733579,0.050509507,229,0.799619025640266,0.00823782583385635,0.000503209989733578,0.996267870390377,0.00725155237731777,0.00922409929039493,0.82718500855381,0.982458774916381,1.01007433660502,6.63574023563245,4.90444398886181,toward_1
k2020,F_down_080,AUCinf_B,M2,10000,-0.215476064309401,0.0497319437019726,0.0499299815,229,0.799619025640266,0.00814381838225675,0.000497319437019725,0.996033689737549,0.00716909019688635,0.00911854656762715,0.817706947350372,0.982227840200805,1.00983691063297,6.6299040380725,4.90334357450066,toward_1
k2020,F_down_080,AUCinf_C,M0,10000,-0.226094832997799,0.0526496825267361,0.0543805055,232,0.799619025640266,-0.00247495030614178,0.000526496825267361,0.968171995509237,-0.00350686512164049,-0.00144303549064308,-0.247189014173843,0.954752332064709,0.981589103842486,3.90521068436003,4.9111856606495,away_from_1
k2020,F_down_080,AUCinf_C,M1,10000,-0.2260888160194,0.0526329021384663,0.0529684175,231,0.799619025640266,-0.00246893332774237,0.000526329021384663,0.993665746922991,-0.00350051925367452,-0.00143734740181022,-0.246588801859127,0.979892719029276,1.00743615242464,4.29016909537193,4.90883931260138,away_from_1
k2020,F_down_080,AUCinf_C,M2,10000,-0.226120433362399,0.0520397749828824,0.0523742415,231,0.799619025640266,-0.00250055067074206,0.000520397749828824,0.993613911962475,-0.00352051151804224,-0.00148058982344188,-0.249742689817323,0.979841602544121,1.00738359912556,4.27803385532484,4.90781283104237,away_from_1
k2020,F_down_080,AUCinf_Ci,M0,10000,-0.223415328072801,0.0520382218973032,0.053701889,232,0.799619025640266,0.000204554618856795,0.000520382218973032,0.969020324355875,-0.000815375788525384,0.00122448502623897,0.0204575541579377,0.955588902372921,0.982449188988718,4.36821788464175,4.91007151291573,none
k2020,F_down_080,AUCinf_Ci,M1,10000,-0.2234095985184,0.0520205651792743,0.052293704,231,0.799619025640266,0.00021028417325758,0.000520205651792743,0.994776831629183,-0.000809300168810381,0.00122986851532554,0.0210306284524231,0.980988403183825,1.0085626347502,4.79302254869544,4.90767191497866,none
k2020,F_down_080,AUCinf_Ci,M2,10000,-0.2234395228453,0.0514353765250559,0.051711332,231,0.799619025640266,0.00018035984635742,0.000514353765250559,0.994663539609769,-0.000827755008846246,0.00118847470156109,0.0180376112172365,0.980876681485366,1.00844777270882,4.78476166888763,4.90663997768572,none
k2020,F_down_080,AUCinf_true,M0,10000,-0.2235266271191,0.0510607994235929,0.0527905095,232,0.799619025640266,9.32555725575435e-05,0.000510607994235929,0.96723445004055,-0.000907517706363113,0.0010940288514782,0.00932599209935159,0.95382778175051,0.980638565693594,4.31823281116167,4.90853047948253,none
k2020,F_down_080,AUCinf_true,M1,10000,-0.2235206539746,0.0510412538532931,0.0513827605,231,0.799619025640266,9.92287170576422e-05,0.000510412538532931,0.993353672644603,-0.000901161475724564,0.00109961890983985,0.00992336403895511,0.97958497035812,1.00711975336262,4.74681293121713,4.90604752038301,none
k2020,F_down_080,AUCinf_true,M2,10000,-0.223554752785701,0.050419580621421,0.0507329995,231,0.799619025640266,6.51299059566957e-05,0.00050419580621421,0.993822189074805,-0.000923075715379292,0.00105333552729268,0.00651320269551281,0.980046992763664,1.00759476258101,4.74697485321861,4.90485349783487,none
k2020,F_down_080,AUClast,M0,10000,-0.2282514886665,0.0529982273856821,0.0547429885,232,0.799619025640266,-0.00463160597484277,0.000529982273856821,0.968128135453951,-0.00567035214404679,-0.00359285980563876,-0.462089662809406,0.954709079946011,0.981544635966362,3.57573666809888,4.91176954366971,away_from_1
k2020,F_down_080,AUClast,M1,10000,-0.2282453514594,0.0529804714064583,0.053318512,231,0.799619025640266,-0.00462546876774292,0.000529804714064583,0.993659976978696,-0.00566386692614904,-0.00358707060933679,-0.461478776164803,0.979887029061174,1.00743030251938,3.93474061243146,4.90943349288695,away_from_1
k2020,F_down_080,AUClast,M2,10000,-0.2282795403275,0.0523825122779885,0.0526945635,231,0.799619025640266,-0.00465965763584211,0.000523825122779885,0.994078113541799,-0.00568633601068796,-0.00363297926099627,-0.46488182736415,0.980299369906185,1.00785423369707,3.92579681500134,4.90836906485398,away_from_1
k2020,F_down_080,Cmax,M0,10000,-0.16139707157228,0.0427573698746144,0.043777015,232,0.852142118063974,-0.00139511074841789,0.000427573698746144,0.976708208054259,-0.00223313979869691,-0.000557081698138867,-0.139413803381849,0.963170225654032,0.990243612815212,40.2563472211426,41.7275917730232,away_from_1
k2020,F_down_080,Cmax,M1,10000,-0.16139598434597,0.0427478603877664,0.0428784655,231,0.852142118063974,-0.00139402352210752,0.000427478603877664,0.996954062821264,-0.0022318661898692,-0.000556180854345833,-0.139305232266151,0.983135456153468,1.01077003841877,41.6029113141294,42.908432221659,away_from_1
k2020,F_down_080,Cmax,M2,10000,-0.16141402636016,0.0424040373438837,0.042485879,231,0.852142118063974,-0.00141206553629802,0.000424040373438837,0.998073673934902,-0.00224316939622906,-0.000580961676366989,-0.141106904085275,0.984239548532415,1.01190516531232,42.1163545374878,43.4426824152027,away_from_1
k2020,F_up_125,AUCinf_A,M0,10000,0.20441341273114,0.0513319154397175,0.052602588,196,1.25037238459433,-0.0190280018928531,0.000513319154397174,0.975843915506922,-0.0200340889480461,-0.01802191483766,-1.88481122518944,0.962317912915197,0.989367342740336,9.19747536614477,4.94254263946148,toward_1
k2020,F_up_125,AUCinf_A,M1,10000,0.2050993554516,0.0510765163478869,0.051325647,195,1.25037238459433,-0.0183420591723931,0.000510765163478869,0.995146078682397,-0.0193431404973694,-0.0173409778474168,-1.81748673795161,0.98135253216793,1.00893699889804,9.55233768056867,4.9411234656893,toward_1
k2020,F_up_125,AUCinf_A,M2,10000,0.2053256073992,0.0505464482433466,0.050781709,195,1.25037238459433,-0.0181158072247935,0.000505464482433466,0.995367214666734,-0.0191064994058273,-0.0171251150437597,-1.79527023993766,0.981570603024895,1.00916119942615,9.54551028653888,4.94049585423962,toward_1
k2020,F_up_125,AUCinf_Ai,M0,10000,0.213806653852609,0.050750788520737,0.051856226,214,1.25037238459433,-0.00963476077138445,0.00050750788520737,0.978682646915665,-0.010629457948261,-0.00864006359450792,-0.958849516904958,0.965117297162184,0.992245413819114,6.62889855343338,4.94166245148476,toward_1
k2020,F_up_125,AUCinf_Ai,M1,10000,0.214121504371319,0.0506120403745875,0.0505362545,213,1.25037238459433,-0.00931991025267401,0.000506120403745875,1.00149963378444,-0.0103118880158568,-0.00832793248949122,-0.927661449769757,0.987618021749036,1.01537860275331,7.06041598237326,4.94014907708651,toward_1
k2020,F_up_125,AUCinf_Ai,M2,10000,0.21420965742996,0.0500636770130916,0.0499381095,213,1.25037238459433,-0.00923175719403291,0.000500636770130916,1.00251446268889,-0.010212987232826,-0.00825052715523986,-0.918927535144842,0.98861878428675,1.01640749534625,7.08561062692612,4.93943570543889,toward_1
k2020,F_up_125,AUCinf_B,M0,10000,0.218415270886811,0.0492125527880638,0.0507689805,231,1.25037238459433,-0.00502614373718263,0.000492125527880638,0.969342939397094,-0.00599069204770144,-0.00406159542666382,-0.501353381202707,0.955907045703229,0.98277627488943,5.39582680898999,4.94037236681444,toward_1
k2020,F_up_125,AUCinf_B,M1,10000,0.218516699425671,0.0492010327009479,0.049459903,230,1.25037238459433,-0.0049247151983223,0.000492010327009479,0.994766057283773,-0.00588903771928265,-0.00396039267736195,-0.491260867031751,0.980977778179741,1.0085517110919,5.86561354628861,4.93880459860718,toward_1
k2020,F_up_125,AUCinf_B,M2,10000,0.2185306133908,0.0486385222491744,0.0488630015,230,1.25037238459433,-0.00491080123319337,0.000486385222491744,0.995405946341105,-0.00586409875188969,-0.00395750371449706,-0.489876296273017,0.981608797846272,1.0092004678513,5.88751485666176,4.93806078444442,toward_1
k2020,F_up_125,AUCinf_C,M0,10000,0.2248075622716,0.0504245571928207,0.0521559745,232,1.25037238459433,0.00136614764760637,0.000504245571928207,0.966803087780877,0.000377844487263284,0.00235445080794946,0.136708125240292,0.953402398528007,0.980201225535163,4.08283382444088,4.94194815502445,away_from_1
k2020,F_up_125,AUCinf_C,M1,10000,0.224814157045899,0.0504081106605131,0.050826012,231,1.25037238459433,0.00137274242190621,0.000504081106605131,0.991777805831256,0.000384761607673063,0.00236072323613937,0.137368506407021,0.978030946360271,1.00552204789266,4.47246656678815,4.94043895290068,away_from_1
k2020,F_up_125,AUCinf_C,M2,10000,0.2247881997709,0.0498476939196062,0.050230568,231,1.25037238459433,0.00134678514690653,0.000498476939196062,0.99237766771035,0.000369788298958489,0.00232378199485457,0.134769246929944,0.978622493658312,1.00613022276971,4.48336812108461,4.93973633766776,away_from_1
k2020,F_up_125,AUCinf_Ci,M0,10000,0.22321308551065,0.050088018486898,0.0517592905,232,1.25037238459433,-0.000228329113342918,0.00050088018486898,0.967710685425605,-0.00121003623625588,0.000753378009570047,-0.0228303048234735,0.954297416119819,0.981121400837558,4.3823767877902,4.94150534553821,none
k2020,F_up_125,AUCinf_Ci,M1,10000,0.223219221819801,0.050069979956243,0.050419303,231,1.25037238459433,-0.000222192804191973,0.00050069979956243,0.993071640761138,-0.00120354637840076,0.000759160770016813,-0.0222168121199018,0.979306847669482,1.00683381302864,4.80052899962031,4.93996082995728,none
k2020,F_up_125,AUCinf_Ci,M2,10000,0.223192474089,0.0495104842133259,0.0498377575,231,1.25037238459433,-0.00024894053499358,0.000495104842133259,0.993433226070132,-0.00121932819414616,0.000721447124158997,-0.0248909551869625,0.97966342110747,1.00720040925438,4.81180553999678,4.9392636809562,none
k2020,F_up_125,AUCinf_true,M0,10000,0.2234148918109,0.0493347987639888,0.051072118,232,1.25037238459433,-2.65228130931217e-05,0.000493347987639888,0.965983019619213,-0.000993467100712613,0.00094042147452637,-0.00265224613664739,0.952593697188336,0.979369792715756,4.3163117503349,4.94072206885502,none
k2020,F_up_125,AUCinf_true,M1,10000,0.223420875394,0.0493156392018361,0.0497164075,231,1.25037238459433,-2.05392299932328e-05,0.000493156392018361,0.991938912759055,-0.000987107997094936,0.000946029537108471,-0.00205390190647359,0.978189820212996,1.00568538747035,4.74081580257095,4.93911616160612,none
k2020,F_up_125,AUCinf_true,M2,10000,0.2233929563565,0.0487118451667435,0.049119145,231,1.25037238459433,-4.84582674931122e-05,0.000487118451667435,0.991707920949022,-0.0010031928889662,0.000906276353979976,-0.00484570934102813,0.977962030140221,1.00545119453267,4.7419589863455,4.93837952899565,none
k2020,F_up_125,AUClast,M0,10000,0.2274383071236,0.0509554320280947,0.0526833885,232,1.25037238459433,0.00399689249960697,0.000509554320280947,0.967201113650742,0.00299818438368953,0.00499560061552441,0.400489072690169,0.953794907430597,0.98060476732187,3.6587705282254,4.94252661612085,away_from_1
k2020,F_up_125,AUClast,M1,10000,0.2274444200621,0.0509375538504036,0.051306459,231,1.25037238459433,0.00400300543810681,0.000509375538504036,0.992809771775589,0.0030046477280332,0.00500136314818041,0.401102816581123,0.979048608404343,1.00656831501378,4.02431523807619,4.94099404169535,away_from_1
k2020,F_up_125,AUClast,M2,10000,0.2274179528947,0.0503604955968011,0.0507221335,231,1.25037238459433,0.00397653827070671,0.000503604955968011,0.992870215066981,0.00298949069457353,0.00496358584683989,0.398445518951429,0.979108213901798,1.00662959593959,4.02136591758856,4.94031755997906,away_from_1
k2020,F_up_125,Cmax,M0,10000,0.164279042564001,0.0413507569427937,0.0423950635,232,1.17607904174935,0.00209298297431992,0.000413507569427937,0.975367260454598,0.00128252303090647,0.00290344291773338,0.209517479206434,0.961847864695555,0.988884082113275,39.3728672587599,41.552175156529,away_from_1
k2020,F_up_125,Cmax,M1,10000,0.164280069200901,0.0413415062803934,0.0414905845,231,1.17607904174935,0.00209400961121961,0.000413415062803934,0.996406938552369,0.00128373097745754,0.00290428824498169,0.209620358047591,0.982595915478795,1.01021533199957,40.7648922326048,42.7758224239676,away_from_1
k2020,F_up_125,Cmax,M2,10000,0.1642652613794,0.0409978754750985,0.0411228375,231,1.17607904174935,0.00207920178971896,0.000409978754750985,0.996961249940463,0.00127565819598045,0.00288274538345747,0.208136482863175,0.98314254365326,1.01077732513841,41.2787541077826,43.2913443597078,away_from_1
k2020,S00,AUCinf_A,M0,10000,-0.0002463222144401,0.0525055468266752,0.05351774,194,1,-0.0002463222144401,0.000525055468266752,0.981086772847195,-0.00127541202212875,0.000782767593248547,-0.0246291879614224,0.967488099922801,0.994682856576806,98.9690408903675,,
k2020,S00,AUCinf_A,M1,10000,-0.00018269220553136,0.0522340144415588,0.052209491,193,1,-0.00018269220553136,0.000522340144415588,1.00046971232795,-0.00120646007626536,0.000841075665202643,-0.0182675518326625,0.986602375854515,1.01433440845292,99.120624574282,,
k2020,S00,AUCinf_A,M2,10000,-0.0002263035184811,0.0516616818343845,0.051609972,193,1,-0.0002263035184811,0.000516616818343845,1.00100193494359,-0.00123885387624271,0.000786246839280509,-0.0226277913771389,0.987127221425153,1.01487400670896,99.2373339677646,,
k2020,S00,AUCinf_Ai,M0,10000,-1.436063699243e-05,0.0513372828537949,0.0524644955,213,1,-1.436063699243e-05,0.000513372828537949,0.978514752968412,-0.00102055289156827,0.000991831617583406,-0.00143605338789321,0.964951730363699,0.992075193166183,99.2146523440763,,
k2020,S00,AUCinf_Ai,M1,10000,3.22146792587399e-05,0.0511844579984127,0.051105452,212,1,3.22146792587399e-05,0.000511844579984127,1.00154594070341,-0.00097098226319218,0.00103541162170966,0.00322151981571039,0.987663686815857,1.0154255514022,99.3273149148057,,
k2020,S00,AUCinf_Ai,M2,10000,6.03735855358961e-06,0.0505922088160864,0.050519747,212,1,6.03735855358961e-06,0.000505922088160864,1.00143432658296,-0.000985551713225002,0.000997626430332181,0.000603737677851157,0.987553619759298,1.01531239051243,99.4236191557745,,
k2020,S00,AUCinf_B,M0,10000,0.000113078592088681,0.0496263550266147,0.051245954,231,1,0.000113078592088681,0.000496263550266148,0.968395573758169,-0.000859580093272951,0.00108573727745031,0.0113084985713607,0.954972811334463,0.981815780480548,99.4746935975452,,
k2020,S00,AUCinf_B,M1,10000,0.00012608100932753,0.0496079360262235,0.049919768,230,1,0.00012608100932753,0.000496079360262235,0.993753336878958,-0.00084621667026012,0.00109837868891518,0.0126088957872028,0.979979094916115,1.00752495621858,99.5435275312973,,
k2020,S00,AUCinf_B,M2,10000,9.82701192168006e-05,0.0490302196822141,0.0493296245,230,1,9.82701192168006e-05,0.000490302196822141,0.993930527126029,-0.000862704528095464,0.00105924476652907,0.00982749478830591,0.980153829160025,1.00770460200118,99.6142024087499,,
k2020,S00,AUCinf_C,M0,10000,0.000196805083387101,0.0513978798906063,0.053150527,232,1,0.000196805083387101,0.000513978798906063,0.967024840423619,-0.000810574851285936,0.00120418501806014,0.0196824450777955,0.953621077495981,0.980426051267444,99.1554296148026,,
k2020,S00,AUCinf_C,M1,10000,0.00020320174296465,0.0513795111050546,0.0517659915,231,1,0.00020320174296465,0.000513795111050546,0.992534086883173,-0.000803818170127177,0.00121022165605648,0.0203222389837388,0.978776744732217,1.00628880962864,99.2618521908918,,
k2020,S00,AUCinf_C,M2,10000,0.00017283483585372,0.0508046046566808,0.051168486,231,1,0.00017283483585372,0.000508046046566808,0.992888565369724,-0.000822917117905183,0.00116858678961262,0.0172849772654526,0.97912630985419,1.00664820054426,99.3644833884567,,
k2020,S00,AUCinf_Ci,M0,10000,0.000188369484947299,0.0508894457604092,0.0526039865,232,1,0.000188369484947299,0.000508894457604092,0.967406638666238,-0.000809045323888766,0.00118578429378336,0.0188387227592735,0.953997583699641,0.980813140541415,99.2588432149736,,
k2020,S00,AUCinf_Ci,M1,10000,0.000194130668670468,0.0508720904569674,0.0512172805,231,1,0.000194130668670468,0.000508720904569674,0.993260281692766,-0.00080294398246873,0.00119120531980967,0.0194149513248254,0.979492873882004,1.00702506818153,99.3543751880983,,
k2020,S00,AUCinf_Ci,M2,10000,0.000164368980606793,0.0503086260247042,0.050620509,231,1,0.000164368980606793,0.000503086260247042,0.993838802069419,-0.000821661970594354,0.00115039993180794,0.0164382489927783,0.980063375488452,1.00761160580161,99.4458799894705,,
k2020,S00,AUCinf_true,M0,10000,3.14797468438388e-05,0.0501082627194362,0.05183229,232,1,3.14797468438388e-05,0.000501082627194362,0.966738354015155,-0.000950624155735821,0.0010135836494235,0.00314802423362348,0.95333856202574,0.980135594676827,99.3948177223385,,
k2020,S00,AUCinf_true,M1,10000,3.74612191437007e-05,0.0500888808652913,0.0504707975,231,1,3.74612191437007e-05,0.000500888808652913,0.992432918566252,-0.000944262806075183,0.00101918524436258,0.0037461920823878,0.97867697869172,1.00618623930229,99.4743539680705,,
k2020,S00,AUCinf_true,M2,10000,6.55848392652553e-06,0.0494754823116129,0.0498444875,231,1,6.55848392652553e-06,0.000494754823116129,0.992596870649194,-0.000963143150558572,0.000976260118411623,0.000655850543340719,0.978838658263389,1.00635246346381,99.5578205575392,,
k2020,S00,AUClast,M0,10000,0.000221663483487601,0.0518972482648105,0.0536306985,232,1,0.000221663483487601,0.000518972482648105,0.967678022407456,-0.000795503891470023,0.00123883085844522,0.022168805265288,0.954265205838077,0.981088285169203,99.0488092617129,,
k2020,S00,AUClast,M1,10000,0.000227880741757499,0.0518788835822089,0.052221212,231,1,0.000227880741757499,0.000518788835822089,0.993444648167279,-0.000788926692035258,0.00124468817555026,0.0227906708546222,0.979674684884918,1.00721198964108,99.1680996182258,,
k2020,S00,AUClast,M2,10000,0.00019757123010844,0.0512894376427142,0.0516194915,231,1,0.00019757123010844,0.000512894376427142,0.993606022692304,-0.000807683275561887,0.00120282573577877,0.0197590748589382,0.979833822625751,1.00737560052441,99.282365851815,,
k2020,S00,Cmax,M0,10000,0.000444980244067913,0.0419924758927382,0.043037651,232,1,0.000444980244067913,0.000419924758927382,0.975714866332695,-0.000378057159646419,0.00126801764778225,0.0445079262463288,0.962190652469103,0.98923650517855,99.970669054655,,
k2020,S00,Cmax,M1,10000,0.000446037822767367,0.0419830971935359,0.0421352,231,1,0.000446037822767367,0.000419830971935358,0.996390124967624,-0.000376815761820382,0.00126889140735512,0.0446137312428485,0.982579334944221,1.01019828540903,99.9745227722018,,
k2020,S00,Cmax,M2,10000,0.00042964672050781,0.0416394675810018,0.04175268,231,1,0.00042964672050781,0.000416394675810018,0.997288499349067,-0.000386471847434057,0.00124576528844968,0.0429739031879928,0.983465257114795,1.01110910963044,99.9786749769111,,
k2020,V2_up_080,AUCinf_A,M0,20000,-0.256472985221148,0.052435322170537,0.053873133,199,0.79979742585522,-0.0330761841609528,0.00037077371880488,0.973311171090365,-0.0338028872962243,-0.0323494810256812,-3.25351487165814,0.963772093249542,0.982848963804635,0.981121897382645,4.95225463288571,away_from_1
k2020,V2_up_080,AUCinf_A,M1,20000,-0.25505372835285,0.0522506844264996,0.052524738,198,0.79979742585522,-0.0316569272926552,0.000369468132796162,0.994782390470935,-0.0323810715263709,-0.0309327830589394,-3.11610927430175,0.985032880818486,1.00453058664697,1.15442624203294,4.95103662347781,away_from_1
k2020,V2_up_080,AUCinf_A,M2,20000,-0.254424277886549,0.0516763261109714,0.051909544,198,0.79979742585522,-0.0310274768263545,0.000365406806198753,0.995507225241111,-0.0317436610062098,-0.0303112926464991,-3.05510646699884,0.985750611739964,1.0052625243088,1.17451685633235,4.95045866767782,away_from_1
k2020,V2_up_080,AUCinf_Ai,M0,20000,-0.239244419528899,0.0518438411133554,0.053247787,217,0.79979742585522,-0.0158476184687038,0.000366591316140115,0.973633723282348,-0.0165661242453836,-0.0151291126920241,-1.57227056903314,0.964091484221805,0.983174676790449,2.23639376510564,4.95165011838418,away_from_1
k2020,V2_up_080,AUCinf_Ai,M1,20000,-0.23862011261545,0.0517581974136221,0.051831808,216,0.79979742585522,-0.0152233115552554,0.000365985723731642,0.998579818277265,-0.0159406303926253,-0.0145059927178856,-1.5108022715293,0.988793091380715,1.00836522668341,2.53917527054074,4.95033697625289,away_from_1
k2020,V2_up_080,AUCinf_Ai,M2,20000,-0.2383648573546,0.051087388226346,0.051207715,216,0.79979742585522,-0.0149680562944051,0.00036124238647959,0.997650221775098,-0.0156760783615944,-0.0142600342272158,-1.4856591768551,0.987872605524412,1.00742652076279,2.53638607296495,4.94973416433888,away_from_1
k2020,V2_up_080,AUCinf_B,M0,20000,-0.228125547566001,0.0509914685674542,0.052397243,231,0.79979742585522,-0.00472874650580585,0.000360564132067075,0.973170832050346,-0.00543543921877426,-0.00402205379283744,-0.471758358651786,0.963633129622717,0.98270724953672,3.63500755038739,4.95083706231745,away_from_1
k2020,V2_up_080,AUCinf_B,M1,20000,-0.22799165140935,0.0509767060802851,0.0510008695,230,0.79979742585522,-0.00459485034915511,0.000360459745519231,0.999526215534131,-0.00530133846824927,-0.00388836223006094,-0.458431017397831,0.989730213333475,1.00932089799479,4.02846222128607,4.94949866293959,away_from_1
k2020,V2_up_080,AUCinf_B,M2,20000,-0.2279700821022,0.0503358770907809,0.0503837255,230,0.79979742585522,-0.00457328104200483,0.000355928400278637,0.999050320143176,-0.00527088788762591,-0.00387567419638374,-0.456283951566938,0.989258982024587,1.00884033915012,4.01487919454114,4.948882628583,away_from_1
k2020,V2_up_080,AUCinf_C,M0,20000,-0.220271465245149,0.0520119697960838,0.0535316855,232,0.79979742585522,0.0031253358150454,0.000367780165456807,0.971610912495624,0.00240449993652187,0.00384617169356892,0.313022476890446,0.962088498286706,0.981132043822951,5.00384109066937,4.95187282535168,toward_1
k2020,V2_up_080,AUCinf_C,M1,20000,-0.220274596515099,0.052000196732481,0.052124417,231,0.79979742585522,0.00312220454509546,0.000367696917325719,0.99761685070705,0.00240153182991065,0.00384287726028027,0.312708370229364,0.987839561514375,1.00739282268079,5.47715843811662,4.95058076309274,toward_1
k2020,V2_up_080,AUCinf_C,M2,20000,-0.22030944292955,0.0513421348297784,0.0515026075,231,0.79979742585522,0.0030873581306449,0.000363043716987303,0.996884183578053,0.00237580552053623,0.00379891074075356,0.309212892921606,0.987114074996248,1.00665297590831,5.46399634761628,4.94998651400493,toward_1
k2020,V2_up_080,AUCinf_Ci,M0,20000,-0.222004641635899,0.0517381217301707,0.0532367745,232,0.79979742585522,0.00139215942429594,0.000365843767212588,0.97184929432888,0.000675118816590808,0.00210920003200106,0.139312892807641,0.962324543824098,0.981372761637319,4.67447366775692,4.95160726161904,toward_1
k2020,V2_up_080,AUCinf_Ci,M1,20000,-0.222008195860801,0.0517258244979038,0.051815501,231,0.79979742585522,0.00138860519939357,0.00036575681264933,0.998269311299408,0.000671735019500721,0.00210547537928642,0.138956975800553,0.988485627571703,1.00805167694669,5.12986369157951,4.9502873148075,toward_1
k2020,V2_up_080,AUCinf_Ci,M2,20000,-0.222042083221399,0.0510729210850307,0.0512070245,231,0.79979742585522,0.0013547178387957,0.000361140088342306,0.997381151975168,0.000646896272271172,0.00206253940532024,0.135563588352405,0.987606172782231,1.00715481426038,5.11035542342619,4.94969899173072,toward_1
k2020,V2_up_080,AUCinf_true,M0,20000,-0.223227574726649,0.0509117380555978,0.0524419815,232,0.79979742585522,0.000169226333545908,0.000360000352211064,0.970820258872137,-0.000536361391209512,0.000874814058301328,0.0169240653129732,0.961305593579171,0.980333642327463,4.43087736703921,4.95087674559735,none
k2020,V2_up_080,AUCinf_true,M1,20000,-0.223230647432449,0.0508983476398259,0.0510154375,231,0.79979742585522,0.00016615362774558,0.000359905667673112,0.997704815132203,-0.000539248518725562,0.000871555774216722,0.0166167432024134,0.987926663831372,1.00748164909795,4.87610449347315,4.94951085698083,none
k2020,V2_up_080,AUCinf_true,M2,20000,-0.223269341528799,0.0502203998926943,0.050390402,231,0.79979742585522,0.000127459531395591,0.000355111853180243,0.996626299839685,-0.000568546911320961,0.000823465974112142,0.0127467654706726,0.986858718685004,1.00639256508332,4.85002989524103,4.94888717830509,none
k2020,V2_up_080,AUClast,M0,20000,-0.219284794465051,0.0524529973126102,0.054018147,232,0.79979742585522,0.00411200659514391,0.000370898700933064,0.971025483577032,0.00338505849940241,0.00483895469088541,0.412047249423009,0.961508806949466,0.980540878095986,5.18515841256554,4.95230456465016,toward_1
k2020,V2_up_080,AUClast,M1,20000,-0.21928784890235,0.0524407572669043,0.052571654,231,0.79979742585522,0.00410895215784507,0.000370812150739857,0.99751012716671,0.00338217369736511,0.00483573061832503,0.411740547589035,0.98773388393363,1.00728505332177,5.68163348701187,4.95099951970723,toward_1
k2020,V2_up_080,AUClast,M2,20000,-0.219321784451676,0.0517791073105185,0.0519448055,231,0.79979742585522,0.00407501660851933,0.000366133579030535,0.996810110503128,0.00335740798008873,0.00479262523694993,0.408333077832301,0.987040727885278,1.00657817696723,5.6716138927066,4.95041056794251,toward_1
k2020,V2_up_080,Cmax,M0,20000,-0.13313745839901,0.0433178420000841,0.0441011165,232,0.890882568755657,-0.0175948010699794,0.000306303398246269,0.98223912313159,-0.0181951446988843,-0.0169944574410744,-1.74409164027579,0.972612545596928,0.991864403751538,65.4130748182956,78.4371947220851,away_from_1
k2020,V2_up_080,Cmax,M1,20000,-0.133142446693292,0.0433114100256087,0.0432720405,231,0.890882568755657,-0.0175997893642614,0.000306257917318589,1.00090981440103,-0.0182000438521861,-0.0169995348763367,-1.74458176843918,0.991100252038232,1.01071805519697,66.5683293378074,79.7748544321571,away_from_1
k2020,V2_up_080,Cmax,M2,20000,-0.133154424098817,0.0429278764694735,0.0429016995,231,0.890882568755657,-0.0176117667697856,0.000303545925535032,1.00061016159683,-0.0182067058514881,-0.017016827688083,-1.74575860638054,0.990803536024968,1.01041546599749,67.2135211572517,80.3724039674682,away_from_1
k2020,Vmax_down_125,AUCinf_A,M0,10000,0.16798813461661,0.0503068914567823,0.0515162225,196,1.25092658233271,-0.055896407961919,0.000503068914567823,0.976525238370928,-0.0568824049162136,-0.0549104110076244,-5.43629087098193,0.962989792081622,0.990058107503837,27.558271997082,4.85508988813432,toward_1
k2020,Vmax_down_125,AUCinf_A,M1,10000,0.16982259561188,0.0500263565251494,0.05033132,195,1.25092658233271,-0.0540619469666491,0.000500263565251494,0.99394088065144,-0.0550424455373197,-0.0530814483959786,-5.26265822254924,0.980164039177023,1.00771509900768,27.5279386372212,4.85172844393903,toward_1
k2020,Vmax_down_125,AUCinf_A,M2,10000,0.170619358949,0.0495363949079179,0.0497478435,195,1.25092658233271,-0.0532651836295293,0.000495363949079179,0.995749592802307,-0.0542360791289641,-0.0522942881300946,-5.18714490283733,0.981947681083713,1.00954887662934,27.4438165474458,4.85001066682613,toward_1
k2020,Vmax_down_125,AUCinf_Ai,M0,10000,0.2040835431363,0.0497830110284631,0.0510034685,217,1.25092658233271,-0.0198009994422297,0.000497830110284631,0.976071088742976,-0.0207767285288072,-0.0188252703556522,-1.96062472007108,0.962541937342583,0.989597664185523,9.51754900142018,4.85348585617533,toward_1
k2020,Vmax_down_125,AUCinf_Ai,M1,10000,0.20464794727733,0.049639357040379,0.049711692,216,1.25092658233271,-0.0192365953011988,0.00049639357040379,0.998544910528874,-0.0202095088213475,-0.0182636817810502,-1.90527527241959,0.984704253398014,1.01238293239103,9.99658315823427,4.84973250526464,toward_1
k2020,Vmax_down_125,AUCinf_Ai,M2,10000,0.2048868462909,0.0491009535770238,0.049177153,216,1.25092658233271,-0.0189976962876293,0.000491009535770238,0.998450511704568,-0.0199600572938047,-0.0180353352814539,-1.88183773995557,0.984611163019374,1.01228722537018,9.98016634987281,4.84811934980676,toward_1
k2020,Vmax_down_125,AUCinf_B,M0,10000,0.21711638309,0.0486871796940924,0.0503201725,231,1.25092658233271,-0.00676815948852971,0.000486871796940924,0.967547948968029,-0.00772241067562222,-0.0058139083014372,-0.674530708240706,0.954136935323945,0.98095640914776,5.67022592899883,4.85142599697289,toward_1
k2020,Vmax_down_125,AUCinf_B,M1,10000,0.21728500217202,0.0486755220119106,0.049048379,230,1.25092658233271,-0.00659954040650881,0.000486755220119106,0.992398179191826,-0.00755356310722913,-0.0056455177057885,-0.657781126677581,0.978642720833714,1.00615101850312,6.13187580257089,4.84762787096623,toward_1
k2020,Vmax_down_125,AUCinf_B,M2,10000,0.21732644536206,0.0481332525374585,0.0484811715,230,1.25092658233271,-0.00655809721646961,0.000481332525374585,0.992823627157163,-0.0075014916307915,-0.00561470280214771,-0.653663982908703,0.979062271738886,1.00658236240582,6.14652738515017,4.8458675571072,toward_1
k2020,Vmax_down_125,AUCinf_C,M0,10000,0.2250659690358,0.0491531352094609,0.05084657,232,1.25092658233271,0.00118142645727085,0.000491531352094609,0.966695201061957,0.000218042709893136,0.00214481020464855,0.118212461642186,0.953296007208112,0.980091843701943,4.02792303177106,4.85293948446827,away_from_1
k2020,Vmax_down_125,AUCinf_C,M1,10000,0.225072232405901,0.0491363672223596,0.049542013,231,1.25092658233271,0.00118768982737144,0.000491363672223596,0.991812085277189,0.000224634726501849,0.00215074492824103,0.118839541024474,0.978064750664772,1.00555680238955,4.41567290887578,4.84912099181124,away_from_1
k2020,Vmax_down_125,AUCinf_C,M2,10000,0.225051281977099,0.0485872438428425,0.0489962545,231,1.25092658233271,0.00116673939857012,0.000485872438428425,0.991652205636299,0.000214446918169754,0.00211903187897049,0.116742030376948,0.977907087087747,1.00539470710674,4.41305142645606,4.84746125144152,away_from_1
k2020,Vmax_down_125,AUCinf_Ci,M0,10000,0.22429262128,0.0492205641714283,0.050878392,232,1.25092658233271,0.000408078701471193,0.000492205641714283,0.967415876103716,-0.000556626629276228,0.00137278403221861,0.0408161976911847,0.954006693098606,0.980822505993027,4.1777915925684,4.85303036389468,none
k2020,Vmax_down_125,AUCinf_Ci,M1,10000,0.2242984325834,0.0492047701784178,0.049585971,231,1.25092658233271,0.000413890004870354,0.000492047701784178,0.992312325161845,-0.000550505769302339,0.00137828577904305,0.0413975669156574,0.978558056811493,1.00606397469196,4.57303808028583,4.84925310501282,none
k2020,Vmax_down_125,AUCinf_Ci,M2,10000,0.2242773601023,0.0486690592803746,0.0490287955,231,1.25092658233271,0.000392817523770794,0.000486690592803746,0.992662756326017,-0.000561078509738997,0.00134671355728059,0.0392894686677581,0.978903630710318,1.00641926219665,4.58036111294428,4.84756123687757,none
k2020,Vmax_down_125,AUCinf_true,M0,10000,0.223755637443401,0.0482412782608117,0.0499440425,232,1.25092658233271,-0.00012890513512856,0.000482412782608117,0.965906559542345,-0.00107441681472222,0.000816606544465099,-0.0128896827218616,0.952518296911279,0.979292273040863,4.24961015440275,4.85031435670774,none
k2020,Vmax_down_125,AUCinf_true,M1,10000,0.223761611652,0.048222651107924,0.048647312,231,1.25092658233271,-0.000122930926529374,0.00048222651107924,0.991270619596083,-0.00106807752063509,0.00082221566757634,-0.0122923370832639,0.977530790145189,1.00500783297591,4.65919220165529,4.84638078935631,none
k2020,Vmax_down_125,AUCinf_true,M2,10000,0.2237389238446,0.0476397038391611,0.0480808315,231,1.25092658233271,-0.000145618733928904,0.000476397038391611,0.990825290514393,-0.00107933977151801,0.000788102303660199,-0.0145608132035679,0.977091633692357,1.00455633244064,4.65500830256226,4.84459377465442,none
k2020,Vmax_down_125,AUClast,M0,10000,0.231183935216201,0.0494263128725321,0.051108412,232,1.25092658233271,0.00729939263767143,0.000494263128725321,0.96708762683787,0.00633065470648372,0.00826813056885914,0.732609814255514,0.953682993638677,0.98048970778755,3.07193454031088,4.85368394542681,away_from_1
k2020,Vmax_down_125,AUClast,M1,10000,0.231189965589601,0.0494083962197256,0.049803717,231,1.25092658233271,0.00730542301107154,0.000494083962197256,0.992062424170581,0.00633703623982607,0.00827380978231701,0.73321727133786,0.978311619654355,1.00581061052609,3.38088934349113,4.84990413139808,away_from_1
k2020,Vmax_down_125,AUClast,M2,10000,0.2311707708604,0.0488561627236755,0.049246401,231,1.25092658233271,0.00728622828187059,0.000488561627236755,0.992075801106268,0.00632866508825827,0.00824379147548291,0.731283743067634,0.978324811174666,1.00582417284185,3.37019766800012,4.84822649730409,away_from_1
k2020,Vmax_down_125,Cmax,M0,10000,0.0568422094358876,0.0403790592391945,0.041427107,232,1.05342570107931,0.00479478345171951,0.000403790592391945,0.974701401166982,0.00400336843333521,0.00558619847010382,0.480629681990807,0.961191234767579,0.988208995223292,99.2328691518909,99.3048314773944,away_from_1
k2020,Vmax_down_125,Cmax,M1,10000,0.0568431841965158,0.0403701119197333,0.040549938,231,1.05342570107931,0.00479575821234765,0.000403701119197333,0.995565317997114,0.00400451855820237,0.00558699786649293,0.480727626600253,0.981765960479508,1.00936204810948,99.3063918223655,99.4568843628693,away_from_1
k2020,Vmax_down_125,Cmax,M2,10000,0.056830690016489,0.0400276984473649,0.040186129,231,1.05342570107931,0.00478326403232088,0.000400276984473649,0.996057581146095,0.00399873555891223,0.00556779250572953,0.479472210142773,0.982251400454697,1.00986113313312,99.3736287660086,99.5123282400322,away_from_1
k2020,Vmax_up_080,AUCinf_A,M0,10000,-0.169256347926216,0.0561743658626088,0.0573084855,182,0.80009024618209,0.0537744020226941,0.000561743658626088,0.980210266813085,0.0526734046832432,0.054875399362145,5.52465138208893,0.966623742986206,0.993794203758375,23.3501829398485,5.02007940145652,toward_1
k2020,Vmax_up_080,AUCinf_A,M1,10000,-0.170712823041628,0.0558328968412391,0.055889669,181,0.80009024618209,0.0523179269072827,0.000558328968412391,0.998984210145154,0.051223622237669,0.0534122315768964,5.37106922473338,0.985137463958806,1.01282831990343,23.7016720355663,5.02058872555783,toward_1
k2020,Vmax_up_080,AUCinf_A,M2,10000,-0.171469365431421,0.0553171137304887,0.0552814985,181,0.80009024618209,0.0515613845174895,0.000553171137304887,1.0006442522626,0.0504771890110849,0.0526455800238942,5.29138169150627,0.986774496521524,1.01451136719458,23.6345746973571,5.02081564360524,toward_1
k2020,Vmax_up_080,AUCinf_Ai,M0,10000,-0.18274701466165,0.0535911787250782,0.0549506705,204,0.80009024618209,0.04028373528726,0.000535911787250782,0.975259778223784,0.039233367485358,0.0413341030891621,4.11061308359566,0.961741872257226,0.988775110373632,17.3484864880163,5.02097105938319,toward_1
k2020,Vmax_up_080,AUCinf_Ai,M1,10000,-0.183667474437734,0.0534060122230259,0.053551966,203,0.80009024618209,0.039363275511176,0.000534060122230259,0.997274539332988,0.0383165369060256,0.0404100141163264,4.01482754212061,0.983451490596068,1.01109495615385,17.9377198134019,5.02151857724019,toward_1
k2020,Vmax_up_080,AUCinf_Ai,M2,10000,-0.184093885305109,0.0528449954548912,0.052932599,203,0.80009024618209,0.0389368646438016,0.000528449954548912,0.998344998228619,0.0379011217652539,0.0399726075223493,3.9704839442565,0.984507112047342,1.01218024966878,17.9784562052582,5.02177081156543,toward_1
k2020,Vmax_up_080,AUCinf_B,M0,10000,-0.19695245114533,0.0516256433602662,0.0531271445,228,0.80009024618209,0.0260782988035806,0.000516256433602662,0.971737590004789,0.0250664547869323,0.027090142820229,2.64213128879511,0.958268504475826,0.985204111012481,11.6577372521347,5.02171776218748,toward_1
k2020,Vmax_up_080,AUCinf_B,M1,10000,-0.197348280343321,0.0516166612817164,0.0517672465,227,0.80009024618209,0.0256824696055893,0.000516166612817164,0.997091110142711,0.0246708016344457,0.026694137576733,2.60151057624936,0.983270603885856,1.01090898496759,12.3704577122399,5.0222883147352,toward_1
k2020,Vmax_up_080,AUCinf_B,M2,10000,-0.197576028776626,0.0510662074582806,0.0511786545,227,0.80009024618209,0.0254547211722842,0.000510662074582806,0.997802852716274,0.0244538418978314,0.026455600446737,2.57814590369565,0.983972481119542,1.01163059100267,12.4136004707028,5.0225451103851,toward_1
k2020,Vmax_up_080,AUCinf_C,M0,10000,-0.2330465706895,0.0550228298889528,0.0566965295,232,0.80009024618209,-0.0100158207405893,0.000550228298889528,0.97047968145833,-0.0110942483896875,-0.00893739309149108,-0.996582944852009,0.957028031580692,0.983928770134453,2.99409302398299,5.02035167892858,away_from_1
k2020,Vmax_up_080,AUCinf_C,M1,10000,-0.2330397822785,0.0550040670161377,0.0552927635,231,0.80009024618209,-0.0100090323295896,0.000550040670161377,0.994778765509481,-0.0110870922331381,-0.00893097242604098,-0.995910866685501,0.980990310258945,1.00856459543057,3.28795017751713,5.02086841847441,away_from_1
k2020,Vmax_up_080,AUCinf_C,M2,10000,-0.233078523343001,0.0543992890265322,0.054671948,231,0.80009024618209,-0.01004777339409,0.000543992890265322,0.995012817661668,-0.0111139798668559,-0.00898156692132414,-0.99974631619324,0.981221118255006,1.0088018911212,3.2709443879411,5.02110580193245,away_from_1
k2020,Vmax_up_080,AUCinf_Ci,M0,10000,-0.2259144672634,0.0544646213882415,0.0560216585,232,0.80009024618209,-0.00288371731448997,0.000544646213882415,0.972206515239842,-0.0039512042780156,-0.00181623035096434,-0.287956339558371,0.958730930019848,0.985679534701019,4.0099270001559,5.02059730061206,away_from_1
k2020,Vmax_up_080,AUCinf_Ci,M1,10000,-0.2259083519091,0.0544461085848737,0.0546133045,231,0.80009024618209,-0.00287760196018969,0.000544461085848737,0.996938549742466,-0.00394472607943678,-0.00181047784094259,-0.287346563218882,0.983120158098754,1.01075431035683,4.3880490555583,5.02112850473894,away_from_1
k2020,Vmax_up_080,AUCinf_Ci,M2,10000,-0.2259462897674,0.0538520194989268,0.05399826,231,0.80009024618209,-0.00291553981848908,0.000538520194989268,0.997291755307056,-0.00397102000561553,-0.00186005963136263,-0.29112937597926,0.983468467942516,1.0111124107101,4.38175532064637,5.02136958134133,away_from_1
k2020,Vmax_up_080,AUCinf_true,M0,10000,-0.2228355899165,0.0529159016840272,0.054552239,232,0.80009024618209,0.000195160032410324,0.000529159016840272,0.970004213466421,-0.000841972582691233,0.00123229264751188,0.0195179077368435,0.956559153967827,0.983446713018312,4.48770223290622,5.02115309970257,none
k2020,Vmax_up_080,AUCinf_true,M1,10000,-0.2228296402448,0.0528962550113855,0.053118117,231,0.80009024618209,0.00020110970411083,0.000528962550113855,0.995823233180226,-0.00083563784328279,0.00123785725150445,0.0201129928023125,0.982020300745177,1.00962353752937,4.92194874563118,5.02172428903425,none
k2020,Vmax_up_080,AUCinf_true,M2,10000,-0.222869038161401,0.0522658890372544,0.052489937,231,0.80009024618209,0.00016171178750965,0.000522658890372544,0.995731601606882,-0.000862680813820204,0.0011861043888395,0.0161724863565693,0.981929939261116,1.00953063610857,4.9134518878078,5.02198473775991,none
k2020,Vmax_up_080,AUClast,M0,10000,-0.236483714892299,0.0550953984519094,0.056731904,232,0.80009024618209,-0.013452964943389,0.000550953984519094,0.971153699546368,-0.0145328149101852,-0.0123731149765927,-1.33628782407407,0.957692707221377,0.984612128891038,2.6030458793121,5.02033896498554,away_from_1
k2020,Vmax_up_080,AUClast,M1,10000,-0.2364773877434,0.0550767764799356,0.055326624,231,0.80009024618209,-0.0134466377944893,0.000550767764799356,0.995484135810195,-0.0145261227773417,-0.012367152811637,-1.33566356210125,0.981685903544745,1.00927974088465,2.86468255266809,5.02085562433106,away_from_1
k2020,Vmax_up_080,AUClast,M2,10000,-0.236517018244501,0.0544648207305862,0.0546844715,231,0.80009024618209,-0.0134862682955909,0.000544648207305862,0.995983306350254,-0.0145537591661547,-0.0124187774250271,-1.3395736017162,0.982178155168867,1.00978582902328,2.84759256988571,5.02110095999137,away_from_1
k2020,Vmax_up_080,Cmax,M0,10000,-0.06500448490958,0.044202095123031,0.045137215,232,0.941322121145971,-0.00453460483761806,0.00044202095123031,0.979282729850101,-0.0054009499824416,-0.00366825969279451,-0.452433904007499,0.965709062451557,0.992853812814929,97.0703968408694,97.3958128806616,away_from_1
k2020,Vmax_up_080,Cmax,M1,10000,-0.0650032836920684,0.0441925417081986,0.0442423875,231,0.941322121145971,-0.00453340362010646,0.000441925417081986,0.998873347605814,-0.00539956152143999,-0.00366724571877292,-0.452314325656045,0.98502813806582,1.01271592101032,97.2890913038211,97.8009914661713,away_from_1
k2020,Vmax_up_080,Cmax,M2,10000,-0.0650243138858564,0.0438484210360432,0.043850232,231,0.941322121145971,-0.00455443381389445,0.000438484210360432,0.999958701154494,-0.00541384707399038,-0.00369502055379852,-0.454407810763646,0.986098447717951,1.01381631559118,97.4678323355549,97.96559858399,away_from_1
k2020,ka_down_080,AUCinf_A,M0,10000,-0.143391397612903,0.061357658728805,0.0607470515,175,0.800570249731887,0.0790395954663773,0.00061357658728805,1.01005163565519,0.0778370074535357,0.0802421834792189,8.22471733035144,0.996051485810987,1.02404911986318,36.7915515232052,5.12055799568893,toward_1
k2020,ka_down_080,AUCinf_A,M1,10000,-0.144709975473189,0.0609826098958719,0.059454017,174,0.800570249731887,0.077721017606091,0.000609826098958719,1.02571050658986,0.0765257804152994,0.0789162547968827,8.082108655127,1.01149331186227,1.03992499435577,37.2190459253088,5.12319790977256,toward_1
k2020,ka_down_080,AUCinf_A,M2,10000,-0.145367575627402,0.0605589417552371,0.0589101045,174,0.800570249731887,0.0770634174518774,0.000605589417552371,1.0279890397281,0.0758764840040562,0.0782503508996987,8.01105720808937,1.01374026264944,1.04223510383179,37.2839628330024,5.12434701409031,toward_1
k2020,ka_down_080,AUCinf_Ai,M0,10000,-0.144268786800308,0.0588023684768321,0.0586083245,201,0.800570249731887,0.0781622062789722,0.000588023684768321,1.00331086033405,0.0770097010347698,0.0793147115231747,8.12980377770702,0.98940414320282,1.01721492961871,37.9928421176967,5.1252155409348,toward_1
k2020,ka_down_080,AUCinf_Ai,M1,10000,-0.145881042295168,0.0586037047052884,0.057311109,200,0.800570249731887,0.0765499507841117,0.000586037047052884,1.02255401662684,0.0754013392782818,0.0776985622899415,7.95561136647682,1.00838057345699,1.03672476116532,38.2976105508232,5.12807162714905,toward_1
k2020,ka_down_080,AUCinf_Ai,M2,10000,-0.146652725297618,0.0580941778139297,0.0567713655,200,0.800570249731887,0.0757782677816617,0.000580941778139297,1.02330069573418,0.074639642819394,0.0769168927439294,7.87233599139445,1.00911690297525,1.0374817878912,38.2770098401554,5.12930182622991,toward_1
k2020,ka_down_080,AUCinf_B,M0,10000,-0.18426144814704,0.0574824237255496,0.0582690835,228,0.800570249731887,0.0381695449322397,0.000574824237255496,0.986499534106275,0.0370429101297782,0.0392961797347012,3.89073594252511,0.972825835840579,1.00017062889232,15.9200512323001,5.12612233147104,toward_1
k2020,ka_down_080,AUCinf_B,M1,10000,-0.18486931391815,0.0574352646463033,0.0569161075,227,0.800570249731887,0.0375616791611298,0.000574352646463033,1.00912144503739,0.036435968659637,0.0386873896626226,3.82760351017653,0.995134188403368,1.02310603849007,16.5954443867977,5.12914568840003,toward_1
k2020,ka_down_080,AUCinf_B,M2,10000,-0.185180647293211,0.0568159146546613,0.0563408485,227,0.800570249731887,0.0372503457860691,0.000568159146546613,1.00843200213183,0.0361367743213507,0.0383639172507874,3.79528354335448,0.994454301745877,1.02240704115597,16.6120364002636,5.13047801112327,toward_1
k2020,ka_down_080,AUCinf_C,M0,10000,-0.23133077182536,0.0629927420752937,0.063104786,232,0.800570249731887,-0.00889977874608058,0.000629927420752937,0.998224478176564,-0.0101344138036305,-0.00766514368853062,-0.88602929403514,0.984388262502743,1.01205805942733,3.71828789992814,5.11638101376407,away_from_1
k2020,ka_down_080,AUCinf_C,M1,10000,-0.231326814577861,0.0629747820785988,0.0617208125,231,0.800570249731887,-0.00889582149858084,0.000629747820785988,1.02031680283857,-0.010130104546664,-0.00766153845049772,-0.885637074746315,1.00617436929949,1.03445654365055,4.01855148982948,5.11901467477527,away_from_1
k2020,ka_down_080,AUCinf_C,M2,10000,-0.23137711844338,0.0624327430250698,0.061131003,231,0.800570249731887,-0.00894612536409997,0.000624327430250698,1.02129426904822,-0.0101697846419518,-0.00772246608624816,-0.89062278492863,1.00713828702021,1.03544755576949,4.01522469606264,5.12017501650404,away_from_1
k2020,ka_down_080,AUCinf_Ci,M0,10000,-0.22465525792515,0.0626303857918184,0.062734645,232,0.800570249731887,-0.00222426484586966,0.000626303857918184,0.998338092003524,-0.00345179785076779,-0.000996731840971524,-0.222179300183556,0.98450030154823,1.01217324773593,4.66409241669839,5.11707557413172,away_from_1
k2020,ka_down_080,AUCinf_Ci,M1,10000,-0.224651448873251,0.0626123021246703,0.0613669965,231,0.800570249731887,-0.0022204557939707,0.000626123021246703,1.02029275825272,-0.00344763436550565,-0.000993277222435761,-0.221799240562315,1.00615065799146,1.03443216585034,5.02211129555571,5.1197080841539,away_from_1
k2020,ka_down_080,AUCinf_Ci,M2,10000,-0.2247010304137,0.0620714984653976,0.0608022585,231,0.800570249731887,-0.00227003733442022,0.000620714984653976,1.02087488189929,-0.00348661634900634,-0.00105345831983409,-0.226746274817446,1.00672471292352,1.03502235667512,5.02122556447715,5.12083148006872,away_from_1
k2020,ka_down_080,AUCinf_true,M0,10000,-0.222097216506201,0.0609649068345489,0.061375264,232,0.800570249731887,0.000333776573079092,0.000609649068345489,0.993313964963946,-0.000861113644086464,0.00152866679024465,0.0333832282677582,0.97954581305871,1.00707949540551,4.99435508805741,5.11969692372607,none
k2020,ka_down_080,AUCinf_true,M1,10000,-0.2220913659889,0.0609472380947249,0.0600044005,231,0.800570249731887,0.000339627090379407,0.000609472380947249,1.01571280750859,-0.000854916825849077,0.00153417100660789,0.0339684770189308,1.0016341891471,1.02978874529343,5.38448055339993,5.12245458782906,none
k2020,ka_down_080,AUCinf_true,M2,10000,-0.222139312324,0.0603624335573464,0.059426469,231,0.800570249731887,0.000291680755279522,0.000603624335573464,1.01574996080192,-0.000891401202636386,0.00147476271319543,0.0291723298247337,1.00167082746509,1.02982641346403,5.378274894646,5.12365756546103,none
k2020,ka_down_080,AUClast,M0,10000,-0.22485063177816,0.0630542304346173,0.0631860775,232,0.800570249731887,-0.00241963869887987,0.000630542304346173,0.997913352583365,-0.00365547890612727,-0.00118379849163248,-0.241671373275931,0.984081449367216,1.01174262219756,4.62868702571576,5.11622953089773,away_from_1
k2020,ka_down_080,AUClast,M1,10000,-0.22484689353846,0.0630362373757652,0.061751712,231,0.800570249731887,-0.00241590045918008,0.000630362373757652,1.02080145366278,-0.00365138800895426,-0.00118041290940591,-0.241298452034444,1.00665230246301,1.0349479108564,5.00008409795544,5.11895449182739,away_from_1
k2020,ka_down_080,AUClast,M2,10000,-0.22489663151796,0.062482907315085,0.061165473,231,0.800570249731887,-0.00246563843868017,0.00062482907315085,1.02153885599945,-0.00369028091854938,-0.00124099595881096,-0.246260124894171,1.00737948379429,1.03569553225236,5.00145156280863,5.12010659126245,away_from_1
k2020,ka_down_080,Cmax,M0,10000,-0.451348463107,0.0524601373692902,0.0526342185,232,0.632507704543837,0.00671441425067548,0.000524601373692902,0.996692624386361,0.00568621445199716,0.00774261404935381,0.67370064662331,0.982877641471189,1.01050497692121,9.4498813828511e-08,2.03296199573796e-07,toward_1
k2020,ka_down_080,Cmax,M1,10000,-0.451349699355999,0.0524525027084912,0.051804988,231,0.632507704543837,0.00671317800167653,0.000524525027084912,1.01249908036831,0.00568512783960021,0.00774122816375286,0.673576188938596,0.998465006919105,1.02653048172223,1.10336122530547e-07,1.38813596422685e-07,toward_1
k2020,ka_down_080,Cmax,M2,10000,-0.451379612983998,0.0521450707826424,0.05143056,231,0.632507704543837,0.00668326437367683,0.000521450707826424,1.01389272803256,0.00566123976662413,0.00770528898072954,0.670564722073253,0.999839337475758,1.0279434428161,9.52002417951339e-08,1.15963662944284e-07,toward_1
k2020,ke_down_125,AUCinf_A,M0,10000,0.201202542866256,0.0532144636336654,0.054426874,189,1.2495748835008,-0.021600857403786,0.000532144636336654,0.977724049219976,-0.022643841725572,-0.0205578730819999,-2.13692296672023,0.964171986422237,0.991273531697526,10.057130442817,5.06400936999893,toward_1
k2020,ke_down_125,AUCinf_A,M1,10000,0.202360942340966,0.0529059306617402,0.053099606,188,1.2495748835008,-0.0204424579290763,0.000529059306617402,0.99635260310105,-0.0214793951157322,-0.0194055207424205,-2.02349274362021,0.982542333161706,1.01016024355742,10.2715658852039,5.06561351430588,toward_1
k2020,ke_down_125,AUCinf_A,M2,10000,0.20284680081,0.0524219085469095,0.052487961,188,1.2495748835008,-0.0199565994600422,0.000524219085469095,0.998741569460271,-0.0209840499875702,-0.0189291489325143,-1.97587846183894,0.984898186474206,1.01258231665862,10.2416611935317,5.06638217112584,toward_1
k2020,ke_down_125,AUCinf_Ai,M0,10000,0.22461268696405,0.0524032103292976,0.0535421955,212,1.2495748835008,0.00180928669400804,0.000524032103292976,0.978727335327472,0.000782202644811033,0.00283637074320504,0.181092444074737,0.965161366155696,0.992290721531277,4.30795578136952,5.06515811558543,away_from_1
k2020,ke_down_125,AUCinf_Ai,M1,10000,0.224793133245169,0.0522250613422979,0.052147836,211,1.2495748835008,0.00198973297512722,0.000522250613422979,1.00148089255895,0.000966140581914234,0.00301332536834021,0.199171380734131,0.987599540292408,1.01535960180841,4.635715037634,5.06690623937774,away_from_1
k2020,ke_down_125,AUCinf_Ai,M2,10000,0.22485050440299,0.0516346695233152,0.051512009,211,1.2495748835008,0.00204710413294795,0.000516346695233152,1.00238120247485,0.00103508320675469,0.00305912505914121,0.204920088112326,0.988487371169328,1.01627238838727,4.63580656517093,5.06773654788585,away_from_1
k2020,ke_down_125,AUCinf_B,M0,10000,0.22576879446036,0.0510463396708224,0.052592094,231,1.2495748835008,0.00296539419031749,0.000510463396708224,0.970608617919309,0.00196490431734339,0.00396588406329159,0.296979532095665,0.957155180875837,0.984059493420989,3.98083533575874,5.06640042595326,away_from_1
k2020,ke_down_125,AUCinf_B,M1,10000,0.22583601222183,0.0510295375915102,0.0511846385,230,1.2495748835008,0.00303261195178806,0.000510295375915102,0.996969776225151,0.00203245139351713,0.00403277251005898,0.303721497129428,0.9831509517566,1.01078596958194,4.36988007584819,5.06823327997658,away_from_1
k2020,ke_down_125,AUCinf_B,M2,10000,0.225820402943401,0.0504074908617069,0.050568764,230,1.2495748835008,0.0030170026733588,0.000504074908617069,0.996810815105287,0.00202903400695903,0.00400497133975858,0.302155840632512,0.982994193969139,1.01062480554919,4.36427668704825,5.06906886813556,away_from_1
k2020,ke_down_125,AUCinf_C,M0,10000,0.22393734454631,0.0521441968011338,0.053899266,232,1.2495748835008,0.00113394427626784,0.000521441968011338,0.967437975892544,0.000111936798937931,0.00215595175359775,0.113458743415751,0.954028486566109,0.980844912044856,4.2511619211456,5.06478451024488,away_from_1
k2020,ke_down_125,AUCinf_C,M1,10000,0.22394371248607,0.0521262682221467,0.0524582075,231,1.2495748835008,0.00114031221602784,0.000521262682221467,0.993672309945907,0.000118656132389017,0.00216196829966666,0.114096261920027,0.979899191083274,1.00744280639915,4.67376416025627,5.06657079692179,away_from_1
k2020,ke_down_125,AUCinf_C,M2,10000,0.2239078943855,0.0515317234387562,0.0518359395,231,1.2495748835008,0.00110449411545757,0.000515317234387562,0.994131174930402,9.44908954451644e-05,0.00211449733546998,0.110510429370847,0.98035169582012,1.0079080304203,4.68633528234307,5.06737424698345,away_from_1
k2020,ke_down_125,AUCinf_Ci,M0,10000,0.22650100385319,0.0519373728975804,0.0536439295,232,1.2495748835008,0.00369760358314769,0.000519373728975804,0.968187330452374,0.00267964977983885,0.00471555738645653,0.370444815284521,0.954767454452869,0.981604651300129,3.83339654168926,5.06509447806718,away_from_1
k2020,ke_down_125,AUCinf_Ci,M1,10000,0.226506949392111,0.0519186177845877,0.052226736,231,1.2495748835008,0.00370354912206891,0.000519186177845877,0.994100373888724,0.00268596291221999,0.00472113533191784,0.371041573444719,0.980321321706317,1.00787680253204,4.21683310030474,5.06686741647499,away_from_1
k2020,ke_down_125,AUCinf_Ci,M2,10000,0.2264697475664,0.0513255547326518,0.051589725,231,1.2495748835008,0.00366634729635737,0.000513255547326518,0.994879401521365,0.002660384908732,0.00467230968398274,0.367307656904314,0.981089551372592,1.00866662607511,4.22833247425182,5.06769753060812,away_from_1
k2020,ke_down_125,AUCinf_true,M0,10000,0.2229602021441,0.0510351751014409,0.0528177065,232,1.2495748835008,0.000156801874058116,0.000510351751014409,0.966251253288344,-0.000843469177377079,0.00115707292549331,0.0156814168114527,0.952858212917286,0.97964174361717,4.40472128143128,5.06611812189991,none
k2020,ke_down_125,AUCinf_true,M1,10000,0.222966224507501,0.051014833043865,0.051350574,231,1.2495748835008,0.000162824237458309,0.00051014833043865,0.993461787668916,-0.000837048116974683,0.0011626965918913,0.0162837494043888,0.979691586818907,1.00722936666513,4.85710451259159,5.06801452372765,none
k2020,ke_down_125,AUCinf_true,M2,10000,0.2229296892004,0.0503751602946587,0.0507047085,231,1.2495748835008,0.000126288930357876,0.000503751602946587,0.99350063899211,-0.000861046068571755,0.00111362392928751,0.0126296905140544,0.979729899630675,1.00726875639722,4.86551911941724,5.06888563835107,none
k2020,ke_down_125,AUClast,M0,10000,0.226214518914891,0.0525023893463036,0.054260108,232,1.2495748835008,0.00341111864484858,0.000525023893463036,0.967605691944136,0.00238209072263804,0.00444014656705913,0.341694313084107,0.954193877934715,0.981014952336815,3.87626791628875,5.06435146205312,away_from_1
k2020,ke_down_125,AUClast,M1,10000,0.226220739364341,0.0524833740796249,0.052812303,231,1.2495748835008,0.00341733909429853,0.00052483374079625,0.993771736855046,0.00238868386446645,0.00444599432413061,0.342318485462623,0.979997239853338,1.00754361118497,4.2674547872397,5.06612209789242,away_from_1
k2020,ke_down_125,AUClast,M2,10000,0.2261873018444,0.0518736728257458,0.052184004,231,1.2495748835008,0.00338390157435739,0.000518736728257458,0.994053136009759,0.00236719626951463,0.00440060687920015,0.338963343281451,0.980274738583367,1.00782891002172,4.27132400592528,5.06692246472065,away_from_1
k2020,ke_down_125,Cmax,M0,10000,0.0684161488470062,0.0414363711039766,0.042473859,232,1.06352537123811,0.00682693711411495,0.000414363711039766,0.975573495781879,0.00601479916397665,0.00763907506425326,0.685029377051749,0.962051241430875,0.989093175488238,97.9389405112273,98.3791444754339,away_from_1
k2020,ke_down_125,Cmax,M1,10000,0.0684170489958811,0.0414272348163351,0.041560273,231,1.06352537123811,0.00682783726298985,0.000414272348163351,0.996798909774608,0.00601587838079884,0.00763979614518085,0.685120008608453,0.982982453656176,1.01061273523222,98.115071291195,98.6837740579728,away_from_1
k2020,ke_down_125,Cmax,M2,10000,0.0684006510360267,0.0410764562222807,0.041169938,231,1.06352537123811,0.00681143930313547,0.000410764562222807,0.997729368022869,0.00600635555505341,0.00761652305121753,0.683468991589309,0.983900014984676,1.01155608794466,98.2654901378064,98.8015063866282,away_from_1
k2020,ke_up_080,AUCinf_A,M0,10000,-0.21702597010409,0.0518576188752925,0.053065986,196,0.800201954152666,0.00586517037758194,0.000518576188752925,0.97722897064972,0.00484877972438616,0.00688156103077772,0.588240416592156,0.963683770049837,0.990771592235981,5.78355575926521,5.04867815841092,toward_1
k2020,ke_up_080,AUCinf_A,M1,10000,-0.217363191192589,0.0515948229390806,0.051778199,195,0.800201954152666,0.00552794928908279,0.000515948229390806,0.996458431068269,0.0045167093415896,0.00653918923657598,0.554325659375721,0.982646694265899,1.01026753810838,6.09864330058455,5.04989069271116,toward_1
k2020,ke_up_080,AUCinf_A,M2,10000,-0.21755686669884,0.0510701241446208,0.051233122,195,0.800201954152666,0.00533427378283155,0.000510701241446208,0.996818506290145,0.00433331774273709,0.00633522982292601,0.534852635232674,0.983001778547823,1.01063260331993,6.07404274451384,5.05042362927792,toward_1
k2020,ke_up_080,AUCinf_Ai,M0,10000,-0.224713857453701,0.0505351998004893,0.0518132965,213,0.800201954152666,-0.00182271697202896,0.000505351998004893,0.975332650384237,-0.00281318868763391,-0.000832245256424012,-0.182105683225708,0.961813734349352,0.988848992410094,4.22732467462946,5.0499062465199,away_from_1
k2020,ke_up_080,AUCinf_Ai,M1,10000,-0.224736735290799,0.0504050218345792,0.0505333415,212,0.800201954152666,-0.00184559480912722,0.000504050218345792,0.997460693047168,-0.00283351508348452,-0.000857674534769913,-0.18438927462946,0.983635064066029,1.01128368962097,4.57165223601899,5.05117289632739,away_from_1
k2020,ke_up_080,AUCinf_Ai,M2,10000,-0.2247449237455,0.0498225261476957,0.0499800285,212,0.800201954152666,-0.00185378326382865,0.000498225261476956,0.996848694227848,-0.00283028683251154,-0.000877279695145766,-0.185206606890032,0.983031548055779,1.01066320960771,4.55678482073494,5.05174175838112,away_from_1
k2020,ke_up_080,AUCinf_B,M0,10000,-0.2227269065495,0.0490765482557408,0.050657183,230,0.800201954152666,0.000164233932171548,0.000490765482557408,0.968797421201665,-0.000797648738496392,0.00112611660283949,0.016424741930221,0.955369088840517,0.982223196800966,4.49233544346634,5.05109042960494,none
k2020,ke_up_080,AUCinf_B,M1,10000,-0.222746149424201,0.0490543980338217,0.0493910605,229,0.800201954152666,0.000144991057471094,0.000490543980338217,0.993183736838809,-0.000816457476824735,0.00110643959176692,0.0145001569182401,0.97941739000294,1.00694746255469,4.89857724628583,5.05240332105,none
k2020,ke_up_080,AUCinf_B,M2,10000,-0.2227943109529,0.0485109417078495,0.0488271705,229,0.800201954152666,9.68295287718246e-05,0.000485109417078495,0.993523507733251,-0.000853967457263246,0.00104762651480689,0.00968342169018754,0.979752451392177,1.00729194205765,4.89519579646877,5.05301107360065,none
k2020,ke_up_080,AUCinf_C,M0,10000,-0.2255544071748,0.0510649620983586,0.0527851345,232,0.800201954152666,-0.00266326669312797,0.000510649620983586,0.96741180224441,-0.00366412155897483,-0.00166241182728111,-0.265972334471387,0.954002675706354,0.980818375677418,3.96903947604227,5.04902693138783,away_from_1
k2020,ke_up_080,AUCinf_C,M1,10000,-0.2255482661953,0.0510485771123563,0.051435538,231,0.800201954152666,-0.00265712571362856,0.000510485771123563,0.99247677962183,-0.0036576594396509,-0.00165659198760622,-0.265359867971526,0.978720231796844,1.00623070819256,4.35311672215858,5.05031635572651,away_from_1
k2020,ke_up_080,AUCinf_C,M2,10000,-0.225572213472,0.0504777891995435,0.0508723925,231,0.800201954152666,-0.0026810729903283,0.000504777891995435,0.992243272213775,-0.0036704194788314,-0.0016917265018252,-0.267748212398034,0.978489960994313,1.00599396479524,4.34022452504241,5.05087561039309,away_from_1
k2020,ke_up_080,AUCinf_Ci,M0,10000,-0.225000165027501,0.0504283540152823,0.052098799,232,0.800201954152666,-0.00210902454582965,0.000504283540152823,0.967936977113087,-0.00309740212252554,-0.00112064696913376,-0.210680211622294,0.954520571217624,0.981350828517508,4.0669486221943,5.04967536444413,away_from_1
k2020,ke_up_080,AUCinf_Ci,M1,10000,-0.224994238977901,0.0504111171700063,0.050782171,231,0.800201954152666,-0.00210309849622922,0.000504111171700063,0.992693226329499,-0.00309113823696563,-0.00111505875549281,-0.210088853411428,0.978933678374388,1.00645015445913,4.45330810994522,5.05096636597706,away_from_1
k2020,ke_up_080,AUCinf_Ci,M2,10000,-0.225018670155399,0.0498605656708347,0.050209034,231,0.800201954152666,-0.0021275296737274,0.000498605656708347,0.993059648804132,-0.0031047788033637,-0.00115028054409109,-0.212526808661995,0.979295021930904,1.00682165488485,4.45066277845424,5.05155054403331,away_from_1
k2020,ke_up_080,AUCinf_true,M0,10000,-0.222958397220501,0.0495793324439985,0.051279461,232,0.800201954152666,-6.72567388287915e-05,0.000495793324439985,0.966845818523688,-0.00103899379850654,0.000904480320848961,-0.00672544771450623,0.953444536987432,0.980244548448588,4.41584674210132,5.05047227408948,none
k2020,ke_up_080,AUCinf_true,M1,10000,-0.2229524592529,0.0495607812678436,0.0499568855,231,0.800201954152666,-6.13187712284746e-05,0.000495607812678436,0.992071078327003,-0.00103269223453488,0.000910054692077934,-0.00613168912710904,0.978320153857021,1.00581938461342,4.83747917255645,5.0518118131983,none
k2020,ke_up_080,AUCinf_true,M2,10000,-0.222978877585201,0.0489707993174573,0.0493713405,231,0.800201954152666,-8.77371035287455e-05,0.000489707993174573,0.991887172224081,-0.00104754713309229,0.000872072926034803,-0.0087733254741651,0.978138796844569,1.00563292990538,4.82943182740306,5.05242887578565,none
k2020,ke_up_080,AUClast,M0,10000,-0.2283902358913,0.0514989697962732,0.0531870835,232,0.800201954152666,-0.00549909540962776,0.000514989697962732,0.96826083340842,-0.00650845667004387,-0.00448973414921164,-0.548400306189201,0.95483993859724,0.981679172873866,3.53451983202538,5.04865497940988,away_from_1
k2020,ke_up_080,AUClast,M1,10000,-0.228384086156199,0.0514822779640138,0.0518302935,231,0.800201954152666,-0.00549294567452757,0.000514822779640138,0.993285480122042,-0.00650197978104304,-0.0044839115680121,-0.5477887033152,0.979517723040239,1.00705061581534,3.88295073175915,5.04993160151744,away_from_1
k2020,ke_up_080,AUClast,M2,10000,-0.228409820621201,0.0509121445281851,0.051261339,231,0.800201954152666,-0.0055186801395288,0.000509121445281851,0.993187956486761,-0.00651653983603821,-0.0045208204430194,-0.550348019834646,0.979421551163086,1.00695174067931,3.86776129763593,5.05048803331061,away_from_1
k2020,ke_up_080,Cmax,M0,10000,-0.0755398319171265,0.0426516487153314,0.043683555,232,0.933475925199342,-0.00669972576025281,0.000426516487153314,0.97637769442829,-0.00753568271388585,-0.00586376880661977,-0.66773326347962,0.962844293219882,0.989908518869687,96.1576147130422,96.9377232209123,away_from_1
k2020,ke_up_080,Cmax,M1,10000,-0.0755385906776152,0.0426422331032412,0.0428114035,231,0.933475925199342,-0.0066984845207415,0.000426422331032412,0.996048473469019,-0.00753425693176864,-0.00586271210971435,-0.667609968268879,0.982242419017548,1.00985189924015,96.4340781109968,97.397323549571,away_from_1
k2020,ke_up_080,Cmax,M2,10000,-0.0755555849906597,0.042307796429821,0.0424388305,231,0.933475925199342,-0.00671547883378594,0.00042307796429821,0.996912401481492,-0.00754469640646295,-0.00588626126110893,-0.669298039656685,0.983094372274273,1.01072779972837,96.6512533139047,97.580388612277,away_from_1
