pk_model,scenario,mechanism,direction,target,multiplier,auc_ratio,cmax_ratio,analysis_model,config,n_trials,n_pass,pass_pct,lo,hi,n_trials_10k,n_pass_10k,pass_pct_10k,lo_10k,hi_10k,class,class_10k
k2016,F_down_080,F,down,0.8,0.872152535936487,0.79988525403249,0.852080931927538,M0,AUCinf_true_only,10000,448,4.48,4.09173361905776,4.90322559260863,10000,448,4.48,4.09173361905776,4.90322559260863,conservative,conservative
k2016,F_down_080,F,down,0.8,0.872152535936487,0.79988525403249,0.852080931927538,M0,AUClast_only,10000,380,3.8,3.44265516422164,4.19282628522888,10000,380,3.8,3.44265516422164,4.19282628522888,conservative,conservative
k2016,F_down_080,F,down,0.8,0.872152535936487,0.79988525403249,0.852080931927538,M0,F3A,10000,269,2.69,2.39060287545787,3.02573105037555,10000,269,2.69,2.39060287545787,3.02573105037555,conservative,conservative
k2016,F_down_080,F,down,0.8,0.872152535936487,0.79988525403249,0.852080931927538,M0,F3B,10000,348,3.48,3.13828027939255,3.8574469290152,10000,348,3.48,3.13828027939255,3.8574469290152,conservative,conservative
k2016,F_down_080,F,down,0.8,0.872152535936487,0.79988525403249,0.852080931927538,M0,F3C,10000,351,3.51,3.16678252489739,3.88892164360812,10000,351,3.51,3.16678252489739,3.88892164360812,conservative,conservative
k2016,F_down_080,F,down,0.8,0.872152535936487,0.79988525403249,0.852080931927538,M0,G2_Ai,10000,704,7.04,6.55492362802065,7.55806951198789,10000,704,7.04,6.55492362802065,7.55806951198789,exceeding,exceeding
k2016,F_down_080,F,down,0.8,0.872152535936487,0.79988525403249,0.852080931927538,M0,G2_Aii,10000,735,7.35,6.85475025018411,7.8780048108346,10000,735,7.35,6.85475025018411,7.8780048108346,exceeding,exceeding
k2016,F_down_080,F,down,0.8,0.872152535936487,0.79988525403249,0.852080931927538,M0,G2_B,10000,645,6.45,5.98507666127297,6.94836959681297,10000,645,6.45,5.98507666127297,6.94836959681297,exceeding,exceeding
k2016,F_down_080,F,down,0.8,0.872152535936487,0.79988525403249,0.852080931927538,M0,G2_Ci,10000,413,4.13,3.75729137145592,4.53793663906995,10000,413,4.13,3.75729137145592,4.53793663906995,conservative,conservative
k2016,F_down_080,F,down,0.8,0.872152535936487,0.79988525403249,0.852080931927538,M0,G2_Cii,10000,382,3.82,3.46170328443217,4.21376280508352,10000,382,3.82,3.46170328443217,4.21376280508352,conservative,conservative
k2016,F_down_080,F,down,0.8,0.872152535936487,0.79988525403249,0.852080931927538,M0,P2,10000,371,3.71,3.35697349886415,4.09857707029309,10000,371,3.71,3.35697349886415,4.09857707029309,conservative,conservative
k2016,F_down_080,F,down,0.8,0.872152535936487,0.79988525403249,0.852080931927538,M1,AUCinf_true_only,10000,503,5.03,4.61862651196792,5.47591030149073,10000,503,5.03,4.61862651196792,5.47591030149073,nominal,nominal
k2016,F_down_080,F,down,0.8,0.872152535936487,0.79988525403249,0.852080931927538,M1,AUClast_only,10000,414,4.14,3.76683674639403,4.54838358416442,10000,414,4.14,3.76683674639403,4.54838358416442,conservative,conservative
k2016,F_down_080,F,down,0.8,0.872152535936487,0.79988525403249,0.852080931927538,M1,F3A,10000,305,3.05,2.73057888562466,3.40547856138188,10000,305,3.05,2.73057888562466,3.40547856138188,conservative,conservative
k2016,F_down_080,F,down,0.8,0.872152535936487,0.79988525403249,0.852080931927538,M1,F3B,10000,383,3.83,3.47122838542385,4.22423002412443,10000,383,3.83,3.47122838542385,4.22423002412443,conservative,conservative
k2016,F_down_080,F,down,0.8,0.872152535936487,0.79988525403249,0.852080931927538,M1,F3C,10000,389,3.89,3.52839340114946,4.28701892859433,10000,389,3.89,3.52839340114946,4.28701892859433,conservative,conservative
k2016,F_down_080,F,down,0.8,0.872152535936487,0.79988525403249,0.852080931927538,M1,G2_Ai,10000,759,7.59,7.08705655803354,8.12551418376725,10000,759,7.59,7.08705655803354,8.12551418376725,exceeding,exceeding
k2016,F_down_080,F,down,0.8,0.872152535936487,0.79988525403249,0.852080931927538,M1,G2_Aii,10000,801,8.01,7.4939537171942,8.55829446597522,10000,801,8.01,7.4939537171942,8.55829446597522,exceeding,exceeding
k2016,F_down_080,F,down,0.8,0.872152535936487,0.79988525403249,0.852080931927538,M1,G2_B,10000,696,6.96,6.47759390571475,7.47546067403309,10000,696,6.96,6.47759390571475,7.47546067403309,exceeding,exceeding
k2016,F_down_080,F,down,0.8,0.872152535936487,0.79988525403249,0.852080931927538,M1,G2_Ci,10000,455,4.55,4.15870570145422,4.97619975044028,10000,455,4.55,4.15870570145422,4.97619975044028,conservative,conservative
k2016,F_down_080,F,down,0.8,0.872152535936487,0.79988525403249,0.852080931927538,M1,G2_Cii,10000,425,4.25,3.87187616540763,4.66325968550928,10000,425,4.25,3.87187616540763,4.66325968550928,conservative,conservative
k2016,F_down_080,F,down,0.8,0.872152535936487,0.79988525403249,0.852080931927538,M1,P2,10000,403,4.03,3.66187206390807,4.43343274629193,10000,403,4.03,3.66187206390807,4.43343274629193,conservative,conservative
k2016,F_down_080,F,down,0.8,0.872152535936487,0.79988525403249,0.852080931927538,M2,AUCinf_true_only,10000,499,4.99,4.58025646340587,5.43431106992243,10000,499,4.99,4.58025646340587,5.43431106992243,nominal,nominal
k2016,F_down_080,F,down,0.8,0.872152535936487,0.79988525403249,0.852080931927538,M2,AUClast_only,10000,410,4.1,3.72865897330322,4.50659207712489,10000,410,4.1,3.72865897330322,4.50659207712489,conservative,conservative
k2016,F_down_080,F,down,0.8,0.872152535936487,0.79988525403249,0.852080931927538,M2,F3A,10000,312,3.12,2.79683683327012,3.47916685396452,10000,312,3.12,2.79683683327012,3.47916685396452,conservative,conservative
k2016,F_down_080,F,down,0.8,0.872152535936487,0.79988525403249,0.852080931927538,M2,F3B,10000,386,3.86,3.49980782081717,4.25562754882887,10000,386,3.86,3.49980782081717,4.25562754882887,conservative,conservative
k2016,F_down_080,F,down,0.8,0.872152535936487,0.79988525403249,0.852080931927538,M2,F3C,10000,383,3.83,3.47122838542385,4.22423002412443,10000,383,3.83,3.47122838542385,4.22423002412443,conservative,conservative
k2016,F_down_080,F,down,0.8,0.872152535936487,0.79988525403249,0.852080931927538,M2,G2_Ai,10000,750,7.5,6.99992356186964,8.03271629963787,10000,750,7.5,6.99992356186964,8.03271629963787,exceeding,exceeding
k2016,F_down_080,F,down,0.8,0.872152535936487,0.79988525403249,0.852080931927538,M2,G2_Aii,10000,805,8.05,7.53272882462839,8.59948863867138,10000,805,8.05,7.53272882462839,8.59948863867138,exceeding,exceeding
k2016,F_down_080,F,down,0.8,0.872152535936487,0.79988525403249,0.852080931927538,M2,G2_B,10000,710,7.1,6.6129332015199,7.62001385868416,10000,710,7.1,6.6129332015199,7.62001385868416,exceeding,exceeding
k2016,F_down_080,F,down,0.8,0.872152535936487,0.79988525403249,0.852080931927538,M2,G2_Ci,10000,472,4.72,4.32146114873359,5.15331374371488,10000,472,4.72,4.32146114873359,5.15331374371488,nominal,nominal
k2016,F_down_080,F,down,0.8,0.872152535936487,0.79988525403249,0.852080931927538,M2,G2_Cii,10000,423,4.23,3.8527726567849,4.64237855406684,10000,423,4.23,3.8527726567849,4.64237855406684,conservative,conservative
k2016,F_down_080,F,down,0.8,0.872152535936487,0.79988525403249,0.852080931927538,M2,P2,10000,401,4.01,3.64279583231641,4.41252433781842,10000,401,4.01,3.64279583231641,4.41252433781842,conservative,conservative
k2016,F_up_125,F,up,1.25,1.15149083830699,1.25010656509896,1.17552651005478,M0,AUCinf_true_only,10000,433,4.33,3.94831383323837,4.74676057793923,10000,433,4.33,3.94831383323837,4.74676057793923,conservative,conservative
k2016,F_up_125,F,up,1.25,1.15149083830699,1.25010656509896,1.17552651005478,M0,AUClast_only,10000,334,3.34,3.00536558690763,3.71046914104391,10000,334,3.34,3.00536558690763,3.71046914104391,conservative,conservative
k2016,F_up_125,F,up,1.25,1.15149083830699,1.25010656509896,1.17552651005478,M0,F3A,10000,263,2.63,2.33407796968369,2.96230203595421,10000,263,2.63,2.33407796968369,2.96230203595421,conservative,conservative
k2016,F_up_125,F,up,1.25,1.15149083830699,1.25010656509896,1.17552651005478,M0,F3B,10000,311,3.11,2.78736859331087,3.46864277389118,10000,311,3.11,2.78736859331087,3.46864277389118,conservative,conservative
k2016,F_up_125,F,up,1.25,1.15149083830699,1.25010656509896,1.17552651005478,M0,F3C,10000,314,3.14,2.81577609284945,3.50021223445036,10000,314,3.14,2.81577609284945,3.50021223445036,conservative,conservative
k2016,F_up_125,F,up,1.25,1.15149083830699,1.25010656509896,1.17552651005478,M0,G2_Ai,10000,637,6.37,5.90789458974844,6.8656131080768,10000,637,6.37,5.90789458974844,6.8656131080768,exceeding,exceeding
k2016,F_up_125,F,up,1.25,1.15149083830699,1.25010656509896,1.17552651005478,M0,G2_Aii,10000,740,7.4,6.90313456019223,7.92958210098942,10000,740,7.4,6.90313456019223,7.92958210098942,exceeding,exceeding
k2016,F_up_125,F,up,1.25,1.15149083830699,1.25010656509896,1.17552651005478,M0,G2_B,10000,532,5.32,4.89702817745753,5.77728591694613,10000,532,5.32,4.89702817745753,5.77728591694613,nominal,nominal
k2016,F_up_125,F,up,1.25,1.15149083830699,1.25010656509896,1.17552651005478,M0,G2_Ci,10000,383,3.83,3.47122838542385,4.22423002412443,10000,383,3.83,3.47122838542385,4.22423002412443,conservative,conservative
k2016,F_up_125,F,up,1.25,1.15149083830699,1.25010656509896,1.17552651005478,M0,G2_Cii,10000,359,3.59,3.24282272507022,3.97282000369598,10000,359,3.59,3.24282272507022,3.97282000369598,conservative,conservative
k2016,F_up_125,F,up,1.25,1.15149083830699,1.25010656509896,1.17552651005478,M0,P2,10000,324,3.24,2.91052689302443,3.60538463460124,10000,324,3.24,2.91052689302443,3.60538463460124,conservative,conservative
k2016,F_up_125,F,up,1.25,1.15149083830699,1.25010656509896,1.17552651005478,M1,AUCinf_true_only,10000,482,4.82,4.41726929166224,5.2574288011121,10000,482,4.82,4.41726929166224,5.2574288011121,nominal,nominal
k2016,F_up_125,F,up,1.25,1.15149083830699,1.25010656509896,1.17552651005478,M1,AUClast_only,10000,371,3.71,3.35697349886415,4.09857707029309,10000,371,3.71,3.35697349886415,4.09857707029309,conservative,conservative
k2016,F_up_125,F,up,1.25,1.15149083830699,1.25010656509896,1.17552651005478,M1,F3A,10000,295,2.95,2.63600659501067,3.30012765167,10000,295,2.95,2.63600659501067,3.30012765167,conservative,conservative
k2016,F_up_125,F,up,1.25,1.15149083830699,1.25010656509896,1.17552651005478,M1,F3B,10000,347,3.47,3.1287811116642,3.84695377671097,10000,347,3.47,3.1287811116642,3.84695377671097,conservative,conservative
k2016,F_up_125,F,up,1.25,1.15149083830699,1.25010656509896,1.17552651005478,M1,F3C,10000,350,3.5,3.1572809892696,3.87843085920333,10000,350,3.5,3.1572809892696,3.87843085920333,conservative,conservative
k2016,F_up_125,F,up,1.25,1.15149083830699,1.25010656509896,1.17552651005478,M1,G2_Ai,10000,671,6.71,6.23606232543102,7.21718425350216,10000,671,6.71,6.23606232543102,7.21718425350216,exceeding,exceeding
k2016,F_up_125,F,up,1.25,1.15149083830699,1.25010656509896,1.17552651005478,M1,G2_Aii,10000,770,7.7,7.1935813653737,8.23890489678554,10000,770,7.7,7.1935813653737,8.23890489678554,exceeding,exceeding
k2016,F_up_125,F,up,1.25,1.15149083830699,1.25010656509896,1.17552651005478,M1,G2_B,10000,589,5.89,5.44526703843671,6.36860929782438,10000,589,5.89,5.44526703843671,6.36860929782438,exceeding,exceeding
k2016,F_up_125,F,up,1.25,1.15149083830699,1.25010656509896,1.17552651005478,M1,G2_Ci,10000,427,4.27,3.89098205319108,4.684138437791,10000,427,4.27,3.89098205319108,4.684138437791,conservative,conservative
k2016,F_up_125,F,up,1.25,1.15149083830699,1.25010656509896,1.17552651005478,M1,G2_Cii,10000,401,4.01,3.64279583231641,4.41252433781842,10000,401,4.01,3.64279583231641,4.41252433781842,conservative,conservative
k2016,F_up_125,F,up,1.25,1.15149083830699,1.25010656509896,1.17552651005478,M1,P2,10000,360,3.6,3.25233119259569,3.9833038562031,10000,360,3.6,3.25233119259569,3.9833038562031,conservative,conservative
k2016,F_up_125,F,up,1.25,1.15149083830699,1.25010656509896,1.17552651005478,M2,AUCinf_true_only,10000,477,4.77,4.36935891355785,5.20537757905355,10000,477,4.77,4.36935891355785,5.20537757905355,nominal,nominal
k2016,F_up_125,F,up,1.25,1.15149083830699,1.25010656509896,1.17552651005478,M2,AUClast_only,10000,369,3.69,3.33794100858006,4.07762492051201,10000,369,3.69,3.33794100858006,4.07762492051201,conservative,conservative
k2016,F_up_125,F,up,1.25,1.15149083830699,1.25010656509896,1.17552651005478,M2,F3A,10000,297,2.97,2.65491315664892,3.32120573009692,10000,297,2.97,2.65491315664892,3.32120573009692,conservative,conservative
k2016,F_up_125,F,up,1.25,1.15149083830699,1.25010656509896,1.17552651005478,M2,F3B,10000,341,3.41,3.07180293534988,3.78397803282977,10000,341,3.41,3.07180293534988,3.78397803282977,conservative,conservative
k2016,F_up_125,F,up,1.25,1.15149083830699,1.25010656509896,1.17552651005478,M2,F3C,10000,349,3.49,3.14778023968503,3.86793928875531,10000,349,3.49,3.14778023968503,3.86793928875531,conservative,conservative
k2016,F_up_125,F,up,1.25,1.15149083830699,1.25010656509896,1.17552651005478,M2,G2_Ai,10000,677,6.77,6.29401248448053,7.27918801464817,10000,677,6.77,6.29401248448053,7.27918801464817,exceeding,exceeding
k2016,F_up_125,F,up,1.25,1.15149083830699,1.25010656509896,1.17552651005478,M2,G2_Aii,10000,780,7.8,7.2904492162259,8.3419602462592,10000,780,7.8,7.2904492162259,8.3419602462592,exceeding,exceeding
k2016,F_up_125,F,up,1.25,1.15149083830699,1.25010656509896,1.17552651005478,M2,G2_B,10000,577,5.77,5.32974130900298,6.24422718686707,10000,577,5.77,5.32974130900298,6.24422718686707,exceeding,exceeding
k2016,F_up_125,F,up,1.25,1.15149083830699,1.25010656509896,1.17552651005478,M2,G2_Ci,10000,421,4.21,3.8336715434277,4.62149502735886,10000,421,4.21,3.8336715434277,4.62149502735886,conservative,conservative
k2016,F_up_125,F,up,1.25,1.15149083830699,1.25010656509896,1.17552651005478,M2,G2_Cii,10000,403,4.03,3.66187206390807,4.43343274629193,10000,403,4.03,3.66187206390807,4.43343274629193,conservative,conservative
k2016,F_up_125,F,up,1.25,1.15149083830699,1.25010656509896,1.17552651005478,M2,P2,10000,358,3.58,3.23331501535284,3.96233539338078,10000,358,3.58,3.23331501535284,3.96233539338078,conservative,conservative
k2016,V2_up_080,V2,up,0.8,3.21003979693093,0.799717812019852,0.962983911224041,M0,AUCinf_true_only,10000,439,4.39,4.00566646353162,4.8093618678415,10000,439,4.39,4.00566646353162,4.8093618678415,conservative,conservative
k2016,V2_up_080,V2,up,0.8,3.21003979693093,0.799717812019852,0.962983911224041,M0,AUClast_only,10000,397,3.97,3.60465114473627,4.37069974526822,10000,397,3.97,3.60465114473627,4.37069974526822,conservative,conservative
k2016,V2_up_080,V2,up,0.8,3.21003979693093,0.799717812019852,0.962983911224041,M0,F3A,10000,196,1.96,1.70618120834513,2.25071335510948,10000,196,1.96,1.70618120834513,2.25071335510948,conservative,conservative
k2016,V2_up_080,V2,up,0.8,3.21003979693093,0.799717812019852,0.962983911224041,M0,F3B,10000,274,2.74,2.43773866715423,3.07855685884212,10000,274,2.74,2.43773866715423,3.07855685884212,conservative,conservative
k2016,V2_up_080,V2,up,0.8,3.21003979693093,0.799717812019852,0.962983911224041,M0,F3C,10000,335,3.35,3.01485414257931,3.72097290540482,10000,335,3.35,3.01485414257931,3.72097290540482,conservative,conservative
k2016,V2_up_080,V2,up,0.8,3.21003979693093,0.799717812019852,0.962983911224041,M0,G2_Ai,10000,363,3.63,3.28086111182889,4.01475089706765,10000,363,3.63,3.28086111182889,4.01475089706765,conservative,conservative
k2016,V2_up_080,V2,up,0.8,3.21003979693093,0.799717812019852,0.962983911224041,M0,G2_Aii,10000,403,4.03,3.66187206390807,4.43343274629193,10000,403,4.03,3.66187206390807,4.43343274629193,conservative,conservative
k2016,V2_up_080,V2,up,0.8,3.21003979693093,0.799717812019852,0.962983911224041,M0,G2_B,10000,347,3.47,3.1287811116642,3.84695377671097,10000,347,3.47,3.1287811116642,3.84695377671097,conservative,conservative
k2016,V2_up_080,V2,up,0.8,3.21003979693093,0.799717812019852,0.962983911224041,M0,G2_Ci,10000,310,3.1,2.77790128565555,3.45811776151391,10000,310,3.1,2.77790128565555,3.45811776151391,conservative,conservative
k2016,V2_up_080,V2,up,0.8,3.21003979693093,0.799717812019852,0.962983911224041,M0,G2_Cii,10000,339,3.39,3.05281670261447,3.76297962550001,10000,339,3.39,3.05281670261447,3.76297962550001,conservative,conservative
k2016,V2_up_080,V2,up,0.8,3.21003979693093,0.799717812019852,0.962983911224041,M0,P2,10000,397,3.97,3.60465114473627,4.37069974526822,10000,397,3.97,3.60465114473627,4.37069974526822,conservative,conservative
k2016,V2_up_080,V2,up,0.8,3.21003979693093,0.799717812019852,0.962983911224041,M1,AUCinf_true_only,10000,496,4.96,4.55148389118455,5.403106682046,10000,496,4.96,4.55148389118455,5.403106682046,nominal,nominal
k2016,V2_up_080,V2,up,0.8,3.21003979693093,0.799717812019852,0.962983911224041,M1,AUClast_only,10000,433,4.33,3.94831383323837,4.74676057793923,10000,433,4.33,3.94831383323837,4.74676057793923,conservative,conservative
k2016,V2_up_080,V2,up,0.8,3.21003979693093,0.799717812019852,0.962983911224041,M1,F3A,10000,236,2.36,2.08026758122455,2.67631978353351,10000,236,2.36,2.08026758122455,2.67631978353351,conservative,conservative
k2016,V2_up_080,V2,up,0.8,3.21003979693093,0.799717812019852,0.962983911224041,M1,F3B,10000,309,3.09,2.76843491466,3.44759181247688,10000,309,3.09,2.76843491466,3.44759181247688,conservative,conservative
k2016,V2_up_080,V2,up,0.8,3.21003979693093,0.799717812019852,0.962983911224041,M1,F3C,10000,369,3.69,3.33794100858006,4.07762492051201,10000,369,3.69,3.33794100858006,4.07762492051201,conservative,conservative
k2016,V2_up_080,V2,up,0.8,3.21003979693093,0.799717812019852,0.962983911224041,M1,G2_Ai,10000,392,3.92,3.55698505848916,4.31840423135239,10000,392,3.92,3.55698505848916,4.31840423135239,conservative,conservative
k2016,V2_up_080,V2,up,0.8,3.21003979693093,0.799717812019852,0.962983911224041,M1,G2_Aii,10000,431,4.31,3.92920090275081,4.72588886836161,10000,431,4.31,3.92920090275081,4.72588886836161,conservative,conservative
k2016,V2_up_080,V2,up,0.8,3.21003979693093,0.799717812019852,0.962983911224041,M1,G2_B,10000,376,3.76,3.40456732471201,4.15094484460816,10000,376,3.76,3.40456732471201,4.15094484460816,conservative,conservative
k2016,V2_up_080,V2,up,0.8,3.21003979693093,0.799717812019852,0.962983911224041,M1,G2_Ci,10000,350,3.5,3.1572809892696,3.87843085920333,10000,350,3.5,3.1572809892696,3.87843085920333,conservative,conservative
k2016,V2_up_080,V2,up,0.8,3.21003979693093,0.799717812019852,0.962983911224041,M1,G2_Cii,10000,371,3.71,3.35697349886415,4.09857707029309,10000,371,3.71,3.35697349886415,4.09857707029309,conservative,conservative
k2016,V2_up_080,V2,up,0.8,3.21003979693093,0.799717812019852,0.962983911224041,M1,P2,10000,433,4.33,3.94831383323837,4.74676057793923,10000,433,4.33,3.94831383323837,4.74676057793923,conservative,conservative
k2016,V2_up_080,V2,up,0.8,3.21003979693093,0.799717812019852,0.962983911224041,M2,AUCinf_true_only,10000,504,5.04,4.62822019715975,5.48630893633149,10000,504,5.04,4.62822019715975,5.48630893633149,nominal,nominal
k2016,V2_up_080,V2,up,0.8,3.21003979693093,0.799717812019852,0.962983911224041,M2,AUClast_only,10000,438,4.38,3.9961062612773,4.79892975006323,10000,438,4.38,3.9961062612773,4.79892975006323,conservative,conservative
k2016,V2_up_080,V2,up,0.8,3.21003979693093,0.799717812019852,0.962983911224041,M2,F3A,10000,237,2.37,2.08965084337319,2.68692884141747,10000,237,2.37,2.08965084337319,2.68692884141747,conservative,conservative
k2016,V2_up_080,V2,up,0.8,3.21003979693093,0.799717812019852,0.962983911224041,M2,F3B,10000,311,3.11,2.78736859331087,3.46864277389118,10000,311,3.11,2.78736859331087,3.46864277389118,conservative,conservative
k2016,V2_up_080,V2,up,0.8,3.21003979693093,0.799717812019852,0.962983911224041,M2,F3C,10000,372,3.72,3.3664908295853,4.10905205960452,10000,372,3.72,3.3664908295853,4.10905205960452,conservative,conservative
k2016,V2_up_080,V2,up,0.8,3.21003979693093,0.799717812019852,0.962983911224041,M2,G2_Ai,10000,376,3.76,3.40456732471201,4.15094484460816,10000,376,3.76,3.40456732471201,4.15094484460816,conservative,conservative
k2016,V2_up_080,V2,up,0.8,3.21003979693093,0.799717812019852,0.962983911224041,M2,G2_Aii,10000,436,4.36,3.97698756779513,4.77806380348023,10000,436,4.36,3.97698756779513,4.77806380348023,conservative,conservative
k2016,V2_up_080,V2,up,0.8,3.21003979693093,0.799717812019852,0.962983911224041,M2,G2_B,10000,379,3.79,3.43313215024983,4.1823569791681,10000,379,3.79,3.43313215024983,4.1823569791681,conservative,conservative
k2016,V2_up_080,V2,up,0.8,3.21003979693093,0.799717812019852,0.962983911224041,M2,G2_Ci,10000,346,3.46,3.11928273979537,3.83645982854721,10000,346,3.46,3.11928273979537,3.83645982854721,conservative,conservative
k2016,V2_up_080,V2,up,0.8,3.21003979693093,0.799717812019852,0.962983911224041,M2,G2_Cii,10000,374,3.74,3.38552764822138,4.12999988103362,10000,374,3.74,3.38552764822138,4.12999988103362,conservative,conservative
k2016,V2_up_080,V2,up,0.8,3.21003979693093,0.799717812019852,0.962983911224041,M2,P2,10000,438,4.38,3.9961062612773,4.79892975006323,10000,438,4.38,3.9961062612773,4.79892975006323,conservative,conservative
k2016,Vmax_down_125,Vmax,down,1.25,0.660178624277622,1.25088393369916,1.0544021629266,M0,AUCinf_true_only,10000,412,4.12,3.7477466161893,4.52748907430398,10000,412,4.12,3.7477466161893,4.52748907430398,conservative,conservative
k2016,Vmax_down_125,Vmax,down,1.25,0.660178624277622,1.25088393369916,1.0544021629266,M0,AUClast_only,10000,267,2.67,2.37175657034417,3.00459271542408,10000,267,2.67,2.37175657034417,3.00459271542408,conservative,conservative
k2016,Vmax_down_125,Vmax,down,1.25,0.660178624277622,1.25088393369916,1.0544021629266,M0,F3A,10000,265,2.65,2.35291491804175,2.98344972766133,10000,265,2.65,2.35291491804175,2.98344972766133,conservative,conservative
k2016,Vmax_down_125,Vmax,down,1.25,0.660178624277622,1.25088393369916,1.0544021629266,M0,F3B,10000,264,2.64,2.34349585263643,2.97287647303405,10000,264,2.64,2.34349585263643,2.97287647303405,conservative,conservative
k2016,Vmax_down_125,Vmax,down,1.25,0.660178624277622,1.25088393369916,1.0544021629266,M0,F3C,10000,264,2.64,2.34349585263643,2.97287647303405,10000,264,2.64,2.34349585263643,2.97287647303405,conservative,conservative
k2016,Vmax_down_125,Vmax,down,1.25,0.660178624277622,1.25088393369916,1.0544021629266,M0,G2_Ai,10000,1269,12.69,12.0518995160374,13.3567544423825,10000,1269,12.69,12.0518995160374,13.3567544423825,exceeding,exceeding
k2016,Vmax_down_125,Vmax,down,1.25,0.660178624277622,1.25088393369916,1.0544021629266,M0,G2_Aii,10000,2458,24.58,23.7459837064685,25.4335387706967,10000,2458,24.58,23.7459837064685,25.4335387706967,exceeding,exceeding
k2016,Vmax_down_125,Vmax,down,1.25,0.660178624277622,1.25088393369916,1.0544021629266,M0,G2_B,10000,637,6.37,5.90789458974844,6.8656131080768,10000,637,6.37,5.90789458974844,6.8656131080768,exceeding,exceeding
k2016,Vmax_down_125,Vmax,down,1.25,0.660178624277622,1.25088393369916,1.0544021629266,M0,G2_Ci,10000,346,3.46,3.11928273979537,3.83645982854721,10000,346,3.46,3.11928273979537,3.83645982854721,conservative,conservative
k2016,Vmax_down_125,Vmax,down,1.25,0.660178624277622,1.25088393369916,1.0544021629266,M0,G2_Cii,10000,337,3.37,3.03383376227813,3.74197792577116,10000,337,3.37,3.03383376227813,3.74197792577116,conservative,conservative
k2016,Vmax_down_125,Vmax,down,1.25,0.660178624277622,1.25088393369916,1.0544021629266,M0,P2,10000,267,2.67,2.37175657034417,3.00459271542408,10000,267,2.67,2.37175657034417,3.00459271542408,conservative,conservative
k2016,Vmax_down_125,Vmax,down,1.25,0.660178624277622,1.25088393369916,1.0544021629266,M1,AUCinf_true_only,10000,453,4.53,4.13956809717817,4.95535271465116,10000,453,4.53,4.13956809717817,4.95535271465116,conservative,conservative
k2016,Vmax_down_125,Vmax,down,1.25,0.660178624277622,1.25088393369916,1.0544021629266,M1,AUClast_only,10000,293,2.93,2.61710405911661,3.27904554749888,10000,293,2.93,2.61710405911661,3.27904554749888,conservative,conservative
k2016,Vmax_down_125,Vmax,down,1.25,0.660178624277622,1.25088393369916,1.0544021629266,M1,F3A,10000,291,2.91,2.5982055888652,3.25795937768512,10000,291,2.91,2.5982055888652,3.25795937768512,conservative,conservative
k2016,Vmax_down_125,Vmax,down,1.25,0.660178624277622,1.25088393369916,1.0544021629266,M1,F3B,10000,291,2.91,2.5982055888652,3.25795937768512,10000,291,2.91,2.5982055888652,3.25795937768512,conservative,conservative
k2016,Vmax_down_125,Vmax,down,1.25,0.660178624277622,1.25088393369916,1.0544021629266,M1,F3C,10000,292,2.92,2.60765431326552,3.26850297331739,10000,292,2.92,2.60765431326552,3.26850297331739,conservative,conservative
k2016,Vmax_down_125,Vmax,down,1.25,0.660178624277622,1.25088393369916,1.0544021629266,M1,G2_Ai,10000,1333,13.33,12.6778711476867,14.0102912928187,10000,1333,13.33,12.6778711476867,14.0102912928187,exceeding,exceeding
k2016,Vmax_down_125,Vmax,down,1.25,0.660178624277622,1.25088393369916,1.0544021629266,M1,G2_Aii,10000,2491,24.91,24.0720740989009,25.7671949393397,10000,2491,24.91,24.0720740989009,25.7671949393397,exceeding,exceeding
k2016,Vmax_down_125,Vmax,down,1.25,0.660178624277622,1.25088393369916,1.0544021629266,M1,G2_B,10000,691,6.91,6.42927245280774,7.42382052677717,10000,691,6.91,6.42927245280774,7.42382052677717,exceeding,exceeding
k2016,Vmax_down_125,Vmax,down,1.25,0.660178624277622,1.25088393369916,1.0544021629266,M1,G2_Ci,10000,394,3.94,3.57604950653398,4.33932442337274,10000,394,3.94,3.57604950653398,4.33932442337274,conservative,conservative
k2016,Vmax_down_125,Vmax,down,1.25,0.660178624277622,1.25088393369916,1.0544021629266,M1,G2_Cii,10000,379,3.79,3.43313215024983,4.1823569791681,10000,379,3.79,3.43313215024983,4.1823569791681,conservative,conservative
k2016,Vmax_down_125,Vmax,down,1.25,0.660178624277622,1.25088393369916,1.0544021629266,M1,P2,10000,293,2.93,2.61710405911661,3.27904554749888,10000,293,2.93,2.61710405911661,3.27904554749888,conservative,conservative
k2016,Vmax_down_125,Vmax,down,1.25,0.660178624277622,1.25088393369916,1.0544021629266,M2,AUCinf_true_only,10000,465,4.65,4.25442583190177,5.0804028203186,10000,465,4.65,4.25442583190177,5.0804028203186,nominal,nominal
k2016,Vmax_down_125,Vmax,down,1.25,0.660178624277622,1.25088393369916,1.0544021629266,M2,AUClast_only,10000,283,2.83,2.52265318643196,3.17357321985767,10000,283,2.83,2.52265318643196,3.17357321985767,conservative,conservative
k2016,Vmax_down_125,Vmax,down,1.25,0.660178624277622,1.25088393369916,1.0544021629266,M2,F3A,10000,280,2.8,2.49433852488692,3.14191092130495,10000,280,2.8,2.49433852488692,3.14191092130495,conservative,conservative
k2016,Vmax_down_125,Vmax,down,1.25,0.660178624277622,1.25088393369916,1.0544021629266,M2,F3B,10000,280,2.8,2.49433852488692,3.14191092130495,10000,280,2.8,2.49433852488692,3.14191092130495,conservative,conservative
k2016,Vmax_down_125,Vmax,down,1.25,0.660178624277622,1.25088393369916,1.0544021629266,M2,F3C,10000,283,2.83,2.52265318643196,3.17357321985767,10000,283,2.83,2.52265318643196,3.17357321985767,conservative,conservative
k2016,Vmax_down_125,Vmax,down,1.25,0.660178624277622,1.25088393369916,1.0544021629266,M2,G2_Ai,10000,1294,12.94,12.2963568709489,13.6121050882856,10000,1294,12.94,12.2963568709489,13.6121050882856,exceeding,exceeding
k2016,Vmax_down_125,Vmax,down,1.25,0.660178624277622,1.25088393369916,1.0544021629266,M2,G2_Aii,10000,2468,24.68,23.8447919639114,25.5346537135796,10000,2468,24.68,23.8447919639114,25.5346537135796,exceeding,exceeding
k2016,Vmax_down_125,Vmax,down,1.25,0.660178624277622,1.25088393369916,1.0544021629266,M2,G2_B,10000,668,6.68,6.20709145117388,7.18617816766154,10000,668,6.68,6.20709145117388,7.18617816766154,exceeding,exceeding
k2016,Vmax_down_125,Vmax,down,1.25,0.660178624277622,1.25088393369916,1.0544021629266,M2,G2_Ci,10000,405,4.05,3.68095086278926,4.45433858747592,10000,405,4.05,3.68095086278926,4.45433858747592,conservative,conservative
k2016,Vmax_down_125,Vmax,down,1.25,0.660178624277622,1.25088393369916,1.0544021629266,M2,G2_Cii,10000,382,3.82,3.46170328443217,4.21376280508352,10000,382,3.82,3.46170328443217,4.21376280508352,conservative,conservative
k2016,Vmax_down_125,Vmax,down,1.25,0.660178624277622,1.25088393369916,1.0544021629266,M2,P2,10000,283,2.83,2.52265318643196,3.17357321985767,10000,283,2.83,2.52265318643196,3.17357321985767,conservative,conservative
k2016,Vmax_up_080,Vmax,up,0.8,1.39486202241965,0.799417254503779,0.93845337546823,M0,AUCinf_true_only,10000,464,4.64,4.24485143793626,5.06998489425152,10000,464,4.64,4.24485143793626,5.06998489425152,nominal,nominal
k2016,Vmax_up_080,Vmax,up,0.8,1.39486202241965,0.799417254503779,0.93845337546823,M0,AUClast_only,10000,225,2.25,1.97714552453257,2.55952631986704,10000,225,2.25,1.97714552453257,2.55952631986704,conservative,conservative
k2016,Vmax_up_080,Vmax,up,0.8,1.39486202241965,0.799417254503779,0.93845337546823,M0,F3A,10000,207,2.07,1.80879636235755,2.36801372145551,10000,207,2.07,1.80879636235755,2.36801372145551,conservative,conservative
k2016,Vmax_up_080,Vmax,up,0.8,1.39486202241965,0.799417254503779,0.93845337546823,M0,F3B,10000,225,2.25,1.97714552453257,2.55952631986704,10000,225,2.25,1.97714552453257,2.55952631986704,conservative,conservative
k2016,Vmax_up_080,Vmax,up,0.8,1.39486202241965,0.799417254503779,0.93845337546823,M0,F3C,10000,206,2.06,1.79945903728368,2.3573587264968,10000,206,2.06,1.79945903728368,2.3573587264968,conservative,conservative
k2016,Vmax_up_080,Vmax,up,0.8,1.39486202241965,0.799417254503779,0.93845337546823,M0,G2_Ai,10000,1991,19.91,19.138959981081,20.7041490408663,10000,1991,19.91,19.138959981081,20.7041490408663,exceeding,exceeding
k2016,Vmax_up_080,Vmax,up,0.8,1.39486202241965,0.799417254503779,0.93845337546823,M0,G2_Aii,10000,2246,22.46,21.6527345082812,23.2884161219756,10000,2246,22.46,21.6527345082812,23.2884161219756,exceeding,exceeding
k2016,Vmax_up_080,Vmax,up,0.8,1.39486202241965,0.799417254503779,0.93845337546823,M0,G2_B,10000,1506,15.06,14.3724252150584,15.7744085910845,10000,1506,15.06,14.3724252150584,15.7744085910845,exceeding,exceeding
k2016,Vmax_up_080,Vmax,up,0.8,1.39486202241965,0.799417254503779,0.93845337546823,M0,G2_Ci,10000,305,3.05,2.73057888562466,3.40547856138188,10000,305,3.05,2.73057888562466,3.40547856138188,conservative,conservative
k2016,Vmax_up_080,Vmax,up,0.8,1.39486202241965,0.799417254503779,0.93845337546823,M0,G2_Cii,10000,227,2.27,1.9958819233931,2.58077456107169,10000,227,2.27,1.9958819233931,2.58077456107169,conservative,conservative
k2016,Vmax_up_080,Vmax,up,0.8,1.39486202241965,0.799417254503779,0.93845337546823,M0,P2,10000,225,2.25,1.97714552453257,2.55952631986704,10000,225,2.25,1.97714552453257,2.55952631986704,conservative,conservative
k2016,Vmax_up_080,Vmax,up,0.8,1.39486202241965,0.799417254503779,0.93845337546823,M1,AUCinf_true_only,10000,506,5.06,4.64740896597344,5.50710480758297,10000,506,5.06,4.64740896597344,5.50710480758297,nominal,nominal
k2016,Vmax_up_080,Vmax,up,0.8,1.39486202241965,0.799417254503779,0.93845337546823,M1,AUClast_only,10000,254,2.54,2.24937133385934,2.86707779148528,10000,254,2.54,2.24937133385934,2.86707779148528,conservative,conservative
k2016,Vmax_up_080,Vmax,up,0.8,1.39486202241965,0.799417254503779,0.93845337546823,M1,F3A,10000,237,2.37,2.08965084337319,2.68692884141747,10000,237,2.37,2.08965084337319,2.68692884141747,conservative,conservative
k2016,Vmax_up_080,Vmax,up,0.8,1.39486202241965,0.799417254503779,0.93845337546823,M1,F3B,10000,254,2.54,2.24937133385934,2.86707779148528,10000,254,2.54,2.24937133385934,2.86707779148528,conservative,conservative
k2016,Vmax_up_080,Vmax,up,0.8,1.39486202241965,0.799417254503779,0.93845337546823,M1,F3C,10000,237,2.37,2.08965084337319,2.68692884141747,10000,237,2.37,2.08965084337319,2.68692884141747,conservative,conservative
k2016,Vmax_up_080,Vmax,up,0.8,1.39486202241965,0.799417254503779,0.93845337546823,M1,G2_Ai,10000,2027,20.27,19.4935580962123,21.0692744469082,10000,2027,20.27,19.4935580962123,21.0692744469082,exceeding,exceeding
k2016,Vmax_up_080,Vmax,up,0.8,1.39486202241965,0.799417254503779,0.93845337546823,M1,G2_Aii,10000,2252,22.52,21.711937131225,23.3491674192274,10000,2252,22.52,21.711937131225,23.3491674192274,exceeding,exceeding
k2016,Vmax_up_080,Vmax,up,0.8,1.39486202241965,0.799417254503779,0.93845337546823,M1,G2_B,10000,1603,16.03,15.3239846369558,16.7621042123479,10000,1603,16.03,15.3239846369558,16.7621042123479,exceeding,exceeding
k2016,Vmax_up_080,Vmax,up,0.8,1.39486202241965,0.799417254503779,0.93845337546823,M1,G2_Ci,10000,340,3.4,3.06230940918108,3.77347923896598,10000,340,3.4,3.06230940918108,3.77347923896598,conservative,conservative
k2016,Vmax_up_080,Vmax,up,0.8,1.39486202241965,0.799417254503779,0.93845337546823,M1,G2_Cii,10000,268,2.68,2.38117914445839,3.01516246134244,10000,268,2.68,2.38117914445839,3.01516246134244,conservative,conservative
k2016,Vmax_up_080,Vmax,up,0.8,1.39486202241965,0.799417254503779,0.93845337546823,M1,P2,10000,254,2.54,2.24937133385934,2.86707779148528,10000,254,2.54,2.24937133385934,2.86707779148528,conservative,conservative
k2016,Vmax_up_080,Vmax,up,0.8,1.39486202241965,0.799417254503779,0.93845337546823,M2,AUCinf_true_only,10000,507,5.07,4.65700404698355,5.51750204660545,10000,507,5.07,4.65700404698355,5.51750204660545,nominal,nominal
k2016,Vmax_up_080,Vmax,up,0.8,1.39486202241965,0.799417254503779,0.93845337546823,M2,AUClast_only,10000,261,2.61,2.31524577736878,2.94114958820395,10000,261,2.61,2.31524577736878,2.94114958820395,conservative,conservative
k2016,Vmax_up_080,Vmax,up,0.8,1.39486202241965,0.799417254503779,0.93845337546823,M2,F3A,10000,243,2.43,2.14597917759136,2.75055442739481,10000,243,2.43,2.14597917759136,2.75055442739481,conservative,conservative
k2016,Vmax_up_080,Vmax,up,0.8,1.39486202241965,0.799417254503779,0.93845337546823,M2,F3B,10000,260,2.6,2.30583148127875,2.93057156426139,10000,260,2.6,2.30583148127875,2.93057156426139,conservative,conservative
k2016,Vmax_up_080,Vmax,up,0.8,1.39486202241965,0.799417254503779,0.93845337546823,M2,F3C,10000,247,2.47,2.18355819180774,2.79294469330877,10000,247,2.47,2.18355819180774,2.79294469330877,conservative,conservative
k2016,Vmax_up_080,Vmax,up,0.8,1.39486202241965,0.799417254503779,0.93845337546823,M2,G2_Ai,10000,2049,20.49,19.7103051446559,21.2923584391814,10000,2049,20.49,19.7103051446559,21.2923584391814,exceeding,exceeding
k2016,Vmax_up_080,Vmax,up,0.8,1.39486202241965,0.799417254503779,0.93845337546823,M2,G2_Aii,10000,2258,22.58,21.771142172389,23.4099162982589,10000,2258,22.58,21.771142172389,23.4099162982589,exceeding,exceeding
k2016,Vmax_up_080,Vmax,up,0.8,1.39486202241965,0.799417254503779,0.93845337546823,M2,G2_B,10000,1631,16.31,15.5988381845502,17.047035625666,10000,1631,16.31,15.5988381845502,17.047035625666,exceeding,exceeding
k2016,Vmax_up_080,Vmax,up,0.8,1.39486202241965,0.799417254503779,0.93845337546823,M2,G2_Ci,10000,350,3.5,3.1572809892696,3.87843085920333,10000,350,3.5,3.1572809892696,3.87843085920333,conservative,conservative
k2016,Vmax_up_080,Vmax,up,0.8,1.39486202241965,0.799417254503779,0.93845337546823,M2,G2_Cii,10000,279,2.79,2.48490246806113,3.13135465809816,10000,279,2.79,2.48490246806113,3.13135465809816,conservative,conservative
k2016,Vmax_up_080,Vmax,up,0.8,1.39486202241965,0.799417254503779,0.93845337546823,M2,P2,10000,261,2.61,2.31524577736878,2.94114958820395,10000,261,2.61,2.31524577736878,2.94114958820395,conservative,conservative
k2016,ka_down_080,ka,down,0.8,0.440433361793372,0.799297411482507,0.631952944916229,M0,AUCinf_true_only,10000,511,5.11,4.69538898487127,5.55908638884807,10000,511,5.11,4.69538898487127,5.55908638884807,nominal,nominal
k2016,ka_down_080,ka,down,0.8,0.440433361793372,0.799297411482507,0.631952944916229,M0,AUClast_only,10000,474,4.74,4.34061872899106,5.17414080352259,10000,474,4.74,4.34061872899106,5.17414080352259,nominal,nominal
k2016,ka_down_080,ka,down,0.8,0.440433361793372,0.799297411482507,0.631952944916229,M0,F3A,10000,0,0,0,0.0383998370676596,10000,0,0,0,0.0383998370676596,conservative,conservative
k2016,ka_down_080,ka,down,0.8,0.440433361793372,0.799297411482507,0.631952944916229,M0,F3B,10000,0,0,0,0.0383998370676596,10000,0,0,0,0.0383998370676596,conservative,conservative
k2016,ka_down_080,ka,down,0.8,0.440433361793372,0.799297411482507,0.631952944916229,M0,F3C,10000,0,0,0,0.0383998370676596,10000,0,0,0,0.0383998370676596,conservative,conservative
k2016,ka_down_080,ka,down,0.8,0.440433361793372,0.799297411482507,0.631952944916229,M0,G2_Ai,10000,0,0,0,0.0383998370676596,10000,0,0,0,0.0383998370676596,conservative,conservative
k2016,ka_down_080,ka,down,0.8,0.440433361793372,0.799297411482507,0.631952944916229,M0,G2_Aii,10000,0,0,0,0.0383998370676596,10000,0,0,0,0.0383998370676596,conservative,conservative
k2016,ka_down_080,ka,down,0.8,0.440433361793372,0.799297411482507,0.631952944916229,M0,G2_B,10000,0,0,0,0.0383998370676596,10000,0,0,0,0.0383998370676596,conservative,conservative
k2016,ka_down_080,ka,down,0.8,0.440433361793372,0.799297411482507,0.631952944916229,M0,G2_Ci,10000,0,0,0,0.0383998370676596,10000,0,0,0,0.0383998370676596,conservative,conservative
k2016,ka_down_080,ka,down,0.8,0.440433361793372,0.799297411482507,0.631952944916229,M0,G2_Cii,10000,0,0,0,0.0383998370676596,10000,0,0,0,0.0383998370676596,conservative,conservative
k2016,ka_down_080,ka,down,0.8,0.440433361793372,0.799297411482507,0.631952944916229,M0,P2,10000,0,0,0,0.0383998370676596,10000,0,0,0,0.0383998370676596,conservative,conservative
k2016,ka_down_080,ka,down,0.8,0.440433361793372,0.799297411482507,0.631952944916229,M1,AUCinf_true_only,10000,560,5.6,5.16617528236581,6.06792377295027,10000,560,5.6,5.16617528236581,6.06792377295027,exceeding,exceeding
k2016,ka_down_080,ka,down,0.8,0.440433361793372,0.799297411482507,0.631952944916229,M1,AUClast_only,10000,513,5.13,4.71458420421605,5.57987580956847,10000,513,5.13,4.71458420421605,5.57987580956847,nominal,nominal
k2016,ka_down_080,ka,down,0.8,0.440433361793372,0.799297411482507,0.631952944916229,M1,F3A,10000,0,0,0,0.0383998370676596,10000,0,0,0,0.0383998370676596,conservative,conservative
k2016,ka_down_080,ka,down,0.8,0.440433361793372,0.799297411482507,0.631952944916229,M1,F3B,10000,0,0,0,0.0383998370676596,10000,0,0,0,0.0383998370676596,conservative,conservative
k2016,ka_down_080,ka,down,0.8,0.440433361793372,0.799297411482507,0.631952944916229,M1,F3C,10000,0,0,0,0.0383998370676596,10000,0,0,0,0.0383998370676596,conservative,conservative
k2016,ka_down_080,ka,down,0.8,0.440433361793372,0.799297411482507,0.631952944916229,M1,G2_Ai,10000,0,0,0,0.0383998370676596,10000,0,0,0,0.0383998370676596,conservative,conservative
k2016,ka_down_080,ka,down,0.8,0.440433361793372,0.799297411482507,0.631952944916229,M1,G2_Aii,10000,0,0,0,0.0383998370676596,10000,0,0,0,0.0383998370676596,conservative,conservative
k2016,ka_down_080,ka,down,0.8,0.440433361793372,0.799297411482507,0.631952944916229,M1,G2_B,10000,0,0,0,0.0383998370676596,10000,0,0,0,0.0383998370676596,conservative,conservative
k2016,ka_down_080,ka,down,0.8,0.440433361793372,0.799297411482507,0.631952944916229,M1,G2_Ci,10000,0,0,0,0.0383998370676596,10000,0,0,0,0.0383998370676596,conservative,conservative
k2016,ka_down_080,ka,down,0.8,0.440433361793372,0.799297411482507,0.631952944916229,M1,G2_Cii,10000,0,0,0,0.0383998370676596,10000,0,0,0,0.0383998370676596,conservative,conservative
k2016,ka_down_080,ka,down,0.8,0.440433361793372,0.799297411482507,0.631952944916229,M1,P2,10000,0,0,0,0.0383998370676596,10000,0,0,0,0.0383998370676596,conservative,conservative
k2016,ka_down_080,ka,down,0.8,0.440433361793372,0.799297411482507,0.631952944916229,M2,AUCinf_true_only,10000,553,5.53,5.09885806018978,5.9952947548982,10000,553,5.53,5.09885806018978,5.9952947548982,exceeding,exceeding
k2016,ka_down_080,ka,down,0.8,0.440433361793372,0.799297411482507,0.631952944916229,M2,AUClast_only,10000,529,5.29,4.86821065461332,5.74612647969259,10000,529,5.29,4.86821065461332,5.74612647969259,nominal,nominal
k2016,ka_down_080,ka,down,0.8,0.440433361793372,0.799297411482507,0.631952944916229,M2,F3A,10000,0,0,0,0.0383998370676596,10000,0,0,0,0.0383998370676596,conservative,conservative
k2016,ka_down_080,ka,down,0.8,0.440433361793372,0.799297411482507,0.631952944916229,M2,F3B,10000,0,0,0,0.0383998370676596,10000,0,0,0,0.0383998370676596,conservative,conservative
k2016,ka_down_080,ka,down,0.8,0.440433361793372,0.799297411482507,0.631952944916229,M2,F3C,10000,0,0,0,0.0383998370676596,10000,0,0,0,0.0383998370676596,conservative,conservative
k2016,ka_down_080,ka,down,0.8,0.440433361793372,0.799297411482507,0.631952944916229,M2,G2_Ai,10000,0,0,0,0.0383998370676596,10000,0,0,0,0.0383998370676596,conservative,conservative
k2016,ka_down_080,ka,down,0.8,0.440433361793372,0.799297411482507,0.631952944916229,M2,G2_Aii,10000,0,0,0,0.0383998370676596,10000,0,0,0,0.0383998370676596,conservative,conservative
k2016,ka_down_080,ka,down,0.8,0.440433361793372,0.799297411482507,0.631952944916229,M2,G2_B,10000,0,0,0,0.0383998370676596,10000,0,0,0,0.0383998370676596,conservative,conservative
k2016,ka_down_080,ka,down,0.8,0.440433361793372,0.799297411482507,0.631952944916229,M2,G2_Ci,10000,0,0,0,0.0383998370676596,10000,0,0,0,0.0383998370676596,conservative,conservative
k2016,ka_down_080,ka,down,0.8,0.440433361793372,0.799297411482507,0.631952944916229,M2,G2_Cii,10000,0,0,0,0.0383998370676596,10000,0,0,0,0.0383998370676596,conservative,conservative
k2016,ka_down_080,ka,down,0.8,0.440433361793372,0.799297411482507,0.631952944916229,M2,P2,10000,0,0,0,0.0383998370676596,10000,0,0,0,0.0383998370676596,conservative,conservative
k2016,ke_down_125,ke,down,1.25,0.632567348266282,1.24933521039854,1.06710162104024,M0,AUCinf_true_only,10000,455,4.55,4.15870570145422,4.97619975044028,10000,455,4.55,4.15870570145422,4.97619975044028,conservative,conservative
k2016,ke_down_125,ke,down,1.25,0.632567348266282,1.24933521039854,1.06710162104024,M0,AUClast_only,10000,337,3.37,3.03383376227813,3.74197792577116,10000,337,3.37,3.03383376227813,3.74197792577116,conservative,conservative
k2016,ke_down_125,ke,down,1.25,0.632567348266282,1.24933521039854,1.06710162104024,M0,F3A,10000,224,2.24,1.96777955898322,2.54889996538381,10000,224,2.24,1.96777955898322,2.54889996538381,conservative,conservative
k2016,ke_down_125,ke,down,1.25,0.632567348266282,1.24933521039854,1.06710162104024,M0,F3B,10000,294,2.94,2.62655482136773,3.28958710528035,10000,294,2.94,2.62655482136773,3.28958710528035,conservative,conservative
k2016,ke_down_125,ke,down,1.25,0.632567348266282,1.24933521039854,1.06710162104024,M0,F3C,10000,323,3.23,2.90104779296325,3.59487141462984,10000,323,3.23,2.90104779296325,3.59487141462984,conservative,conservative
k2016,ke_down_125,ke,down,1.25,0.632567348266282,1.24933521039854,1.06710162104024,M0,G2_Ai,10000,493,4.93,4.52271561459742,5.37189799853536,10000,493,4.93,4.52271561459742,5.37189799853536,nominal,nominal
k2016,ke_down_125,ke,down,1.25,0.632567348266282,1.24933521039854,1.06710162104024,M0,G2_Aii,10000,695,6.95,6.46792901937774,7.46513324033752,10000,695,6.95,6.46792901937774,7.46513324033752,exceeding,exceeding
k2016,ke_down_125,ke,down,1.25,0.632567348266282,1.24933521039854,1.06710162104024,M0,G2_B,10000,409,4.09,3.71911609003269,4.49614264036283,10000,409,4.09,3.71911609003269,4.49614264036283,conservative,conservative
k2016,ke_down_125,ke,down,1.25,0.632567348266282,1.24933521039854,1.06710162104024,M0,G2_Ci,10000,352,3.52,3.17628484334244,3.89941164519566,10000,352,3.52,3.17628484334244,3.89941164519566,conservative,conservative
k2016,ke_down_125,ke,down,1.25,0.632567348266282,1.24933521039854,1.06710162104024,M0,G2_Cii,10000,363,3.63,3.28086111182889,4.01475089706765,10000,363,3.63,3.28086111182889,4.01475089706765,conservative,conservative
k2016,ke_down_125,ke,down,1.25,0.632567348266282,1.24933521039854,1.06710162104024,M0,P2,10000,337,3.37,3.03383376227813,3.74197792577116,10000,337,3.37,3.03383376227813,3.74197792577116,conservative,conservative
k2016,ke_down_125,ke,down,1.25,0.632567348266282,1.24933521039854,1.06710162104024,M1,AUCinf_true_only,10000,500,5,4.58984826905848,5.44471158430242,10000,500,5,4.58984826905848,5.44471158430242,nominal,nominal
k2016,ke_down_125,ke,down,1.25,0.632567348266282,1.24933521039854,1.06710162104024,M1,AUClast_only,10000,379,3.79,3.43313215024983,4.1823569791681,10000,379,3.79,3.43313215024983,4.1823569791681,conservative,conservative
k2016,ke_down_125,ke,down,1.25,0.632567348266282,1.24933521039854,1.06710162104024,M1,F3A,10000,258,2.58,2.28700652288989,2.90941188258508,10000,258,2.58,2.28700652288989,2.90941188258508,conservative,conservative
k2016,ke_down_125,ke,down,1.25,0.632567348266282,1.24933521039854,1.06710162104024,M1,F3B,10000,323,3.23,2.90104779296325,3.59487141462984,10000,323,3.23,2.90104779296325,3.59487141462984,conservative,conservative
k2016,ke_down_125,ke,down,1.25,0.632567348266282,1.24933521039854,1.06710162104024,M1,F3C,10000,362,3.62,3.2713503889735,4.00426929989046,10000,362,3.62,3.2713503889735,4.00426929989046,conservative,conservative
k2016,ke_down_125,ke,down,1.25,0.632567348266282,1.24933521039854,1.06710162104024,M1,G2_Ai,10000,524,5.24,4.82019017908186,5.69418535506111,10000,524,5.24,4.82019017908186,5.69418535506111,nominal,nominal
k2016,ke_down_125,ke,down,1.25,0.632567348266282,1.24933521039854,1.06710162104024,M1,G2_Aii,10000,727,7.27,6.77734968923221,7.79546681152581,10000,727,7.27,6.77734968923221,7.79546681152581,exceeding,exceeding
k2016,ke_down_125,ke,down,1.25,0.632567348266282,1.24933521039854,1.06710162104024,M1,G2_B,10000,450,4.5,4.11086576753597,4.92407808419559,10000,450,4.5,4.11086576753597,4.92407808419559,conservative,conservative
k2016,ke_down_125,ke,down,1.25,0.632567348266282,1.24933521039854,1.06710162104024,M1,G2_Ci,10000,395,3.95,3.58558272619014,4.34978352374917,10000,395,3.95,3.58558272619014,4.34978352374917,conservative,conservative
k2016,ke_down_125,ke,down,1.25,0.632567348266282,1.24933521039854,1.06710162104024,M1,G2_Cii,10000,409,4.09,3.71911609003269,4.49614264036283,10000,409,4.09,3.71911609003269,4.49614264036283,conservative,conservative
k2016,ke_down_125,ke,down,1.25,0.632567348266282,1.24933521039854,1.06710162104024,M1,P2,10000,379,3.79,3.43313215024983,4.1823569791681,10000,379,3.79,3.43313215024983,4.1823569791681,conservative,conservative
k2016,ke_down_125,ke,down,1.25,0.632567348266282,1.24933521039854,1.06710162104024,M2,AUCinf_true_only,10000,475,4.75,4.3501982834795,5.18455356906673,10000,475,4.75,4.3501982834795,5.18455356906673,nominal,nominal
k2016,ke_down_125,ke,down,1.25,0.632567348266282,1.24933521039854,1.06710162104024,M2,AUClast_only,10000,385,3.85,3.49028065618939,4.24516239342406,10000,385,3.85,3.49028065618939,4.24516239342406,conservative,conservative
k2016,ke_down_125,ke,down,1.25,0.632567348266282,1.24933521039854,1.06710162104024,M2,F3A,10000,263,2.63,2.33407796968369,2.96230203595421,10000,263,2.63,2.33407796968369,2.96230203595421,conservative,conservative
k2016,ke_down_125,ke,down,1.25,0.632567348266282,1.24933521039854,1.06710162104024,M2,F3B,10000,338,3.38,3.04332481914122,3.75247918894067,10000,338,3.38,3.04332481914122,3.75247918894067,conservative,conservative
k2016,ke_down_125,ke,down,1.25,0.632567348266282,1.24933521039854,1.06710162104024,M2,F3C,10000,371,3.71,3.35697349886415,4.09857707029309,10000,371,3.71,3.35697349886415,4.09857707029309,conservative,conservative
k2016,ke_down_125,ke,down,1.25,0.632567348266282,1.24933521039854,1.06710162104024,M2,G2_Ai,10000,526,5.26,4.83939705288705,5.71496312132109,10000,526,5.26,4.83939705288705,5.71496312132109,nominal,nominal
k2016,ke_down_125,ke,down,1.25,0.632567348266282,1.24933521039854,1.06710162104024,M2,G2_Aii,10000,733,7.33,6.83539844864231,7.85737197231123,10000,733,7.33,6.83539844864231,7.85737197231123,exceeding,exceeding
k2016,ke_down_125,ke,down,1.25,0.632567348266282,1.24933521039854,1.06710162104024,M2,G2_B,10000,462,4.62,4.22570422586087,5.04914746626174,10000,462,4.62,4.22570422586087,5.04914746626174,nominal,nominal
k2016,ke_down_125,ke,down,1.25,0.632567348266282,1.24933521039854,1.06710162104024,M2,G2_Ci,10000,394,3.94,3.57604950653398,4.33932442337274,10000,394,3.94,3.57604950653398,4.33932442337274,conservative,conservative
k2016,ke_down_125,ke,down,1.25,0.632567348266282,1.24933521039854,1.06710162104024,M2,G2_Cii,10000,419,4.19,3.81457284163053,4.60060908909086,10000,419,4.19,3.81457284163053,4.60060908909086,conservative,conservative
k2016,ke_down_125,ke,down,1.25,0.632567348266282,1.24933521039854,1.06710162104024,M2,P2,10000,385,3.85,3.49028065618939,4.24516239342406,10000,385,3.85,3.49028065618939,4.24516239342406,conservative,conservative
k2016,ke_up_080,ke,up,0.8,1.47110350143772,0.800334236753497,0.929468091140586,M0,AUCinf_true_only,10000,462,4.62,4.22570422586087,5.04914746626174,10000,462,4.62,4.22570422586087,5.04914746626174,nominal,nominal
k2016,ke_up_080,ke,up,0.8,1.47110350143772,0.800334236753497,0.929468091140586,M0,AUClast_only,10000,367,3.67,3.31891143201197,4.05666985701492,10000,367,3.67,3.31891143201197,4.05666985701492,conservative,conservative
k2016,ke_up_080,ke,up,0.8,1.47110350143772,0.800334236753497,0.929468091140586,M0,F3A,10000,229,2.29,2.01462421562277,2.60201690890719,10000,229,2.29,2.01462421562277,2.60201690890719,conservative,conservative
k2016,ke_up_080,ke,up,0.8,1.47110350143772,0.800334236753497,0.929468091140586,M0,F3B,10000,326,3.26,2.92948772531078,3.62640844238006,10000,326,3.26,2.92948772531078,3.62640844238006,conservative,conservative
k2016,ke_up_080,ke,up,0.8,1.47110350143772,0.800334236753497,0.929468091140586,M0,F3C,10000,347,3.47,3.1287811116642,3.84695377671097,10000,347,3.47,3.1287811116642,3.84695377671097,conservative,conservative
k2016,ke_up_080,ke,up,0.8,1.47110350143772,0.800334236753497,0.929468091140586,M0,G2_Ai,10000,486,4.86,4.45560655083166,5.29906082207302,10000,486,4.86,4.45560655083166,5.29906082207302,nominal,nominal
k2016,ke_up_080,ke,up,0.8,1.47110350143772,0.800334236753497,0.929468091140586,M0,G2_Aii,10000,571,5.71,5.27199916019718,6.18201541547736,10000,571,5.71,5.27199916019718,6.18201541547736,exceeding,exceeding
k2016,ke_up_080,ke,up,0.8,1.47110350143772,0.800334236753497,0.929468091140586,M0,G2_B,10000,493,4.93,4.52271561459742,5.37189799853536,10000,493,4.93,4.52271561459742,5.37189799853536,nominal,nominal
k2016,ke_up_080,ke,up,0.8,1.47110350143772,0.800334236753497,0.929468091140586,M0,G2_Ci,10000,391,3.91,3.54745383495958,4.30794313484939,10000,391,3.91,3.54745383495958,4.30794313484939,conservative,conservative
k2016,ke_up_080,ke,up,0.8,1.47110350143772,0.800334236753497,0.929468091140586,M0,G2_Cii,10000,385,3.85,3.49028065618939,4.24516239342406,10000,385,3.85,3.49028065618939,4.24516239342406,conservative,conservative
k2016,ke_up_080,ke,up,0.8,1.47110350143772,0.800334236753497,0.929468091140586,M0,P2,10000,367,3.67,3.31891143201197,4.05666985701492,10000,367,3.67,3.31891143201197,4.05666985701492,conservative,conservative
k2016,ke_up_080,ke,up,0.8,1.47110350143772,0.800334236753497,0.929468091140586,M1,AUCinf_true_only,10000,507,5.07,4.65700404698355,5.51750204660545,10000,507,5.07,4.65700404698355,5.51750204660545,nominal,nominal
k2016,ke_up_080,ke,up,0.8,1.47110350143772,0.800334236753497,0.929468091140586,M1,AUClast_only,10000,406,4.06,3.69049121928224,4.46479055101552,10000,406,4.06,3.69049121928224,4.46479055101552,conservative,conservative
k2016,ke_up_080,ke,up,0.8,1.47110350143772,0.800334236753497,0.929468091140586,M1,F3A,10000,273,2.73,2.42830924426636,3.0679939616974,10000,273,2.73,2.42830924426636,3.0679939616974,conservative,conservative
k2016,ke_up_080,ke,up,0.8,1.47110350143772,0.800334236753497,0.929468091140586,M1,F3B,10000,361,3.61,3.2618404148997,3.99378695393167,10000,361,3.61,3.2618404148997,3.99378695393167,conservative,conservative
k2016,ke_up_080,ke,up,0.8,1.47110350143772,0.800334236753497,0.929468091140586,M1,F3C,10000,383,3.83,3.47122838542385,4.22423002412443,10000,383,3.83,3.47122838542385,4.22423002412443,conservative,conservative
k2016,ke_up_080,ke,up,0.8,1.47110350143772,0.800334236753497,0.929468091140586,M1,G2_Ai,10000,523,5.23,4.81058740393328,5.6837958101771,10000,523,5.23,4.81058740393328,5.6837958101771,nominal,nominal
k2016,ke_up_080,ke,up,0.8,1.47110350143772,0.800334236753497,0.929468091140586,M1,G2_Aii,10000,622,6.22,5.76323639780185,6.71038649953459,10000,622,6.22,5.76323639780185,6.71038649953459,exceeding,exceeding
k2016,ke_up_080,ke,up,0.8,1.47110350143772,0.800334236753497,0.929468091140586,M1,G2_B,10000,527,5.27,4.84900114917122,5.72535134506951,10000,527,5.27,4.84900114917122,5.72535134506951,nominal,nominal
k2016,ke_up_080,ke,up,0.8,1.47110350143772,0.800334236753497,0.929468091140586,M1,G2_Ci,10000,429,4.29,3.91009030421703,4.70501482683022,10000,429,4.29,3.91009030421703,4.70501482683022,conservative,conservative
k2016,ke_up_080,ke,up,0.8,1.47110350143772,0.800334236753497,0.929468091140586,M1,G2_Cii,10000,419,4.19,3.81457284163053,4.60060908909086,10000,419,4.19,3.81457284163053,4.60060908909086,conservative,conservative
k2016,ke_up_080,ke,up,0.8,1.47110350143772,0.800334236753497,0.929468091140586,M1,P2,10000,406,4.06,3.69049121928224,4.46479055101552,10000,406,4.06,3.69049121928224,4.46479055101552,conservative,conservative
k2016,ke_up_080,ke,up,0.8,1.47110350143772,0.800334236753497,0.929468091140586,M2,AUCinf_true_only,10000,521,5.21,4.7913831831174,5.66301539092781,10000,521,5.21,4.7913831831174,5.66301539092781,nominal,nominal
k2016,ke_up_080,ke,up,0.8,1.47110350143772,0.800334236753497,0.929468091140586,M2,AUClast_only,10000,402,4.02,3.65233362605783,4.42297886410959,10000,402,4.02,3.65233362605783,4.42297886410959,conservative,conservative
k2016,ke_up_080,ke,up,0.8,1.47110350143772,0.800334236753497,0.929468091140586,M2,F3A,10000,257,2.57,2.27759587424757,2.89883021119481,10000,257,2.57,2.27759587424757,2.89883021119481,conservative,conservative
k2016,ke_up_080,ke,up,0.8,1.47110350143772,0.800334236753497,0.929468091140586,M2,F3B,10000,354,3.54,3.19529181589372,3.92038931270955,10000,354,3.54,3.19529181589372,3.92038931270955,conservative,conservative
k2016,ke_up_080,ke,up,0.8,1.47110350143772,0.800334236753497,0.929468091140586,M2,F3C,10000,391,3.91,3.54745383495958,4.30794313484939,10000,391,3.91,3.54745383495958,4.30794313484939,conservative,conservative
k2016,ke_up_080,ke,up,0.8,1.47110350143772,0.800334236753497,0.929468091140586,M2,G2_Ai,10000,529,5.29,4.86821065461332,5.74612647969259,10000,529,5.29,4.86821065461332,5.74612647969259,nominal,nominal
k2016,ke_up_080,ke,up,0.8,1.47110350143772,0.800334236753497,0.929468091140586,M2,G2_Aii,10000,578,5.78,5.33936635513131,6.25459446077133,10000,578,5.78,5.33936635513131,6.25459446077133,exceeding,exceeding
k2016,ke_up_080,ke,up,0.8,1.47110350143772,0.800334236753497,0.929468091140586,M2,G2_B,10000,540,5.4,4.97389383894226,5.8603588157221,10000,540,5.4,4.97389383894226,5.8603588157221,nominal,nominal
k2016,ke_up_080,ke,up,0.8,1.47110350143772,0.800334236753497,0.929468091140586,M2,G2_Ci,10000,425,4.25,3.87187616540763,4.66325968550928,10000,425,4.25,3.87187616540763,4.66325968550928,conservative,conservative
k2016,ke_up_080,ke,up,0.8,1.47110350143772,0.800334236753497,0.929468091140586,M2,G2_Cii,10000,422,4.22,3.84322179968418,4.63193709113497,10000,422,4.22,3.84322179968418,4.63193709113497,conservative,conservative
k2016,ke_up_080,ke,up,0.8,1.47110350143772,0.800334236753497,0.929468091140586,M2,P2,10000,402,4.02,3.65233362605783,4.42297886410959,10000,402,4.02,3.65233362605783,4.42297886410959,conservative,conservative
k2020,F_down_080,F,down,0.8,0.871335777735966,0.799619025640266,0.852142118063974,M0,AUCinf_true_only,10000,461,4.61,4.21613141098896,5.03872796110106,10000,461,4.61,4.21613141098896,5.03872796110106,nominal,nominal
k2020,F_down_080,F,down,0.8,0.871335777735966,0.799619025640266,0.852142118063974,M0,AUClast_only,10000,374,3.74,3.38552764822138,4.12999988103362,10000,374,3.74,3.38552764822138,4.12999988103362,conservative,conservative
k2020,F_down_080,F,down,0.8,0.871335777735966,0.799619025640266,0.852142118063974,M0,F3A,10000,303,3.03,2.71165660692543,3.38441620001593,10000,303,3.03,2.71165660692543,3.38441620001593,conservative,conservative
k2020,F_down_080,F,down,0.8,0.871335777735966,0.799619025640266,0.852142118063974,M0,F3B,10000,355,3.55,3.20479646366061,3.93087698497525,10000,355,3.55,3.20479646366061,3.93087698497525,conservative,conservative
k2020,F_down_080,F,down,0.8,0.871335777735966,0.799619025640266,0.852142118063974,M0,F3C,10000,356,3.56,3.21430188156563,3.94136388710281,10000,356,3.56,3.21430188156563,3.94136388710281,conservative,conservative
k2020,F_down_080,F,down,0.8,0.871335777735966,0.799619025640266,0.852142118063974,M0,G2_Ai,10000,688,6.88,6.40028317234477,7.39283284714238,10000,688,6.88,6.40028317234477,7.39283284714238,exceeding,exceeding
k2020,F_down_080,F,down,0.8,0.871335777735966,0.799619025640266,0.852142118063974,M0,G2_Aii,10000,833,8.33,7.80426192331542,8.88774050089677,10000,833,8.33,7.80426192331542,8.88774050089677,exceeding,exceeding
k2020,F_down_080,F,down,0.8,0.871335777735966,0.799619025640266,0.852142118063974,M0,G2_B,10000,623,6.23,5.77287787731078,6.72073734005825,10000,623,6.23,5.77287787731078,6.72073734005825,exceeding,exceeding
k2020,F_down_080,F,down,0.8,0.871335777735966,0.799619025640266,0.852142118063974,M0,G2_Ci,10000,445,4.45,4.0630395382031,4.87194271336553,10000,445,4.45,4.0630395382031,4.87194271336553,conservative,conservative
k2020,F_down_080,F,down,0.8,0.871335777735966,0.799619025640266,0.852142118063974,M0,G2_Cii,10000,397,3.97,3.60465114473627,4.37069974526822,10000,397,3.97,3.60465114473627,4.37069974526822,conservative,conservative
k2020,F_down_080,F,down,0.8,0.871335777735966,0.799619025640266,0.852142118063974,M0,P2,10000,370,3.7,3.34745689092521,4.08810135819944,10000,370,3.7,3.34745689092521,4.08810135819944,conservative,conservative
k2020,F_down_080,F,down,0.8,0.871335777735966,0.799619025640266,0.852142118063974,M1,AUCinf_true_only,10000,490,4.9,4.49395167078639,5.34068498224864,10000,490,4.9,4.49395167078639,5.34068498224864,nominal,nominal
k2020,F_down_080,F,down,0.8,0.871335777735966,0.799619025640266,0.852142118063974,M1,AUClast_only,10000,415,4.15,3.7763827388616,4.55882991172945,10000,415,4.15,3.7763827388616,4.55882991172945,conservative,conservative
k2020,F_down_080,F,down,0.8,0.871335777735966,0.799619025640266,0.852142118063974,M1,F3A,10000,339,3.39,3.05281670261447,3.76297962550001,10000,339,3.39,3.05281670261447,3.76297962550001,conservative,conservative
k2020,F_down_080,F,down,0.8,0.871335777735966,0.799619025640266,0.852142118063974,M1,F3B,10000,395,3.95,3.58558272619014,4.34978352374917,10000,395,3.95,3.58558272619014,4.34978352374917,conservative,conservative
k2020,F_down_080,F,down,0.8,0.871335777735966,0.799619025640266,0.852142118063974,M1,F3C,10000,393,3.93,3.56651694982636,4.32886466004778,10000,393,3.93,3.56651694982636,4.32886466004778,conservative,conservative
k2020,F_down_080,F,down,0.8,0.871335777735966,0.799619025640266,0.852142118063974,M1,G2_Ai,10000,746,7.46,6.96120472226823,7.99146585910893,10000,746,7.46,6.96120472226823,7.99146585910893,exceeding,exceeding
k2020,F_down_080,F,down,0.8,0.871335777735966,0.799619025640266,0.852142118063974,M1,G2_Aii,10000,861,8.61,8.07597678883868,9.17581059628593,10000,861,8.61,8.07597678883868,9.17581059628593,exceeding,exceeding
k2020,F_down_080,F,down,0.8,0.871335777735966,0.799619025640266,0.852142118063974,M1,G2_B,10000,664,6.64,6.16846801922316,7.14483231948192,10000,664,6.64,6.16846801922316,7.14483231948192,exceeding,exceeding
k2020,F_down_080,F,down,0.8,0.871335777735966,0.799619025640266,0.852142118063974,M1,G2_Ci,10000,488,4.88,4.47477813393999,5.31987387902987,10000,488,4.88,4.47477813393999,5.31987387902987,nominal,nominal
k2020,F_down_080,F,down,0.8,0.871335777735966,0.799619025640266,0.852142118063974,M1,G2_Cii,10000,438,4.38,3.9961062612773,4.79892975006323,10000,438,4.38,3.9961062612773,4.79892975006323,conservative,conservative
k2020,F_down_080,F,down,0.8,0.871335777735966,0.799619025640266,0.852142118063974,M1,P2,10000,410,4.1,3.72865897330322,4.50659207712489,10000,410,4.1,3.72865897330322,4.50659207712489,conservative,conservative
k2020,F_down_080,F,down,0.8,0.871335777735966,0.799619025640266,0.852142118063974,M2,AUCinf_true_only,10000,479,4.79,4.3885215617064,5.22619957097018,10000,479,4.79,4.3885215617064,5.22619957097018,nominal,nominal
k2020,F_down_080,F,down,0.8,0.871335777735966,0.799619025640266,0.852142118063974,M2,AUClast_only,10000,416,4.16,3.78592934672935,4.56927562389428,10000,416,4.16,3.78592934672935,4.56927562389428,conservative,conservative
k2020,F_down_080,F,down,0.8,0.871335777735966,0.799619025640266,0.852142118063974,M2,F3A,10000,341,3.41,3.07180293534988,3.78397803282977,10000,341,3.41,3.07180293534988,3.78397803282977,conservative,conservative
k2020,F_down_080,F,down,0.8,0.871335777735966,0.799619025640266,0.852142118063974,M2,F3B,10000,397,3.97,3.60465114473627,4.37069974526822,10000,397,3.97,3.60465114473627,4.37069974526822,conservative,conservative
k2020,F_down_080,F,down,0.8,0.871335777735966,0.799619025640266,0.852142118063974,M2,F3C,10000,404,4.04,3.67141114357719,4.4438859866554,10000,404,4.04,3.67141114357719,4.4438859866554,conservative,conservative
k2020,F_down_080,F,down,0.8,0.871335777735966,0.799619025640266,0.852142118063974,M2,G2_Ai,10000,751,7.51,7.00960394199653,8.04302823954356,10000,751,7.51,7.00960394199653,8.04302823954356,exceeding,exceeding
k2020,F_down_080,F,down,0.8,0.871335777735966,0.799619025640266,0.852142118063974,M2,G2_Aii,10000,875,8.75,8.21189986152105,9.31978000405977,10000,875,8.75,8.21189986152105,9.31978000405977,exceeding,exceeding
k2020,F_down_080,F,down,0.8,0.871335777735966,0.799619025640266,0.852142118063974,M2,G2_B,10000,676,6.76,6.2843533501649,7.26885482893121,10000,676,6.76,6.2843533501649,7.26885482893121,exceeding,exceeding
k2020,F_down_080,F,down,0.8,0.871335777735966,0.799619025640266,0.852142118063974,M2,G2_Ci,10000,483,4.83,4.42685286446095,5.26783754834597,10000,483,4.83,4.42685286446095,5.26783754834597,nominal,nominal
k2020,F_down_080,F,down,0.8,0.871335777735966,0.799619025640266,0.852142118063974,M2,G2_Cii,10000,445,4.45,4.0630395382031,4.87194271336553,10000,445,4.45,4.0630395382031,4.87194271336553,conservative,conservative
k2020,F_down_080,F,down,0.8,0.871335777735966,0.799619025640266,0.852142118063974,M2,P2,10000,415,4.15,3.7763827388616,4.55882991172945,10000,415,4.15,3.7763827388616,4.55882991172945,conservative,conservative
k2020,F_up_125,F,up,1.25,1.15294080629446,1.25037238459433,1.17607904174935,M0,AUCinf_true_only,10000,432,4.32,3.93875707746552,4.73632501367949,10000,432,4.32,3.93875707746552,4.73632501367949,conservative,conservative
k2020,F_up_125,F,up,1.25,1.15294080629446,1.25037238459433,1.17607904174935,M0,AUClast_only,10000,343,3.43,3.09079243265577,3.80497317558904,10000,343,3.43,3.09079243265577,3.80497317558904,conservative,conservative
k2020,F_up_125,F,up,1.25,1.15294080629446,1.25037238459433,1.17607904174935,M0,F3A,10000,267,2.67,2.37175657034417,3.00459271542408,10000,267,2.67,2.37175657034417,3.00459271542408,conservative,conservative
k2020,F_up_125,F,up,1.25,1.15294080629446,1.25037238459433,1.17607904174935,M0,F3B,10000,322,3.22,2.89156957552651,3.58435731203399,10000,322,3.22,2.89156957552651,3.58435731203399,conservative,conservative
k2020,F_up_125,F,up,1.25,1.15294080629446,1.25037238459433,1.17607904174935,M0,F3C,10000,326,3.26,2.92948772531078,3.62640844238006,10000,326,3.26,2.92948772531078,3.62640844238006,conservative,conservative
k2020,F_up_125,F,up,1.25,1.15294080629446,1.25037238459433,1.17607904174935,M0,G2_Ai,10000,618,6.18,5.72467395708813,6.66897966011797,10000,618,6.18,5.72467395708813,6.66897966011797,exceeding,exceeding
k2020,F_up_125,F,up,1.25,1.15294080629446,1.25037238459433,1.17607904174935,M0,G2_Aii,10000,788,7.88,7.36796177532672,8.42438624741908,10000,788,7.88,7.36796177532672,8.42438624741908,exceeding,exceeding
k2020,F_up_125,F,up,1.25,1.15294080629446,1.25037238459433,1.17607904174935,M0,G2_B,10000,505,5.05,4.63781434893128,5.49670710459255,10000,505,5.05,4.63781434893128,5.49670710459255,nominal,nominal
k2020,F_up_125,F,up,1.25,1.15294080629446,1.25037238459433,1.17607904174935,M0,G2_Ci,10000,417,4.17,3.79547656788071,4.57972072277551,10000,417,4.17,3.79547656788071,4.57972072277551,conservative,conservative
k2020,F_up_125,F,up,1.25,1.15294080629446,1.25037238459433,1.17607904174935,M0,G2_Cii,10000,386,3.86,3.49980782081717,4.25562754882887,10000,386,3.86,3.49980782081717,4.25562754882887,conservative,conservative
k2020,F_up_125,F,up,1.25,1.15294080629446,1.25037238459433,1.17607904174935,M0,P2,10000,341,3.41,3.07180293534988,3.78397803282977,10000,341,3.41,3.07180293534988,3.78397803282977,conservative,conservative
k2020,F_up_125,F,up,1.25,1.15294080629446,1.25037238459433,1.17607904174935,M1,AUCinf_true_only,10000,469,4.69,4.29272862324009,5.12206930911063,10000,469,4.69,4.29272862324009,5.12206930911063,nominal,nominal
k2020,F_up_125,F,up,1.25,1.15294080629446,1.25037238459433,1.17607904174935,M1,AUClast_only,10000,381,3.81,3.45217887649311,4.20329489299,10000,381,3.81,3.45217887649311,4.20329489299,conservative,conservative
k2020,F_up_125,F,up,1.25,1.15294080629446,1.25037238459433,1.17607904174935,M1,F3A,10000,304,3.04,2.72111726450346,3.39494786247049,10000,304,3.04,2.72111726450346,3.39494786247049,conservative,conservative
k2020,F_up_125,F,up,1.25,1.15294080629446,1.25037238459433,1.17607904174935,M1,F3B,10000,358,3.58,3.23331501535284,3.96233539338078,10000,358,3.58,3.23331501535284,3.96233539338078,conservative,conservative
k2020,F_up_125,F,up,1.25,1.15294080629446,1.25037238459433,1.17607904174935,M1,F3C,10000,362,3.62,3.2713503889735,4.00426929989046,10000,362,3.62,3.2713503889735,4.00426929989046,conservative,conservative
k2020,F_up_125,F,up,1.25,1.15294080629446,1.25037238459433,1.17607904174935,M1,G2_Ai,10000,655,6.55,6.08158389135475,7.05178556705705,10000,655,6.55,6.08158389135475,7.05178556705705,exceeding,exceeding
k2020,F_up_125,F,up,1.25,1.15294080629446,1.25037238459433,1.17607904174935,M1,G2_Aii,10000,852,8.52,7.98862054580565,9.08323595902568,10000,852,8.52,7.98862054580565,9.08323595902568,exceeding,exceeding
k2020,F_up_125,F,up,1.25,1.15294080629446,1.25037238459433,1.17607904174935,M1,G2_B,10000,560,5.6,5.16617528236581,6.06792377295027,10000,560,5.6,5.16617528236581,6.06792377295027,exceeding,exceeding
k2020,F_up_125,F,up,1.25,1.15294080629446,1.25037238459433,1.17607904174935,M1,G2_Ci,10000,473,4.73,4.33103968356524,5.16372752891582,10000,473,4.73,4.33103968356524,5.16372752891582,nominal,nominal
k2020,F_up_125,F,up,1.25,1.15294080629446,1.25037238459433,1.17607904174935,M1,G2_Cii,10000,423,4.23,3.8527726567849,4.64237855406684,10000,423,4.23,3.8527726567849,4.64237855406684,conservative,conservative
k2020,F_up_125,F,up,1.25,1.15294080629446,1.25037238459433,1.17607904174935,M1,P2,10000,379,3.79,3.43313215024983,4.1823569791681,10000,379,3.79,3.43313215024983,4.1823569791681,conservative,conservative
k2020,F_up_125,F,up,1.25,1.15294080629446,1.25037238459433,1.17607904174935,M2,AUCinf_true_only,10000,463,4.63,4.23527756871774,5.05956644343746,10000,463,4.63,4.23527756871774,5.05956644343746,nominal,nominal
k2020,F_up_125,F,up,1.25,1.15294080629446,1.25037238459433,1.17607904174935,M2,AUClast_only,10000,384,3.84,3.48075417687003,4.23469655271083,10000,384,3.84,3.48075417687003,4.23469655271083,conservative,conservative
k2020,F_up_125,F,up,1.25,1.15294080629446,1.25037238459433,1.17607904174935,M2,F3A,10000,303,3.03,2.71165660692543,3.38441620001593,10000,303,3.03,2.71165660692543,3.38441620001593,conservative,conservative
k2020,F_up_125,F,up,1.25,1.15294080629446,1.25037238459433,1.17607904174935,M2,F3B,10000,361,3.61,3.2618404148997,3.99378695393167,10000,361,3.61,3.2618404148997,3.99378695393167,conservative,conservative
k2020,F_up_125,F,up,1.25,1.15294080629446,1.25037238459433,1.17607904174935,M2,F3C,10000,375,3.75,3.39504713060603,4.14047271868156,10000,375,3.75,3.39504713060603,4.14047271868156,conservative,conservative
k2020,F_up_125,F,up,1.25,1.15294080629446,1.25037238459433,1.17607904174935,M2,G2_Ai,10000,667,6.67,6.19743512040556,7.17584217839727,10000,667,6.67,6.19743512040556,7.17584217839727,exceeding,exceeding
k2020,F_up_125,F,up,1.25,1.15294080629446,1.25037238459433,1.17607904174935,M2,G2_Aii,10000,829,8.29,7.76546015736746,8.84657298671438,10000,829,8.29,7.76546015736746,8.84657298671438,exceeding,exceeding
k2020,F_up_125,F,up,1.25,1.15294080629446,1.25037238459433,1.17607904174935,M2,G2_B,10000,553,5.53,5.09885806018978,5.9952947548982,10000,553,5.53,5.09885806018978,5.9952947548982,exceeding,exceeding
k2020,F_up_125,F,up,1.25,1.15294080629446,1.25037238459433,1.17607904174935,M2,G2_Ci,10000,453,4.53,4.13956809717817,4.95535271465116,10000,453,4.53,4.13956809717817,4.95535271465116,conservative,conservative
k2020,F_up_125,F,up,1.25,1.15294080629446,1.25037238459433,1.17607904174935,M2,G2_Cii,10000,426,4.26,3.88142881290349,4.673699358046,10000,426,4.26,3.88142881290349,4.673699358046,conservative,conservative
k2020,F_up_125,F,up,1.25,1.15294080629446,1.25037238459433,1.17607904174935,M2,P2,10000,383,3.83,3.47122838542385,4.22423002412443,10000,383,3.83,3.47122838542385,4.22423002412443,conservative,conservative
k2020,V2_up_080,V2,up,0.8,2.27730854120339,0.79979742585522,0.890882568755657,M0,AUCinf_true_only,20000,917,4.585,4.30374275289545,4.88369988208054,10000,460,4.6,4.20655912573404,5.0283079263234,conservative,nominal
k2020,V2_up_080,V2,up,0.8,2.27730854120339,0.79979742585522,0.890882568755657,M0,AUClast_only,20000,1039,5.195,4.89594512865908,5.51126322232845,10000,534,5.34,4.91624202232057,5.79805671214826,nominal,nominal
k2020,V2_up_080,V2,up,0.8,2.27730854120339,0.79979742585522,0.890882568755657,M0,F3A,20000,190,0.95,0.824664638418916,1.09417409868495,10000,102,1.02,0.841015237783062,1.23660124260842,conservative,conservative
k2020,V2_up_080,V2,up,0.8,2.27730854120339,0.79979742585522,0.890882568755657,M0,F3B,20000,714,3.57,3.32164421670225,3.83618825146763,10000,350,3.5,3.1572809892696,3.87843085920333,conservative,conservative
k2020,V2_up_080,V2,up,0.8,2.27730854120339,0.79979742585522,0.890882568755657,M0,F3C,20000,951,4.755,4.46865189795843,5.05872544475848,10000,486,4.86,4.45560655083166,5.29906082207302,nominal,nominal
k2020,V2_up_080,V2,up,0.8,2.27730854120339,0.79979742585522,0.890882568755657,M0,G2_Ai,20000,459,2.295,2.09644795684225,2.5118742032707,10000,227,2.27,1.9958819233931,2.58077456107169,conservative,conservative
k2020,V2_up_080,V2,up,0.8,2.27730854120339,0.79979742585522,0.890882568755657,M0,G2_Aii,20000,212,1.06,0.92717174481956,1.21162474435196,10000,110,1.1,0.91352699531944,1.32402804533273,conservative,conservative
k2020,V2_up_080,V2,up,0.8,2.27730854120339,0.79979742585522,0.890882568755657,M0,G2_B,20000,742,3.71,3.45681837799815,3.98096032007602,10000,361,3.61,3.2618404148997,3.99378695393167,conservative,conservative
k2020,V2_up_080,V2,up,0.8,2.27730854120339,0.79979742585522,0.890882568755657,M0,G2_Ci,20000,925,4.625,4.34253528496361,4.92489198712789,10000,472,4.72,4.32146114873359,5.15331374371488,conservative,nominal
k2020,V2_up_080,V2,up,0.8,2.27730854120339,0.79979742585522,0.890882568755657,M0,G2_Cii,20000,1001,5.005,4.71135239078929,5.31592893389957,10000,507,5.07,4.65700404698355,5.51750204660545,nominal,nominal
k2020,V2_up_080,V2,up,0.8,2.27730854120339,0.79979742585522,0.890882568755657,M0,P2,20000,1036,5.18,4.88136778412433,5.49584632794489,10000,532,5.32,4.89702817745753,5.77728591694613,nominal,nominal
k2020,V2_up_080,V2,up,0.8,2.27730854120339,0.79979742585522,0.890882568755657,M1,AUCinf_true_only,20000,988,4.94,4.64822958114832,5.24907670822783,10000,489,4.89,4.48436465885572,5.33027967414672,nominal,nominal
k2020,V2_up_080,V2,up,0.8,2.27730854120339,0.79979742585522,0.890882568755657,M1,AUClast_only,20000,1129,5.645,5.33358420346469,5.97345131507236,10000,576,5.76,5.32011664834531,6.23385952749216,exceeding,exceeding
k2020,V2_up_080,V2,up,0.8,2.27730854120339,0.79979742585522,0.890882568755657,M1,F3A,20000,231,1.155,1.01601569277695,1.31274430954391,10000,119,1.19,0.995427877590426,1.42205804335502,conservative,conservative
k2020,V2_up_080,V2,up,0.8,2.27730854120339,0.79979742585522,0.890882568755657,M1,F3B,20000,778,3.89,3.63076053756199,4.16694902753198,10000,385,3.85,3.49028065618939,4.24516239342406,conservative,conservative
k2020,V2_up_080,V2,up,0.8,2.27730854120339,0.79979742585522,0.890882568755657,M1,F3C,20000,1032,5.16,4.8619324376532,5.47528935585827,10000,522,5.22,4.80098507154502,5.67340582253277,nominal,nominal
k2020,V2_up_080,V2,up,0.8,2.27730854120339,0.79979742585522,0.890882568755657,M1,G2_Ai,20000,514,2.57,2.35963652239914,2.79858001788295,10000,255,2.55,2.25877827270396,2.87766317267325,conservative,conservative
k2020,V2_up_080,V2,up,0.8,2.27730854120339,0.79979742585522,0.890882568755657,M1,G2_Aii,20000,256,1.28,1.1332998593808,1.44541213392603,10000,130,1.3,1.09594401953071,1.54145742177319,conservative,conservative
k2020,V2_up_080,V2,up,0.8,2.27730854120339,0.79979742585522,0.890882568755657,M1,G2_B,20000,807,4.035,3.77099387256478,4.31666000207291,10000,397,3.97,3.60465114473627,4.37069974526822,conservative,conservative
k2020,V2_up_080,V2,up,0.8,2.27730854120339,0.79979742585522,0.890882568755657,M1,G2_Ci,20000,1011,5.055,4.75991800612279,5.36734411496046,10000,510,5.1,4.68579206088977,5.54869099279699,nominal,nominal
k2020,V2_up_080,V2,up,0.8,2.27730854120339,0.79979742585522,0.890882568755657,M1,G2_Cii,20000,1078,5.39,5.08551438080929,5.71161907611637,10000,545,5.45,5.02194866773656,5.91226558709072,exceeding,exceeding
k2020,V2_up_080,V2,up,0.8,2.27730854120339,0.79979742585522,0.890882568755657,M1,P2,20000,1125,5.625,5.31412097634036,5.95292222363892,10000,574,5.74,5.30086848721034,6.21312304856195,exceeding,exceeding
k2020,V2_up_080,V2,up,0.8,2.27730854120339,0.79979742585522,0.890882568755657,M2,AUCinf_true_only,20000,993,4.965,4.67250589961938,5.27479078795397,10000,486,4.86,4.45560655083166,5.29906082207302,nominal,nominal
k2020,V2_up_080,V2,up,0.8,2.27730854120339,0.79979742585522,0.890882568755657,M2,AUClast_only,20000,1154,5.77,5.45525466209165,6.10173284743136,10000,586,5.86,5.41638048948837,6.33751888667495,exceeding,exceeding
k2020,V2_up_080,V2,up,0.8,2.27730854120339,0.79979742585522,0.890882568755657,M2,F3A,20000,228,1.14,1.00196992838158,1.29679583502096,10000,117,1.17,0.977199841537232,1.40030143934304,conservative,conservative
k2020,V2_up_080,V2,up,0.8,2.27730854120339,0.79979742585522,0.890882568755657,M2,F3B,20000,798,3.99,3.72746273464006,4.27020842324268,10000,395,3.95,3.58558272619014,4.34978352374917,conservative,conservative
k2020,V2_up_080,V2,up,0.8,2.27730854120339,0.79979742585522,0.890882568755657,M2,F3C,20000,1053,5.265,4.96398210655786,5.58319935938182,10000,540,5.4,4.97389383894226,5.8603588157221,nominal,nominal
k2020,V2_up_080,V2,up,0.8,2.27730854120339,0.79979742585522,0.890882568755657,M2,G2_Ai,20000,539,2.695,2.47949246185233,2.92867606941573,10000,269,2.69,2.39060287545787,3.02573105037555,conservative,conservative
k2020,V2_up_080,V2,up,0.8,2.27730854120339,0.79979742585522,0.890882568755657,M2,G2_Aii,20000,260,1.3,1.15210200750831,1.46660230435628,10000,132,1.32,1.11426457560429,1.56312150576479,conservative,conservative
k2020,V2_up_080,V2,up,0.8,2.27730854120339,0.79979742585522,0.890882568755657,M2,G2_B,20000,825,4.125,3.85808357690499,4.40953573124261,10000,405,4.05,3.68095086278926,4.45433858747592,conservative,conservative
k2020,V2_up_080,V2,up,0.8,2.27730854120339,0.79979742585522,0.890882568755657,M2,G2_Ci,20000,1020,5.1,4.80363409635232,5.41361074148587,10000,511,5.11,4.69538898487127,5.55908638884807,nominal,nominal
k2020,V2_up_080,V2,up,0.8,2.27730854120339,0.79979742585522,0.890882568755657,M2,G2_Cii,20000,1101,5.505,5.19736557740818,5.82972371122457,10000,564,5.64,5.20465113382412,6.10941720162231,exceeding,exceeding
k2020,V2_up_080,V2,up,0.8,2.27730854120339,0.79979742585522,0.890882568755657,M2,P2,20000,1149,5.745,5.43091711656911,6.07607999475671,10000,583,5.83,5.38749733517519,6.30642508089038,exceeding,exceeding
k2020,Vmax_down_125,Vmax,down,1.25,0.651331501646086,1.25092658233271,1.05342570107931,M0,AUCinf_true_only,10000,424,4.24,3.86232411269903,4.65281941818529,10000,424,4.24,3.86232411269903,4.65281941818529,conservative,conservative
k2020,Vmax_down_125,Vmax,down,1.25,0.651331501646086,1.25092658233271,1.05342570107931,M0,AUClast_only,10000,272,2.72,2.4188809476051,3.05742993832608,10000,272,2.72,2.4188809476051,3.05742993832608,conservative,conservative
k2020,Vmax_down_125,Vmax,down,1.25,0.651331501646086,1.25092658233271,1.05342570107931,M0,F3A,10000,271,2.71,2.4094537831905,3.04686478270809,10000,271,2.71,2.4094537831905,3.04686478270809,conservative,conservative
k2020,Vmax_down_125,Vmax,down,1.25,0.651331501646086,1.25092658233271,1.05342570107931,M0,F3B,10000,270,2.7,2.40002775709775,3.03629848876825,10000,270,2.7,2.40002775709775,3.03629848876825,conservative,conservative
k2020,Vmax_down_125,Vmax,down,1.25,0.651331501646086,1.25092658233271,1.05342570107931,M0,F3C,10000,272,2.72,2.4188809476051,3.05742993832608,10000,272,2.72,2.4188809476051,3.05742993832608,conservative,conservative
k2020,Vmax_down_125,Vmax,down,1.25,0.651331501646086,1.25092658233271,1.05342570107931,M0,G2_Ai,10000,969,9.69,9.12558409555618,10.2853738530878,10000,969,9.69,9.12558409555618,10.2853738530878,exceeding,exceeding
k2020,Vmax_down_125,Vmax,down,1.25,0.651331501646086,1.25092658233271,1.05342570107931,M0,G2_Aii,10000,2760,27.6,26.7325907809694,28.484612346037,10000,2760,27.6,26.7325907809694,28.484612346037,exceeding,exceeding
k2020,Vmax_down_125,Vmax,down,1.25,0.651331501646086,1.25092658233271,1.05342570107931,M0,G2_B,10000,566,5.66,5.22389145171841,6.13016152379319,10000,566,5.66,5.22389145171841,6.13016152379319,exceeding,exceeding
k2020,Vmax_down_125,Vmax,down,1.25,0.651331501646086,1.25092658233271,1.05342570107931,M0,G2_Ci,10000,409,4.09,3.71911609003269,4.49614264036283,10000,409,4.09,3.71911609003269,4.49614264036283,conservative,conservative
k2020,Vmax_down_125,Vmax,down,1.25,0.651331501646086,1.25092658233271,1.05342570107931,M0,G2_Cii,10000,396,3.96,3.59511660638812,4.36024196358378,10000,396,3.96,3.59511660638812,4.36024196358378,conservative,conservative
k2020,Vmax_down_125,Vmax,down,1.25,0.651331501646086,1.25092658233271,1.05342570107931,M0,P2,10000,272,2.72,2.4188809476051,3.05742993832608,10000,272,2.72,2.4188809476051,3.05742993832608,conservative,conservative
k2020,Vmax_down_125,Vmax,down,1.25,0.651331501646086,1.25092658233271,1.05342570107931,M1,AUCinf_true_only,10000,467,4.67,4.27357618765806,5.10123710462747,10000,467,4.67,4.27357618765806,5.10123710462747,nominal,nominal
k2020,Vmax_down_125,Vmax,down,1.25,0.651331501646086,1.25092658233271,1.05342570107931,M1,AUClast_only,10000,301,3.01,2.69273820087322,3.36334996600297,10000,301,3.01,2.69273820087322,3.36334996600297,conservative,conservative
k2020,Vmax_down_125,Vmax,down,1.25,0.651331501646086,1.25092658233271,1.05342570107931,M1,F3A,10000,300,3,2.68328046173126,3.35281538511234,10000,300,3,2.68328046173126,3.35281538511234,conservative,conservative
k2020,Vmax_down_125,Vmax,down,1.25,0.651331501646086,1.25092658233271,1.05342570107931,M1,F3B,10000,299,2.99,2.67382370479782,3.3422798220132,10000,299,2.99,2.67382370479782,3.3422798220132,conservative,conservative
k2020,Vmax_down_125,Vmax,down,1.25,0.651331501646086,1.25092658233271,1.05342570107931,M1,F3C,10000,299,2.99,2.67382370479782,3.3422798220132,10000,299,2.99,2.67382370479782,3.3422798220132,conservative,conservative
k2020,Vmax_down_125,Vmax,down,1.25,0.651331501646086,1.25092658233271,1.05342570107931,M1,G2_Ai,10000,1009,10.09,9.51490596590157,10.6957447840458,10000,1009,10.09,9.51490596590157,10.6957447840458,exceeding,exceeding
k2020,Vmax_down_125,Vmax,down,1.25,0.651331501646086,1.25092658233271,1.05342570107931,M1,G2_Aii,10000,2744,27.44,26.5742296889373,28.3230963175476,10000,2744,27.44,26.5742296889373,28.3230963175476,exceeding,exceeding
k2020,Vmax_down_125,Vmax,down,1.25,0.651331501646086,1.25092658233271,1.05342570107931,M1,G2_B,10000,613,6.13,5.67647878936958,6.61721322767358,10000,613,6.13,5.67647878936958,6.61721322767358,exceeding,exceeding
k2020,Vmax_down_125,Vmax,down,1.25,0.651331501646086,1.25092658233271,1.05342570107931,M1,G2_Ci,10000,452,4.52,4.13000010868094,4.94492838311581,10000,452,4.52,4.13000010868094,4.94492838311581,conservative,conservative
k2020,Vmax_down_125,Vmax,down,1.25,0.651331501646086,1.25092658233271,1.05342570107931,M1,G2_Cii,10000,443,4.43,4.04391293287239,4.85108467863107,10000,443,4.43,4.04391293287239,4.85108467863107,conservative,conservative
k2020,Vmax_down_125,Vmax,down,1.25,0.651331501646086,1.25092658233271,1.05342570107931,M1,P2,10000,301,3.01,2.69273820087322,3.36334996600297,10000,301,3.01,2.69273820087322,3.36334996600297,conservative,conservative
k2020,Vmax_down_125,Vmax,down,1.25,0.651331501646086,1.25092658233271,1.05342570107931,M2,AUCinf_true_only,10000,454,4.54,4.14913662867068,4.96577650319124,10000,454,4.54,4.14913662867068,4.96577650319124,conservative,conservative
k2020,Vmax_down_125,Vmax,down,1.25,0.651331501646086,1.25092658233271,1.05342570107931,M2,AUClast_only,10000,304,3.04,2.72111726450346,3.39494786247049,10000,304,3.04,2.72111726450346,3.39494786247049,conservative,conservative
k2020,Vmax_down_125,Vmax,down,1.25,0.651331501646086,1.25092658233271,1.05342570107931,M2,F3A,10000,302,3.02,2.7021969174997,3.37388356940907,10000,302,3.02,2.7021969174997,3.37388356940907,conservative,conservative
k2020,Vmax_down_125,Vmax,down,1.25,0.651331501646086,1.25092658233271,1.05342570107931,M2,F3B,10000,303,3.03,2.71165660692543,3.38441620001593,10000,303,3.03,2.71165660692543,3.38441620001593,conservative,conservative
k2020,Vmax_down_125,Vmax,down,1.25,0.651331501646086,1.25092658233271,1.05342570107931,M2,F3C,10000,302,3.02,2.7021969174997,3.37388356940907,10000,302,3.02,2.7021969174997,3.37388356940907,conservative,conservative
k2020,Vmax_down_125,Vmax,down,1.25,0.651331501646086,1.25092658233271,1.05342570107931,M2,G2_Ai,10000,1005,10.05,9.47596063239128,10.6547208374258,10000,1005,10.05,9.47596063239128,10.6547208374258,exceeding,exceeding
k2020,Vmax_down_125,Vmax,down,1.25,0.651331501646086,1.25092658233271,1.05342570107931,M2,G2_Aii,10000,2737,27.37,26.50495114325,28.2524286230068,10000,2737,27.37,26.50495114325,28.2524286230068,exceeding,exceeding
k2020,Vmax_down_125,Vmax,down,1.25,0.651331501646086,1.25092658233271,1.05342570107931,M2,G2_B,10000,593,5.93,5.48378767570905,6.41005794068239,10000,593,5.93,5.48378767570905,6.41005794068239,exceeding,exceeding
k2020,Vmax_down_125,Vmax,down,1.25,0.651331501646086,1.25092658233271,1.05342570107931,M2,G2_Ci,10000,443,4.43,4.04391293287239,4.85108467863107,10000,443,4.43,4.04391293287239,4.85108467863107,conservative,conservative
k2020,Vmax_down_125,Vmax,down,1.25,0.651331501646086,1.25092658233271,1.05342570107931,M2,G2_Cii,10000,439,4.39,4.00566646353162,4.8093618678415,10000,439,4.39,4.00566646353162,4.8093618678415,conservative,conservative
k2020,Vmax_down_125,Vmax,down,1.25,0.651331501646086,1.25092658233271,1.05342570107931,M2,P2,10000,304,3.04,2.72111726450346,3.39494786247049,10000,304,3.04,2.72111726450346,3.39494786247049,conservative,conservative
k2020,Vmax_up_080,Vmax,up,0.8,1.3969545986339,0.80009024618209,0.941322121145971,M0,AUCinf_true_only,10000,475,4.75,4.3501982834795,5.18455356906673,10000,475,4.75,4.3501982834795,5.18455356906673,nominal,nominal
k2020,Vmax_up_080,Vmax,up,0.8,1.3969545986339,0.80009024618209,0.941322121145971,M0,AUClast_only,10000,276,2.76,2.4566008678009,3.09967929826063,10000,276,2.76,2.4566008678009,3.09967929826063,conservative,conservative
k2020,Vmax_up_080,Vmax,up,0.8,1.3969545986339,0.80009024618209,0.941322121145971,M0,F3A,10000,264,2.64,2.34349585263643,2.97287647303405,10000,264,2.64,2.34349585263643,2.97287647303405,conservative,conservative
k2020,Vmax_up_080,Vmax,up,0.8,1.3969545986339,0.80009024618209,0.941322121145971,M0,F3B,10000,276,2.76,2.4566008678009,3.09967929826063,10000,276,2.76,2.4566008678009,3.09967929826063,conservative,conservative
k2020,Vmax_up_080,Vmax,up,0.8,1.3969545986339,0.80009024618209,0.941322121145971,M0,F3C,10000,272,2.72,2.4188809476051,3.05742993832608,10000,272,2.72,2.4188809476051,3.05742993832608,conservative,conservative
k2020,Vmax_up_080,Vmax,up,0.8,1.3969545986339,0.80009024618209,0.941322121145971,M0,G2_Ai,10000,1737,17.37,16.6400318066205,18.1250279270499,10000,1737,17.37,16.6400318066205,18.1250279270499,exceeding,exceeding
k2020,Vmax_up_080,Vmax,up,0.8,1.3969545986339,0.80009024618209,0.941322121145971,M0,G2_Aii,10000,2329,23.29,22.4719164293625,24.128596763599,10000,2329,23.29,22.4719164293625,24.128596763599,exceeding,exceeding
k2020,Vmax_up_080,Vmax,up,0.8,1.3969545986339,0.80009024618209,0.941322121145971,M0,G2_B,10000,1187,11.87,11.2506731914859,12.5186105242619,10000,1187,11.87,11.2506731914859,12.5186105242619,exceeding,exceeding
k2020,Vmax_up_080,Vmax,up,0.8,1.3969545986339,0.80009024618209,0.941322121145971,M0,G2_Ci,10000,424,4.24,3.86232411269903,4.65281941818529,10000,424,4.24,3.86232411269903,4.65281941818529,conservative,conservative
k2020,Vmax_up_080,Vmax,up,0.8,1.3969545986339,0.80009024618209,0.941322121145971,M0,G2_Cii,10000,318,3.18,2.85366561178867,3.54229199564149,10000,318,3.18,2.85366561178867,3.54229199564149,conservative,conservative
k2020,Vmax_up_080,Vmax,up,0.8,1.3969545986339,0.80009024618209,0.941322121145971,M0,P2,10000,276,2.76,2.4566008678009,3.09967929826063,10000,276,2.76,2.4566008678009,3.09967929826063,conservative,conservative
k2020,Vmax_up_080,Vmax,up,0.8,1.3969545986339,0.80009024618209,0.941322121145971,M1,AUCinf_true_only,10000,517,5.17,4.75298009321983,5.62144920069503,10000,517,5.17,4.75298009321983,5.62144920069503,nominal,nominal
k2020,Vmax_up_080,Vmax,up,0.8,1.3969545986339,0.80009024618209,0.941322121145971,M1,AUClast_only,10000,296,2.96,2.64545937507927,3.31066719163399,10000,296,2.96,2.64545937507927,3.31066719163399,conservative,conservative
k2020,Vmax_up_080,Vmax,up,0.8,1.3969545986339,0.80009024618209,0.941322121145971,M1,F3A,10000,286,2.86,2.55097746844467,3.20522589794272,10000,286,2.86,2.55097746844467,3.20522589794272,conservative,conservative
k2020,Vmax_up_080,Vmax,up,0.8,1.3969545986339,0.80009024618209,0.941322121145971,M1,F3B,10000,296,2.96,2.64545937507927,3.31066719163399,10000,296,2.96,2.64545937507927,3.31066719163399,conservative,conservative
k2020,Vmax_up_080,Vmax,up,0.8,1.3969545986339,0.80009024618209,0.941322121145971,M1,F3C,10000,289,2.89,2.5793112248357,3.23686910164945,10000,289,2.89,2.5793112248357,3.23686910164945,conservative,conservative
k2020,Vmax_up_080,Vmax,up,0.8,1.3969545986339,0.80009024618209,0.941322121145971,M1,G2_Ai,10000,1789,17.89,17.1511806461549,18.65347972921,10000,1789,17.89,17.1511806461549,18.65347972921,exceeding,exceeding
k2020,Vmax_up_080,Vmax,up,0.8,1.3969545986339,0.80009024618209,0.941322121145971,M1,G2_Aii,10000,2371,23.71,22.8866134914184,24.5535771429118,10000,2371,23.71,22.8866134914184,24.5535771429118,exceeding,exceeding
k2020,Vmax_up_080,Vmax,up,0.8,1.3969545986339,0.80009024618209,0.941322121145971,M1,G2_B,10000,1248,12.48,11.8466193461632,13.1421958915724,10000,1248,12.48,11.8466193461632,13.1421958915724,exceeding,exceeding
k2020,Vmax_up_080,Vmax,up,0.8,1.3969545986339,0.80009024618209,0.941322121145971,M1,G2_Ci,10000,464,4.64,4.24485143793626,5.06998489425152,10000,464,4.64,4.24485143793626,5.06998489425152,nominal,nominal
k2020,Vmax_up_080,Vmax,up,0.8,1.3969545986339,0.80009024618209,0.941322121145971,M1,G2_Cii,10000,343,3.43,3.09079243265577,3.80497317558904,10000,343,3.43,3.09079243265577,3.80497317558904,conservative,conservative
k2020,Vmax_up_080,Vmax,up,0.8,1.3969545986339,0.80009024618209,0.941322121145971,M1,P2,10000,296,2.96,2.64545937507927,3.31066719163399,10000,296,2.96,2.64545937507927,3.31066719163399,conservative,conservative
k2020,Vmax_up_080,Vmax,up,0.8,1.3969545986339,0.80009024618209,0.941322121145971,M2,AUCinf_true_only,10000,511,5.11,4.69538898487127,5.55908638884807,10000,511,5.11,4.69538898487127,5.55908638884807,nominal,nominal
k2020,Vmax_up_080,Vmax,up,0.8,1.3969545986339,0.80009024618209,0.941322121145971,M2,AUClast_only,10000,314,3.14,2.81577609284945,3.50021223445036,10000,314,3.14,2.81577609284945,3.50021223445036,conservative,conservative
k2020,Vmax_up_080,Vmax,up,0.8,1.3969545986339,0.80009024618209,0.941322121145971,M2,F3A,10000,307,3.07,2.74950500024684,3.42653708682486,10000,307,3.07,2.74950500024684,3.42653708682486,conservative,conservative
k2020,Vmax_up_080,Vmax,up,0.8,1.3969545986339,0.80009024618209,0.941322121145971,M2,F3B,10000,314,3.14,2.81577609284945,3.50021223445036,10000,314,3.14,2.81577609284945,3.50021223445036,conservative,conservative
k2020,Vmax_up_080,Vmax,up,0.8,1.3969545986339,0.80009024618209,0.941322121145971,M2,F3C,10000,307,3.07,2.74950500024684,3.42653708682486,10000,307,3.07,2.74950500024684,3.42653708682486,conservative,conservative
k2020,Vmax_up_080,Vmax,up,0.8,1.3969545986339,0.80009024618209,0.941322121145971,M2,G2_Ai,10000,1812,18.12,17.3773411882572,18.8871425478571,10000,1812,18.12,17.3773411882572,18.8871425478571,exceeding,exceeding
k2020,Vmax_up_080,Vmax,up,0.8,1.3969545986339,0.80009024618209,0.941322121145971,M2,G2_Aii,10000,2378,23.78,22.9557406391916,24.6243962353667,10000,2378,23.78,22.9557406391916,24.6243962353667,exceeding,exceeding
k2020,Vmax_up_080,Vmax,up,0.8,1.3969545986339,0.80009024618209,0.941322121145971,M2,G2_B,10000,1262,12.62,11.9834662290413,13.2852414891504,10000,1262,12.62,11.9834662290413,13.2852414891504,exceeding,exceeding
k2020,Vmax_up_080,Vmax,up,0.8,1.3969545986339,0.80009024618209,0.941322121145971,M2,G2_Ci,10000,461,4.61,4.21613141098896,5.03872796110106,10000,461,4.61,4.21613141098896,5.03872796110106,nominal,nominal
k2020,Vmax_up_080,Vmax,up,0.8,1.3969545986339,0.80009024618209,0.941322121145971,M2,G2_Cii,10000,351,3.51,3.16678252489739,3.88892164360812,10000,351,3.51,3.16678252489739,3.88892164360812,conservative,conservative
k2020,Vmax_up_080,Vmax,up,0.8,1.3969545986339,0.80009024618209,0.941322121145971,M2,P2,10000,314,3.14,2.81577609284945,3.50021223445036,10000,314,3.14,2.81577609284945,3.50021223445036,conservative,conservative
k2020,ka_down_080,ka,down,0.8,0.424232725036545,0.800570249731887,0.632507704543837,M0,AUCinf_true_only,10000,543,5.43,5.00272547543268,5.89150413932943,10000,543,5.43,5.00272547543268,5.89150413932943,exceeding,exceeding
k2020,ka_down_080,ka,down,0.8,0.424232725036545,0.800570249731887,0.632507704543837,M0,AUClast_only,10000,507,5.07,4.65700404698355,5.51750204660545,10000,507,5.07,4.65700404698355,5.51750204660545,nominal,nominal
k2020,ka_down_080,ka,down,0.8,0.424232725036545,0.800570249731887,0.632507704543837,M0,F3A,10000,0,0,0,0.0383998370676596,10000,0,0,0,0.0383998370676596,conservative,conservative
k2020,ka_down_080,ka,down,0.8,0.424232725036545,0.800570249731887,0.632507704543837,M0,F3B,10000,0,0,0,0.0383998370676596,10000,0,0,0,0.0383998370676596,conservative,conservative
k2020,ka_down_080,ka,down,0.8,0.424232725036545,0.800570249731887,0.632507704543837,M0,F3C,10000,0,0,0,0.0383998370676596,10000,0,0,0,0.0383998370676596,conservative,conservative
k2020,ka_down_080,ka,down,0.8,0.424232725036545,0.800570249731887,0.632507704543837,M0,G2_Ai,10000,0,0,0,0.0383998370676596,10000,0,0,0,0.0383998370676596,conservative,conservative
k2020,ka_down_080,ka,down,0.8,0.424232725036545,0.800570249731887,0.632507704543837,M0,G2_Aii,10000,0,0,0,0.0383998370676596,10000,0,0,0,0.0383998370676596,conservative,conservative
k2020,ka_down_080,ka,down,0.8,0.424232725036545,0.800570249731887,0.632507704543837,M0,G2_B,10000,0,0,0,0.0383998370676596,10000,0,0,0,0.0383998370676596,conservative,conservative
k2020,ka_down_080,ka,down,0.8,0.424232725036545,0.800570249731887,0.632507704543837,M0,G2_Ci,10000,0,0,0,0.0383998370676596,10000,0,0,0,0.0383998370676596,conservative,conservative
k2020,ka_down_080,ka,down,0.8,0.424232725036545,0.800570249731887,0.632507704543837,M0,G2_Cii,10000,0,0,0,0.0383998370676596,10000,0,0,0,0.0383998370676596,conservative,conservative
k2020,ka_down_080,ka,down,0.8,0.424232725036545,0.800570249731887,0.632507704543837,M0,P2,10000,0,0,0,0.0383998370676596,10000,0,0,0,0.0383998370676596,conservative,conservative
k2020,ka_down_080,ka,down,0.8,0.424232725036545,0.800570249731887,0.632507704543837,M1,AUCinf_true_only,10000,583,5.83,5.38749733517519,6.30642508089038,10000,583,5.83,5.38749733517519,6.30642508089038,exceeding,exceeding
k2020,ka_down_080,ka,down,0.8,0.424232725036545,0.800570249731887,0.632507704543837,M1,AUClast_only,10000,543,5.43,5.00272547543268,5.89150413932943,10000,543,5.43,5.00272547543268,5.89150413932943,exceeding,exceeding
k2020,ka_down_080,ka,down,0.8,0.424232725036545,0.800570249731887,0.632507704543837,M1,F3A,10000,0,0,0,0.0383998370676596,10000,0,0,0,0.0383998370676596,conservative,conservative
k2020,ka_down_080,ka,down,0.8,0.424232725036545,0.800570249731887,0.632507704543837,M1,F3B,10000,0,0,0,0.0383998370676596,10000,0,0,0,0.0383998370676596,conservative,conservative
k2020,ka_down_080,ka,down,0.8,0.424232725036545,0.800570249731887,0.632507704543837,M1,F3C,10000,0,0,0,0.0383998370676596,10000,0,0,0,0.0383998370676596,conservative,conservative
k2020,ka_down_080,ka,down,0.8,0.424232725036545,0.800570249731887,0.632507704543837,M1,G2_Ai,10000,0,0,0,0.0383998370676596,10000,0,0,0,0.0383998370676596,conservative,conservative
k2020,ka_down_080,ka,down,0.8,0.424232725036545,0.800570249731887,0.632507704543837,M1,G2_Aii,10000,0,0,0,0.0383998370676596,10000,0,0,0,0.0383998370676596,conservative,conservative
k2020,ka_down_080,ka,down,0.8,0.424232725036545,0.800570249731887,0.632507704543837,M1,G2_B,10000,0,0,0,0.0383998370676596,10000,0,0,0,0.0383998370676596,conservative,conservative
k2020,ka_down_080,ka,down,0.8,0.424232725036545,0.800570249731887,0.632507704543837,M1,G2_Ci,10000,0,0,0,0.0383998370676596,10000,0,0,0,0.0383998370676596,conservative,conservative
k2020,ka_down_080,ka,down,0.8,0.424232725036545,0.800570249731887,0.632507704543837,M1,G2_Cii,10000,0,0,0,0.0383998370676596,10000,0,0,0,0.0383998370676596,conservative,conservative
k2020,ka_down_080,ka,down,0.8,0.424232725036545,0.800570249731887,0.632507704543837,M1,P2,10000,0,0,0,0.0383998370676596,10000,0,0,0,0.0383998370676596,conservative,conservative
k2020,ka_down_080,ka,down,0.8,0.424232725036545,0.800570249731887,0.632507704543837,M2,AUCinf_true_only,10000,581,5.81,5.36824379698961,6.28569397901078,10000,581,5.81,5.36824379698961,6.28569397901078,exceeding,exceeding
k2020,ka_down_080,ka,down,0.8,0.424232725036545,0.800570249731887,0.632507704543837,M2,AUClast_only,10000,546,5.46,5.03156089101511,5.92264568384477,10000,546,5.46,5.03156089101511,5.92264568384477,exceeding,exceeding
k2020,ka_down_080,ka,down,0.8,0.424232725036545,0.800570249731887,0.632507704543837,M2,F3A,10000,0,0,0,0.0383998370676596,10000,0,0,0,0.0383998370676596,conservative,conservative
k2020,ka_down_080,ka,down,0.8,0.424232725036545,0.800570249731887,0.632507704543837,M2,F3B,10000,0,0,0,0.0383998370676596,10000,0,0,0,0.0383998370676596,conservative,conservative
k2020,ka_down_080,ka,down,0.8,0.424232725036545,0.800570249731887,0.632507704543837,M2,F3C,10000,0,0,0,0.0383998370676596,10000,0,0,0,0.0383998370676596,conservative,conservative
k2020,ka_down_080,ka,down,0.8,0.424232725036545,0.800570249731887,0.632507704543837,M2,G2_Ai,10000,0,0,0,0.0383998370676596,10000,0,0,0,0.0383998370676596,conservative,conservative
k2020,ka_down_080,ka,down,0.8,0.424232725036545,0.800570249731887,0.632507704543837,M2,G2_Aii,10000,0,0,0,0.0383998370676596,10000,0,0,0,0.0383998370676596,conservative,conservative
k2020,ka_down_080,ka,down,0.8,0.424232725036545,0.800570249731887,0.632507704543837,M2,G2_B,10000,0,0,0,0.0383998370676596,10000,0,0,0,0.0383998370676596,conservative,conservative
k2020,ka_down_080,ka,down,0.8,0.424232725036545,0.800570249731887,0.632507704543837,M2,G2_Ci,10000,0,0,0,0.0383998370676596,10000,0,0,0,0.0383998370676596,conservative,conservative
k2020,ka_down_080,ka,down,0.8,0.424232725036545,0.800570249731887,0.632507704543837,M2,G2_Cii,10000,0,0,0,0.0383998370676596,10000,0,0,0,0.0383998370676596,conservative,conservative
k2020,ka_down_080,ka,down,0.8,0.424232725036545,0.800570249731887,0.632507704543837,M2,P2,10000,0,0,0,0.0383998370676596,10000,0,0,0,0.0383998370676596,conservative,conservative
k2020,ke_down_125,ke,down,1.25,0.642602940228105,1.2495748835008,1.06352537123811,M0,AUCinf_true_only,10000,442,4.42,4.03435047015169,4.84065482131919,10000,442,4.42,4.03435047015169,4.84065482131919,conservative,conservative
k2020,ke_down_125,ke,down,1.25,0.642602940228105,1.2495748835008,1.06352537123811,M0,AUClast_only,10000,368,3.68,3.32842585465914,4.06714775440034,10000,368,3.68,3.32842585465914,4.06714775440034,conservative,conservative
k2020,ke_down_125,ke,down,1.25,0.642602940228105,1.2495748835008,1.06352537123811,M0,F3A,10000,280,2.8,2.49433852488692,3.14191092130495,10000,280,2.8,2.49433852488692,3.14191092130495,conservative,conservative
k2020,ke_down_125,ke,down,1.25,0.642602940228105,1.2495748835008,1.06352537123811,M0,F3B,10000,310,3.1,2.77790128565555,3.45811776151391,10000,310,3.1,2.77790128565555,3.45811776151391,conservative,conservative
k2020,ke_down_125,ke,down,1.25,0.642602940228105,1.2495748835008,1.06352537123811,M0,F3C,10000,358,3.58,3.23331501535284,3.96233539338078,10000,358,3.58,3.23331501535284,3.96233539338078,conservative,conservative
k2020,ke_down_125,ke,down,1.25,0.642602940228105,1.2495748835008,1.06352537123811,M0,G2_Ai,10000,447,4.47,4.08216837142981,4.892798520204,10000,447,4.47,4.08216837142981,4.892798520204,conservative,conservative
k2020,ke_down_125,ke,down,1.25,0.642602940228105,1.2495748835008,1.06352537123811,M0,G2_Aii,10000,1002,10.02,9.44675352131366,10.6239509884056,10000,1002,10.02,9.44675352131366,10.6239509884056,exceeding,exceeding
k2020,ke_down_125,ke,down,1.25,0.642602940228105,1.2495748835008,1.06352537123811,M0,G2_B,10000,392,3.92,3.55698505848916,4.31840423135239,10000,392,3.92,3.55698505848916,4.31840423135239,conservative,conservative
k2020,ke_down_125,ke,down,1.25,0.642602940228105,1.2495748835008,1.06352537123811,M0,G2_Ci,10000,370,3.7,3.34745689092521,4.08810135819944,10000,370,3.7,3.34745689092521,4.08810135819944,conservative,conservative
k2020,ke_down_125,ke,down,1.25,0.642602940228105,1.2495748835008,1.06352537123811,M0,G2_Cii,10000,417,4.17,3.79547656788071,4.57972072277551,10000,417,4.17,3.79547656788071,4.57972072277551,conservative,conservative
k2020,ke_down_125,ke,down,1.25,0.642602940228105,1.2495748835008,1.06352537123811,M0,P2,10000,368,3.68,3.32842585465914,4.06714775440034,10000,368,3.68,3.32842585465914,4.06714775440034,conservative,conservative
k2020,ke_down_125,ke,down,1.25,0.642602940228105,1.2495748835008,1.06352537123811,M1,AUCinf_true_only,10000,485,4.85,4.44602149549629,5.2886535573758,10000,485,4.85,4.44602149549629,5.2886535573758,nominal,nominal
k2020,ke_down_125,ke,down,1.25,0.642602940228105,1.2495748835008,1.06352537123811,M1,AUClast_only,10000,405,4.05,3.68095086278926,4.45433858747592,10000,405,4.05,3.68095086278926,4.45433858747592,conservative,conservative
k2020,ke_down_125,ke,down,1.25,0.642602940228105,1.2495748835008,1.06352537123811,M1,F3A,10000,314,3.14,2.81577609284945,3.50021223445036,10000,314,3.14,2.81577609284945,3.50021223445036,conservative,conservative
k2020,ke_down_125,ke,down,1.25,0.642602940228105,1.2495748835008,1.06352537123811,M1,F3B,10000,334,3.34,3.00536558690763,3.71046914104391,10000,334,3.34,3.00536558690763,3.71046914104391,conservative,conservative
k2020,ke_down_125,ke,down,1.25,0.642602940228105,1.2495748835008,1.06352537123811,M1,F3C,10000,393,3.93,3.56651694982636,4.32886466004778,10000,393,3.93,3.56651694982636,4.32886466004778,conservative,conservative
k2020,ke_down_125,ke,down,1.25,0.642602940228105,1.2495748835008,1.06352537123811,M1,G2_Ai,10000,472,4.72,4.32146114873359,5.15331374371488,10000,472,4.72,4.32146114873359,5.15331374371488,nominal,nominal
k2020,ke_down_125,ke,down,1.25,0.642602940228105,1.2495748835008,1.06352537123811,M1,G2_Aii,10000,1055,10.55,9.96297950153268,11.1673179699137,10000,1055,10.55,9.96297950153268,11.1673179699137,exceeding,exceeding
k2020,ke_down_125,ke,down,1.25,0.642602940228105,1.2495748835008,1.06352537123811,M1,G2_B,10000,429,4.29,3.91009030421703,4.70501482683022,10000,429,4.29,3.91009030421703,4.70501482683022,conservative,conservative
k2020,ke_down_125,ke,down,1.25,0.642602940228105,1.2495748835008,1.06352537123811,M1,G2_Ci,10000,412,4.12,3.7477466161893,4.52748907430398,10000,412,4.12,3.7477466161893,4.52748907430398,conservative,conservative
k2020,ke_down_125,ke,down,1.25,0.642602940228105,1.2495748835008,1.06352537123811,M1,G2_Cii,10000,458,4.58,4.18741615064729,5.00746626134497,10000,458,4.58,4.18741615064729,5.00746626134497,nominal,nominal
k2020,ke_down_125,ke,down,1.25,0.642602940228105,1.2495748835008,1.06352537123811,M1,P2,10000,405,4.05,3.68095086278926,4.45433858747592,10000,405,4.05,3.68095086278926,4.45433858747592,conservative,conservative
k2020,ke_down_125,ke,down,1.25,0.642602940228105,1.2495748835008,1.06352537123811,M2,AUCinf_true_only,10000,473,4.73,4.33103968356524,5.16372752891582,10000,473,4.73,4.33103968356524,5.16372752891582,nominal,nominal
k2020,ke_down_125,ke,down,1.25,0.642602940228105,1.2495748835008,1.06352537123811,M2,AUClast_only,10000,408,4.08,3.70957383513174,4.4856925752312,10000,408,4.08,3.70957383513174,4.4856925752312,conservative,conservative
k2020,ke_down_125,ke,down,1.25,0.642602940228105,1.2495748835008,1.06352537123811,M2,F3A,10000,313,3.13,2.806306001212,3.48969000605522,10000,313,3.13,2.806306001212,3.48969000605522,conservative,conservative
k2020,ke_down_125,ke,down,1.25,0.642602940228105,1.2495748835008,1.06352537123811,M2,F3B,10000,338,3.38,3.04332481914122,3.75247918894067,10000,338,3.38,3.04332481914122,3.75247918894067,conservative,conservative
k2020,ke_down_125,ke,down,1.25,0.642602940228105,1.2495748835008,1.06352537123811,M2,F3C,10000,391,3.91,3.54745383495958,4.30794313484939,10000,391,3.91,3.54745383495958,4.30794313484939,conservative,conservative
k2020,ke_down_125,ke,down,1.25,0.642602940228105,1.2495748835008,1.06352537123811,M2,G2_Ai,10000,468,4.68,4.28315214626224,5.11165346605588,10000,468,4.68,4.28315214626224,5.11165346605588,nominal,nominal
k2020,ke_down_125,ke,down,1.25,0.642602940228105,1.2495748835008,1.06352537123811,M2,G2_Aii,10000,1030,10.3,9.71941561836481,10.9110738522669,10000,1030,10.3,9.71941561836481,10.9110738522669,exceeding,exceeding
k2020,ke_down_125,ke,down,1.25,0.642602940228105,1.2495748835008,1.06352537123811,M2,G2_B,10000,412,4.12,3.7477466161893,4.52748907430398,10000,412,4.12,3.7477466161893,4.52748907430398,conservative,conservative
k2020,ke_down_125,ke,down,1.25,0.642602940228105,1.2495748835008,1.06352537123811,M2,G2_Ci,10000,399,3.99,3.62372218639083,4.39161334367883,10000,399,3.99,3.62372218639083,4.39161334367883,conservative,conservative
k2020,ke_down_125,ke,down,1.25,0.642602940228105,1.2495748835008,1.06352537123811,M2,G2_Cii,10000,447,4.47,4.08216837142981,4.892798520204,10000,447,4.47,4.08216837142981,4.892798520204,conservative,conservative
k2020,ke_down_125,ke,down,1.25,0.642602940228105,1.2495748835008,1.06352537123811,M2,P2,10000,408,4.08,3.70957383513174,4.4856925752312,10000,408,4.08,3.70957383513174,4.4856925752312,conservative,conservative
k2020,ke_up_080,ke,up,0.8,1.45683866187482,0.800201954152666,0.933475925199342,M0,AUCinf_true_only,10000,467,4.67,4.27357618765806,5.10123710462747,10000,467,4.67,4.27357618765806,5.10123710462747,nominal,nominal
k2020,ke_up_080,ke,up,0.8,1.45683866187482,0.800201954152666,0.933475925199342,M0,AUClast_only,10000,377,3.77,3.41408822781961,4.16141626153315,10000,377,3.77,3.41408822781961,4.16141626153315,conservative,conservative
k2020,ke_up_080,ke,up,0.8,1.45683866187482,0.800201954152666,0.933475925199342,M0,F3A,10000,254,2.54,2.24937133385934,2.86707779148528,10000,254,2.54,2.24937133385934,2.86707779148528,conservative,conservative
k2020,ke_up_080,ke,up,0.8,1.45683866187482,0.800201954152666,0.933475925199342,M0,F3B,10000,346,3.46,3.11928273979537,3.83645982854721,10000,346,3.46,3.11928273979537,3.83645982854721,conservative,conservative
k2020,ke_up_080,ke,up,0.8,1.45683866187482,0.800201954152666,0.933475925199342,M0,F3C,10000,365,3.65,3.29988479203343,4.03571185692829,10000,365,3.65,3.29988479203343,4.03571185692829,conservative,conservative
k2020,ke_up_080,ke,up,0.8,1.45683866187482,0.800201954152666,0.933475925199342,M0,G2_Ai,10000,425,4.25,3.87187616540763,4.66325968550928,10000,425,4.25,3.87187616540763,4.66325968550928,conservative,conservative
k2020,ke_up_080,ke,up,0.8,1.45683866187482,0.800201954152666,0.933475925199342,M0,G2_Aii,10000,588,5.88,5.43563781310876,6.35824620311974,10000,588,5.88,5.43563781310876,6.35824620311974,exceeding,exceeding
k2020,ke_up_080,ke,up,0.8,1.45683866187482,0.800201954152666,0.933475925199342,M0,G2_B,10000,483,4.83,4.42685286446095,5.26783754834597,10000,483,4.83,4.42685286446095,5.26783754834597,nominal,nominal
k2020,ke_up_080,ke,up,0.8,1.45683866187482,0.800201954152666,0.933475925199342,M0,G2_Ci,10000,430,4.3,3.91964531102177,4.71545214005807,10000,430,4.3,3.91964531102177,4.71545214005807,conservative,conservative
k2020,ke_up_080,ke,up,0.8,1.45683866187482,0.800201954152666,0.933475925199342,M0,G2_Cii,10000,411,4.11,3.7382024827491,4.5170408877116,10000,411,4.11,3.7382024827491,4.5170408877116,conservative,conservative
k2020,ke_up_080,ke,up,0.8,1.45683866187482,0.800201954152666,0.933475925199342,M0,P2,10000,377,3.77,3.41408822781961,4.16141626153315,10000,377,3.77,3.41408822781961,4.16141626153315,conservative,conservative
k2020,ke_up_080,ke,up,0.8,1.45683866187482,0.800201954152666,0.933475925199342,M1,AUCinf_true_only,10000,504,5.04,4.62822019715975,5.48630893633149,10000,504,5.04,4.62822019715975,5.48630893633149,nominal,nominal
k2020,ke_up_080,ke,up,0.8,1.45683866187482,0.800201954152666,0.933475925199342,M1,AUClast_only,10000,410,4.1,3.72865897330322,4.50659207712489,10000,410,4.1,3.72865897330322,4.50659207712489,conservative,conservative
k2020,ke_up_080,ke,up,0.8,1.45683866187482,0.800201954152666,0.933475925199342,M1,F3A,10000,284,2.84,2.53209355212164,3.18412517420058,10000,284,2.84,2.53209355212164,3.18412517420058,conservative,conservative
k2020,ke_up_080,ke,up,0.8,1.45683866187482,0.800201954152666,0.933475925199342,M1,F3B,10000,378,3.78,3.42360983722694,4.17188697215841,10000,378,3.78,3.42360983722694,4.17188697215841,conservative,conservative
k2020,ke_up_080,ke,up,0.8,1.45683866187482,0.800201954152666,0.933475925199342,M1,F3C,10000,395,3.95,3.58558272619014,4.34978352374917,10000,395,3.95,3.58558272619014,4.34978352374917,conservative,conservative
k2020,ke_up_080,ke,up,0.8,1.45683866187482,0.800201954152666,0.933475925199342,M1,G2_Ai,10000,463,4.63,4.23527756871774,5.05956644343746,10000,463,4.63,4.23527756871774,5.05956644343746,nominal,nominal
k2020,ke_up_080,ke,up,0.8,1.45683866187482,0.800201954152666,0.933475925199342,M1,G2_Aii,10000,623,6.23,5.77287787731078,6.72073734005825,10000,623,6.23,5.77287787731078,6.72073734005825,exceeding,exceeding
k2020,ke_up_080,ke,up,0.8,1.45683866187482,0.800201954152666,0.933475925199342,M1,G2_B,10000,522,5.22,4.80098507154502,5.67340582253277,10000,522,5.22,4.80098507154502,5.67340582253277,nominal,nominal
k2020,ke_up_080,ke,up,0.8,1.45683866187482,0.800201954152666,0.933475925199342,M1,G2_Ci,10000,467,4.67,4.27357618765806,5.10123710462747,10000,467,4.67,4.27357618765806,5.10123710462747,nominal,nominal
k2020,ke_up_080,ke,up,0.8,1.45683866187482,0.800201954152666,0.933475925199342,M1,G2_Cii,10000,454,4.54,4.14913662867068,4.96577650319124,10000,454,4.54,4.14913662867068,4.96577650319124,conservative,conservative
k2020,ke_up_080,ke,up,0.8,1.45683866187482,0.800201954152666,0.933475925199342,M1,P2,10000,410,4.1,3.72865897330322,4.50659207712489,10000,410,4.1,3.72865897330322,4.50659207712489,conservative,conservative
k2020,ke_up_080,ke,up,0.8,1.45683866187482,0.800201954152666,0.933475925199342,M2,AUCinf_true_only,10000,506,5.06,4.64740896597344,5.50710480758297,10000,506,5.06,4.64740896597344,5.50710480758297,nominal,nominal
k2020,ke_up_080,ke,up,0.8,1.45683866187482,0.800201954152666,0.933475925199342,M2,AUClast_only,10000,413,4.13,3.75729137145592,4.53793663906995,10000,413,4.13,3.75729137145592,4.53793663906995,conservative,conservative
k2020,ke_up_080,ke,up,0.8,1.45683866187482,0.800201954152666,0.933475925199342,M2,F3A,10000,289,2.89,2.5793112248357,3.23686910164945,10000,289,2.89,2.5793112248357,3.23686910164945,conservative,conservative
k2020,ke_up_080,ke,up,0.8,1.45683866187482,0.800201954152666,0.933475925199342,M2,F3B,10000,376,3.76,3.40456732471201,4.15094484460816,10000,376,3.76,3.40456732471201,4.15094484460816,conservative,conservative
k2020,ke_up_080,ke,up,0.8,1.45683866187482,0.800201954152666,0.933475925199342,M2,F3C,10000,404,4.04,3.67141114357719,4.4438859866554,10000,404,4.04,3.67141114357719,4.4438859866554,conservative,conservative
k2020,ke_up_080,ke,up,0.8,1.45683866187482,0.800201954152666,0.933475925199342,M2,G2_Ai,10000,481,4.81,4.40768621595609,5.24701955678566,10000,481,4.81,4.40768621595609,5.24701955678566,nominal,nominal
k2020,ke_up_080,ke,up,0.8,1.45683866187482,0.800201954152666,0.933475925199342,M2,G2_Aii,10000,628,6.28,5.82109045195756,6.7724863655744,10000,628,6.28,5.82109045195756,6.7724863655744,exceeding,exceeding
k2020,ke_up_080,ke,up,0.8,1.45683866187482,0.800201954152666,0.933475925199342,M2,G2_B,10000,518,5.18,4.7625801936872,5.63184142026025,10000,518,5.18,4.7625801936872,5.63184142026025,nominal,nominal
k2020,ke_up_080,ke,up,0.8,1.45683866187482,0.800201954152666,0.933475925199342,M2,G2_Ci,10000,459,4.59,4.19698737173693,5.01788736028792,10000,459,4.59,4.19698737173693,5.01788736028792,nominal,nominal
k2020,ke_up_080,ke,up,0.8,1.45683866187482,0.800201954152666,0.933475925199342,M2,G2_Cii,10000,453,4.53,4.13956809717817,4.95535271465116,10000,453,4.53,4.13956809717817,4.95535271465116,conservative,conservative
k2020,ke_up_080,ke,up,0.8,1.45683866187482,0.800201954152666,0.933475925199342,M2,P2,10000,413,4.13,3.75729137145592,4.53793663906995,10000,413,4.13,3.75729137145592,4.53793663906995,conservative,conservative
