document,section,item,source_file,locator,value_raw,value_printed,source_sha256,source_commit
MS_report,5.4 Operating characteristics,pass_pct,results/oc/p2_interpretation.csv,"model=='k2016' & config=='P2' & model=='k2016' & scenario=='V2_up_080' :: pass_pct [lo, hi]",3.97000000000000; 3.60465114473627; 4.37069974526822,3.97% (95% CI 3.60 to 4.37),4a44d10a6f7f1d3a908463551c829a2d9d7f6656ee1a5e0fd412a8e36a8414d1,8d0ebc6b88e7f378b65f3fdc6c74c8ea98708e21
MS_report,5.4 Operating characteristics,pass_pct,results/oc/p2_interpretation.csv,"model=='k2020' & config=='P2' & model=='k2020' & scenario=='V2_up_080' :: pass_pct [lo, hi]",5.18000000000000; 4.88136778412433; 5.49584632794489,5.18% (95% CI 4.88 to 5.50),4a44d10a6f7f1d3a908463551c829a2d9d7f6656ee1a5e0fd412a8e36a8414d1,8d0ebc6b88e7f378b65f3fdc6c74c8ea98708e21
MS_report,5.4 Operating characteristics,P2 cells conservative,results/oc/p2_interpretation.csv,count of rows [config=='P2' & class=='conservative'],15,15,4a44d10a6f7f1d3a908463551c829a2d9d7f6656ee1a5e0fd412a8e36a8414d1,8d0ebc6b88e7f378b65f3fdc6c74c8ea98708e21
MS_report,5.4 Operating characteristics,P2 cells nominal,results/oc/p2_interpretation.csv,count of rows [config=='P2' & class=='nominal'],1,1,4a44d10a6f7f1d3a908463551c829a2d9d7f6656ee1a5e0fd412a8e36a8414d1,8d0ebc6b88e7f378b65f3fdc6c74c8ea98708e21
MS_report,5.4 Operating characteristics,P2 cells exceeding,results/oc/p2_interpretation.csv,count of rows [config=='P2' & class=='exceeding'],0,0,4a44d10a6f7f1d3a908463551c829a2d9d7f6656ee1a5e0fd412a8e36a8414d1,8d0ebc6b88e7f378b65f3fdc6c74c8ea98708e21
MS_report,5.4 Operating characteristics,P2 boundary cells,results/oc/p2_interpretation.csv,count of rows [config=='P2'],16,16,4a44d10a6f7f1d3a908463551c829a2d9d7f6656ee1a5e0fd412a8e36a8414d1,8d0ebc6b88e7f378b65f3fdc6c74c8ea98708e21
MS_report,5.4 Operating characteristics,"V2 multiplier, 2020 model",results/oc/p2_interpretation.csv,model=='k2020' & scenario=='V2_up_080' & config=='P2' :: multiplier,2.27730854120339,2.28,4a44d10a6f7f1d3a908463551c829a2d9d7f6656ee1a5e0fd412a8e36a8414d1,8d0ebc6b88e7f378b65f3fdc6c74c8ea98708e21
MS_report,5.4 Operating characteristics,"V2 multiplier, 2016 model",results/oc/p2_interpretation.csv,model=='k2016' & scenario=='V2_up_080' & config=='P2' :: multiplier,3.21003979693093,3.21,4a44d10a6f7f1d3a908463551c829a2d9d7f6656ee1a5e0fd412a8e36a8414d1,8d0ebc6b88e7f378b65f3fdc6c74c8ea98708e21
MS_report,5.4 Operating characteristics,"trials, nominal cell",results/oc/p2_interpretation.csv,model=='k2020' & scenario=='V2_up_080' & config=='P2' :: n_trials,20000,"20,000",4a44d10a6f7f1d3a908463551c829a2d9d7f6656ee1a5e0fd412a8e36a8414d1,8d0ebc6b88e7f378b65f3fdc6c74c8ea98708e21
MS_report,5.4 Operating characteristics,"pre-specified 10,000-trial value",results/oc/p2_interpretation.csv,"model=='k2020' & scenario=='V2_up_080' & config=='P2' :: pass_pct_prereg [lo_prereg, hi_prereg]",5.32000000000000; 4.89702817745753; 5.77728591694613,5.32% (95% CI 4.90 to 5.78),4a44d10a6f7f1d3a908463551c829a2d9d7f6656ee1a5e0fd412a8e36a8414d1,8d0ebc6b88e7f378b65f3fdc6c74c8ea98708e21
MS_report,5.4 Operating characteristics,pre-specified trials,results/oc/p2_interpretation.csv,model=='k2020' & scenario=='V2_up_080' & config=='P2' :: n_trials_prereg,10000,"10,000",4a44d10a6f7f1d3a908463551c829a2d9d7f6656ee1a5e0fd412a8e36a8414d1,8d0ebc6b88e7f378b65f3fdc6c74c8ea98708e21
MS_report,5.4 Operating characteristics,G2_Aii cells above 5% (point),results/oc/g2_rules_flags.csv,count of rows [region=='boundary' & config=='G2_Aii' & gt5_point==TRUE],12,12,315f676f4f188231888ef499414b01c03e0a448a1f8886af5b24d1a50fbdfdd6,8d0ebc6b88e7f378b65f3fdc6c74c8ea98708e21
MS_report,5.4 Operating characteristics,G2_Aii cells with Wilson lower bound above 5%,results/oc/g2_rules_flags.csv,count of rows [region=='boundary' & config=='G2_Aii' & gt5_lower==TRUE],12,12,315f676f4f188231888ef499414b01c03e0a448a1f8886af5b24d1a50fbdfdd6,8d0ebc6b88e7f378b65f3fdc6c74c8ea98708e21
MS_report,5.4 Operating characteristics,G2_Aii largest boundary pass rate,results/oc/g2_rules_flags.csv,"region=='boundary' & config=='G2_Aii' & model=='k2020' & scenario=='Vmax_down_125' :: pass_pct [lo, hi]",27.6000000000000; 26.7325907809694; 28.4846123460370,27.60% (95% CI 26.73 to 28.48),315f676f4f188231888ef499414b01c03e0a448a1f8886af5b24d1a50fbdfdd6,8d0ebc6b88e7f378b65f3fdc6c74c8ea98708e21
MS_report,5.4 Operating characteristics,G2_Ai cells above 5% (point),results/oc/g2_rules_flags.csv,count of rows [region=='boundary' & config=='G2_Ai' & gt5_point==TRUE],8,8,315f676f4f188231888ef499414b01c03e0a448a1f8886af5b24d1a50fbdfdd6,8d0ebc6b88e7f378b65f3fdc6c74c8ea98708e21
MS_report,5.4 Operating characteristics,G2_Ai cells with Wilson lower bound above 5%,results/oc/g2_rules_flags.csv,count of rows [region=='boundary' & config=='G2_Ai' & gt5_lower==TRUE],8,8,315f676f4f188231888ef499414b01c03e0a448a1f8886af5b24d1a50fbdfdd6,8d0ebc6b88e7f378b65f3fdc6c74c8ea98708e21
MS_report,5.4 Operating characteristics,G2_Ai largest boundary pass rate,results/oc/g2_rules_flags.csv,"region=='boundary' & config=='G2_Ai' & model=='k2016' & scenario=='Vmax_up_080' :: pass_pct [lo, hi]",19.9100000000000; 19.1389599810810; 20.7041490408663,19.91% (95% CI 19.14 to 20.70),315f676f4f188231888ef499414b01c03e0a448a1f8886af5b24d1a50fbdfdd6,8d0ebc6b88e7f378b65f3fdc6c74c8ea98708e21
MS_report,5.4 Operating characteristics,G2_B cells above 5% (point),results/oc/g2_rules_flags.csv,count of rows [region=='boundary' & config=='G2_B' & gt5_point==TRUE],8,8,315f676f4f188231888ef499414b01c03e0a448a1f8886af5b24d1a50fbdfdd6,8d0ebc6b88e7f378b65f3fdc6c74c8ea98708e21
MS_report,5.4 Operating characteristics,G2_B cells with Wilson lower bound above 5%,results/oc/g2_rules_flags.csv,count of rows [region=='boundary' & config=='G2_B' & gt5_lower==TRUE],6,6,315f676f4f188231888ef499414b01c03e0a448a1f8886af5b24d1a50fbdfdd6,8d0ebc6b88e7f378b65f3fdc6c74c8ea98708e21
MS_report,5.4 Operating characteristics,G2_B largest boundary pass rate,results/oc/g2_rules_flags.csv,"region=='boundary' & config=='G2_B' & model=='k2016' & scenario=='Vmax_up_080' :: pass_pct [lo, hi]",15.0600000000000; 14.3724252150584; 15.7744085910845,15.06% (95% CI 14.37 to 15.77),315f676f4f188231888ef499414b01c03e0a448a1f8886af5b24d1a50fbdfdd6,8d0ebc6b88e7f378b65f3fdc6c74c8ea98708e21
MS_report,5.4 Operating characteristics,G2_Cii cells above 5% (point),results/oc/g2_rules_flags.csv,count of rows [region=='boundary' & config=='G2_Cii' & gt5_point==TRUE],1,1,315f676f4f188231888ef499414b01c03e0a448a1f8886af5b24d1a50fbdfdd6,8d0ebc6b88e7f378b65f3fdc6c74c8ea98708e21
MS_report,5.4 Operating characteristics,G2_Cii cells with Wilson lower bound above 5%,results/oc/g2_rules_flags.csv,count of rows [region=='boundary' & config=='G2_Cii' & gt5_lower==TRUE],0,0,315f676f4f188231888ef499414b01c03e0a448a1f8886af5b24d1a50fbdfdd6,8d0ebc6b88e7f378b65f3fdc6c74c8ea98708e21
MS_report,5.4 Operating characteristics,G2_Cii largest boundary pass rate,results/oc/g2_rules_flags.csv,"region=='boundary' & config=='G2_Cii' & model=='k2020' & scenario=='V2_up_080' :: pass_pct [lo, hi]",5.00500000000000; 4.71135239078929; 5.31592893389957,5.01% (95% CI 4.71 to 5.32),315f676f4f188231888ef499414b01c03e0a448a1f8886af5b24d1a50fbdfdd6,8d0ebc6b88e7f378b65f3fdc6c74c8ea98708e21
MS_report,5.4 Operating characteristics,G2_Ci cells above 5% (point),results/oc/g2_rules_flags.csv,count of rows [region=='boundary' & config=='G2_Ci' & gt5_point==TRUE],0,0,315f676f4f188231888ef499414b01c03e0a448a1f8886af5b24d1a50fbdfdd6,8d0ebc6b88e7f378b65f3fdc6c74c8ea98708e21
MS_report,5.4 Operating characteristics,G2_Ci cells with Wilson lower bound above 5%,results/oc/g2_rules_flags.csv,count of rows [region=='boundary' & config=='G2_Ci' & gt5_lower==TRUE],0,0,315f676f4f188231888ef499414b01c03e0a448a1f8886af5b24d1a50fbdfdd6,8d0ebc6b88e7f378b65f3fdc6c74c8ea98708e21
MS_report,5.4 Operating characteristics,G2_Ci largest boundary pass rate,results/oc/g2_rules_flags.csv,"region=='boundary' & config=='G2_Ci' & model=='k2020' & scenario=='V2_up_080' :: pass_pct [lo, hi]",4.62500000000000; 4.34253528496361; 4.92489198712789,4.63% (95% CI 4.34 to 4.92),315f676f4f188231888ef499414b01c03e0a448a1f8886af5b24d1a50fbdfdd6,8d0ebc6b88e7f378b65f3fdc6c74c8ea98708e21
MS_report,5.4 Operating characteristics,AUCinf_Ai cells above 5% (point),results/oc/g2_rules_flags.csv,count of rows [region=='boundary' & config=='AUCinf_Ai' & gt5_point==TRUE],10,10,315f676f4f188231888ef499414b01c03e0a448a1f8886af5b24d1a50fbdfdd6,8d0ebc6b88e7f378b65f3fdc6c74c8ea98708e21
MS_report,5.4 Operating characteristics,AUCinf_Ai cells with Wilson lower bound above 5%,results/oc/g2_rules_flags.csv,count of rows [region=='boundary' & config=='AUCinf_Ai' & gt5_lower==TRUE],10,10,315f676f4f188231888ef499414b01c03e0a448a1f8886af5b24d1a50fbdfdd6,8d0ebc6b88e7f378b65f3fdc6c74c8ea98708e21
MS_report,5.4 Operating characteristics,AUCinf_Ai largest boundary pass rate,results/oc/g2_rules_flags.csv,"region=='boundary' & config=='AUCinf_Ai' & model=='k2020' & scenario=='ka_down_080' :: pass_pct [lo, hi]",38.1200000000000; 37.1728154228553; 39.0763083784320,38.12% (95% CI 37.17 to 39.08),315f676f4f188231888ef499414b01c03e0a448a1f8886af5b24d1a50fbdfdd6,8d0ebc6b88e7f378b65f3fdc6c74c8ea98708e21
MS_report,5.4 Operating characteristics,AUCinf_Aii cells above 5% (point),results/oc/g2_rules_flags.csv,count of rows [region=='boundary' & config=='AUCinf_Aii' & gt5_point==TRUE],14,14,315f676f4f188231888ef499414b01c03e0a448a1f8886af5b24d1a50fbdfdd6,8d0ebc6b88e7f378b65f3fdc6c74c8ea98708e21
MS_report,5.4 Operating characteristics,AUCinf_Aii cells with Wilson lower bound above 5%,results/oc/g2_rules_flags.csv,count of rows [region=='boundary' & config=='AUCinf_Aii' & gt5_lower==TRUE],14,14,315f676f4f188231888ef499414b01c03e0a448a1f8886af5b24d1a50fbdfdd6,8d0ebc6b88e7f378b65f3fdc6c74c8ea98708e21
MS_report,5.4 Operating characteristics,AUCinf_Aii largest boundary pass rate,results/oc/g2_rules_flags.csv,"region=='boundary' & config=='AUCinf_Aii' & model=='k2020' & scenario=='ka_down_080' :: pass_pct [lo, hi]",36.5300000000000; 35.5915890377664; 37.4787558783396,36.53% (95% CI 35.59 to 37.48),315f676f4f188231888ef499414b01c03e0a448a1f8886af5b24d1a50fbdfdd6,8d0ebc6b88e7f378b65f3fdc6c74c8ea98708e21
MS_report,5.4 Operating characteristics,"power identical products, P2",results/oc/power.csv,"model=='k2016' & scenario=='S00' & config=='P2' :: pass_pct [lo, hi]",99.5500000000000; 99.3984428906251; 99.6635028708408,99.6% (95% CI 99.4 to 99.7),d764a878d136add693dba8b8849b09502c2d047349ff3d6c5b41f807ac5cb188,8d0ebc6b88e7f378b65f3fdc6c74c8ea98708e21
MS_report,5.4 Operating characteristics,"power identical products, P2",results/oc/power.csv,"model=='k2020' & scenario=='S00' & config=='P2' :: pass_pct [lo, hi]",99.0000000000000; 98.7853017744885; 99.1770663851852,99.0% (95% CI 98.8 to 99.2),d764a878d136add693dba8b8849b09502c2d047349ff3d6c5b41f807ac5cb188,8d0ebc6b88e7f378b65f3fdc6c74c8ea98708e21
MS_report,5.4 Operating characteristics,"power identical products, G2",results/oc/power.csv,"model=='k2016' & scenario=='S00' & config=='G2' :: pass_pct [lo, hi]",99.3300000000000; 99.1500780525033; 99.4720366682458,99.3% (95% CI 99.2 to 99.5),d764a878d136add693dba8b8849b09502c2d047349ff3d6c5b41f807ac5cb188,8d0ebc6b88e7f378b65f3fdc6c74c8ea98708e21
MS_report,5.4 Operating characteristics,"power identical products, G2",results/oc/power.csv,"model=='k2020' & scenario=='S00' & config=='G2' :: pass_pct [lo, hi]",98.8800000000000; 98.6541590683063; 99.0683012509764,98.9% (95% CI 98.7 to 99.1),d764a878d136add693dba8b8849b09502c2d047349ff3d6c5b41f807ac5cb188,8d0ebc6b88e7f378b65f3fdc6c74c8ea98708e21
MS_report,5.2 Coverage,extrap_true_median,results/rationale/pillar1_coverage_B0.csv,model=='k2016' & group=='all' :: extrap_true_median,0.652050053461906,0.65,f5bd530b5e2198d6fc9ae9dcf29e9fda50cb699af423210a732c31d1ccf6cbb6,8d0ebc6b88e7f378b65f3fdc6c74c8ea98708e21
MS_report,5.2 Coverage,extrap_true_median,results/rationale/pillar1_coverage_B0.csv,model=='k2020' & group=='all' :: extrap_true_median,0.640350151289987,0.64,f5bd530b5e2198d6fc9ae9dcf29e9fda50cb699af423210a732c31d1ccf6cbb6,8d0ebc6b88e7f378b65f3fdc6c74c8ea98708e21
MS_report,5.2 Coverage,extrap_true_p95,results/rationale/pillar1_coverage_B0.csv,model=='k2016' & group=='all' :: extrap_true_p95,3.6326565403682,3.63,f5bd530b5e2198d6fc9ae9dcf29e9fda50cb699af423210a732c31d1ccf6cbb6,8d0ebc6b88e7f378b65f3fdc6c74c8ea98708e21
MS_report,5.2 Coverage,extrap_true_p95,results/rationale/pillar1_coverage_B0.csv,model=='k2020' & group=='all' :: extrap_true_p95,3.53955961566025,3.54,f5bd530b5e2198d6fc9ae9dcf29e9fda50cb699af423210a732c31d1ccf6cbb6,8d0ebc6b88e7f378b65f3fdc6c74c8ea98708e21
MS_report,5.2 Coverage,extrap_true_max,results/rationale/pillar1_coverage_B0.csv,model=='k2016' & group=='all' :: extrap_true_max,15.2235638120948,15.2,f5bd530b5e2198d6fc9ae9dcf29e9fda50cb699af423210a732c31d1ccf6cbb6,8d0ebc6b88e7f378b65f3fdc6c74c8ea98708e21
MS_report,5.2 Coverage,extrap_true_max,results/rationale/pillar1_coverage_B0.csv,model=='k2020' & group=='all' :: extrap_true_max,15.6840265147787,15.7,f5bd530b5e2198d6fc9ae9dcf29e9fda50cb699af423210a732c31d1ccf6cbb6,8d0ebc6b88e7f378b65f3fdc6c74c8ea98708e21
MS_report,5.2 Coverage,coverage_lt80_pct_ci,results/rationale/pillar1_coverage_B0.csv,model=='k2016' & group=='all' :: coverage_lt80_pct_ci,"0.00 [0.00, 0.02]","0.00 [0.00, 0.02]",f5bd530b5e2198d6fc9ae9dcf29e9fda50cb699af423210a732c31d1ccf6cbb6,8d0ebc6b88e7f378b65f3fdc6c74c8ea98708e21
MS_report,5.2 Coverage,coverage_lt80_pct_ci,results/rationale/pillar1_coverage_B0.csv,model=='k2020' & group=='all' :: coverage_lt80_pct_ci,"0.00 [0.00, 0.02]","0.00 [0.00, 0.02]",f5bd530b5e2198d6fc9ae9dcf29e9fda50cb699af423210a732c31d1ccf6cbb6,8d0ebc6b88e7f378b65f3fdc6c74c8ea98708e21
MS_report,5.2 Coverage,extrap_nca_median,results/rationale/pillar1_coverage_B0.csv,model=='k2016' & group=='all' :: extrap_nca_median,2.74409890951039,2.7,f5bd530b5e2198d6fc9ae9dcf29e9fda50cb699af423210a732c31d1ccf6cbb6,8d0ebc6b88e7f378b65f3fdc6c74c8ea98708e21
MS_report,5.2 Coverage,extrap_nca_median,results/rationale/pillar1_coverage_B0.csv,model=='k2020' & group=='all' :: extrap_nca_median,2.94855018608216,2.9,f5bd530b5e2198d6fc9ae9dcf29e9fda50cb699af423210a732c31d1ccf6cbb6,8d0ebc6b88e7f378b65f3fdc6c74c8ea98708e21
MS_report,5.3 Reliability,reliable_i_pct,results/reliability/reliability_two_flag_sets_summary.csv,variant=='base' :: reliable_i_pct,86.565,86.6,7db4ea795f34f68f0d1a06469b5b810b25cc110a1bca6b68ae147af1d29cc920,8d0ebc6b88e7f378b65f3fdc6c74c8ea98708e21
MS_report,5.3 Reliability,reliable_i_pct,results/reliability/reliability_two_flag_sets_summary.csv,variant=='struct2020' :: reliable_i_pct,91.835,91.8,7db4ea795f34f68f0d1a06469b5b810b25cc110a1bca6b68ae147af1d29cc920,8d0ebc6b88e7f378b65f3fdc6c74c8ea98708e21
MS_report,5.3 Reliability,reliable_ii_pct,results/reliability/reliability_two_flag_sets_summary.csv,variant=='base' :: reliable_ii_pct,80.735,80.7,7db4ea795f34f68f0d1a06469b5b810b25cc110a1bca6b68ae147af1d29cc920,8d0ebc6b88e7f378b65f3fdc6c74c8ea98708e21
MS_report,5.3 Reliability,reliable_ii_pct,results/reliability/reliability_two_flag_sets_summary.csv,variant=='struct2020' :: reliable_ii_pct,83.915,83.9,7db4ea795f34f68f0d1a06469b5b810b25cc110a1bca6b68ae147af1d29cc920,8d0ebc6b88e7f378b65f3fdc6c74c8ea98708e21
MS_report,5.3 Reliability,"share failing the criteria, 100 - reliable_i_pct, two models",results/reliability/reliability_two_flag_sets_summary.csv,"variant %in% c('base','struct2020') :: 100 - reliable_i_pct",8.16500000000001; 13.43500000000000,8.2 to 13.4,7db4ea795f34f68f0d1a06469b5b810b25cc110a1bca6b68ae147af1d29cc920,8d0ebc6b88e7f378b65f3fdc6c74c8ea98708e21
MS_report,5.3 Reliability,"share failing the criteria, 100 - reliable_ii_pct, two models",results/reliability/reliability_two_flag_sets_summary.csv,"variant %in% c('base','struct2020') :: 100 - reliable_ii_pct",16.085; 19.265,16.1 to 19.3,7db4ea795f34f68f0d1a06469b5b810b25cc110a1bca6b68ae147af1d29cc920,8d0ebc6b88e7f378b65f3fdc6c74c8ea98708e21
MS_report,5.1 Terminal phase,lloq_studyday_median,results/cliff/cliff_summary.csv,model=='k2016' & weight=='base' :: lloq_studyday_median,38.4647596937202,38.5,f853aba868c8cd024ca3a2c4a971159d7aece8f76fb8f2156c300c88e0dfd115,8d0ebc6b88e7f378b65f3fdc6c74c8ea98708e21
MS_report,5.1 Terminal phase,lloq_studyday_median,results/cliff/cliff_summary.csv,model=='k2020' & weight=='base' :: lloq_studyday_median,40.7685378859273,40.8,f853aba868c8cd024ca3a2c4a971159d7aece8f76fb8f2156c300c88e0dfd115,8d0ebc6b88e7f378b65f3fdc6c74c8ea98708e21
MS_report,5.1 Terminal phase,lloq_studyday_p05,results/cliff/cliff_summary.csv,model=='k2016' & weight=='base' :: lloq_studyday_p05,27.1952125885761,27.2,f853aba868c8cd024ca3a2c4a971159d7aece8f76fb8f2156c300c88e0dfd115,8d0ebc6b88e7f378b65f3fdc6c74c8ea98708e21
MS_report,5.1 Terminal phase,lloq_studyday_p05,results/cliff/cliff_summary.csv,model=='k2020' & weight=='base' :: lloq_studyday_p05,28.7255249421131,28.7,f853aba868c8cd024ca3a2c4a971159d7aece8f76fb8f2156c300c88e0dfd115,8d0ebc6b88e7f378b65f3fdc6c74c8ea98708e21
MS_report,5.1 Terminal phase,lloq_studyday_p95,results/cliff/cliff_summary.csv,model=='k2016' & weight=='base' :: lloq_studyday_p95,54.2389099403096,54.2,f853aba868c8cd024ca3a2c4a971159d7aece8f76fb8f2156c300c88e0dfd115,8d0ebc6b88e7f378b65f3fdc6c74c8ea98708e21
MS_report,5.1 Terminal phase,lloq_studyday_p95,results/cliff/cliff_summary.csv,model=='k2020' & weight=='base' :: lloq_studyday_p95,57.5793756314783,57.6,f853aba868c8cd024ca3a2c4a971159d7aece8f76fb8f2156c300c88e0dfd115,8d0ebc6b88e7f378b65f3fdc6c74c8ea98708e21
MS_report,5.1 Terminal phase,lloq_after_day58_pct,results/cliff/cliff_summary.csv,model=='k2016' & weight=='base' :: lloq_after_day58_pct,2.47,2.5,f853aba868c8cd024ca3a2c4a971159d7aece8f76fb8f2156c300c88e0dfd115,8d0ebc6b88e7f378b65f3fdc6c74c8ea98708e21
MS_report,5.1 Terminal phase,lloq_after_day58_pct,results/cliff/cliff_summary.csv,model=='k2020' & weight=='base' :: lloq_after_day58_pct,4.595,4.6,f853aba868c8cd024ca3a2c4a971159d7aece8f76fb8f2156c300c88e0dfd115,8d0ebc6b88e7f378b65f3fdc6c74c8ea98708e21
MS_report,5.1 Terminal phase,c_start1_median,results/cliff/cliff_summary.csv,model=='k2016' & weight=='base' :: c_start1_median,0.879043200268077,0.88,f853aba868c8cd024ca3a2c4a971159d7aece8f76fb8f2156c300c88e0dfd115,8d0ebc6b88e7f378b65f3fdc6c74c8ea98708e21
MS_report,5.1 Terminal phase,c_start1_median,results/cliff/cliff_summary.csv,model=='k2020' & weight=='base' :: c_start1_median,0.890140885272395,0.89,f853aba868c8cd024ca3a2c4a971159d7aece8f76fb8f2156c300c88e0dfd115,8d0ebc6b88e7f378b65f3fdc6c74c8ea98708e21
MS_report,5.1 Terminal phase,len1_median,results/cliff/cliff_summary.csv,model=='k2016' & weight=='base' :: len1_median,1.3815220572994,1.38,f853aba868c8cd024ca3a2c4a971159d7aece8f76fb8f2156c300c88e0dfd115,8d0ebc6b88e7f378b65f3fdc6c74c8ea98708e21
MS_report,5.1 Terminal phase,len1_median,results/cliff/cliff_summary.csv,model=='k2020' & weight=='base' :: len1_median,1.38301245217869,1.38,f853aba868c8cd024ca3a2c4a971159d7aece8f76fb8f2156c300c88e0dfd115,8d0ebc6b88e7f378b65f3fdc6c74c8ea98708e21
MS_report,5.1 Terminal phase,len1_p95,results/cliff/cliff_summary.csv,model=='k2016' & weight=='base' :: len1_p95,1.4285785279045,1.43,f853aba868c8cd024ca3a2c4a971159d7aece8f76fb8f2156c300c88e0dfd115,8d0ebc6b88e7f378b65f3fdc6c74c8ea98708e21
MS_report,5.1 Terminal phase,len1_p95,results/cliff/cliff_summary.csv,model=='k2020' & weight=='base' :: len1_p95,1.42223477258374,1.42,f853aba868c8cd024ca3a2c4a971159d7aece8f76fb8f2156c300c88e0dfd115,8d0ebc6b88e7f378b65f3fdc6c74c8ea98708e21
MS_report,5.1 Terminal phase,len2_median,results/cliff/cliff_summary.csv,model=='k2016' & weight=='base' :: len2_median,2.94085101477083,2.94,f853aba868c8cd024ca3a2c4a971159d7aece8f76fb8f2156c300c88e0dfd115,8d0ebc6b88e7f378b65f3fdc6c74c8ea98708e21
MS_report,5.1 Terminal phase,len2_median,results/cliff/cliff_summary.csv,model=='k2020' & weight=='base' :: len2_median,2.93655451908038,2.94,f853aba868c8cd024ca3a2c4a971159d7aece8f76fb8f2156c300c88e0dfd115,8d0ebc6b88e7f378b65f3fdc6c74c8ea98708e21
MS_report,5.6 Target binding,true AUC0-inf ratio range over Km x0.01 to x100 (range ends and reached rows),results/oc/inversion_all.csv,"mechanism=='Km' :: end_auc_ratio, auc_ratio",0.998949506997432; 1.058748397272760,0.999 to 1.059,7b0f06ec39b8c6d76e4b02d5301502fb01167a0cb730bc1e5fea08e64726541f,8d0ebc6b88e7f378b65f3fdc6c74c8ea98708e21
MS_report,5.6 Target binding,multiplier,results/oc/inversion_all.csv,mechanism=='Km' & reachable==TRUE & model=='k2016' :: multiplier,84.0386692344027,84,7b0f06ec39b8c6d76e4b02d5301502fb01167a0cb730bc1e5fea08e64726541f,8d0ebc6b88e7f378b65f3fdc6c74c8ea98708e21
MS_report,5.6 Target binding,multiplier,results/oc/inversion_all.csv,mechanism=='Km' & reachable==TRUE & model=='k2020' :: multiplier,91.947868631888,92,7b0f06ec39b8c6d76e4b02d5301502fb01167a0cb730bc1e5fea08e64726541f,8d0ebc6b88e7f378b65f3fdc6c74c8ea98708e21
MS_report,5.9 Analysis model,M0 P2 cells conservative,results/oc_models/type1_models.csv,count of rows [analysis_model=='M0' & config=='P2' & class=='conservative'],15,15,d6e5c650fb4d6d241a554f896de38205ac2c890bfa442f4f9cb2749c70b5f261,8d0ebc6b88e7f378b65f3fdc6c74c8ea98708e21
MS_report,5.9 Analysis model,M0 P2 cells nominal,results/oc_models/type1_models.csv,count of rows [analysis_model=='M0' & config=='P2' & class=='nominal'],1,1,d6e5c650fb4d6d241a554f896de38205ac2c890bfa442f4f9cb2749c70b5f261,8d0ebc6b88e7f378b65f3fdc6c74c8ea98708e21
MS_report,5.9 Analysis model,M0 P2 cells exceeding,results/oc_models/type1_models.csv,count of rows [analysis_model=='M0' & config=='P2' & class=='exceeding'],0,0,d6e5c650fb4d6d241a554f896de38205ac2c890bfa442f4f9cb2749c70b5f261,8d0ebc6b88e7f378b65f3fdc6c74c8ea98708e21
MS_report,5.9 Analysis model,M1 P2 cells conservative,results/oc_models/type1_models.csv,count of rows [analysis_model=='M1' & config=='P2' & class=='conservative'],15,15,d6e5c650fb4d6d241a554f896de38205ac2c890bfa442f4f9cb2749c70b5f261,8d0ebc6b88e7f378b65f3fdc6c74c8ea98708e21
MS_report,5.9 Analysis model,M1 P2 cells nominal,results/oc_models/type1_models.csv,count of rows [analysis_model=='M1' & config=='P2' & class=='nominal'],0,0,d6e5c650fb4d6d241a554f896de38205ac2c890bfa442f4f9cb2749c70b5f261,8d0ebc6b88e7f378b65f3fdc6c74c8ea98708e21
MS_report,5.9 Analysis model,M1 P2 cells exceeding,results/oc_models/type1_models.csv,count of rows [analysis_model=='M1' & config=='P2' & class=='exceeding'],1,1,d6e5c650fb4d6d241a554f896de38205ac2c890bfa442f4f9cb2749c70b5f261,8d0ebc6b88e7f378b65f3fdc6c74c8ea98708e21
MS_report,5.9 Analysis model,M2 P2 cells conservative,results/oc_models/type1_models.csv,count of rows [analysis_model=='M2' & config=='P2' & class=='conservative'],15,15,d6e5c650fb4d6d241a554f896de38205ac2c890bfa442f4f9cb2749c70b5f261,8d0ebc6b88e7f378b65f3fdc6c74c8ea98708e21
MS_report,5.9 Analysis model,M2 P2 cells nominal,results/oc_models/type1_models.csv,count of rows [analysis_model=='M2' & config=='P2' & class=='nominal'],0,0,d6e5c650fb4d6d241a554f896de38205ac2c890bfa442f4f9cb2749c70b5f261,8d0ebc6b88e7f378b65f3fdc6c74c8ea98708e21
MS_report,5.9 Analysis model,M2 P2 cells exceeding,results/oc_models/type1_models.csv,count of rows [analysis_model=='M2' & config=='P2' & class=='exceeding'],1,1,d6e5c650fb4d6d241a554f896de38205ac2c890bfa442f4f9cb2749c70b5f261,8d0ebc6b88e7f378b65f3fdc6c74c8ea98708e21
MS_report,5.9 Analysis model,P2 M0 V2_up_080,results/oc_models/p2_decomposition_models.csv,"pk_model=='k2020' & scenario=='V2_up_080' & analysis_model=='M0' :: p2_pct [lo, hi]",5.18000000000000; 4.88136778412433; 5.49584632794489,5.18% (95% CI 4.88 to 5.50),fe790d12806d3723abd2f8487d6f987498b247683354cade26ddb18fc6217f2f,8d0ebc6b88e7f378b65f3fdc6c74c8ea98708e21
MS_report,5.9 Analysis model,class M0,results/oc_models/p2_decomposition_models.csv,pk_model=='k2020' & scenario=='V2_up_080' & analysis_model=='M0' :: class,nominal,nominal,fe790d12806d3723abd2f8487d6f987498b247683354cade26ddb18fc6217f2f,8d0ebc6b88e7f378b65f3fdc6c74c8ea98708e21
MS_report,5.9 Analysis model,P2 M1 V2_up_080,results/oc_models/p2_decomposition_models.csv,"pk_model=='k2020' & scenario=='V2_up_080' & analysis_model=='M1' :: p2_pct [lo, hi]",5.62500000000000; 5.31412097634036; 5.95292222363892,5.63% (95% CI 5.31 to 5.95),fe790d12806d3723abd2f8487d6f987498b247683354cade26ddb18fc6217f2f,8d0ebc6b88e7f378b65f3fdc6c74c8ea98708e21
MS_report,5.9 Analysis model,class M1,results/oc_models/p2_decomposition_models.csv,pk_model=='k2020' & scenario=='V2_up_080' & analysis_model=='M1' :: class,exceeding,exceeding,fe790d12806d3723abd2f8487d6f987498b247683354cade26ddb18fc6217f2f,8d0ebc6b88e7f378b65f3fdc6c74c8ea98708e21
MS_report,5.9 Analysis model,P2 M2 V2_up_080,results/oc_models/p2_decomposition_models.csv,"pk_model=='k2020' & scenario=='V2_up_080' & analysis_model=='M2' :: p2_pct [lo, hi]",5.74500000000000; 5.43091711656911; 6.07607999475671,5.75% (95% CI 5.43 to 6.08),fe790d12806d3723abd2f8487d6f987498b247683354cade26ddb18fc6217f2f,8d0ebc6b88e7f378b65f3fdc6c74c8ea98708e21
MS_report,5.9 Analysis model,class M2,results/oc_models/p2_decomposition_models.csv,pk_model=='k2020' & scenario=='V2_up_080' & analysis_model=='M2' :: class,exceeding,exceeding,fe790d12806d3723abd2f8487d6f987498b247683354cade26ddb18fc6217f2f,8d0ebc6b88e7f378b65f3fdc6c74c8ea98708e21
MS_report,5.9 Analysis model,AUC0-last bias,results/oc_models/p2_decomposition_models.csv,pk_model=='k2020' & scenario=='V2_up_080' & analysis_model=='M0' :: auclast_bias_pct,0.412047249423009,0.41,fe790d12806d3723abd2f8487d6f987498b247683354cade26ddb18fc6217f2f,8d0ebc6b88e7f378b65f3fdc6c74c8ea98708e21
MS_report,5.9 Analysis model,unbiased reference,results/oc_models/p2_decomposition_models.csv,pk_model=='k2020' & scenario=='V2_up_080' & analysis_model=='M0' :: ref_pct,4.585,4.59,fe790d12806d3723abd2f8487d6f987498b247683354cade26ddb18fc6217f2f,8d0ebc6b88e7f378b65f3fdc6c74c8ea98708e21
MS_report,5.9 Analysis model,AUC0-last alone,results/oc_models/p2_decomposition_models.csv,pk_model=='k2020' & scenario=='V2_up_080' & analysis_model=='M0' :: auclast_pct,5.195,5.20,fe790d12806d3723abd2f8487d6f987498b247683354cade26ddb18fc6217f2f,8d0ebc6b88e7f378b65f3fdc6c74c8ea98708e21
MS_report,5.9 Analysis model,Cmax term,results/oc_models/p2_decomposition_models.csv,pk_model=='k2020' & scenario=='V2_up_080' & analysis_model=='M0' :: p2_minus_auclast_pp,-0.0150000000000006,-0.02,fe790d12806d3723abd2f8487d6f987498b247683354cade26ddb18fc6217f2f,8d0ebc6b88e7f378b65f3fdc6c74c8ea98708e21
MS_report,5.9 Analysis model,AUC0-last bias,results/oc_models/p2_decomposition_models.csv,pk_model=='k2020' & scenario=='V2_up_080' & analysis_model=='M1' :: auclast_bias_pct,0.411740547589035,0.41,fe790d12806d3723abd2f8487d6f987498b247683354cade26ddb18fc6217f2f,8d0ebc6b88e7f378b65f3fdc6c74c8ea98708e21
MS_report,5.9 Analysis model,unbiased reference,results/oc_models/p2_decomposition_models.csv,pk_model=='k2020' & scenario=='V2_up_080' & analysis_model=='M1' :: ref_pct,4.94,4.94,fe790d12806d3723abd2f8487d6f987498b247683354cade26ddb18fc6217f2f,8d0ebc6b88e7f378b65f3fdc6c74c8ea98708e21
MS_report,5.9 Analysis model,AUC0-last alone,results/oc_models/p2_decomposition_models.csv,pk_model=='k2020' & scenario=='V2_up_080' & analysis_model=='M1' :: auclast_pct,5.645,5.65,fe790d12806d3723abd2f8487d6f987498b247683354cade26ddb18fc6217f2f,8d0ebc6b88e7f378b65f3fdc6c74c8ea98708e21
MS_report,5.9 Analysis model,Cmax term,results/oc_models/p2_decomposition_models.csv,pk_model=='k2020' & scenario=='V2_up_080' & analysis_model=='M1' :: p2_minus_auclast_pp,-0.0199999999999996,-0.02,fe790d12806d3723abd2f8487d6f987498b247683354cade26ddb18fc6217f2f,8d0ebc6b88e7f378b65f3fdc6c74c8ea98708e21
MS_report,5.9 Analysis model,AUC0-last bias,results/oc_models/p2_decomposition_models.csv,pk_model=='k2020' & scenario=='V2_up_080' & analysis_model=='M2' :: auclast_bias_pct,0.408333077832301,0.41,fe790d12806d3723abd2f8487d6f987498b247683354cade26ddb18fc6217f2f,8d0ebc6b88e7f378b65f3fdc6c74c8ea98708e21
MS_report,5.9 Analysis model,unbiased reference,results/oc_models/p2_decomposition_models.csv,pk_model=='k2020' & scenario=='V2_up_080' & analysis_model=='M2' :: ref_pct,4.965,4.97,fe790d12806d3723abd2f8487d6f987498b247683354cade26ddb18fc6217f2f,8d0ebc6b88e7f378b65f3fdc6c74c8ea98708e21
MS_report,5.9 Analysis model,AUC0-last alone,results/oc_models/p2_decomposition_models.csv,pk_model=='k2020' & scenario=='V2_up_080' & analysis_model=='M2' :: auclast_pct,5.77,5.77,fe790d12806d3723abd2f8487d6f987498b247683354cade26ddb18fc6217f2f,8d0ebc6b88e7f378b65f3fdc6c74c8ea98708e21
MS_report,5.9 Analysis model,Cmax term,results/oc_models/p2_decomposition_models.csv,pk_model=='k2020' & scenario=='V2_up_080' & analysis_model=='M2' :: p2_minus_auclast_pp,-0.0250000000000004,-0.03,fe790d12806d3723abd2f8487d6f987498b247683354cade26ddb18fc6217f2f,8d0ebc6b88e7f378b65f3fdc6c74c8ea98708e21
MS_report,5.9 Analysis model,V2 multiplier k2016,results/oc_models/p2_decomposition_models.csv,pk_model=='k2016' & mechanism=='V2' & analysis_model=='M0' :: multiplier,3.21003979693093,3.21,fe790d12806d3723abd2f8487d6f987498b247683354cade26ddb18fc6217f2f,8d0ebc6b88e7f378b65f3fdc6c74c8ea98708e21
MS_report,5.9 Analysis model,V2 multiplier k2020,results/oc_models/p2_decomposition_models.csv,pk_model=='k2020' & mechanism=='V2' & analysis_model=='M0' :: multiplier,2.27730854120339,2.28,fe790d12806d3723abd2f8487d6f987498b247683354cade26ddb18fc6217f2f,8d0ebc6b88e7f378b65f3fdc6c74c8ea98708e21
MS_report,5.9 Analysis model,regenerated M0 rows matching stored results,results/oc_models/m0_reverification.csv,sum(n_rows),1553000,"1,553,000",d744edfbc60720261b30c88b9cbdb894caf61963d2ffd77d9c5178c663a505ad,8d0ebc6b88e7f378b65f3fdc6c74c8ea98708e21
MS_report,5.10 LLOQ,LLOQ trials per cell,results/lloq/lloq_trial_type1.csv,model=='M0' & resid=='fixed' & config=='P2' & scenario=='F_down_080' & abs(lloq - 0.078) < 1e-9 :: n_trials,5000,"5,000",42dbaed7571732007275b9d983dcbf53fa368cec83e2ee83db6f9b3e0ce1c18b,8d0ebc6b88e7f378b65f3fdc6c74c8ea98708e21
MS_report,5.11 Sample size,grid cells with the analytic power inside the Wilson interval of the statistical simulation,results/sample_size/ss_power_mc.csv,count of rows [analytic_in_ci == TRUE],277,277,51d18023d55fe6564193f182235052ea6373da0dfb3a43b009dcd195ec1dd4d8,8d0ebc6b88e7f378b65f3fdc6c74c8ea98708e21
MS_report,5.11 Sample size,grid cells simulated,results/sample_size/ss_power_mc.csv,count of rows [TRUE],288,288,51d18023d55fe6564193f182235052ea6373da0dfb3a43b009dcd195ec1dd4d8,8d0ebc6b88e7f378b65f3fdc6c74c8ea98708e21
MS_report,5.11 Sample size,"largest absolute difference, analytic versus statistical simulation (points)",results/sample_size/ss_power_mc.csv,max(abs(diff_pp)),1.50339657739663,1.50,51d18023d55fe6564193f182235052ea6373da0dfb3a43b009dcd195ec1dd4d8,8d0ebc6b88e7f378b65f3fdc6c74c8ea98708e21
MS_report,5.3 Criteria convention,M0 G2_A_i cells above 5% (point),results/criteria/criteria_g2_type1.csv,count of rows [analysis_model=='M0' & config=='G2_A_i' & pass_pct > 5],8,8,b450c534a36e2e03b49bad2427de6317153e3b71210dce8caab616e43ef64981,8d0ebc6b88e7f378b65f3fdc6c74c8ea98708e21
MS_report,5.3 Criteria convention,M0 G2_A_i cells with Wilson lower bound above 5%,results/criteria/criteria_g2_type1.csv,count of rows [analysis_model=='M0' & config=='G2_A_i' & lo > 5],8,8,b450c534a36e2e03b49bad2427de6317153e3b71210dce8caab616e43ef64981,8d0ebc6b88e7f378b65f3fdc6c74c8ea98708e21
MS_report,5.3 Criteria convention,M0 G2_A_i boundary range,results/criteria/criteria_g2_type1.csv,range over 16 rows [analysis_model=='M0' & config=='G2_A_i'] :: pass_pct,0.00; 19.91,0.00% to 19.91%,b450c534a36e2e03b49bad2427de6317153e3b71210dce8caab616e43ef64981,8d0ebc6b88e7f378b65f3fdc6c74c8ea98708e21
MS_report,5.3 Criteria convention,M0 G2_A_ii cells above 5% (point),results/criteria/criteria_g2_type1.csv,count of rows [analysis_model=='M0' & config=='G2_A_ii' & pass_pct > 5],12,12,b450c534a36e2e03b49bad2427de6317153e3b71210dce8caab616e43ef64981,8d0ebc6b88e7f378b65f3fdc6c74c8ea98708e21
MS_report,5.3 Criteria convention,M0 G2_A_ii cells with Wilson lower bound above 5%,results/criteria/criteria_g2_type1.csv,count of rows [analysis_model=='M0' & config=='G2_A_ii' & lo > 5],12,12,b450c534a36e2e03b49bad2427de6317153e3b71210dce8caab616e43ef64981,8d0ebc6b88e7f378b65f3fdc6c74c8ea98708e21
MS_report,5.3 Criteria convention,M0 G2_A_ii boundary range,results/criteria/criteria_g2_type1.csv,range over 16 rows [analysis_model=='M0' & config=='G2_A_ii'] :: pass_pct,0.0; 27.6,0.00% to 27.60%,b450c534a36e2e03b49bad2427de6317153e3b71210dce8caab616e43ef64981,8d0ebc6b88e7f378b65f3fdc6c74c8ea98708e21
MS_report,5.3 Criteria convention,M0 G2_A_iii cells above 5% (point),results/criteria/criteria_g2_type1.csv,count of rows [analysis_model=='M0' & config=='G2_A_iii' & pass_pct > 5],9,9,b450c534a36e2e03b49bad2427de6317153e3b71210dce8caab616e43ef64981,8d0ebc6b88e7f378b65f3fdc6c74c8ea98708e21
MS_report,5.3 Criteria convention,M0 G2_A_iii cells with Wilson lower bound above 5%,results/criteria/criteria_g2_type1.csv,count of rows [analysis_model=='M0' & config=='G2_A_iii' & lo > 5],8,8,b450c534a36e2e03b49bad2427de6317153e3b71210dce8caab616e43ef64981,8d0ebc6b88e7f378b65f3fdc6c74c8ea98708e21
MS_report,5.3 Criteria convention,M0 G2_A_iii boundary range,results/criteria/criteria_g2_type1.csv,range over 16 rows [analysis_model=='M0' & config=='G2_A_iii'] :: pass_pct,0.00; 17.04,0.00% to 17.04%,b450c534a36e2e03b49bad2427de6317153e3b71210dce8caab616e43ef64981,8d0ebc6b88e7f378b65f3fdc6c74c8ea98708e21
MS_report,5.3 Criteria convention,M0 G2_A_iv cells above 5% (point),results/criteria/criteria_g2_type1.csv,count of rows [analysis_model=='M0' & config=='G2_A_iv' & pass_pct > 5],12,12,b450c534a36e2e03b49bad2427de6317153e3b71210dce8caab616e43ef64981,8d0ebc6b88e7f378b65f3fdc6c74c8ea98708e21
MS_report,5.3 Criteria convention,M0 G2_A_iv cells with Wilson lower bound above 5%,results/criteria/criteria_g2_type1.csv,count of rows [analysis_model=='M0' & config=='G2_A_iv' & lo > 5],9,9,b450c534a36e2e03b49bad2427de6317153e3b71210dce8caab616e43ef64981,8d0ebc6b88e7f378b65f3fdc6c74c8ea98708e21
MS_report,5.3 Criteria convention,M0 G2_A_iv boundary range,results/criteria/criteria_g2_type1.csv,range over 16 rows [analysis_model=='M0' & config=='G2_A_iv'] :: pass_pct,0.00; 27.04,0.00% to 27.04%,b450c534a36e2e03b49bad2427de6317153e3b71210dce8caab616e43ef64981,8d0ebc6b88e7f378b65f3fdc6c74c8ea98708e21
MS_report,5.3 Criteria convention,M0 G2_B cells above 5% (point),results/criteria/criteria_g2_type1.csv,count of rows [analysis_model=='M0' & config=='G2_B' & pass_pct > 5],8,8,b450c534a36e2e03b49bad2427de6317153e3b71210dce8caab616e43ef64981,8d0ebc6b88e7f378b65f3fdc6c74c8ea98708e21
MS_report,5.3 Criteria convention,M0 G2_B cells with Wilson lower bound above 5%,results/criteria/criteria_g2_type1.csv,count of rows [analysis_model=='M0' & config=='G2_B' & lo > 5],6,6,b450c534a36e2e03b49bad2427de6317153e3b71210dce8caab616e43ef64981,8d0ebc6b88e7f378b65f3fdc6c74c8ea98708e21
MS_report,5.3 Criteria convention,M0 G2_B boundary range,results/criteria/criteria_g2_type1.csv,range over 16 rows [analysis_model=='M0' & config=='G2_B'] :: pass_pct,0.00; 15.06,0.00% to 15.06%,b450c534a36e2e03b49bad2427de6317153e3b71210dce8caab616e43ef64981,8d0ebc6b88e7f378b65f3fdc6c74c8ea98708e21
MS_report,5.3 Criteria convention,M0 G2_C_i cells above 5% (point),results/criteria/criteria_g2_type1.csv,count of rows [analysis_model=='M0' & config=='G2_C_i' & pass_pct > 5],0,0,b450c534a36e2e03b49bad2427de6317153e3b71210dce8caab616e43ef64981,8d0ebc6b88e7f378b65f3fdc6c74c8ea98708e21
MS_report,5.3 Criteria convention,M0 G2_C_i cells with Wilson lower bound above 5%,results/criteria/criteria_g2_type1.csv,count of rows [analysis_model=='M0' & config=='G2_C_i' & lo > 5],0,0,b450c534a36e2e03b49bad2427de6317153e3b71210dce8caab616e43ef64981,8d0ebc6b88e7f378b65f3fdc6c74c8ea98708e21
MS_report,5.3 Criteria convention,M0 G2_C_i boundary range,results/criteria/criteria_g2_type1.csv,range over 16 rows [analysis_model=='M0' & config=='G2_C_i'] :: pass_pct,0.000; 4.625,0.00% to 4.63%,b450c534a36e2e03b49bad2427de6317153e3b71210dce8caab616e43ef64981,8d0ebc6b88e7f378b65f3fdc6c74c8ea98708e21
MS_report,5.3 Criteria convention,M0 G2_C_ii cells above 5% (point),results/criteria/criteria_g2_type1.csv,count of rows [analysis_model=='M0' & config=='G2_C_ii' & pass_pct > 5],1,1,b450c534a36e2e03b49bad2427de6317153e3b71210dce8caab616e43ef64981,8d0ebc6b88e7f378b65f3fdc6c74c8ea98708e21
MS_report,5.3 Criteria convention,M0 G2_C_ii cells with Wilson lower bound above 5%,results/criteria/criteria_g2_type1.csv,count of rows [analysis_model=='M0' & config=='G2_C_ii' & lo > 5],0,0,b450c534a36e2e03b49bad2427de6317153e3b71210dce8caab616e43ef64981,8d0ebc6b88e7f378b65f3fdc6c74c8ea98708e21
MS_report,5.3 Criteria convention,M0 G2_C_ii boundary range,results/criteria/criteria_g2_type1.csv,range over 16 rows [analysis_model=='M0' & config=='G2_C_ii'] :: pass_pct,0.000; 5.005,0.00% to 5.01%,b450c534a36e2e03b49bad2427de6317153e3b71210dce8caab616e43ef64981,8d0ebc6b88e7f378b65f3fdc6c74c8ea98708e21
MS_report,5.3 Criteria convention,M0 G2_C_iii cells above 5% (point),results/criteria/criteria_g2_type1.csv,count of rows [analysis_model=='M0' & config=='G2_C_iii' & pass_pct > 5],1,1,b450c534a36e2e03b49bad2427de6317153e3b71210dce8caab616e43ef64981,8d0ebc6b88e7f378b65f3fdc6c74c8ea98708e21
MS_report,5.3 Criteria convention,M0 G2_C_iii cells with Wilson lower bound above 5%,results/criteria/criteria_g2_type1.csv,count of rows [analysis_model=='M0' & config=='G2_C_iii' & lo > 5],0,0,b450c534a36e2e03b49bad2427de6317153e3b71210dce8caab616e43ef64981,8d0ebc6b88e7f378b65f3fdc6c74c8ea98708e21
MS_report,5.3 Criteria convention,M0 G2_C_iii boundary range,results/criteria/criteria_g2_type1.csv,range over 16 rows [analysis_model=='M0' & config=='G2_C_iii'] :: pass_pct,0.000; 5.205,0.00% to 5.21%,b450c534a36e2e03b49bad2427de6317153e3b71210dce8caab616e43ef64981,8d0ebc6b88e7f378b65f3fdc6c74c8ea98708e21
MS_report,5.3 Criteria convention,M0 G2_C_iv cells above 5% (point),results/criteria/criteria_g2_type1.csv,count of rows [analysis_model=='M0' & config=='G2_C_iv' & pass_pct > 5],1,1,b450c534a36e2e03b49bad2427de6317153e3b71210dce8caab616e43ef64981,8d0ebc6b88e7f378b65f3fdc6c74c8ea98708e21
MS_report,5.3 Criteria convention,M0 G2_C_iv cells with Wilson lower bound above 5%,results/criteria/criteria_g2_type1.csv,count of rows [analysis_model=='M0' & config=='G2_C_iv' & lo > 5],1,1,b450c534a36e2e03b49bad2427de6317153e3b71210dce8caab616e43ef64981,8d0ebc6b88e7f378b65f3fdc6c74c8ea98708e21
MS_report,5.3 Criteria convention,M0 G2_C_iv boundary range,results/criteria/criteria_g2_type1.csv,range over 16 rows [analysis_model=='M0' & config=='G2_C_iv'] :: pass_pct,0.00; 6.05,0.00% to 6.05%,b450c534a36e2e03b49bad2427de6317153e3b71210dce8caab616e43ef64981,8d0ebc6b88e7f378b65f3fdc6c74c8ea98708e21
MS_report,5.3 Criteria convention,M1 G2_A_i cells above 5% (point),results/criteria/criteria_g2_type1.csv,count of rows [analysis_model=='M1' & config=='G2_A_i' & pass_pct > 5],10,10,b450c534a36e2e03b49bad2427de6317153e3b71210dce8caab616e43ef64981,8d0ebc6b88e7f378b65f3fdc6c74c8ea98708e21
MS_report,5.3 Criteria convention,M1 G2_A_i cells with Wilson lower bound above 5%,results/criteria/criteria_g2_type1.csv,count of rows [analysis_model=='M1' & config=='G2_A_i' & lo > 5],8,8,b450c534a36e2e03b49bad2427de6317153e3b71210dce8caab616e43ef64981,8d0ebc6b88e7f378b65f3fdc6c74c8ea98708e21
MS_report,5.3 Criteria convention,M1 G2_A_i boundary range,results/criteria/criteria_g2_type1.csv,range over 16 rows [analysis_model=='M1' & config=='G2_A_i'] :: pass_pct,0.00; 20.27,0.00% to 20.27%,b450c534a36e2e03b49bad2427de6317153e3b71210dce8caab616e43ef64981,8d0ebc6b88e7f378b65f3fdc6c74c8ea98708e21
MS_report,5.3 Criteria convention,M1 G2_A_ii cells above 5% (point),results/criteria/criteria_g2_type1.csv,count of rows [analysis_model=='M1' & config=='G2_A_ii' & pass_pct > 5],12,12,b450c534a36e2e03b49bad2427de6317153e3b71210dce8caab616e43ef64981,8d0ebc6b88e7f378b65f3fdc6c74c8ea98708e21
MS_report,5.3 Criteria convention,M1 G2_A_ii cells with Wilson lower bound above 5%,results/criteria/criteria_g2_type1.csv,count of rows [analysis_model=='M1' & config=='G2_A_ii' & lo > 5],12,12,b450c534a36e2e03b49bad2427de6317153e3b71210dce8caab616e43ef64981,8d0ebc6b88e7f378b65f3fdc6c74c8ea98708e21
MS_report,5.3 Criteria convention,M1 G2_A_ii boundary range,results/criteria/criteria_g2_type1.csv,range over 16 rows [analysis_model=='M1' & config=='G2_A_ii'] :: pass_pct,0.00; 27.44,0.00% to 27.44%,b450c534a36e2e03b49bad2427de6317153e3b71210dce8caab616e43ef64981,8d0ebc6b88e7f378b65f3fdc6c74c8ea98708e21
MS_report,5.3 Criteria convention,M1 G2_A_iii cells above 5% (point),results/criteria/criteria_g2_type1.csv,count of rows [analysis_model=='M1' & config=='G2_A_iii' & pass_pct > 5],10,10,b450c534a36e2e03b49bad2427de6317153e3b71210dce8caab616e43ef64981,8d0ebc6b88e7f378b65f3fdc6c74c8ea98708e21
MS_report,5.3 Criteria convention,M1 G2_A_iii cells with Wilson lower bound above 5%,results/criteria/criteria_g2_type1.csv,count of rows [analysis_model=='M1' & config=='G2_A_iii' & lo > 5],9,9,b450c534a36e2e03b49bad2427de6317153e3b71210dce8caab616e43ef64981,8d0ebc6b88e7f378b65f3fdc6c74c8ea98708e21
MS_report,5.3 Criteria convention,M1 G2_A_iii boundary range,results/criteria/criteria_g2_type1.csv,range over 16 rows [analysis_model=='M1' & config=='G2_A_iii'] :: pass_pct,0.00; 17.47,0.00% to 17.47%,b450c534a36e2e03b49bad2427de6317153e3b71210dce8caab616e43ef64981,8d0ebc6b88e7f378b65f3fdc6c74c8ea98708e21
MS_report,5.3 Criteria convention,M1 G2_A_iv cells above 5% (point),results/criteria/criteria_g2_type1.csv,count of rows [analysis_model=='M1' & config=='G2_A_iv' & pass_pct > 5],12,12,b450c534a36e2e03b49bad2427de6317153e3b71210dce8caab616e43ef64981,8d0ebc6b88e7f378b65f3fdc6c74c8ea98708e21
MS_report,5.3 Criteria convention,M1 G2_A_iv cells with Wilson lower bound above 5%,results/criteria/criteria_g2_type1.csv,count of rows [analysis_model=='M1' & config=='G2_A_iv' & lo > 5],11,11,b450c534a36e2e03b49bad2427de6317153e3b71210dce8caab616e43ef64981,8d0ebc6b88e7f378b65f3fdc6c74c8ea98708e21
MS_report,5.3 Criteria convention,M1 G2_A_iv boundary range,results/criteria/criteria_g2_type1.csv,range over 16 rows [analysis_model=='M1' & config=='G2_A_iv'] :: pass_pct,0.00; 27.19,0.00% to 27.19%,b450c534a36e2e03b49bad2427de6317153e3b71210dce8caab616e43ef64981,8d0ebc6b88e7f378b65f3fdc6c74c8ea98708e21
MS_report,5.3 Criteria convention,M1 G2_B cells above 5% (point),results/criteria/criteria_g2_type1.csv,count of rows [analysis_model=='M1' & config=='G2_B' & pass_pct > 5],10,10,b450c534a36e2e03b49bad2427de6317153e3b71210dce8caab616e43ef64981,8d0ebc6b88e7f378b65f3fdc6c74c8ea98708e21
MS_report,5.3 Criteria convention,M1 G2_B cells with Wilson lower bound above 5%,results/criteria/criteria_g2_type1.csv,count of rows [analysis_model=='M1' & config=='G2_B' & lo > 5],8,8,b450c534a36e2e03b49bad2427de6317153e3b71210dce8caab616e43ef64981,8d0ebc6b88e7f378b65f3fdc6c74c8ea98708e21
MS_report,5.3 Criteria convention,M1 G2_B boundary range,results/criteria/criteria_g2_type1.csv,range over 16 rows [analysis_model=='M1' & config=='G2_B'] :: pass_pct,0.00; 16.03,0.00% to 16.03%,b450c534a36e2e03b49bad2427de6317153e3b71210dce8caab616e43ef64981,8d0ebc6b88e7f378b65f3fdc6c74c8ea98708e21
MS_report,5.3 Criteria convention,M1 G2_C_i cells above 5% (point),results/criteria/criteria_g2_type1.csv,count of rows [analysis_model=='M1' & config=='G2_C_i' & pass_pct > 5],1,1,b450c534a36e2e03b49bad2427de6317153e3b71210dce8caab616e43ef64981,8d0ebc6b88e7f378b65f3fdc6c74c8ea98708e21
MS_report,5.3 Criteria convention,M1 G2_C_i cells with Wilson lower bound above 5%,results/criteria/criteria_g2_type1.csv,count of rows [analysis_model=='M1' & config=='G2_C_i' & lo > 5],0,0,b450c534a36e2e03b49bad2427de6317153e3b71210dce8caab616e43ef64981,8d0ebc6b88e7f378b65f3fdc6c74c8ea98708e21
MS_report,5.3 Criteria convention,M1 G2_C_i boundary range,results/criteria/criteria_g2_type1.csv,range over 16 rows [analysis_model=='M1' & config=='G2_C_i'] :: pass_pct,0.000; 5.055,0.00% to 5.06%,b450c534a36e2e03b49bad2427de6317153e3b71210dce8caab616e43ef64981,8d0ebc6b88e7f378b65f3fdc6c74c8ea98708e21
MS_report,5.3 Criteria convention,M1 G2_C_ii cells above 5% (point),results/criteria/criteria_g2_type1.csv,count of rows [analysis_model=='M1' & config=='G2_C_ii' & pass_pct > 5],1,1,b450c534a36e2e03b49bad2427de6317153e3b71210dce8caab616e43ef64981,8d0ebc6b88e7f378b65f3fdc6c74c8ea98708e21
MS_report,5.3 Criteria convention,M1 G2_C_ii cells with Wilson lower bound above 5%,results/criteria/criteria_g2_type1.csv,count of rows [analysis_model=='M1' & config=='G2_C_ii' & lo > 5],1,1,b450c534a36e2e03b49bad2427de6317153e3b71210dce8caab616e43ef64981,8d0ebc6b88e7f378b65f3fdc6c74c8ea98708e21
MS_report,5.3 Criteria convention,M1 G2_C_ii boundary range,results/criteria/criteria_g2_type1.csv,range over 16 rows [analysis_model=='M1' & config=='G2_C_ii'] :: pass_pct,0.00; 5.39,0.00% to 5.39%,b450c534a36e2e03b49bad2427de6317153e3b71210dce8caab616e43ef64981,8d0ebc6b88e7f378b65f3fdc6c74c8ea98708e21
MS_report,5.3 Criteria convention,M1 G2_C_iii cells above 5% (point),results/criteria/criteria_g2_type1.csv,count of rows [analysis_model=='M1' & config=='G2_C_iii' & pass_pct > 5],1,1,b450c534a36e2e03b49bad2427de6317153e3b71210dce8caab616e43ef64981,8d0ebc6b88e7f378b65f3fdc6c74c8ea98708e21
MS_report,5.3 Criteria convention,M1 G2_C_iii cells with Wilson lower bound above 5%,results/criteria/criteria_g2_type1.csv,count of rows [analysis_model=='M1' & config=='G2_C_iii' & lo > 5],1,1,b450c534a36e2e03b49bad2427de6317153e3b71210dce8caab616e43ef64981,8d0ebc6b88e7f378b65f3fdc6c74c8ea98708e21
MS_report,5.3 Criteria convention,M1 G2_C_iii boundary range,results/criteria/criteria_g2_type1.csv,range over 16 rows [analysis_model=='M1' & config=='G2_C_iii'] :: pass_pct,0.000; 5.645,0.00% to 5.65%,b450c534a36e2e03b49bad2427de6317153e3b71210dce8caab616e43ef64981,8d0ebc6b88e7f378b65f3fdc6c74c8ea98708e21
MS_report,5.3 Criteria convention,M1 G2_C_iv cells above 5% (point),results/criteria/criteria_g2_type1.csv,count of rows [analysis_model=='M1' & config=='G2_C_iv' & pass_pct > 5],1,1,b450c534a36e2e03b49bad2427de6317153e3b71210dce8caab616e43ef64981,8d0ebc6b88e7f378b65f3fdc6c74c8ea98708e21
MS_report,5.3 Criteria convention,M1 G2_C_iv cells with Wilson lower bound above 5%,results/criteria/criteria_g2_type1.csv,count of rows [analysis_model=='M1' & config=='G2_C_iv' & lo > 5],1,1,b450c534a36e2e03b49bad2427de6317153e3b71210dce8caab616e43ef64981,8d0ebc6b88e7f378b65f3fdc6c74c8ea98708e21
MS_report,5.3 Criteria convention,M1 G2_C_iv boundary range,results/criteria/criteria_g2_type1.csv,range over 16 rows [analysis_model=='M1' & config=='G2_C_iv'] :: pass_pct,0.000; 6.645,0.00% to 6.65%,b450c534a36e2e03b49bad2427de6317153e3b71210dce8caab616e43ef64981,8d0ebc6b88e7f378b65f3fdc6c74c8ea98708e21
MS_report,5.3 Criteria convention,M1 rule C (ii) largest,results/criteria/criteria_g2_type1.csv,"analysis_model=='M1' & config=='G2_C_ii' & pk_model=='k2020' & scenario=='V2_up_080' :: pass_pct [lo, hi]",5.39000000000000; 5.08551438080929; 5.71161907611637,5.39% (95% CI 5.09 to 5.71),b450c534a36e2e03b49bad2427de6317153e3b71210dce8caab616e43ef64981,8d0ebc6b88e7f378b65f3fdc6c74c8ea98708e21
MS_report,5.3 Criteria convention,"M1 P2 V2 cell at the pre-specified 10,000 trials",results/oc_models/extension_decision_models.csv,"pk_model=='k2020' & scenario=='V2_up_080' & analysis_model=='M1' :: pass_pct [lo, hi]",5.74000000000000; 5.30086848721034; 6.21312304856195,5.74% (95% CI 5.30 to 6.21),eaff8882d69e5a6eb631779e17a9fa254084fd89db0e272e9d8d59140e405504,8d0ebc6b88e7f378b65f3fdc6c74c8ea98708e21
MS_report,5.3 Criteria convention,section1 rows identical before and after the restart,results/criteria/restart_identity_check.csv,"sum(rows_matched), all ok",2040000,"2,040,000",186f52cc8ce5f4341a36279419e777f8cb7766a0203433438744daead8e23c7f,8d0ebc6b88e7f378b65f3fdc6c74c8ea98708e21
MS_report,5.3 Criteria convention,trials compared in the restart check,results/criteria/restart_identity_check.csv,trials_compared per model,5000; 3500,"5,000 (2016 model) and 3,500 (2020 Model 1)",186f52cc8ce5f4341a36279419e777f8cb7766a0203433438744daead8e23c7f,8d0ebc6b88e7f378b65f3fdc6c74c8ea98708e21
MS_report,Appendix I Robustness across body weight,"atopic population, 2016 model, share failing criteria set (i)",results/atopic/atopic_criteria_by_band.csv,variant=='base' & distribution=='primary' & band=='all' & set=='i' :: fail_pct,14.915,14.9,1f97c1e830a8c2b5d8297e82a87932f3b3c5428e952eb62d5fde47c905887eed,8d0ebc6b88e7f378b65f3fdc6c74c8ea98708e21
MS_report,Appendix I Robustness across body weight,"atopic population, 2016 model, share failing criteria set (iii)",results/atopic/atopic_criteria_by_band.csv,variant=='base' & distribution=='primary' & band=='all' & set=='iii' :: fail_pct,39.465,39.5,1f97c1e830a8c2b5d8297e82a87932f3b3c5428e952eb62d5fde47c905887eed,8d0ebc6b88e7f378b65f3fdc6c74c8ea98708e21
MS_report,Appendix I Robustness across body weight,"smallest coverage of the true AUC0-inf by the sampling window in patients failing criteria set (iii), three model variants, rounded down to 0.1 (%)",results/atopic/atopic_coverage_failing.csv,distribution=='primary' & set=='iii' :: floor(1000 * min(window_fail_min)) / 10,78.9859663752325,78.9,ed1f24ec44214e5312e1791dcd5b265163d4fdcc8fb1e67f9c700a53eb88af3f,8d0ebc6b88e7f378b65f3fdc6c74c8ea98708e21
MS_report,Appendix I Robustness across body weight,"simulated BMI SD, primary distribution",results/atopic/atopic_population_characteristics.csv,distribution=='primary' :: bmi_sd,7.1671116924754,7.17,9d1157100213a4d84ddf49d1c5acc9a192435e6d2865513165cbcaf925a61140,8d0ebc6b88e7f378b65f3fdc6c74c8ea98708e21
MS_report,Appendix I Robustness across body weight,weight-height correlation derived from NCT03389893,results/atopic/atopic_exploratory_height_corr.csv,height_model=='correlated' :: rho_target,0.513155659948924,0.51,36ab8f226ccfef2d1010b8b66ab453fe777a31d17749fd19f50d5c5db17a4b1d,8d0ebc6b88e7f378b65f3fdc6c74c8ea98708e21
MS_report,Appendix I Robustness across body weight,BMI SD with correlated height,results/atopic/atopic_exploratory_height_corr.csv,height_model=='correlated' :: bmi_sd,5.4833980113869,5.48,36ab8f226ccfef2d1010b8b66ab453fe777a31d17749fd19f50d5c5db17a4b1d,8d0ebc6b88e7f378b65f3fdc6c74c8ea98708e21
MS_report,Appendix I Robustness across body weight,"BMI-covariate model, set (i), independent height",results/atopic/atopic_exploratory_height_corr.csv,height_model=='independent' :: fail_pct_i,15.335,15.34,36ab8f226ccfef2d1010b8b66ab453fe777a31d17749fd19f50d5c5db17a4b1d,8d0ebc6b88e7f378b65f3fdc6c74c8ea98708e21
MS_report,Appendix I Robustness across body weight,"BMI-covariate model, set (i), correlated height",results/atopic/atopic_exploratory_height_corr.csv,height_model=='correlated' :: fail_pct_i,15.225,15.23,36ab8f226ccfef2d1010b8b66ab453fe777a31d17749fd19f50d5c5db17a4b1d,8d0ebc6b88e7f378b65f3fdc6c74c8ea98708e21
MS_report,Appendix I Robustness across body weight,"BMI-covariate model, set (iii), independent height",results/atopic/atopic_exploratory_height_corr.csv,height_model=='independent' :: fail_pct_iii,39.755,39.76,36ab8f226ccfef2d1010b8b66ab453fe777a31d17749fd19f50d5c5db17a4b1d,8d0ebc6b88e7f378b65f3fdc6c74c8ea98708e21
MS_report,Appendix I Robustness across body weight,"BMI-covariate model, set (iii), correlated height",results/atopic/atopic_exploratory_height_corr.csv,height_model=='correlated' :: fail_pct_iii,39.82,39.82,36ab8f226ccfef2d1010b8b66ab453fe777a31d17749fd19f50d5c5db17a4b1d,8d0ebc6b88e7f378b65f3fdc6c74c8ea98708e21
MS_report,5.3 Trial population,"largest absolute difference between the geometric mean of trial AUC0-last GMRs and the true AUC0-inf ratio (16 boundary scenarios, S00, F097; M0)",results/trialpop/tp_gmr_agreement.csv,max(abs_diff),0.0120072931877002,0.012,e115f7278dc5b5dbbdf45132f5cdf43258ed460e63eb297ada128157647590d0,8d0ebc6b88e7f378b65f3fdc6c74c8ea98708e21
MS_report,5.3 Trial population,"regenerated per-arm counts identical to section1 (rows compared, both models)",results/trialpop/tp_identity_check.csv,"sum(rows_compared), all ok",264000,"264,000",adbe96b4447408f1b646f40ff1e0792fd3344653e8e18b745fd5f07caf003137,8d0ebc6b88e7f378b65f3fdc6c74c8ea98708e21
MS_report,5.3 Trial population,largest between-arm difference in the heavier-stratum share at randomization (points),results/trialpop/tp_strata_composition.csv,analysis_set=='auclast' :: max(rand_armdiff_abs_max),0.854700854700859,0.9,c888fc5d6871d4b71cb531fc782c07c0ccee83dc73c40b19a3c0215c6d1eb911,8d0ebc6b88e7f378b65f3fdc6c74c8ea98708e21
MS_report,5.3 Trial population,"AUC0-last analysis set: between-arm heavier-stratum difference, 5th to 95th percentiles over all scenarios",results/trialpop/tp_strata_composition.csv,"analysis_set=='auclast' :: min(armdiff_p05), max(armdiff_p95)",-0.854700854700859;  0.854700854700859,-0.9 to 0.9,c888fc5d6871d4b71cb531fc782c07c0ccee83dc73c40b19a3c0215c6d1eb911,8d0ebc6b88e7f378b65f3fdc6c74c8ea98708e21
MS_report,5.3 Trial population,regenerated trials per scenario,results/trialpop/tp_strata_composition.csv,pk_model=='k2016' & scenario=='S00' & analysis_set=='auclast' :: n_trials,2000,"2,000",c888fc5d6871d4b71cb531fc782c07c0ccee83dc73c40b19a3c0215c6d1eb911,8d0ebc6b88e7f378b65f3fdc6c74c8ea98708e21
MS_report,5.3 Trial population,lloq_mg_L.value,config/assay.yaml,lloq_mg_L.value,0.078,0.078,13bb4e6e5a604962f3e30a9f31dffb53fcfcaa71272e41d6a12413c1cec26604,8d0ebc6b88e7f378b65f3fdc6c74c8ea98708e21
MS_report,5.3 Trial population,n_per_arm,config/trial_design.yaml,n_per_arm,117,117,553eceab74155a3497fef1ab587f3b8d2be1319704e17ae1f0e177601726e84f,8d0ebc6b88e7f378b65f3fdc6c74c8ea98708e21
MS_report,5.3 Trial population,pre-registration commit,results/oc/prereg.csv,TRUE :: prereg_commit,779e06840e35ada5e3dbdadf6b0554078b7cd2b9,779e06840e35ada5e3dbdadf6b0554078b7cd2b9,46f9df5b7464021107467510d826a837861468efe5f5639edd542d0863247f2a,8d0ebc6b88e7f378b65f3fdc6c74c8ea98708e21
MS_report,5.3 Trial population,trials.reps_boundary,config/oc_design.yaml,trials.reps_boundary,10000,10000,629011b264fbc4c3f03f8a3989bac1f2711d49959f3268f5e8f758c80f93ea0a,8d0ebc6b88e7f378b65f3fdc6c74c8ea98708e21
MS_report,5.3 Trial population,"P2 cells at or below nominal, M0",results/oc_models/type1_models.csv,"analysis_model=='M0' & config=='P2' :: count class in (conservative, nominal)",16,16,d6e5c650fb4d6d241a554f896de38205ac2c890bfa442f4f9cb2749c70b5f261,8d0ebc6b88e7f378b65f3fdc6c74c8ea98708e21
MS_report,5.3 Trial population,"P2 cells at or below nominal, M1",results/oc_models/type1_models.csv,"analysis_model=='M1' & config=='P2' :: count class in (conservative, nominal)",15,15,d6e5c650fb4d6d241a554f896de38205ac2c890bfa442f4f9cb2749c70b5f261,8d0ebc6b88e7f378b65f3fdc6c74c8ea98708e21
MS_report,5.3 Trial population,"P2 cells at or below nominal, M2",results/oc_models/type1_models.csv,"analysis_model=='M2' & config=='P2' :: count class in (conservative, nominal)",15,15,d6e5c650fb4d6d241a554f896de38205ac2c890bfa442f4f9cb2749c70b5f261,8d0ebc6b88e7f378b65f3fdc6c74c8ea98708e21
MS_report,5.3 Trial population,"trial population, criteria set i, fail_pct (two models)",results/trialpop/tp_failure_by_set.csv,range over 2 rows [set=='i'] :: fail_pct,8.165; 13.435,8.2% to 13.4%,245552b2db5039299ce2f100ed592fc537ebac8bb1693371509535992aa6ca09,8d0ebc6b88e7f378b65f3fdc6c74c8ea98708e21
MS_report,5.3 Trial population,"retained subjects per arm of 117 under rule A, set i: median and 5th to 95th percentiles over identical-product trials (two models)",results/trialpop/tp_retained_per_arm.csv,"set=='i' :: retained_median, retained_p05, retained_p95",101; 107;  95; 102; 107; 112,a median of 101 to 107 (5th to 95th percentile 95 to 112),e1a344b97e641ca3ed72e33d48c23d516fede36ceb0f55a6a4d1df8ed658a64d,8d0ebc6b88e7f378b65f3fdc6c74c8ea98708e21
MS_report,5.3 Trial population,"trial population, criteria set iii, fail_pct (two models)",results/trialpop/tp_failure_by_set.csv,range over 2 rows [set=='iii'] :: fail_pct,33.215; 38.760,33.2% to 38.8%,245552b2db5039299ce2f100ed592fc537ebac8bb1693371509535992aa6ca09,8d0ebc6b88e7f378b65f3fdc6c74c8ea98708e21
MS_report,5.3 Trial population,"retained subjects per arm of 117 under rule A, set iii: median and 5th to 95th percentiles over identical-product trials (two models)",results/trialpop/tp_retained_per_arm.csv,"set=='iii' :: retained_median, retained_p05, retained_p95",72; 78; 63; 69; 80; 86,a median of 72 to 78 (5th to 95th percentile 63 to 86),e1a344b97e641ca3ed72e33d48c23d516fede36ceb0f55a6a4d1df8ed658a64d,8d0ebc6b88e7f378b65f3fdc6c74c8ea98708e21
MS_report,5.3 Trial population,"failing versus retained, set i, true_aucinf_gmr",results/trialpop/tp_characteristics.csv,range over 2 rows [set=='i'] :: true_aucinf_gmr,0.786054078286093; 0.814793379307349,0.786 to 0.815,4ecec80dd889cc798aad376dbb7a21a23d30d530a0ef29366e3caf9011779573,8d0ebc6b88e7f378b65f3fdc6c74c8ea98708e21
MS_report,5.3 Trial population,"stratum difference, set i, diff_pp",results/trialpop/tp_strata_individual.csv,range over 2 rows [set=='i'] :: diff_pp,1.48237025831265; 2.69034874703012,1.5 to 2.7,49152d19e245c1c341396c7d1462f349edf1a07b980ef7210d31729d3ccdeb1f,8d0ebc6b88e7f378b65f3fdc6c74c8ea98708e21
MS_report,5.3 Trial population,largest absolute test minus reference difference in the share failing set i over the test scenarios of both models (points),results/trialpop/tp_arm_difference.csv,set=='i' & scenario!='S00' :: max(abs(diff_mean)),12.2884615384615,12.3,cdf32cb67af28daa0f22468c8f79ffcfdc1b7f3fdd7b124be9b27f61fddec8d4,8d0ebc6b88e7f378b65f3fdc6c74c8ea98708e21
MS_report,5.3 Trial population,M1 P2 boundary range,results/oc_models/type1_models.csv,range over 16 rows [analysis_model=='M1' & config=='P2'] :: pass_pct,0.000; 5.625,0.00% to 5.63%,d6e5c650fb4d6d241a554f896de38205ac2c890bfa442f4f9cb2749c70b5f261,8d0ebc6b88e7f378b65f3fdc6c74c8ea98708e21
MS_report,5.3 Trial population,SD/SE AUCinf_true M0,results/oc_models/sd_se_models.csv,"range over 16 rows [endpoint=='AUCinf_true' & analysis_model=='M0' & !scenario %in% c('S00','F097')] :: sd_se_ratio",0.960904694847028; 0.993484190924169,0.961 to 0.993,d78065adf953809467648b9aedda6b8cb346007f065d1ac3c40a9677083121cc,8d0ebc6b88e7f378b65f3fdc6c74c8ea98708e21
MS_report,5.3 Trial population,SD/SE AUCinf_true M1,results/oc_models/sd_se_models.csv,"range over 16 rows [endpoint=='AUCinf_true' & analysis_model=='M1' & !scenario %in% c('S00','F097')] :: sd_se_ratio",0.991270619596083; 1.020344572967900,0.991 to 1.020,d78065adf953809467648b9aedda6b8cb346007f065d1ac3c40a9677083121cc,8d0ebc6b88e7f378b65f3fdc6c74c8ea98708e21
MS_report,5.3 Trial population,LLOQ 0.02 fixed k2016 coverage_lt80_pct,results/lloq/lloq_individual_table.csv,model=='k2016' & resid=='fixed' & abs(lloq - 0.02) < 1e-9 :: coverage_lt80_pct,0,0.00,6d5fc6a570bb69ad49d2d235250f61e39c074ab5d023b5a9fdd0cfaa79b0e3b5,8d0ebc6b88e7f378b65f3fdc6c74c8ea98708e21
MS_report,5.3 Trial population,LLOQ 0.5 fixed k2016 coverage_lt80_pct,results/lloq/lloq_individual_table.csv,model=='k2016' & resid=='fixed' & abs(lloq - 0.5) < 1e-9 :: coverage_lt80_pct,0.005,0.01,6d5fc6a570bb69ad49d2d235250f61e39c074ab5d023b5a9fdd0cfaa79b0e3b5,8d0ebc6b88e7f378b65f3fdc6c74c8ea98708e21
MS_report,5.3 Trial population,LLOQ grid M0 P2 range,results/lloq/lloq_trial_type1.csv,range over 18 rows [model=='M0' & resid=='fixed' & config=='P2'] :: pass_pct,2.22; 4.22,2.22% to 4.22%,42dbaed7571732007275b9d983dcbf53fa368cec83e2ee83db6f9b3e0ce1c18b,8d0ebc6b88e7f378b65f3fdc6c74c8ea98708e21
MS_report,5.3 Trial population,n_per_arm,config/trial_design.yaml,n_per_arm,117,117,553eceab74155a3497fef1ab587f3b8d2be1319704e17ae1f0e177601726e84f,8d0ebc6b88e7f378b65f3fdc6c74c8ea98708e21
MS_report,5.3 Trial population,P2 power n 117 CV 43 GMR 0.95 M0,results/sample_size/ss_table_power.csv,input_model=='k2016' & cv==43 & gmr==0.95 & n==117 & analysis_model=='M0' :: analytic_pct,94.0181763126864,94.0,a56eb54215c06bfa3275ff43ff1cdf7b8593f6c57143d3346fc7ed9047948e72,8d0ebc6b88e7f378b65f3fdc6c74c8ea98708e21
MS_report,5.3 Trial population,P2 power n 117 CV 43 GMR 0.95 M1,results/sample_size/ss_table_power.csv,input_model=='k2016' & cv==43 & gmr==0.95 & n==117 & analysis_model=='M1' :: analytic_pct,94.5355561545655,94.5,a56eb54215c06bfa3275ff43ff1cdf7b8593f6c57143d3346fc7ed9047948e72,8d0ebc6b88e7f378b65f3fdc6c74c8ea98708e21
MS_report,5.3 Trial population,n M0 CV 43 GMR 0.95 target 90,results/sample_size/ss_table_n_needed.csv,cv==43 & gmr==0.95 & analysis_model=='M0' & target_pct==90 :: n_evaluable_per_arm,100,100,cb1b4df9c06e5f3d0c09e40dc0152eddb30538c60a6d7f5d3acf5efe04ac71fa,8d0ebc6b88e7f378b65f3fdc6c74c8ea98708e21
MS_report,5.3 Trial population,n M1 CV 43 GMR 0.95 target 90,results/sample_size/ss_table_n_needed.csv,cv==43 & gmr==0.95 & analysis_model=='M1' & target_pct==90 :: n_evaluable_per_arm,97,97,cb1b4df9c06e5f3d0c09e40dc0152eddb30538c60a6d7f5d3acf5efe04ac71fa,8d0ebc6b88e7f378b65f3fdc6c74c8ea98708e21
MS_report,5.3 Trial population,n M0 CV 50 GMR 0.95 target 90,results/sample_size/ss_table_n_needed.csv,cv==50 & gmr==0.95 & analysis_model=='M0' & target_pct==90 :: n_evaluable_per_arm,129,129,cb1b4df9c06e5f3d0c09e40dc0152eddb30538c60a6d7f5d3acf5efe04ac71fa,8d0ebc6b88e7f378b65f3fdc6c74c8ea98708e21
MS_report,5.3 Trial population,n M1 CV 50 GMR 0.95 target 90,results/sample_size/ss_table_n_needed.csv,cv==50 & gmr==0.95 & analysis_model=='M1' & target_pct==90 :: n_evaluable_per_arm,126,126,cb1b4df9c06e5f3d0c09e40dc0152eddb30538c60a6d7f5d3acf5efe04ac71fa,8d0ebc6b88e7f378b65f3fdc6c74c8ea98708e21
MS_report,5.3 Trial population,dose_mg,config/trial_design.yaml,dose_mg,300,300,553eceab74155a3497fef1ab587f3b8d2be1319704e17ae1f0e177601726e84f,8d0ebc6b88e7f378b65f3fdc6c74c8ea98708e21
MS_report,5.3 Trial population,weight.inclusion_kg,config/trial_design.yaml,weight.inclusion_kg,60; 90,60 to 90,553eceab74155a3497fef1ab587f3b8d2be1319704e17ae1f0e177601726e84f,8d0ebc6b88e7f378b65f3fdc6c74c8ea98708e21
MS_report,5.3 Trial population,n_randomized_per_arm,config/trial_design.yaml,n_randomized_per_arm,130,130,553eceab74155a3497fef1ab587f3b8d2be1319704e17ae1f0e177601726e84f,8d0ebc6b88e7f378b65f3fdc6c74c8ea98708e21
MS_report,5.3 Trial population,n_per_arm,config/trial_design.yaml,n_per_arm,117,117,553eceab74155a3497fef1ab587f3b8d2be1319704e17ae1f0e177601726e84f,8d0ebc6b88e7f378b65f3fdc6c74c8ea98708e21
MS_report,5.3 Trial population,schedules.B0.days,config/trial_design.yaml,schedules.B0.days,0.25;  1.00;  3.00;  5.00;  7.00; 10.00; 14.00; 21.00; 28.00; 35.00; 42.00; 49.00; 56.00,"0.25, 1, 3, 5, 7, 10, 14, 21, 28, 35, 42, 49, 56",553eceab74155a3497fef1ab587f3b8d2be1319704e17ae1f0e177601726e84f,8d0ebc6b88e7f378b65f3fdc6c74c8ea98708e21
MS_report,5.3 Trial population,lloq_mg_L.value,config/assay.yaml,lloq_mg_L.value,0.078,0.078,13bb4e6e5a604962f3e30a9f31dffb53fcfcaa71272e41d6a12413c1cec26604,8d0ebc6b88e7f378b65f3fdc6c74c8ea98708e21
MS_report,3.1 Models,Table 3-1 model parameters,config/params_typical.yaml,whole table,,(table),0661b248227771273d5c58c86c61f35ef655fdeecebe3f188868fd61cff4b801,8d0ebc6b88e7f378b65f3fdc6c74c8ea98708e21
MS_report,3.1 Models,Table 3-1 model parameters,config/params_variability.yaml,whole table,,(table),b849a4cc3acc6d47f9833392ac4f47ebacc6ad9fa79fcc5848628fd4b5aa99a9,8d0ebc6b88e7f378b65f3fdc6c74c8ea98708e21
MS_report,3.1 Models,Table 3-1 model parameters,config/params_k2020_model1.yaml,whole table,,(table),b6e3816238f158ab76cda1edfc4ce9ae49b53fdd4836de8be36bd64664dca96f,8d0ebc6b88e7f378b65f3fdc6c74c8ea98708e21
MS_report,3.1 Models,weight.base.mean,config/trial_design.yaml,weight.base.mean,75,75,553eceab74155a3497fef1ab587f3b8d2be1319704e17ae1f0e177601726e84f,8d0ebc6b88e7f378b65f3fdc6c74c8ea98708e21
MS_report,3.1 Models,weight.base.sd,config/trial_design.yaml,weight.base.sd,9,9,553eceab74155a3497fef1ab587f3b8d2be1319704e17ae1f0e177601726e84f,8d0ebc6b88e7f378b65f3fdc6c74c8ea98708e21
MS_report,3.1 Models,weight.base.trunc,config/trial_design.yaml,weight.base.trunc,60; 90,60 to 90,553eceab74155a3497fef1ab587f3b8d2be1319704e17ae1f0e177601726e84f,8d0ebc6b88e7f378b65f3fdc6c74c8ea98708e21
MS_report,3.1 Models,weight.sex_ratio_male.value,config/trial_design.yaml,weight.sex_ratio_male.value,0.5,0.5,553eceab74155a3497fef1ab587f3b8d2be1319704e17ae1f0e177601726e84f,8d0ebc6b88e7f378b65f3fdc6c74c8ea98708e21
MS_report,3.1 Models,stratification.split_kg.value,config/trial_design.yaml,stratification.split_kg.value,75,75,553eceab74155a3497fef1ab587f3b8d2be1319704e17ae1f0e177601726e84f,8d0ebc6b88e7f378b65f3fdc6c74c8ea98708e21
MS_report,3.1 Models,n_per_arm,config/trial_design.yaml,n_per_arm,117,117,553eceab74155a3497fef1ab587f3b8d2be1319704e17ae1f0e177601726e84f,8d0ebc6b88e7f378b65f3fdc6c74c8ea98708e21
MS_report,3.1 Models,day1_postdose_time.value,config/trial_design.yaml,day1_postdose_time.value,0.25,0.25,553eceab74155a3497fef1ab587f3b8d2be1319704e17ae1f0e177601726e84f,8d0ebc6b88e7f378b65f3fdc6c74c8ea98708e21
MS_report,3.1 Models,lloq_mg_L.value,config/assay.yaml,lloq_mg_L.value,0.078,0.078,13bb4e6e5a604962f3e30a9f31dffb53fcfcaa71272e41d6a12413c1cec26604,8d0ebc6b88e7f378b65f3fdc6c74c8ea98708e21
MS_report,3.1 Models,n_per_arm,config/trial_design.yaml,n_per_arm,117,117,553eceab74155a3497fef1ab587f3b8d2be1319704e17ae1f0e177601726e84f,8d0ebc6b88e7f378b65f3fdc6c74c8ea98708e21
MS_report,3.1 Models,estimand.population.n_subjects,config/oc_design.yaml,estimand.population.n_subjects,200000,200000,629011b264fbc4c3f03f8a3989bac1f2711d49959f3268f5e8f758c80f93ea0a,8d0ebc6b88e7f378b65f3fdc6c74c8ea98708e21
MS_report,3.1 Models,pre-registration commit,results/oc/prereg.csv,TRUE :: prereg_commit,779e06840e35ada5e3dbdadf6b0554078b7cd2b9,779e06840e35ada5e3dbdadf6b0554078b7cd2b9,46f9df5b7464021107467510d826a837861468efe5f5639edd542d0863247f2a,8d0ebc6b88e7f378b65f3fdc6c74c8ea98708e21
MS_report,3.1 Models,changed since pre-registration,results/oc/prereg.csv,TRUE :: changed_since,FALSE,FALSE,46f9df5b7464021107467510d826a837861468efe5f5639edd542d0863247f2a,8d0ebc6b88e7f378b65f3fdc6c74c8ea98708e21
MS_report,3.1 Models,estimand.population.n_subjects,config/oc_design.yaml,estimand.population.n_subjects,200000,200000,629011b264fbc4c3f03f8a3989bac1f2711d49959f3268f5e8f758c80f93ea0a,8d0ebc6b88e7f378b65f3fdc6c74c8ea98708e21
MS_report,3.1 Models,trials.reps_boundary,config/oc_design.yaml,trials.reps_boundary,10000,10000,629011b264fbc4c3f03f8a3989bac1f2711d49959f3268f5e8f758c80f93ea0a,8d0ebc6b88e7f378b65f3fdc6c74c8ea98708e21
MS_report,3.1 Models,trials.reps_identity,config/oc_design.yaml,trials.reps_identity,10000,10000,629011b264fbc4c3f03f8a3989bac1f2711d49959f3268f5e8f758c80f93ea0a,8d0ebc6b88e7f378b65f3fdc6c74c8ea98708e21
MS_report,3.1 Models,trials.reps_other,config/oc_design.yaml,trials.reps_other,2000,2000,629011b264fbc4c3f03f8a3989bac1f2711d49959f3268f5e8f758c80f93ea0a,8d0ebc6b88e7f378b65f3fdc6c74c8ea98708e21
MS_report,3.1 Models,trials.n_per_arm,config/oc_design.yaml,trials.n_per_arm,117,117,629011b264fbc4c3f03f8a3989bac1f2711d49959f3268f5e8f758c80f93ea0a,8d0ebc6b88e7f378b65f3fdc6c74c8ea98708e21
MS_report,3.1 Models,random_space.n_products,config/oc_design.yaml,random_space.n_products,20000,20000,629011b264fbc4c3f03f8a3989bac1f2711d49959f3268f5e8f758c80f93ea0a,8d0ebc6b88e7f378b65f3fdc6c74c8ea98708e21
MS_report,3.1 Models,decision_rule.ci_width_mean_rel_decrease_min,config/trial_design.yaml,decision_rule.ci_width_mean_rel_decrease_min,0.02,0.02,553eceab74155a3497fef1ab587f3b8d2be1319704e17ae1f0e177601726e84f,8d0ebc6b88e7f378b65f3fdc6c74c8ea98708e21
MS_report,3.1 Models,decision_rule.ke110_pass_gain_pp_min,config/trial_design.yaml,decision_rule.ke110_pass_gain_pp_min,2,2,553eceab74155a3497fef1ab587f3b8d2be1319704e17ae1f0e177601726e84f,8d0ebc6b88e7f378b65f3fdc6c74c8ea98708e21
MS_report,3.1 Models,decision_rule.reliability_gain_pp_min,config/trial_design.yaml,decision_rule.reliability_gain_pp_min,5,5,553eceab74155a3497fef1ab587f3b8d2be1319704e17ae1f0e177601726e84f,8d0ebc6b88e7f378b65f3fdc6c74c8ea98708e21
MS_report,3.1 Models,decision_rule.extrap_gt20_ratio_max,config/trial_design.yaml,decision_rule.extrap_gt20_ratio_max,0.5,0.5,553eceab74155a3497fef1ab587f3b8d2be1319704e17ae1f0e177601726e84f,8d0ebc6b88e7f378b65f3fdc6c74c8ea98708e21
MS_report,3.1 Models,trials.master_seed,config/oc_design.yaml,trials.master_seed,20260923,20260923,629011b264fbc4c3f03f8a3989bac1f2711d49959f3268f5e8f758c80f93ea0a,8d0ebc6b88e7f378b65f3fdc6c74c8ea98708e21
MS_report,3.1 Models,trials.reps_boundary,config/oc_design.yaml,trials.reps_boundary,10000,10000,629011b264fbc4c3f03f8a3989bac1f2711d49959f3268f5e8f758c80f93ea0a,8d0ebc6b88e7f378b65f3fdc6c74c8ea98708e21
MS_report,3.1 Models,section6.n_trials_regen,config/prereg_20260926.yaml,section6.n_trials_regen,2000,2000,dc2c9f1bd4d62e13ad9f5f551dcf97eb7ee1359ba13aaa3af8efc063dfc6303e,8d0ebc6b88e7f378b65f3fdc6c74c8ea98708e21
MS_report,4.1 Verification,NCA engine validation,results/nca_engine/engine_validation_summary.csv,whole table,,(table),6cc554b1b015013fc6b1156e970eed67ad56d2ab70843a853187390ed0ff41b4,8d0ebc6b88e7f378b65f3fdc6c74c8ea98708e21
MS_report,4.1 Verification,simulated profiles,results/nca_engine/engine_validation_summary.csv,"comparison=='this engine vs NonCompart' & dataset=='simulated dupilumab (1,000 profiles: 500 per model)' :: n_profiles",1000,"1,000",6cc554b1b015013fc6b1156e970eed67ad56d2ab70843a853187390ed0ff41b4,8d0ebc6b88e7f378b65f3fdc6c74c8ea98708e21
MS_report,4.1 Verification,lambda-z windows identical over all comparisons,results/nca_engine/engine_validation_summary.csv,sum(lz_points_identical) / sum(lz_points_identical + lz_points_mismatch),3054; 3054,"3,054 of 3,054",6cc554b1b015013fc6b1156e970eed67ad56d2ab70843a853187390ed0ff41b4,8d0ebc6b88e7f378b65f3fdc6c74c8ea98708e21
MS_report,4.1 Verification,largest relative parameter difference,results/nca_engine/engine_validation_summary.csv,max(max_rel_diff),4.94026166636489e-13,4.9e-13,6cc554b1b015013fc6b1156e970eed67ad56d2ab70843a853187390ed0ff41b4,8d0ebc6b88e7f378b65f3fdc6c74c8ea98708e21
MS_report,4.1 Verification,Model 1 cross-validation metrics within 3%,results/crossval/crossval_model1.csv,!is.na(agree_3pct) :: sum(agree_3pct),16; 19,16 of 19,ca18f70ae9847e32a34f2d2294d0059cd3e723ea5ccf567a17109c10ee5a1b98,8d0ebc6b88e7f378b65f3fdc6c74c8ea98708e21
MS_report,4.1 Verification,reviewer reference comparison: non-rare metrics within 10%,results/crossval/reviewer_reference_round5.csv,note empty :: abs(rel_diff_pct) <= 10,46; 51,46 of 51,afb20254b55631d9c3996bc35b8208f28b261c6c153f6d2fd6bc3e8d9e12b51a,8d0ebc6b88e7f378b65f3fdc6c74c8ea98708e21
MS_report,4.1 Verification,automated tests in the clean-environment run,results/repro/repro_github_run.csv,"field=='tests' :: '<n> tests, <k> failed'",87; 0,"87 tests, 0 failures",87d06a118444f04f1d94b011a90f54e403b98259a0883eb81ca4c9c112ebb05c,8d0ebc6b88e7f378b65f3fdc6c74c8ea98708e21
MS_report,4.1 Verification,GitHub reproducibility run: run_number,results/repro/repro_github_run.csv,field=='run_number',1,1,87d06a118444f04f1d94b011a90f54e403b98259a0883eb81ca4c9c112ebb05c,8d0ebc6b88e7f378b65f3fdc6c74c8ea98708e21
MS_report,4.1 Verification,GitHub reproducibility run: commit,results/repro/repro_github_run.csv,field=='commit',52f525b00184bc6a7253c7039d01ad2163899d9b,52f525b00184bc6a7253c7039d01ad2163899d9b,87d06a118444f04f1d94b011a90f54e403b98259a0883eb81ca4c9c112ebb05c,8d0ebc6b88e7f378b65f3fdc6c74c8ea98708e21
MS_report,4.1 Verification,GitHub reproducibility run: n_pass_github,results/repro/repro_github_run.csv,field=='n_pass_github',7,7,87d06a118444f04f1d94b011a90f54e403b98259a0883eb81ca4c9c112ebb05c,8d0ebc6b88e7f378b65f3fdc6c74c8ea98708e21
MS_report,4.1 Verification,GitHub reproducibility run: n_items,results/repro/repro_github_run.csv,field=='n_items',7,7,87d06a118444f04f1d94b011a90f54e403b98259a0883eb81ca4c9c112ebb05c,8d0ebc6b88e7f378b65f3fdc6c74c8ea98708e21
MS_report,4.2 External validation,Table 4-1 external validation,results/step1/step1b_quant_gate.csv,whole table,,(table),8f846e1fd1160532af6b26f020969bb945f0903e3ba7549c0bb5fd2a50117bb5,8d0ebc6b88e7f378b65f3fdc6c74c8ea98708e21
MS_report,4.2 External validation,Table 4-1 external validation,results/step1_k2020/step1b_quant_gate.csv,whole table,,(table),fe98e2255a97c7dc46ced95bd39619686078d95324349342d596324314490544,8d0ebc6b88e7f378b65f3fdc6c74c8ea98708e21
MS_report,4.2 External validation,"AUC0-last sim/obs range, 2016, study presentation",results/step1/step1b_quant_gate.csv,range over 5 rows [gate_role=='gate'] :: AUClast_ratio,0.938864110808444; 1.068312835545530,0.94 to 1.07,8f846e1fd1160532af6b26f020969bb945f0903e3ba7549c0bb5fd2a50117bb5,8d0ebc6b88e7f378b65f3fdc6c74c8ea98708e21
MS_report,4.2 External validation,"AUC0-last sim/obs range, 2020, study presentation",results/step1_k2020/step1b_quant_gate.csv,range over 5 rows [gate_role=='gate'] :: AUClast_ratio,1.01545509615009; 1.13102136598837,1.02 to 1.13,fe98e2255a97c7dc46ced95bd39619686078d95324349342d596324314490544,8d0ebc6b88e7f378b65f3fdc6c74c8ea98708e21
MS_report,4.2 External validation,"Cmax sim/obs range, 2016",results/step1/step1b_quant_gate.csv,range over 5 rows [gate_role=='gate'] :: Cmax_ratio,1.07915142574032; 1.26972180725227,1.08 to 1.27,8f846e1fd1160532af6b26f020969bb945f0903e3ba7549c0bb5fd2a50117bb5,8d0ebc6b88e7f378b65f3fdc6c74c8ea98708e21
MS_report,4.2 External validation,"Cmax sim/obs range, 2020",results/step1_k2020/step1b_quant_gate.csv,range over 5 rows [gate_role=='gate'] :: Cmax_ratio,0.996547232170453; 1.165070469721020,1.00 to 1.17,fe98e2255a97c7dc46ced95bd39619686078d95324349342d596324314490544,8d0ebc6b88e7f378b65f3fdc6c74c8ea98708e21
MS_report,4.2 External validation,"simulated log-scale CV range, 2016",results/step1/step1b_quant_gate.csv,range over 5 rows [gate_role=='gate'] :: AUClast_sim_logcv,36.0345718564427; 41.2594459135268,36 to 41,8f846e1fd1160532af6b26f020969bb945f0903e3ba7549c0bb5fd2a50117bb5,8d0ebc6b88e7f378b65f3fdc6c74c8ea98708e21
MS_report,4.2 External validation,fully external re-judgement,results/step1/step1h_external_only_gate.csv,whole table,,(table),92088915393287a550844346e4d1714982847755835cb048bfd36d4bc80eba72,8d0ebc6b88e7f378b65f3fdc6c74c8ea98708e21
MS_report,4.2 External validation,fully external re-judgement,results/step1_k2020/step1h_external_only_gate.csv,whole table,,(table),35d4f1f5822da9e61d90566beefe6ddc9ac0cd253d5b5fa22e9cc98ebe0afc8a,8d0ebc6b88e7f378b65f3fdc6c74c8ea98708e21
MS_report,4.2 External validation,assumed-weight sensitivity,results/step1/step1i_arm_weight_sensitivity.csv,whole table,,(table),f075ee5189e44ac72f8a5f6d186dec455f1799830b9768bf727bf70f210fecc0,8d0ebc6b88e7f378b65f3fdc6c74c8ea98708e21
MS_report,4.3 Literature,lit_mean_ratio,results/literature/literature_numeric.csv,"source==""""Clot 2021 Table 3"""" & dose_mg==300 :: lit_mean_ratio x 100",98.1412639405205,98.1,0d20c4fc00fc0f6b1caf7e5089f0728ba0b3674535a5cfff28f412c7269c4b14,8d0ebc6b88e7f378b65f3fdc6c74c8ea98708e21
MS_report,4.3 Literature,nca_mean_ratio_k2016,results/literature/literature_numeric.csv,"source==""""Clot 2021 Table 3"""" & dose_mg==300 :: nca_mean_ratio_k2016 x 100",96.682245207072,96.7,0d20c4fc00fc0f6b1caf7e5089f0728ba0b3674535a5cfff28f412c7269c4b14,8d0ebc6b88e7f378b65f3fdc6c74c8ea98708e21
MS_report,4.3 Literature,true_mean_ratio_k2016,results/literature/literature_numeric.csv,"source==""""Clot 2021 Table 3"""" & dose_mg==300 :: true_mean_ratio_k2016 x 100",99.1580247941781,99.2,0d20c4fc00fc0f6b1caf7e5089f0728ba0b3674535a5cfff28f412c7269c4b14,8d0ebc6b88e7f378b65f3fdc6c74c8ea98708e21
MS_report,4.3 Literature,true_mean_ratio_k2016,results/literature/literature_numeric.csv,"source==""""Clot 2021 Table 3"""" & dose_mg==600 :: true_mean_ratio_k2016 x 100",96.8433758988823,96.8,0d20c4fc00fc0f6b1caf7e5089f0728ba0b3674535a5cfff28f412c7269c4b14,8d0ebc6b88e7f378b65f3fdc6c74c8ea98708e21
MS_report,4.3 Literature,lit_mean_ratio,results/literature/literature_numeric.csv,"source==""""Clot 2021 Table 3"""" & dose_mg==600 :: lit_mean_ratio x 100",98.1395348837209,98.1,0d20c4fc00fc0f6b1caf7e5089f0728ba0b3674535a5cfff28f412c7269c4b14,8d0ebc6b88e7f378b65f3fdc6c74c8ea98708e21
MS_report,5.1 Terminal phase,points on the cliff,results/cliff/cliff_points.csv,whole table,,(table),0d0ea5c5b1e2ada1b9ff68be6415c912fec7ea8806f75a2d201b46932359fead,8d0ebc6b88e7f378b65f3fdc6c74c8ea98708e21
MS_report,5.1 Terminal phase,"max share with 2 or more samples on the cliff, fixed schedules, 1-day definition, nominal days",results/cliff/cliff_points.csv,model=='k2016' & weight=='base' & timing=='nominal' & definition_day==1 & schedule!='daily_29_57' :: max(pct_ge2),0,0.0,0d0ea5c5b1e2ada1b9ff68be6415c912fec7ea8806f75a2d201b46932359fead,8d0ebc6b88e7f378b65f3fdc6c74c8ea98708e21
MS_report,5.1 Terminal phase,3 or more samples on the cliff with daily sampling Day 29 to 57,results/cliff/cliff_points.csv,model=='k2016' & weight=='base' & timing=='nominal' & definition_day==1 & schedule=='daily_29_57' :: pct_ge3,0,0.0,0d0ea5c5b1e2ada1b9ff68be6415c912fec7ea8806f75a2d201b46932359fead,8d0ebc6b88e7f378b65f3fdc6c74c8ea98708e21
MS_report,5.1 Terminal phase,minimum interval after Day 22 with added samples,results/cliff/cliff_schedules.csv,schedule=='plus_39_46' :: min_interval_day_from_day22,3,3,a5b0c34e260d2e0c1af7e11259055e6ebbad7b191686eabec721ac60241d4ad4,8d0ebc6b88e7f378b65f3fdc6c74c8ea98708e21
MS_report,5.1 Terminal phase,Figure 5-1,results/cliff/fig2_1_lloq_day_en.png,figure,,(figure),98ea13f0c2ca55c0493cc6f036a41d958b5a26a10f4a389d2bf20ccb5f36d554,8d0ebc6b88e7f378b65f3fdc6c74c8ea98708e21
MS_report,5.1 Terminal phase,Figure 5-2,results/cliff/fig2_4_representative_en.png,figure,,(figure),c6e924d9720860a8afe8884b9c87a050524b0c67d9c15ff7da0c881f90a28112,8d0ebc6b88e7f378b65f3fdc6c74c8ea98708e21
MS_report,5.2 Coverage,Table 5-1 coverage,results/rationale/pillar1_coverage_B0.csv,whole table,,(table),f5bd530b5e2198d6fc9ae9dcf29e9fda50cb699af423210a732c31d1ccf6cbb6,8d0ebc6b88e7f378b65f3fdc6c74c8ea98708e21
MS_report,5.2 Coverage,Table 5-1 coverage,results/reliability/reliability_two_flag_sets_summary.csv,whole table,,(table),7db4ea795f34f68f0d1a06469b5b810b25cc110a1bca6b68ae147af1d29cc920,8d0ebc6b88e7f378b65f3fdc6c74c8ea98708e21
MS_report,5.2 Coverage,Table 5-2 curve shape,results/curve_shape/curve_shape_B0.csv,whole table,,(table),4796d407dad3bba1496ae1268dae39063c5e3e2c8bec7b583e0625bc8c022c44,8d0ebc6b88e7f378b65f3fdc6c74c8ea98708e21
MS_report,5.2 Coverage,smallest 95th-percentile coverage (100 - max 95th percentile of true extrapolation) over both models and non-stress curve-shape variants,results/curve_shape/curve_shape_B0.csv,"stress_test==FALSE :: 100 - max(extrap_true_p95), with rationale/pillar1_coverage_B0.csv group=='all'",94.7062585115505,94.7,4796d407dad3bba1496ae1268dae39063c5e3e2c8bec7b583e0625bc8c022c44,8d0ebc6b88e7f378b65f3fdc6c74c8ea98708e21
MS_report,5.2 Coverage,"largest share below 80% coverage, non-stress curve-shape variants",results/curve_shape/curve_shape_B0.csv,stress_test==FALSE :: max(coverage_lt80_pct),0,0.00,4796d407dad3bba1496ae1268dae39063c5e3e2c8bec7b583e0625bc8c022c44,8d0ebc6b88e7f378b65f3fdc6c74c8ea98708e21
MS_report,5.2 Coverage,"NCA / true extrapolation, median, primary model",results/rationale/pillar1_coverage_B0.csv,model=='k2016' & group=='all' :: extrap_nca_median / extrap_true_median,4.20841758227186,4.2,f5bd530b5e2198d6fc9ae9dcf29e9fda50cb699af423210a732c31d1ccf6cbb6,8d0ebc6b88e7f378b65f3fdc6c74c8ea98708e21
MS_report,5.2 Coverage,extrap_true_p95,results/curve_shape/curve_shape_B0.csv,variant=='vmax050_both' :: extrap_true_p95,6.41375809394017,6.41,4796d407dad3bba1496ae1268dae39063c5e3e2c8bec7b583e0625bc8c022c44,8d0ebc6b88e7f378b65f3fdc6c74c8ea98708e21
MS_report,5.2 Coverage,extrap_true_median,results/individual/individual_ada10_by_subgroup.csv,ada==1 & schedule=='B0' :: extrap_true_median,0.646535026740025,0.65,3dd5ce9b6a31bbb41910b9453f8392a1fd3af70dc157752f1ebffad77e9bbc76,8d0ebc6b88e7f378b65f3fdc6c74c8ea98708e21
MS_report,5.2 Coverage,extrap_true_median,results/individual/individual_ada10_by_subgroup.csv,ada==0 & schedule=='B0' :: extrap_true_median,0.675646374124039,0.68,3dd5ce9b6a31bbb41910b9453f8392a1fd3af70dc157752f1ebffad77e9bbc76,8d0ebc6b88e7f378b65f3fdc6c74c8ea98708e21
MS_report,5.2 Coverage,coverage_lt80_pct,results/individual/individual_ada10_by_subgroup.csv,ada==1 & schedule=='B0' :: coverage_lt80_pct,0,0.00,3dd5ce9b6a31bbb41910b9453f8392a1fd3af70dc157752f1ebffad77e9bbc76,8d0ebc6b88e7f378b65f3fdc6c74c8ea98708e21
MS_report,5.2 Observed-to-true ratio,Table TP-OBS observed-to-true ratio,results/trialpop/tp_coverage_individual.csv,whole table,,(table),beb14fd4f7176e6f2ef9052b677f4abdb908dd5be2e4a19aacbf68c1122be409,8d0ebc6b88e7f378b65f3fdc6c74c8ea98708e21
MS_report,5.2 Observed-to-true ratio,"observed-to-true, AUCinf rule B (lambda-z estimable), max",results/trialpop/tp_coverage_individual.csv,"range over 2 rows [metric=='observed-to-true, AUCinf rule B (lambda-z estimable)'] :: max",1.86553168160090; 5.28060652812461,1.87 to 5.28,beb14fd4f7176e6f2ef9052b677f4abdb908dd5be2e4a19aacbf68c1122be409,8d0ebc6b88e7f378b65f3fdc6c74c8ea98708e21
MS_report,5.2 Observed-to-true ratio,"observed-to-true, AUClast (lambda-z estimable), max",results/trialpop/tp_coverage_individual.csv,"range over 2 rows [metric=='observed-to-true, AUClast (lambda-z estimable)'] :: max",1.18549006715124; 1.31624325543441,1.19 to 1.32,beb14fd4f7176e6f2ef9052b677f4abdb908dd5be2e4a19aacbf68c1122be409,8d0ebc6b88e7f378b65f3fdc6c74c8ea98708e21
MS_report,5.2 Observed-to-true ratio,"observed-to-true, AUCinf rule B (lambda-z estimable), sd_log",results/trialpop/tp_coverage_individual.csv,"range over 2 rows [metric=='observed-to-true, AUCinf rule B (lambda-z estimable)'] :: sd_log",0.0634223882496898; 0.1005955309849790,0.063 to 0.101,beb14fd4f7176e6f2ef9052b677f4abdb908dd5be2e4a19aacbf68c1122be409,8d0ebc6b88e7f378b65f3fdc6c74c8ea98708e21
MS_report,5.2 Observed-to-true ratio,"observed-to-true, AUClast (lambda-z estimable), sd_log",results/trialpop/tp_coverage_individual.csv,"range over 2 rows [metric=='observed-to-true, AUClast (lambda-z estimable)'] :: sd_log",0.0581798975395449; 0.0956950762066282,0.058 to 0.096,beb14fd4f7176e6f2ef9052b677f4abdb908dd5be2e4a19aacbf68c1122be409,8d0ebc6b88e7f378b65f3fdc6c74c8ea98708e21
MS_report,5.2 Observed-to-true ratio,"observed-to-true, AUClast (all subjects), min",results/trialpop/tp_coverage_individual.csv,"range over 2 rows [metric=='observed-to-true, AUClast (all subjects)'] :: min",59.7621041503927; 74.1565754213867,59.8% to 74.2%,beb14fd4f7176e6f2ef9052b677f4abdb908dd5be2e4a19aacbf68c1122be409,8d0ebc6b88e7f378b65f3fdc6c74c8ea98708e21
MS_report,5.2 Observed-to-true ratio,"window coverage (true AUC0-tlast / true AUC0-inf), smallest subject-level value over both models",results/trialpop/tp_coverage_individual.csv,metric=='window coverage (true AUC0-tlast / true AUC0-inf)' :: min(min),84.3159734852213,84.3%,beb14fd4f7176e6f2ef9052b677f4abdb908dd5be2e4a19aacbf68c1122be409,8d0ebc6b88e7f378b65f3fdc6c74c8ea98708e21
MS_report,5.3 Reliability,Table 5-4 reliability,results/reliability/dropout_reasons_by_schedule.csv,whole table,,(table),417d6943848f5ae0e7e73f264509e5aae93d8b4757da91705641f4b1b47060fc,8d0ebc6b88e7f378b65f3fdc6c74c8ea98708e21
MS_report,5.3 Reliability,Table 5-4 reliability,results/reliability/reliability_two_flag_sets_summary.csv,whole table,,(table),7db4ea795f34f68f0d1a06469b5b810b25cc110a1bca6b68ae147af1d29cc920,8d0ebc6b88e7f378b65f3fdc6c74c8ea98708e21
MS_report,5.3 Reliability,reliability by weight band,results/weight_generalization/weight_bands_B0_abcd.csv,whole table,,(table),174016980930c8de881dfd7b854cd8860925cab129cc7d35710e7efa9ba9fa91,8d0ebc6b88e7f378b65f3fdc6c74c8ea98708e21
MS_report,5.3 Reliability,heavier dropouts in obese trials,results/weight_generalization/obese_trials_dropout_a.csv,whole table,,(table),d9a833a70ea3594c09bdf5cf8561a993d650b066098c6cb3fc250c5059778b02,8d0ebc6b88e7f378b65f3fdc6c74c8ea98708e21
MS_report,5.3 Reliability,heavier dropouts in obese trials,results/weight_generalization/obese_trials_dropout_b.csv,whole table,,(table),fe90a94c0715edb641b61800e3f0a2d0dbfcf2c8ff68aef7f497526307a6c8ef,8d0ebc6b88e7f378b65f3fdc6c74c8ea98708e21
MS_report,5.3 Reliability,heavier dropouts in obese trials,results/weight_generalization/obese_trials_dropout_d.csv,whole table,,(table),8acc1b983886ba4683e4131501356f667e8000cc0e0b740fe4162012a88ff6e5,8d0ebc6b88e7f378b65f3fdc6c74c8ea98708e21
MS_report,5.3 Reliability,added-sampling cells where reliability (ii) falls,results/reliability/reliability_paired_vs_B0.csv,schedule in D1..D4 :: sum(gain_ii_pp < 0),26,26 of 32,25c664d815ff40194ca4fb53984e0c166bbf23a169e9c0533214cfb3d9385ecc,8d0ebc6b88e7f378b65f3fdc6c74c8ea98708e21
MS_report,5.3 Reliability,dropouts heavier than retained subjects (kg),results/weight_generalization/obese_trials_dropout_a.csv,"range of wt_dropout_mean - wt_retained_mean over models a, b, d",3.1792846080600; 6.4371883514938,3.2 to 6.4,d9a833a70ea3594c09bdf5cf8561a993d650b066098c6cb3fc250c5059778b02,8d0ebc6b88e7f378b65f3fdc6c74c8ea98708e21
MS_report,5.3 Reliability,Figure 5-3,results/reliability/fig_reliability_mechanism_en.png,figure,,(figure),9d33144fe3d921527eec8469c4b298a0ea2626de5600170612ad554f288e5225,8d0ebc6b88e7f378b65f3fdc6c74c8ea98708e21
MS_report,5.3 Trial population: failure by criteria set,Table TP-FAIL failure by criteria set,results/trialpop/tp_failure_by_set.csv,whole table,,(table),245552b2db5039299ce2f100ed592fc537ebac8bb1693371509535992aa6ca09,8d0ebc6b88e7f378b65f3fdc6c74c8ea98708e21
MS_report,5.3 Trial population: failure by criteria set,Table TP-FAIL failure by criteria set,results/trialpop/tp_failure_reasons.csv,whole table,,(table),5f1a2d06e6133182ab528c1f173ff51dc2e12ab9c8a52653f94e1d9f9ee7275d,8d0ebc6b88e7f378b65f3fdc6c74c8ea98708e21
MS_report,5.3 Trial population: failure by criteria set,Table TP-FAIL failure by criteria set,results/trialpop/tp_retained_per_arm.csv,whole table,,(table),e1a344b97e641ca3ed72e33d48c23d516fede36ceb0f55a6a4d1df8ed658a64d,8d0ebc6b88e7f378b65f3fdc6c74c8ea98708e21
MS_report,5.3 Trial population: failure by criteria set,"trial population, criteria set i, fail_pct (two models)",results/trialpop/tp_failure_by_set.csv,range over 2 rows [set=='i'] :: fail_pct,8.165; 13.435,8.2% to 13.4%,245552b2db5039299ce2f100ed592fc537ebac8bb1693371509535992aa6ca09,8d0ebc6b88e7f378b65f3fdc6c74c8ea98708e21
MS_report,5.3 Trial population: failure by criteria set,"retained subjects per arm of 117 under rule A, set i: median and 5th to 95th percentiles over identical-product trials (two models)",results/trialpop/tp_retained_per_arm.csv,"set=='i' :: retained_median, retained_p05, retained_p95",101; 107;  95; 102; 107; 112,a median of 101 to 107 (5th to 95th percentile 95 to 112),e1a344b97e641ca3ed72e33d48c23d516fede36ceb0f55a6a4d1df8ed658a64d,8d0ebc6b88e7f378b65f3fdc6c74c8ea98708e21
MS_report,5.3 Trial population: failure by criteria set,"trial population, criteria set iii, fail_pct (two models)",results/trialpop/tp_failure_by_set.csv,range over 2 rows [set=='iii'] :: fail_pct,33.215; 38.760,33.2% to 38.8%,245552b2db5039299ce2f100ed592fc537ebac8bb1693371509535992aa6ca09,8d0ebc6b88e7f378b65f3fdc6c74c8ea98708e21
MS_report,5.3 Trial population: failure by criteria set,"retained subjects per arm of 117 under rule A, set iii: median and 5th to 95th percentiles over identical-product trials (two models)",results/trialpop/tp_retained_per_arm.csv,"set=='iii' :: retained_median, retained_p05, retained_p95",72; 78; 63; 69; 80; 86,a median of 72 to 78 (5th to 95th percentile 63 to 86),e1a344b97e641ca3ed72e33d48c23d516fede36ceb0f55a6a4d1df8ed658a64d,8d0ebc6b88e7f378b65f3fdc6c74c8ea98708e21
MS_report,5.3 Trial population: failure by criteria set,"trial population, criteria set iv, fail_pct (two models)",results/trialpop/tp_failure_by_set.csv,range over 2 rows [set=='iv'] :: fail_pct,65.85; 72.45,65.9% to 72.5%,245552b2db5039299ce2f100ed592fc537ebac8bb1693371509535992aa6ca09,8d0ebc6b88e7f378b65f3fdc6c74c8ea98708e21
MS_report,5.3 Trial population: failure by criteria set,"retained subjects per arm of 117 under rule A, set iv: median and 5th to 95th percentiles over identical-product trials (two models)",results/trialpop/tp_retained_per_arm.csv,"set=='iv' :: retained_median, retained_p05, retained_p95",40; 32; 31; 24; 48; 40,a median of 32 to 40 (5th to 95th percentile 24 to 48),e1a344b97e641ca3ed72e33d48c23d516fede36ceb0f55a6a4d1df8ed658a64d,8d0ebc6b88e7f378b65f3fdc6c74c8ea98708e21
MS_report,5.3 Trial population: failure by criteria set,"trial population, criteria set i, lz_pct (two models)",results/trialpop/tp_failure_by_set.csv,range over 2 rows [set=='i'] :: lz_pct,0.615; 1.460,0.62% to 1.46%,245552b2db5039299ce2f100ed592fc537ebac8bb1693371509535992aa6ca09,8d0ebc6b88e7f378b65f3fdc6c74c8ea98708e21
MS_report,5.3 Trial population: failure by criteria set,"proportional residual, k2016 (%)",results/trialpop/tp_residual_sensitivity.csv,variant=='k2016' & set=='i' :: sigma_prop_pct,24.2,24.2,860c21b7b69a4dd5e1e0ae43bef40eb83c308ae0d97f6e2bcf3a6f1c98454e09,8d0ebc6b88e7f378b65f3fdc6c74c8ea98708e21
MS_report,5.3 Trial population: failure by criteria set,"proportional residual, k2020 (%)",results/trialpop/tp_residual_sensitivity.csv,variant=='k2020' & set=='i' :: sigma_prop_pct,15,15.0,860c21b7b69a4dd5e1e0ae43bef40eb83c308ae0d97f6e2bcf3a6f1c98454e09,8d0ebc6b88e7f378b65f3fdc6c74c8ea98708e21
MS_report,5.3 Trial population: failure by criteria set,"proportional residual, resid12 (%)",results/trialpop/tp_residual_sensitivity.csv,variant=='resid12' & set=='i' :: sigma_prop_pct,12,12.0,860c21b7b69a4dd5e1e0ae43bef40eb83c308ae0d97f6e2bcf3a6f1c98454e09,8d0ebc6b88e7f378b65f3fdc6c74c8ea98708e21
MS_report,5.3 Trial population: failure by criteria set,"residual sensitivity, k2016, set iii",results/trialpop/tp_residual_sensitivity.csv,variant=='k2016' & set=='iii' :: fail_pct,38.76,38.8,860c21b7b69a4dd5e1e0ae43bef40eb83c308ae0d97f6e2bcf3a6f1c98454e09,8d0ebc6b88e7f378b65f3fdc6c74c8ea98708e21
MS_report,5.3 Trial population: failure by criteria set,"residual sensitivity, resid12, set iii",results/trialpop/tp_residual_sensitivity.csv,variant=='resid12' & set=='iii' :: fail_pct,27.235,27.2,860c21b7b69a4dd5e1e0ae43bef40eb83c308ae0d97f6e2bcf3a6f1c98454e09,8d0ebc6b88e7f378b65f3fdc6c74c8ea98708e21
MS_report,5.3 Trial population: failure by criteria set,"residual sensitivity, resid12, set iv",results/trialpop/tp_residual_sensitivity.csv,variant=='resid12' & set=='iv' :: fail_pct,66.01,66.0,860c21b7b69a4dd5e1e0ae43bef40eb83c308ae0d97f6e2bcf3a6f1c98454e09,8d0ebc6b88e7f378b65f3fdc6c74c8ea98708e21
MS_report,5.3 Trial population: failure by criteria set,Figure 5-4,results/trialpop/fig_tp_failure_by_set.png,figure,,(figure),14630d96e53632fca1257126e0d6920a85fceb257a9d3c60c36bbdfb60f4fcf9,8d0ebc6b88e7f378b65f3fdc6c74c8ea98708e21
MS_report,5.3 Trial population: non-random failure,Table TP-CHAR failing versus retained,results/trialpop/tp_characteristics.csv,whole table,,(table),4ecec80dd889cc798aad376dbb7a21a23d30d530a0ef29366e3caf9011779573,8d0ebc6b88e7f378b65f3fdc6c74c8ea98708e21
MS_report,5.3 Trial population: non-random failure,Table TP-CHAR failing versus retained,results/trialpop/tp_strata_individual.csv,whole table,,(table),49152d19e245c1c341396c7d1462f349edf1a07b980ef7210d31729d3ccdeb1f,8d0ebc6b88e7f378b65f3fdc6c74c8ea98708e21
MS_report,5.3 Trial population: non-random failure,"failing versus retained, set i, true_aucinf_gmr",results/trialpop/tp_characteristics.csv,range over 2 rows [set=='i'] :: true_aucinf_gmr,0.786054078286093; 0.814793379307349,0.786 to 0.815,4ecec80dd889cc798aad376dbb7a21a23d30d530a0ef29366e3caf9011779573,8d0ebc6b88e7f378b65f3fdc6c74c8ea98708e21
MS_report,5.3 Trial population: non-random failure,"failing versus retained, set i, wt_diff_kg",results/trialpop/tp_characteristics.csv,range over 2 rows [set=='i'] :: wt_diff_kg,0.810617907513148; 1.133927758936380,0.81 kg to 1.13 kg,4ecec80dd889cc798aad376dbb7a21a23d30d530a0ef29366e3caf9011779573,8d0ebc6b88e7f378b65f3fdc6c74c8ea98708e21
MS_report,5.3 Trial population: non-random failure,"failing versus retained, set iii, true_aucinf_gmr",results/trialpop/tp_characteristics.csv,range over 2 rows [set=='iii'] :: true_aucinf_gmr,0.895137990266898; 0.928174485565535,0.895 to 0.928,4ecec80dd889cc798aad376dbb7a21a23d30d530a0ef29366e3caf9011779573,8d0ebc6b88e7f378b65f3fdc6c74c8ea98708e21
MS_report,5.3 Trial population: non-random failure,"stratum difference, set i, diff_pp",results/trialpop/tp_strata_individual.csv,range over 2 rows [set=='i'] :: diff_pp,1.48237025831265; 2.69034874703012,1.5 to 2.7,49152d19e245c1c341396c7d1462f349edf1a07b980ef7210d31729d3ccdeb1f,8d0ebc6b88e7f378b65f3fdc6c74c8ea98708e21
MS_report,5.3 Trial population: non-random failure,"stratum difference, set iii, diff_pp",results/trialpop/tp_strata_individual.csv,range over 2 rows [set=='iii'] :: diff_pp,2.04821738354254; 2.29695810974729,2.0 to 2.3,49152d19e245c1c341396c7d1462f349edf1a07b980ef7210d31729d3ccdeb1f,8d0ebc6b88e7f378b65f3fdc6c74c8ea98708e21
MS_report,5.3 Trial population: non-random failure,"armdiff, S00, i: smallest 5th and largest 95th percentile over two models",results/trialpop/tp_strata_composition.csv,"scenario=='S00' & analysis_set=='i' :: min(armdiff_p05), max(armdiff_p95)",-4.39875378940609;  4.59466580488504,-4.4 to 4.6,c888fc5d6871d4b71cb531fc782c07c0ccee83dc73c40b19a3c0215c6d1eb911,8d0ebc6b88e7f378b65f3fdc6c74c8ea98708e21
MS_report,5.3 Trial population: non-random failure,"armdiff, S00, iii: smallest 5th and largest 95th percentile over two models",results/trialpop/tp_strata_composition.csv,"scenario=='S00' & analysis_set=='iii' :: min(armdiff_p05), max(armdiff_p95)",-8.69503563911213;  8.46816884758061,-8.7 to 8.5,c888fc5d6871d4b71cb531fc782c07c0ccee83dc73c40b19a3c0215c6d1eb911,8d0ebc6b88e7f378b65f3fdc6c74c8ea98708e21
MS_report,5.3 Trial population: non-random failure,"share of trials with a between-arm heavier-stratum difference above 5 points, S00, i",results/trialpop/tp_strata_composition.csv,range over 2 rows [scenario=='S00' & analysis_set=='i'] :: armdiff_abs_gt5_pct,1.55; 6.50,1.6% to 6.5%,c888fc5d6871d4b71cb531fc782c07c0ccee83dc73c40b19a3c0215c6d1eb911,8d0ebc6b88e7f378b65f3fdc6c74c8ea98708e21
MS_report,5.3 Trial population: non-random failure,"share of trials with a between-arm heavier-stratum difference above 5 points, S00, iii",results/trialpop/tp_strata_composition.csv,range over 2 rows [scenario=='S00' & analysis_set=='iii'] :: armdiff_abs_gt5_pct,28.55; 33.40,28.6% to 33.4%,c888fc5d6871d4b71cb531fc782c07c0ccee83dc73c40b19a3c0215c6d1eb911,8d0ebc6b88e7f378b65f3fdc6c74c8ea98708e21
MS_report,5.3 Trial population: non-random failure,Figure 5-5,results/trialpop/fig_tp_strata.png,figure,,(figure),8e586dcd3573fbc95b7df2e2ec001b458a237698a576deab699d67a6f82792f5,8d0ebc6b88e7f378b65f3fdc6c74c8ea98708e21
MS_report,5.3 Trial population: treatment-dependent failure,Table TP-ARM treatment-dependent failure,results/trialpop/tp_arm_difference.csv,whole table,,(table),cdf32cb67af28daa0f22468c8f79ffcfdc1b7f3fdd7b124be9b27f61fddec8d4,8d0ebc6b88e7f378b65f3fdc6c74c8ea98708e21
MS_report,5.3 Trial population: treatment-dependent failure,Table TP-ARM treatment-dependent failure,results/trialpop/tp_arm_difference_fit.csv,whole table,,(table),c3441189dd0b9c008d5d06147ce4866ad527eb88716193d2ba47859f86ce9b1c,8d0ebc6b88e7f378b65f3fdc6c74c8ea98708e21
MS_report,5.3 Trial population: treatment-dependent failure,"test minus reference failing, S00, set i, diff_mean",results/trialpop/tp_arm_difference.csv,range over 2 rows [scenario=='S00' & set=='i'] :: diff_mean,-0.09188034188034171; -0.00384615384615384,-0.09 to 0.00,cdf32cb67af28daa0f22468c8f79ffcfdc1b7f3fdd7b124be9b27f61fddec8d4,8d0ebc6b88e7f378b65f3fdc6c74c8ea98708e21
MS_report,5.3 Trial population: treatment-dependent failure,"test minus reference failing, VM125, set i, diff_mean",results/trialpop/tp_arm_difference.csv,range over 2 rows [scenario=='VM125' & set=='i'] :: diff_mean,4.27094017094017; 6.63589743589744,4.27 to 6.64,cdf32cb67af28daa0f22468c8f79ffcfdc1b7f3fdd7b124be9b27f61fddec8d4,8d0ebc6b88e7f378b65f3fdc6c74c8ea98708e21
MS_report,5.3 Trial population: treatment-dependent failure,"test minus reference failing, Vmax_up_080, set i, diff_mean",results/trialpop/tp_arm_difference.csv,range over 2 rows [scenario=='Vmax_up_080' & set=='i'] :: diff_mean,7.29145299145299; 11.02649572649570,7.29 to 11.03,cdf32cb67af28daa0f22468c8f79ffcfdc1b7f3fdd7b124be9b27f61fddec8d4,8d0ebc6b88e7f378b65f3fdc6c74c8ea98708e21
MS_report,5.3 Trial population: treatment-dependent failure,"test minus reference failing, ka_down_080, set i, diff_mean",results/trialpop/tp_arm_difference.csv,range over 2 rows [scenario=='ka_down_080' & set=='i'] :: diff_mean,10.2564102564103; 12.2884615384615,10.26 to 12.29,cdf32cb67af28daa0f22468c8f79ffcfdc1b7f3fdd7b124be9b27f61fddec8d4,8d0ebc6b88e7f378b65f3fdc6c74c8ea98708e21
MS_report,5.3 Trial population: treatment-dependent failure,"test minus reference failing, F_down_080, set i, diff_mean",results/trialpop/tp_arm_difference.csv,range over 2 rows [scenario=='F_down_080' & set=='i'] :: diff_mean,2.20897435897436; 3.54102564102564,2.21 to 3.54,cdf32cb67af28daa0f22468c8f79ffcfdc1b7f3fdd7b124be9b27f61fddec8d4,8d0ebc6b88e7f378b65f3fdc6c74c8ea98708e21
MS_report,5.3 Trial population: treatment-dependent failure,"test minus reference failing, V2_up_080, set i, diff_mean",results/trialpop/tp_arm_difference.csv,range over 2 rows [scenario=='V2_up_080' & set=='i'] :: diff_mean,-4.05512820512821; -3.49358974358974,-4.06 to -3.49,cdf32cb67af28daa0f22468c8f79ffcfdc1b7f3fdd7b124be9b27f61fddec8d4,8d0ebc6b88e7f378b65f3fdc6c74c8ea98708e21
MS_report,5.3 Trial population: treatment-dependent failure,"test minus reference failing, V2_up_080, set iii, diff_mean",results/trialpop/tp_arm_difference.csv,range over 2 rows [scenario=='V2_up_080' & set=='iii'] :: diff_mean,-9.38290598290598; -8.44615384615385,-9.38 to -8.45,cdf32cb67af28daa0f22468c8f79ffcfdc1b7f3fdd7b124be9b27f61fddec8d4,8d0ebc6b88e7f378b65f3fdc6c74c8ea98708e21
MS_report,5.3 Trial population: treatment-dependent failure,"test minus reference failing, KE120, set i, diff_mean",results/trialpop/tp_arm_difference.csv,range over 2 rows [scenario=='KE120' & set=='i'] :: diff_mean,-0.1551282051282050;  0.0478632478632479,-0.16 to 0.05,cdf32cb67af28daa0f22468c8f79ffcfdc1b7f3fdd7b124be9b27f61fddec8d4,8d0ebc6b88e7f378b65f3fdc6c74c8ea98708e21
MS_report,5.3 Trial population: treatment-dependent failure,"arm difference per 10% lower true ratio, set i, r_squared",results/trialpop/tp_arm_difference_fit.csv,range over 2 rows [set=='i'] :: r_squared,0.232470424551062; 0.360108101646794,0.23 to 0.36,c3441189dd0b9c008d5d06147ce4866ad527eb88716193d2ba47859f86ce9b1c,8d0ebc6b88e7f378b65f3fdc6c74c8ea98708e21
MS_report,5.3 Trial population: treatment-dependent failure,"arm difference per 10% lower true ratio, set iii, r_squared",results/trialpop/tp_arm_difference_fit.csv,range over 2 rows [set=='iii'] :: r_squared,0.167806345901734; 0.176066239916273,0.17 to 0.18,c3441189dd0b9c008d5d06147ce4866ad527eb88716193d2ba47859f86ce9b1c,8d0ebc6b88e7f378b65f3fdc6c74c8ea98708e21
MS_report,5.3 Trial population: treatment-dependent failure,Figure 5-6,results/trialpop/fig_tp_arm_difference.png,figure,,(figure),4cb713fd715c125a586947373f45e7a608b6306a8614e860c381a011cf02ee6a,8d0ebc6b88e7f378b65f3fdc6c74c8ea98708e21
MS_report,5.3 Trial population: treatment-dependent failure,largest absolute test minus reference difference in the share failing set i over the test scenarios of both models (points),results/trialpop/tp_arm_difference.csv,set=='i' & scenario!='S00' :: max(abs(diff_mean)),12.2884615384615,12.3,cdf32cb67af28daa0f22468c8f79ffcfdc1b7f3fdd7b124be9b27f61fddec8d4,8d0ebc6b88e7f378b65f3fdc6c74c8ea98708e21
MS_report,5.4 Operating characteristics,Table 5-8 boundary multipliers,results/oc/inversion_all.csv,whole table,,(table),7b0f06ec39b8c6d76e4b02d5301502fb01167a0cb730bc1e5fea08e64726541f,8d0ebc6b88e7f378b65f3fdc6c74c8ea98708e21
MS_report,5.4 Operating characteristics,reachable boundary scenarios,results/oc/inversion_all.csv,boundary targets :: reachable==TRUE,16,16,7b0f06ec39b8c6d76e4b02d5301502fb01167a0cb730bc1e5fea08e64726541f,8d0ebc6b88e7f378b65f3fdc6c74c8ea98708e21
MS_report,5.4 Operating characteristics,true Cmax ratio at the ka multiplier reaching 0.80,results/oc/inversion_all.csv,range over 2 rows [mechanism=='ka' & reachable==TRUE & abs(target-0.80)<1e-9] :: cmax_ratio,0.631952944916229; 0.632507704543837,0.632 to 0.633,7b0f06ec39b8c6d76e4b02d5301502fb01167a0cb730bc1e5fea08e64726541f,8d0ebc6b88e7f378b65f3fdc6c74c8ea98708e21
MS_report,5.4 Operating characteristics,Table 5-9 boundary type I error,results/oc/g2_rules_flags.csv,whole table,,(table),315f676f4f188231888ef499414b01c03e0a448a1f8886af5b24d1a50fbdfdd6,8d0ebc6b88e7f378b65f3fdc6c74c8ea98708e21
MS_report,5.4 Operating characteristics,Table 5-9 boundary type I error,results/oc/boundary_type1.csv,whole table,,(table),98f4c693f928877060487a0b868df137f06419780be5945a0efdf5da34322b12,8d0ebc6b88e7f378b65f3fdc6c74c8ea98708e21
MS_report,5.4 Operating characteristics,Figure 5-7,results/oc/g2_rules_flags.csv,"region=='boundary' & config in P2, G2_Aii, G2_Ai, G2_B, G2_Cii",,(table),315f676f4f188231888ef499414b01c03e0a448a1f8886af5b24d1a50fbdfdd6,8d0ebc6b88e7f378b65f3fdc6c74c8ea98708e21
MS_report,5.4 Operating characteristics,Table 5-10 P2 by scenario,results/oc/p2_interpretation.csv,whole table,,(table),4a44d10a6f7f1d3a908463551c829a2d9d7f6656ee1a5e0fd412a8e36a8414d1,8d0ebc6b88e7f378b65f3fdc6c74c8ea98708e21
MS_report,5.4 Operating characteristics,unbiased reference pass rate range,results/oc/p2_interpretation.csv,range over 16 rows [config=='P2'] :: ref_pct,4.12; 5.43,4.12 to 5.43,4a44d10a6f7f1d3a908463551c829a2d9d7f6656ee1a5e0fd412a8e36a8414d1,8d0ebc6b88e7f378b65f3fdc6c74c8ea98708e21
MS_report,5.4 Operating characteristics,"between-trial SD / within-trial SE range, unbiased reference",results/oc/p2_interpretation.csv,range over 16 rows [config=='AUCinf_true_only'] :: sd_se_ratio,0.960904513378892; 0.993484523982835,0.961 to 0.993,4a44d10a6f7f1d3a908463551c829a2d9d7f6656ee1a5e0fd412a8e36a8414d1,8d0ebc6b88e7f378b65f3fdc6c74c8ea98708e21
MS_report,5.4 Operating characteristics,theoretical pass rate of an unbiased estimator at the inverted truth,results/oc/p2_interpretation.csv,range over 16 rows [config=='P2'] :: theory_at_truth_pct,4.85100116185209; 5.11622951651157,4.85 to 5.12,4a44d10a6f7f1d3a908463551c829a2d9d7f6656ee1a5e0fd412a8e36a8414d1,8d0ebc6b88e7f378b65f3fdc6c74c8ea98708e21
MS_report,5.4 Operating characteristics,cells with AUC0-last bias away from 1,results/oc/p2_interpretation.csv,count of rows [config=='P2' & bias_dir=='away_from_1'],15,15,4a44d10a6f7f1d3a908463551c829a2d9d7f6656ee1a5e0fd412a8e36a8414d1,8d0ebc6b88e7f378b65f3fdc6c74c8ea98708e21
MS_report,5.4 Operating characteristics,"AUC0-last effect, nominal cell",results/oc/p2_interpretation.csv,model=='k2020' & scenario=='V2_up_080' & config=='P2' :: auclast_minus_ref_pp,0.61,0.610,4a44d10a6f7f1d3a908463551c829a2d9d7f6656ee1a5e0fd412a8e36a8414d1,8d0ebc6b88e7f378b65f3fdc6c74c8ea98708e21
MS_report,5.4 Operating characteristics,"reference minus 5, nominal cell",results/oc/p2_interpretation.csv,model=='k2020' & scenario=='V2_up_080' & config=='P2' :: ref_minus_5_pp,-0.414999999999999,-0.415,4a44d10a6f7f1d3a908463551c829a2d9d7f6656ee1a5e0fd412a8e36a8414d1,8d0ebc6b88e7f378b65f3fdc6c74c8ea98708e21
MS_report,5.4 Operating characteristics,"Cmax effect, nominal cell",results/oc/p2_interpretation.csv,model=='k2020' & scenario=='V2_up_080' & config=='P2' :: p2_minus_auclast_pp,-0.015,-0.015,4a44d10a6f7f1d3a908463551c829a2d9d7f6656ee1a5e0fd412a8e36a8414d1,8d0ebc6b88e7f378b65f3fdc6c74c8ea98708e21
MS_report,5.4 Operating characteristics,"AUC0-last bias, nominal cell",results/oc/p2_interpretation.csv,model=='k2020' & scenario=='V2_up_080' & config=='P2' :: bias_pct,0.412047245024261,0.41,4a44d10a6f7f1d3a908463551c829a2d9d7f6656ee1a5e0fd412a8e36a8414d1,8d0ebc6b88e7f378b65f3fdc6c74c8ea98708e21
MS_report,5.4 Operating characteristics,"P2 minus 5, nominal cell",results/oc/p2_interpretation.csv,model=='k2020' & scenario=='V2_up_080' & config=='P2' :: gap_pp,0.180000000000001,0.180,4a44d10a6f7f1d3a908463551c829a2d9d7f6656ee1a5e0fd412a8e36a8414d1,8d0ebc6b88e7f378b65f3fdc6c74c8ea98708e21
MS_report,5.4 Operating characteristics,largest absolute AUC0-last bias against the true AUC0-inf ratio at the boundaries (%),results/oc/p2_interpretation.csv,config=='P2' :: max(abs(bias_pct_AUClast)),1.50200578479555,1.5,4a44d10a6f7f1d3a908463551c829a2d9d7f6656ee1a5e0fd412a8e36a8414d1,8d0ebc6b88e7f378b65f3fdc6c74c8ea98708e21
MS_report,5.4 Operating characteristics: AUC0-inf,Table 5-11 bias,results/oc/p2_interpretation.csv,whole table,,(table),4a44d10a6f7f1d3a908463551c829a2d9d7f6656ee1a5e0fd412a8e36a8414d1,8d0ebc6b88e7f378b65f3fdc6c74c8ea98708e21
MS_report,5.4 Operating characteristics: AUC0-inf,G2 decomposition,results/oc/g2_decomposition.csv,whole table,,(table),b186d66c6b4bed945c9b62af04fa1fb552aba6a8698826487870ba58e6118806,8d0ebc6b88e7f378b65f3fdc6c74c8ea98708e21
MS_report,5.4 Operating characteristics: AUC0-inf,"scenarios where exclusion (rule A, (ii)) raises the pass rate",results/oc/g2_decomposition.csv,region=='boundary' & contrast=='sel_ii' :: sum(est < 0),13,13,b186d66c6b4bed945c9b62af04fa1fb552aba6a8698826487870ba58e6118806,8d0ebc6b88e7f378b65f3fdc6c74c8ea98708e21
MS_report,5.4 Operating characteristics: AUC0-inf,"rule C (ii) minus AUC0-last + Cmax, range (points)",results/oc/g2_decomposition.csv,region=='boundary' & contrast=='subst_ii' :: est,-0.58;  1.24,-0.58 to 1.24,b186d66c6b4bed945c9b62af04fa1fb552aba6a8698826487870ba58e6118806,8d0ebc6b88e7f378b65f3fdc6c74c8ea98708e21
MS_report,5.4 Operating characteristics: AUC0-inf,scenarios where AUC0-inf rule B is biased toward 1,results/oc/p2_interpretation.csv,config=='P2' :: sign(bias_pct_AUCinf_B) opposite to sign(log(target)),12,12,4a44d10a6f7f1d3a908463551c829a2d9d7f6656ee1a5e0fd412a8e36a8414d1,8d0ebc6b88e7f378b65f3fdc6c74c8ea98708e21
MS_report,5.4 Operating characteristics: AUC0-inf,scenarios where AUC0-inf rule A (ii) is biased toward 1,results/oc/p2_interpretation.csv,config=='P2' :: sign(bias_pct_AUCinf_A) opposite to sign(log(target)),14,14,4a44d10a6f7f1d3a908463551c829a2d9d7f6656ee1a5e0fd412a8e36a8414d1,8d0ebc6b88e7f378b65f3fdc6c74c8ea98708e21
MS_report,5.4 Operating characteristics: AUC0-inf,"extrapolation effect (rule B minus AUC0-last + Cmax) range, points",results/oc/g2_decomposition.csv,region=='boundary' & contrast=='extrap' :: est,-1.47; 12.81,-1.47 to 12.81,b186d66c6b4bed945c9b62af04fa1fb552aba6a8698826487870ba58e6118806,8d0ebc6b88e7f378b65f3fdc6c74c8ea98708e21
MS_report,5.4 Operating characteristics: AUC0-inf,"selection effect (rule B minus rule A, criteria (ii)) range, points",results/oc/g2_decomposition.csv,region=='boundary' & contrast=='sel_ii' :: est,-21.94;   2.65,-21.94 to 2.65,b186d66c6b4bed945c9b62af04fa1fb552aba6a8698826487870ba58e6118806,8d0ebc6b88e7f378b65f3fdc6c74c8ea98708e21
MS_report,5.4 Criteria convention,Table 5-12 AUC0-inf + Cmax by rule and criteria set,results/criteria/criteria_g2_type1.csv,whole table,,(table),b450c534a36e2e03b49bad2427de6317153e3b71210dce8caab616e43ef64981,8d0ebc6b88e7f378b65f3fdc6c74c8ea98708e21
MS_report,5.4 Criteria convention,"AUC0-inf GMR bias against the true AUC0-inf ratio, A_i, M0",results/criteria/criteria_bias.csv,range over 16 rows [analysis_model=='M0' & config=='A_i'] :: bias_pct,-2.73385862256168;  8.12980377770702,-2.73% to 8.13%,bc5ff89ec184d87a6cf94f6b56fe05cf2769267911df0b6e6b64f6f5c9660481,8d0ebc6b88e7f378b65f3fdc6c74c8ea98708e21
MS_report,5.4 Criteria convention,"AUC0-inf GMR bias against the true AUC0-inf ratio, A_iii, M0",results/criteria/criteria_bias.csv,range over 16 rows [analysis_model=='M0' & config=='A_iii'] :: bias_pct,-2.71950666214911; 11.05419708364080,-2.72% to 11.05%,bc5ff89ec184d87a6cf94f6b56fe05cf2769267911df0b6e6b64f6f5c9660481,8d0ebc6b88e7f378b65f3fdc6c74c8ea98708e21
MS_report,5.4 Criteria convention,"AUC0-inf GMR bias against the true AUC0-inf ratio, B, M0",results/criteria/criteria_bias.csv,range over 16 rows [analysis_model=='M0' & config=='B'] :: bias_pct,-0.898572375520368;  3.890735942525110,-0.90% to 3.89%,bc5ff89ec184d87a6cf94f6b56fe05cf2769267911df0b6e6b64f6f5c9660481,8d0ebc6b88e7f378b65f3fdc6c74c8ea98708e21
MS_report,5.4 Criteria convention,"AUC0-inf GMR bias against the true AUC0-inf ratio, C_i, M0",results/criteria/criteria_bias.csv,range over 16 rows [analysis_model=='M0' & config=='C_i'] :: bias_pct,-0.929602991976952;  0.434460003179882,-0.93% to 0.43%,bc5ff89ec184d87a6cf94f6b56fe05cf2769267911df0b6e6b64f6f5c9660481,8d0ebc6b88e7f378b65f3fdc6c74c8ea98708e21
MS_report,5.4 Criteria convention,"AUC0-inf GMR bias against the true AUC0-inf ratio, C_iii, M0",results/criteria/criteria_bias.csv,range over 16 rows [analysis_model=='M0' & config=='C_iii'] :: bias_pct,-1.127552023335810;  0.493012994430431,-1.13% to 0.49%,bc5ff89ec184d87a6cf94f6b56fe05cf2769267911df0b6e6b64f6f5c9660481,8d0ebc6b88e7f378b65f3fdc6c74c8ea98708e21
MS_report,5.4 Criteria convention,"decision instability inst_all, median and maximum over 16 boundary cells, M0",results/criteria/criteria_instability.csv,"analysis_model=='M0' & !scenario in (S00, F097) :: median and max of inst_all",12.60; 39.63,a median of 12.6% and up to 39.6%,f4bab2830356f6a82612ac7ddb6eb4478ae350b60ab618ff2841b07078260fee,8d0ebc6b88e7f378b65f3fdc6c74c8ea98708e21
MS_report,5.4 Criteria convention,"decision instability inst_rules_i, median and maximum over 16 boundary cells, M0",results/criteria/criteria_instability.csv,"analysis_model=='M0' & !scenario in (S00, F097) :: median and max of inst_rules_i",4.65; 19.65,a median of 4.7% and up to 19.7%,f4bab2830356f6a82612ac7ddb6eb4478ae350b60ab618ff2841b07078260fee,8d0ebc6b88e7f378b65f3fdc6c74c8ea98708e21
MS_report,5.4 Criteria convention,"decision instability inst_rules_iii, median and maximum over 16 boundary cells, M0",results/criteria/criteria_instability.csv,"analysis_model=='M0' & !scenario in (S00, F097) :: median and max of inst_rules_iii",6.17; 20.74,a median of 6.2% and up to 20.7%,f4bab2830356f6a82612ac7ddb6eb4478ae350b60ab618ff2841b07078260fee,8d0ebc6b88e7f378b65f3fdc6c74c8ea98708e21
MS_report,5.4 Criteria convention,"decision instability inst_sets_A, median and maximum over 16 boundary cells, M0",results/criteria/criteria_instability.csv,"analysis_model=='M0' & !scenario in (S00, F097) :: median and max of inst_sets_A",11.4; 37.5,a median of 11.4% and up to 37.5%,f4bab2830356f6a82612ac7ddb6eb4478ae350b60ab618ff2841b07078260fee,8d0ebc6b88e7f378b65f3fdc6c74c8ea98708e21
MS_report,5.4 Criteria convention,"decision instability inst_sets_C, median and maximum over 16 boundary cells, M0",results/criteria/criteria_instability.csv,"analysis_model=='M0' & !scenario in (S00, F097) :: median and max of inst_sets_C",1.17; 1.71,a median of 1.2% and up to 1.7%,f4bab2830356f6a82612ac7ddb6eb4478ae350b60ab618ff2841b07078260fee,8d0ebc6b88e7f378b65f3fdc6c74c8ea98708e21
MS_report,5.4 Criteria convention,Figure 5-8,results/criteria/fig_criteria_g2.png,figure,,(figure),d94d8922aee4777d37b9170cb235f4154e23749a2f9c983d86a6e1c8a2677049,8d0ebc6b88e7f378b65f3fdc6c74c8ea98708e21
MS_report,5.4 Power,"power at true ratio 0.95 or 1.05, P2",results/oc/power.csv,range over 11 rows [model=='k2016' & config=='P2' & abs(target-0.95)<1e-9 | model=='k2016' & config=='P2' & abs(target-1.05)<1e-9] :: pass_pct,52.40; 97.25,52.4 to 97.3,d764a878d136add693dba8b8849b09502c2d047349ff3d6c5b41f807ac5cb188,8d0ebc6b88e7f378b65f3fdc6c74c8ea98708e21
MS_report,5.4 Power,"power at true ratio 0.95 or 1.05, P2",results/oc/power.csv,range over 11 rows [model=='k2020' & config=='P2' & abs(target-0.95)<1e-9 | model=='k2020' & config=='P2' & abs(target-1.05)<1e-9] :: pass_pct,33.95; 94.80,34.0 to 94.8,d764a878d136add693dba8b8849b09502c2d047349ff3d6c5b41f807ac5cb188,8d0ebc6b88e7f378b65f3fdc6c74c8ea98708e21
MS_report,5.4 Power,"true Cmax ratio in the lowest-power scenario (ka increased, 1.05)",results/oc/power.csv,"config=='P2' & target in (0.95, 1.05) :: cmax_ratio of the minimum pass_pct per model",1.1868009360223; 1.2139493066922,1.19 to 1.21,d764a878d136add693dba8b8849b09502c2d047349ff3d6c5b41f807ac5cb188,8d0ebc6b88e7f378b65f3fdc6c74c8ea98708e21
MS_report,5.4 Power,configuration comparison,results/oc/config_comparison.csv,whole table,,(table),3663628a0c885abcc30e0e372774576b32dd958fc49aa5c8395ad045bd702a4e,8d0ebc6b88e7f378b65f3fdc6c74c8ea98708e21
MS_report,5.4 Power,"added protection of AUC0-last + AUC0-inf (A) + Cmax at the boundaries, points",results/oc/config_comparison.csv,region=='boundary' :: range(P2_minus_F3A),0.00; 4.23,0.00 to 4.23,3663628a0c885abcc30e0e372774576b32dd958fc49aa5c8395ad045bd702a4e,8d0ebc6b88e7f378b65f3fdc6c74c8ea98708e21
MS_report,5.4 Power,"added failure inside the limits, points",results/oc/config_comparison.csv,region=='inside' :: range(P2_minus_F3A),0.0; 20.5,0.00 to 20.50,3663628a0c885abcc30e0e372774576b32dd958fc49aa5c8395ad045bd702a4e,8d0ebc6b88e7f378b65f3fdc6c74c8ea98708e21
MS_report,5.5 Random product space,Table 5-13 random product space,results/oc/random_space_risks.csv,whole table,,(table),9728778fb4558c941ac2258fd9deab7bba4c5c72a445e77bbee98f5f1cf0f7c4,8d0ebc6b88e7f378b65f3fdc6c74c8ea98708e21
MS_report,5.7 Sampling schedule,Table 5-14 schedule decision,results/trials/schedule_decision_base.csv,whole table,,(table),bb5709b29d60a28b0000e996758cf03adbad65869efe5c1b5a409f05aff0e0ea,8d0ebc6b88e7f378b65f3fdc6c74c8ea98708e21
MS_report,5.7 Sampling schedule,Table 5-14 schedule decision,results/trials/schedule_decision_struct2020.csv,whole table,,(table),70bc8a9b917c13c9bc847019895ddbb39edfcdd0a79c123d1f7466d18ba8234d,8d0ebc6b88e7f378b65f3fdc6c74c8ea98708e21
MS_report,5.7 Sampling schedule,Table 5-14 schedule decision,results/trials/schedule_decision_vmax080_both.csv,whole table,,(table),1ea1561a2930c1fa299e83a9c2d9c7cf506a1db065e95060788c03353b9f122f,8d0ebc6b88e7f378b65f3fdc6c74c8ea98708e21
MS_report,5.7 Sampling schedule,Table 5-14 schedule decision,results/trials/schedule_decision_vmax125_both.csv,whole table,,(table),ff11721af23123896deb73b20101dc59c768197864079dae7dcecc256e0e77c0,8d0ebc6b88e7f378b65f3fdc6c74c8ea98708e21
MS_report,5.7 Sampling schedule,Table 5-14 schedule decision,results/trials/schedule_decision_iiv150.csv,whole table,,(table),6d91ebc8a51f4951e907ab51997b31e5af957897e74c480d401495713eea7278,8d0ebc6b88e7f378b65f3fdc6c74c8ea98708e21
MS_report,5.7 Sampling schedule,Table 5-14 schedule decision,results/trials/schedule_decision_resid12.csv,whole table,,(table),e9fd1a739836a17ecae667fb06e4aaaeb9717e5b943800c0d999669097c4c956,8d0ebc6b88e7f378b65f3fdc6c74c8ea98708e21
MS_report,5.7 Sampling schedule,Table 5-14 schedule decision,results/trials/schedule_decision_weight_alt.csv,whole table,,(table),d5facab06f5f4d048933d8a1610dbf399f97a65d483d09d73c0921605f6c8df6,8d0ebc6b88e7f378b65f3fdc6c74c8ea98708e21
MS_report,5.7 Sampling schedule,Table 5-14 schedule decision,results/trials/schedule_decision_ada10.csv,whole table,,(table),49b65851cc067540f6edc1e6cab9d3af0bc314ecac7594363ab57150a680b31c,8d0ebc6b88e7f378b65f3fdc6c74c8ea98708e21
MS_report,5.7 Sampling schedule,"schedule/variant cells where the rule recommends added samples (20,000 subjects, 500 trials)",results/trials/schedule_decision_base.csv,sum(recommend) over trials/schedule_decision_<variant>.csv,1,1,bb5709b29d60a28b0000e996758cf03adbad65869efe5c1b5a409f05aff0e0ea,8d0ebc6b88e7f378b65f3fdc6c74c8ea98708e21
MS_report,5.7 Sampling schedule,"criterion (d) at 200,000 subjects",results/individual200k/criterion_d_200k_base.csv,whole table,,(table),ae9015b82606edeab44b551b30b253bc060edd5d5fcd2a4f923548bcc9fe6e32,8d0ebc6b88e7f378b65f3fdc6c74c8ea98708e21
MS_report,5.7 Sampling schedule,"criterion (d) at 200,000 subjects",results/individual200k/criterion_d_200k_struct2020.csv,whole table,,(table),f601efcc96f1954c114480fc57501e4411e809d9381cbd5bf0969cff99b55827,8d0ebc6b88e7f378b65f3fdc6c74c8ea98708e21
MS_report,5.7 Sampling schedule,"criterion (d) at 200,000 subjects",results/individual200k/criterion_d_200k_vmax080_both.csv,whole table,,(table),fdedd0ac8373a2bebffc12896073e05d5c4926bce66c385376a5341f916f00fd,8d0ebc6b88e7f378b65f3fdc6c74c8ea98708e21
MS_report,5.7 Sampling schedule,"largest relative decrease of the mean AUC0-last CI width with added samples (%), all variants",results/trials/schedule_decision_base.csv,schedule in D1..D4 over trials/schedule_decision_<variant>.csv :: 100 * max(a_mean_width_rel_decrease),0.370468609872598,0.37,bb5709b29d60a28b0000e996758cf03adbad65869efe5c1b5a409f05aff0e0ea,8d0ebc6b88e7f378b65f3fdc6c74c8ea98708e21
MS_report,5.7 Sampling schedule,decision_rule.ci_width_mean_rel_decrease_min,config/trial_design.yaml,decision_rule.ci_width_mean_rel_decrease_min,0.02,0.02,553eceab74155a3497fef1ab587f3b8d2be1319704e17ae1f0e177601726e84f,8d0ebc6b88e7f378b65f3fdc6c74c8ea98708e21
MS_report,5.7 Sampling schedule,"CI width decrease when Day 50 is removed (%), range over variants",results/trials/schedule_decision_base.csv,schedule=='Bminus' :: 100 * a_mean_width_rel_decrease,0.237950236814211; 1.018815474502900,0.24 to 1.02,bb5709b29d60a28b0000e996758cf03adbad65869efe5c1b5a409f05aff0e0ea,8d0ebc6b88e7f378b65f3fdc6c74c8ea98708e21
MS_report,5.7 Sampling schedule,"ratio of the share with extrapolation above 20% when Day 50 is removed, range",results/trials/schedule_decision_base.csv,schedule=='Bminus' :: d_extrap20_ratio,1.04267729089112; 2.45398049692947,1.04 to 2.45,bb5709b29d60a28b0000e996758cf03adbad65869efe5c1b5a409f05aff0e0ea,8d0ebc6b88e7f378b65f3fdc6c74c8ea98708e21
MS_report,5.7 Sampling schedule,added-sampling cells where reliability under set (ii) falls,results/reliability/reliability_paired_vs_B0.csv,schedule in D1..D4 :: sum(gain_ii_pp < 0),26; 32,26 of 32,25c664d815ff40194ca4fb53984e0c166bbf23a169e9c0533214cfb3d9385ecc,8d0ebc6b88e7f378b65f3fdc6c74c8ea98708e21
MS_report,5.7 Sampling schedule,D3 reliability change,results/reliability/reliability_paired_vs_B0.csv,whole table,,(table),25c664d815ff40194ca4fb53984e0c166bbf23a169e9c0533214cfb3d9385ecc,8d0ebc6b88e7f378b65f3fdc6c74c8ea98708e21
MS_report,5.9 Analysis model,Table 5-15,results/oc_models/type1_models.csv,whole table,,(table),d6e5c650fb4d6d241a554f896de38205ac2c890bfa442f4f9cb2749c70b5f261,8d0ebc6b88e7f378b65f3fdc6c74c8ea98708e21
MS_report,5.9 Analysis model,M0 P2 boundary range,results/oc_models/type1_models.csv,range over 16 rows [analysis_model=='M0' & config=='P2'] :: pass_pct,0.00; 5.18,0.00% to 5.18%,d6e5c650fb4d6d241a554f896de38205ac2c890bfa442f4f9cb2749c70b5f261,8d0ebc6b88e7f378b65f3fdc6c74c8ea98708e21
MS_report,5.9 Analysis model,M1 P2 boundary range,results/oc_models/type1_models.csv,range over 16 rows [analysis_model=='M1' & config=='P2'] :: pass_pct,0.000; 5.625,0.00% to 5.63%,d6e5c650fb4d6d241a554f896de38205ac2c890bfa442f4f9cb2749c70b5f261,8d0ebc6b88e7f378b65f3fdc6c74c8ea98708e21
MS_report,5.9 Analysis model,M2 P2 boundary range,results/oc_models/type1_models.csv,range over 16 rows [analysis_model=='M2' & config=='P2'] :: pass_pct,0.000; 5.745,0.00% to 5.75%,d6e5c650fb4d6d241a554f896de38205ac2c890bfa442f4f9cb2749c70b5f261,8d0ebc6b88e7f378b65f3fdc6c74c8ea98708e21
MS_report,5.9 Analysis model,SD/SE AUCinf_true M0,results/oc_models/sd_se_models.csv,"range over 16 rows [endpoint=='AUCinf_true' & analysis_model=='M0' & !scenario %in% c('S00','F097')] :: sd_se_ratio",0.960904694847028; 0.993484190924169,0.961 to 0.993,d78065adf953809467648b9aedda6b8cb346007f065d1ac3c40a9677083121cc,8d0ebc6b88e7f378b65f3fdc6c74c8ea98708e21
MS_report,5.9 Analysis model,SD/SE AUCinf_true M1,results/oc_models/sd_se_models.csv,"range over 16 rows [endpoint=='AUCinf_true' & analysis_model=='M1' & !scenario %in% c('S00','F097')] :: sd_se_ratio",0.991270619596083; 1.020344572967900,0.991 to 1.020,d78065adf953809467648b9aedda6b8cb346007f065d1ac3c40a9677083121cc,8d0ebc6b88e7f378b65f3fdc6c74c8ea98708e21
MS_report,5.9 Analysis model,SD/SE AUCinf_true M2,results/oc_models/sd_se_models.csv,"range over 16 rows [endpoint=='AUCinf_true' & analysis_model=='M2' & !scenario %in% c('S00','F097')] :: sd_se_ratio",0.990825290514393; 1.020854338035070,0.991 to 1.021,d78065adf953809467648b9aedda6b8cb346007f065d1ac3c40a9677083121cc,8d0ebc6b88e7f378b65f3fdc6c74c8ea98708e21
MS_report,5.9 Analysis model,SD/SE AUClast M0,results/oc_models/sd_se_models.csv,"range over 16 rows [endpoint=='AUClast' & analysis_model=='M0' & !scenario %in% c('S00','F097')] :: sd_se_ratio",0.964976938525254; 1.000920493376600,0.965 to 1.001,d78065adf953809467648b9aedda6b8cb346007f065d1ac3c40a9677083121cc,8d0ebc6b88e7f378b65f3fdc6c74c8ea98708e21
MS_report,5.9 Analysis model,SD/SE AUClast M1,results/oc_models/sd_se_models.csv,"range over 16 rows [endpoint=='AUClast' & analysis_model=='M1' & !scenario %in% c('S00','F097')] :: sd_se_ratio",0.992062424170581; 1.026075100419270,0.992 to 1.026,d78065adf953809467648b9aedda6b8cb346007f065d1ac3c40a9677083121cc,8d0ebc6b88e7f378b65f3fdc6c74c8ea98708e21
MS_report,5.9 Analysis model,SD/SE AUClast M2,results/oc_models/sd_se_models.csv,"range over 16 rows [endpoint=='AUClast' & analysis_model=='M2' & !scenario %in% c('S00','F097')] :: sd_se_ratio",0.992075801106268; 1.027711891989790,0.992 to 1.028,d78065adf953809467648b9aedda6b8cb346007f065d1ac3c40a9677083121cc,8d0ebc6b88e7f378b65f3fdc6c74c8ea98708e21
MS_report,5.9 Analysis model,M1 AUCinf_true_only boundary range,results/oc_models/type1_models.csv,range over 16 rows [analysis_model=='M1' & config=='AUCinf_true_only'] :: pass_pct,4.53; 5.83,4.53% to 5.83%,d6e5c650fb4d6d241a554f896de38205ac2c890bfa442f4f9cb2749c70b5f261,8d0ebc6b88e7f378b65f3fdc6c74c8ea98708e21
MS_report,5.9 Analysis model,M0 AUCinf_true_only boundary range,results/oc_models/type1_models.csv,range over 16 rows [analysis_model=='M0' & config=='AUCinf_true_only'] :: pass_pct,4.12; 5.43,4.12% to 5.43%,d6e5c650fb4d6d241a554f896de38205ac2c890bfa442f4f9cb2749c70b5f261,8d0ebc6b88e7f378b65f3fdc6c74c8ea98708e21
MS_report,5.9 Analysis model,power k2016 S00 M0 P2,results/oc_models/power_models.csv,"pk_model=='k2016' & scenario=='S00' & analysis_model=='M0' & config=='P2' :: pass_pct [lo, hi]",99.5500000000000; 99.3984428906251; 99.6635028708408,99.6% (95% CI 99.4 to 99.7),9f1958653a97dce11942e5f07b15abc5d41042297c6e2795abc6da4711b68fb6,8d0ebc6b88e7f378b65f3fdc6c74c8ea98708e21
MS_report,5.9 Analysis model,power k2016 S00 M1 P2,results/oc_models/power_models.csv,"pk_model=='k2016' & scenario=='S00' & analysis_model=='M1' & config=='P2' :: pass_pct [lo, hi]",99.6500000000000; 99.5136468123541; 99.7482221494378,99.7% (95% CI 99.5 to 99.7),9f1958653a97dce11942e5f07b15abc5d41042297c6e2795abc6da4711b68fb6,8d0ebc6b88e7f378b65f3fdc6c74c8ea98708e21
MS_report,5.9 Analysis model,power k2020 S00 M0 P2,results/oc_models/power_models.csv,"pk_model=='k2020' & scenario=='S00' & analysis_model=='M0' & config=='P2' :: pass_pct [lo, hi]",99.0000000000000; 98.7853017744885; 99.1770663851852,99.0% (95% CI 98.8 to 99.2),9f1958653a97dce11942e5f07b15abc5d41042297c6e2795abc6da4711b68fb6,8d0ebc6b88e7f378b65f3fdc6c74c8ea98708e21
MS_report,5.9 Analysis model,power k2020 S00 M1 P2,results/oc_models/power_models.csv,"pk_model=='k2020' & scenario=='S00' & analysis_model=='M1' & config=='P2' :: pass_pct [lo, hi]",99.1500000000000; 98.9502435554067; 99.3120094047558,99.2% (95% CI 99.0 to 99.3),9f1958653a97dce11942e5f07b15abc5d41042297c6e2795abc6da4711b68fb6,8d0ebc6b88e7f378b65f3fdc6c74c8ea98708e21
MS_report,5.9 Analysis model,power k2016 F097 M0 P2,results/oc_models/power_models.csv,"pk_model=='k2016' & scenario=='F097' & analysis_model=='M0' & config=='P2' :: pass_pct [lo, hi]",96.7800000000000; 96.4156426879660; 97.1084304244735,96.8% (95% CI 96.4 to 97.1),9f1958653a97dce11942e5f07b15abc5d41042297c6e2795abc6da4711b68fb6,8d0ebc6b88e7f378b65f3fdc6c74c8ea98708e21
MS_report,5.9 Analysis model,power k2016 F097 M1 P2,results/oc_models/power_models.csv,"pk_model=='k2016' & scenario=='F097' & analysis_model=='M1' & config=='P2' :: pass_pct [lo, hi]",97.0600000000000; 96.7104128947197; 97.3734451786323,97.1% (95% CI 96.7 to 97.4),9f1958653a97dce11942e5f07b15abc5d41042297c6e2795abc6da4711b68fb6,8d0ebc6b88e7f378b65f3fdc6c74c8ea98708e21
MS_report,5.9 Analysis model,power k2020 F097 M0 P2,results/oc_models/power_models.csv,"pk_model=='k2020' & scenario=='F097' & analysis_model=='M0' & config=='P2' :: pass_pct [lo, hi]",94.6800000000000; 94.2227140830539; 95.1029718225425,94.7% (95% CI 94.2 to 95.1),9f1958653a97dce11942e5f07b15abc5d41042297c6e2795abc6da4711b68fb6,8d0ebc6b88e7f378b65f3fdc6c74c8ea98708e21
MS_report,5.9 Analysis model,power k2020 F097 M1 P2,results/oc_models/power_models.csv,"pk_model=='k2020' & scenario=='F097' & analysis_model=='M1' & config=='P2' :: pass_pct [lo, hi]",95.2900000000000; 94.8571005536198; 95.6881168739643,95.3% (95% CI 94.9 to 95.7),9f1958653a97dce11942e5f07b15abc5d41042297c6e2795abc6da4711b68fb6,8d0ebc6b88e7f378b65f3fdc6c74c8ea98708e21
MS_report,5.9 Analysis model,Figure 5-9,results/oc_models/fig_type1_models.png,figure,,(figure),19befc24067d4d770c577cf4fd42a234ec513a1d3ce71d33c327fb814f1842f6,8d0ebc6b88e7f378b65f3fdc6c74c8ea98708e21
MS_report,5.9 Analysis model,Table 5-16,results/oc_models/expectations_check.csv,whole table,,(table),3417c73131fb92b038dd71cb8d60cdb5fa7a74af926c695bc788832d6c95972c,8d0ebc6b88e7f378b65f3fdc6c74c8ea98708e21
MS_report,5.9 Analysis model,P2 cells with no passing trial under M1,results/oc_models/type1_models.csv,count of rows [analysis_model=='M1' & config=='P2' & n_pass==0],2,2,d6e5c650fb4d6d241a554f896de38205ac2c890bfa442f4f9cb2749c70b5f261,8d0ebc6b88e7f378b65f3fdc6c74c8ea98708e21
MS_report,5.10 LLOQ,Table 5-17,results/lloq/lloq_individual_table.csv,whole table,,(table),6d5fc6a570bb69ad49d2d235250f61e39c074ab5d023b5a9fdd0cfaa79b0e3b5,8d0ebc6b88e7f378b65f3fdc6c74c8ea98708e21
MS_report,5.10 LLOQ,Table 5-17,results/lloq/lloq_cliff_table.csv,whole table,,(table),f17a8d207a1b59eab7a6dd9e5ee04dd1e836d670da0ee077c3252105d8a54436,8d0ebc6b88e7f378b65f3fdc6c74c8ea98708e21
MS_report,5.10 LLOQ,Table 5-18,results/lloq/lloq_trial_type1.csv,whole table,,(table),42dbaed7571732007275b9d983dcbf53fa368cec83e2ee83db6f9b3e0ce1c18b,8d0ebc6b88e7f378b65f3fdc6c74c8ea98708e21
MS_report,5.10 LLOQ,LLOQ 0.02 fixed k2016 reliable_no_span_pct,results/lloq/lloq_individual_table.csv,model=='k2016' & resid=='fixed' & abs(lloq - 0.02) < 1e-9 :: reliable_no_span_pct,84.235,84.2,6d5fc6a570bb69ad49d2d235250f61e39c074ab5d023b5a9fdd0cfaa79b0e3b5,8d0ebc6b88e7f378b65f3fdc6c74c8ea98708e21
MS_report,5.10 LLOQ,LLOQ 0.078 fixed k2016 reliable_no_span_pct,results/lloq/lloq_individual_table.csv,model=='k2016' & resid=='fixed' & abs(lloq - 0.078) < 1e-9 :: reliable_no_span_pct,86.565,86.6,6d5fc6a570bb69ad49d2d235250f61e39c074ab5d023b5a9fdd0cfaa79b0e3b5,8d0ebc6b88e7f378b65f3fdc6c74c8ea98708e21
MS_report,5.10 LLOQ,LLOQ 0.02 scaled k2016 reliable_no_span_pct,results/lloq/lloq_individual_table.csv,model=='k2016' & resid=='scaled' & abs(lloq - 0.02) < 1e-9 :: reliable_no_span_pct,84.64,84.6,6d5fc6a570bb69ad49d2d235250f61e39c074ab5d023b5a9fdd0cfaa79b0e3b5,8d0ebc6b88e7f378b65f3fdc6c74c8ea98708e21
MS_report,5.10 LLOQ,LLOQ 0.02 fixed k2016 coverage_lt80_pct,results/lloq/lloq_individual_table.csv,model=='k2016' & resid=='fixed' & abs(lloq - 0.02) < 1e-9 :: coverage_lt80_pct,0,0.00,6d5fc6a570bb69ad49d2d235250f61e39c074ab5d023b5a9fdd0cfaa79b0e3b5,8d0ebc6b88e7f378b65f3fdc6c74c8ea98708e21
MS_report,5.10 LLOQ,LLOQ 0.5 fixed k2016 coverage_lt80_pct,results/lloq/lloq_individual_table.csv,model=='k2016' & resid=='fixed' & abs(lloq - 0.5) < 1e-9 :: coverage_lt80_pct,0.005,0.01,6d5fc6a570bb69ad49d2d235250f61e39c074ab5d023b5a9fdd0cfaa79b0e3b5,8d0ebc6b88e7f378b65f3fdc6c74c8ea98708e21
MS_report,5.10 LLOQ,LLOQ 0.02 fixed k2016 extrap_true_median,results/lloq/lloq_individual_table.csv,model=='k2016' & resid=='fixed' & abs(lloq - 0.02) < 1e-9 :: extrap_true_median,0.0291620371767443,0.03,6d5fc6a570bb69ad49d2d235250f61e39c074ab5d023b5a9fdd0cfaa79b0e3b5,8d0ebc6b88e7f378b65f3fdc6c74c8ea98708e21
MS_report,5.10 LLOQ,LLOQ 0.5 fixed k2016 extrap_true_median,results/lloq/lloq_individual_table.csv,model=='k2016' & resid=='fixed' & abs(lloq - 0.5) < 1e-9 :: extrap_true_median,1.00402921760323,1.00,6d5fc6a570bb69ad49d2d235250f61e39c074ab5d023b5a9fdd0cfaa79b0e3b5,8d0ebc6b88e7f378b65f3fdc6c74c8ea98708e21
MS_report,5.10 LLOQ,cliff LLOQ 0.02 k2016 lloq_studyday_median,results/lloq/lloq_cliff_table.csv,model=='k2016' & abs(lloq - 0.02) < 1e-9 & timing=='nominal' & definition_day==1 :: lloq_studyday_median,38.6100064957343,38.6,f17a8d207a1b59eab7a6dd9e5ee04dd1e836d670da0ee077c3252105d8a54436,8d0ebc6b88e7f378b65f3fdc6c74c8ea98708e21
MS_report,5.10 LLOQ,cliff LLOQ 0.5 k2016 lloq_studyday_median,results/lloq/lloq_cliff_table.csv,model=='k2016' & abs(lloq - 0.5) < 1e-9 & timing=='nominal' & definition_day==1 :: lloq_studyday_median,37.6854550824632,37.7,f17a8d207a1b59eab7a6dd9e5ee04dd1e836d670da0ee077c3252105d8a54436,8d0ebc6b88e7f378b65f3fdc6c74c8ea98708e21
MS_report,5.10 LLOQ,LLOQ grid M0 P2 range,results/lloq/lloq_trial_type1.csv,range over 18 rows [model=='M0' & resid=='fixed' & config=='P2'] :: pass_pct,2.22; 4.22,2.22% to 4.22%,42dbaed7571732007275b9d983dcbf53fa368cec83e2ee83db6f9b3e0ce1c18b,8d0ebc6b88e7f378b65f3fdc6c74c8ea98708e21
MS_report,5.10 LLOQ,LLOQ grid M1 P2 range,results/lloq/lloq_trial_type1.csv,range over 18 rows [model=='M1' & resid=='fixed' & config=='P2'] :: pass_pct,2.60; 4.62,2.60% to 4.62%,42dbaed7571732007275b9d983dcbf53fa368cec83e2ee83db6f9b3e0ce1c18b,8d0ebc6b88e7f378b65f3fdc6c74c8ea98708e21
MS_report,5.10 LLOQ,LLOQ grid M0 G2_Aii range,results/lloq/lloq_trial_type1.csv,range over 18 rows [model=='M0' & resid=='fixed' & config=='G2_Aii'] :: pass_pct,6.74; 28.70,6.74% to 28.70%,42dbaed7571732007275b9d983dcbf53fa368cec83e2ee83db6f9b3e0ce1c18b,8d0ebc6b88e7f378b65f3fdc6c74c8ea98708e21
MS_report,5.10 LLOQ,LLOQ grid M1 G2_Aii range,results/lloq/lloq_trial_type1.csv,range over 18 rows [model=='M1' & resid=='fixed' & config=='G2_Aii'] :: pass_pct,6.84; 28.52,6.84% to 28.52%,42dbaed7571732007275b9d983dcbf53fa368cec83e2ee83db6f9b3e0ce1c18b,8d0ebc6b88e7f378b65f3fdc6c74c8ea98708e21
MS_report,5.10 LLOQ,LLOQ grid M0 G2_B range,results/lloq/lloq_trial_type1.csv,range over 18 rows [model=='M0' & resid=='fixed' & config=='G2_B'] :: pass_pct,3.58; 17.54,3.58% to 17.54%,42dbaed7571732007275b9d983dcbf53fa368cec83e2ee83db6f9b3e0ce1c18b,8d0ebc6b88e7f378b65f3fdc6c74c8ea98708e21
MS_report,5.10 LLOQ,LLOQ grid M1 G2_B range,results/lloq/lloq_trial_type1.csv,range over 18 rows [model=='M1' & resid=='fixed' & config=='G2_B'] :: pass_pct,3.92; 18.36,3.92% to 18.36%,42dbaed7571732007275b9d983dcbf53fa368cec83e2ee83db6f9b3e0ce1c18b,8d0ebc6b88e7f378b65f3fdc6c74c8ea98708e21
MS_report,5.10 LLOQ,Figure 5-10,results/lloq/fig_lloq_individual.png,figure,,(figure),cef82494dccbf403eb896b5c88864678f1d8ee18069b13a208c2965d44037678,8d0ebc6b88e7f378b65f3fdc6c74c8ea98708e21
MS_report,5.11 Sample size,Table 5-19,results/sample_size/ss_table_n_needed.csv,whole table,,(table),cb1b4df9c06e5f3d0c09e40dc0152eddb30538c60a6d7f5d3acf5efe04ac71fa,8d0ebc6b88e7f378b65f3fdc6c74c8ea98708e21
MS_report,5.11 Sample size,Table 5-19,results/sample_size/ss_inputs.csv,whole table,,(table),db1b6bc09b964f9fb6a396d5ae9540e80999bceb06aa1cdf30e028bec2f09460,8d0ebc6b88e7f378b65f3fdc6c74c8ea98708e21
MS_report,5.11 Sample size,cv_cmax_pct,results/sample_size/ss_inputs.csv,input_model=='k2016' :: cv_cmax_pct,34.3049898699054,34.3,db1b6bc09b964f9fb6a396d5ae9540e80999bceb06aa1cdf30e028bec2f09460,8d0ebc6b88e7f378b65f3fdc6c74c8ea98708e21
MS_report,5.11 Sample size,rho_total,results/sample_size/ss_inputs.csv,input_model=='k2016' :: rho_total,0.75343179608197,0.75,db1b6bc09b964f9fb6a396d5ae9540e80999bceb06aa1cdf30e028bec2f09460,8d0ebc6b88e7f378b65f3fdc6c74c8ea98708e21
MS_report,5.11 Sample size,r2_stratum_auc,results/sample_size/ss_inputs.csv,input_model=='k2016' :: r2_stratum_auc x 100,5.4933496856211,5.5,db1b6bc09b964f9fb6a396d5ae9540e80999bceb06aa1cdf30e028bec2f09460,8d0ebc6b88e7f378b65f3fdc6c74c8ea98708e21
MS_report,5.11 Sample size,P2 power n 117 CV 43 GMR 0.95 M0,results/sample_size/ss_table_power.csv,input_model=='k2016' & cv==43 & gmr==0.95 & n==117 & analysis_model=='M0' :: analytic_pct,94.0181763126864,94.0,a56eb54215c06bfa3275ff43ff1cdf7b8593f6c57143d3346fc7ed9047948e72,8d0ebc6b88e7f378b65f3fdc6c74c8ea98708e21
MS_report,5.11 Sample size,P2 power n 117 CV 43 GMR 0.95 M1,results/sample_size/ss_table_power.csv,input_model=='k2016' & cv==43 & gmr==0.95 & n==117 & analysis_model=='M1' :: analytic_pct,94.5355561545655,94.5,a56eb54215c06bfa3275ff43ff1cdf7b8593f6c57143d3346fc7ed9047948e72,8d0ebc6b88e7f378b65f3fdc6c74c8ea98708e21
MS_report,5.11 Sample size,P2 power n 117 CV 50 GMR 0.95 M0,results/sample_size/ss_table_power.csv,input_model=='k2016' & cv==50 & gmr==0.95 & n==117 & analysis_model=='M0' :: analytic_pct,87.2488251642765,87.2,a56eb54215c06bfa3275ff43ff1cdf7b8593f6c57143d3346fc7ed9047948e72,8d0ebc6b88e7f378b65f3fdc6c74c8ea98708e21
MS_report,5.11 Sample size,P2 power n 117 CV 50 GMR 0.95 M1,results/sample_size/ss_table_power.csv,input_model=='k2016' & cv==50 & gmr==0.95 & n==117 & analysis_model=='M1' :: analytic_pct,87.961670690266,88.0,a56eb54215c06bfa3275ff43ff1cdf7b8593f6c57143d3346fc7ed9047948e72,8d0ebc6b88e7f378b65f3fdc6c74c8ea98708e21
MS_report,5.11 Sample size,"largest absolute analytic minus PK-model power, true GMR 0.93 to 1.01 (points)",results/sample_size/ss_pk_check.csv,analysis_model != 'M2' & auc_ratio > 0.93 & auc_ratio < 1.01 :: max(abs(diff_pp)),0.608173284245424,0.61,b1b37eab90389fd13775afb47c003b4a383bc14f004cb381470feec6af76001a,8d0ebc6b88e7f378b65f3fdc6c74c8ea98708e21
MS_report,5.11 Sample size,"analytic minus PK-model power, true GMR 0.85 to 0.92 (points)",results/sample_size/ss_pk_check.csv,analysis_model != 'M2' & auc_ratio > 0.85 & auc_ratio < 0.92 :: range(-diff_pp),1.14505807957131; 2.47669916838291,1.15 to 2.48,b1b37eab90389fd13775afb47c003b4a383bc14f004cb381470feec6af76001a,8d0ebc6b88e7f378b65f3fdc6c74c8ea98708e21
MS_report,5.11 Sample size,Figure 5-11,results/sample_size/fig_ss_power.png,figure,,(figure),04f15ea853c43211ebcc34f6e8f3f98252005ec5ece8369f46cdd47756151759,8d0ebc6b88e7f378b65f3fdc6c74c8ea98708e21
MS_report,5.11 Sample size,"study population 60 to 90 kg, criteria set iv, fail_pct",results/criteria/criteria_individual.csv,range over 2 rows [distribution=='study_60_90' & set=='iv'] :: fail_pct,65.85; 72.45,65.9% to 72.5%,4575475ae251a85320700384ae83f84f7bc6111f9e9b9f927b9db836f1f084b4,8d0ebc6b88e7f378b65f3fdc6c74c8ea98708e21
MS_report,5.11 Sample size,n_per_arm,config/trial_design.yaml,n_per_arm,117,117,553eceab74155a3497fef1ab587f3b8d2be1319704e17ae1f0e177601726e84f,8d0ebc6b88e7f378b65f3fdc6c74c8ea98708e21
MS_report,5.11 Sample size,"trial population, criteria set i, fail_pct (two models)",results/trialpop/tp_failure_by_set.csv,range over 2 rows [set=='i'] :: fail_pct,8.165; 13.435,8.2% to 13.4%,245552b2db5039299ce2f100ed592fc537ebac8bb1693371509535992aa6ca09,8d0ebc6b88e7f378b65f3fdc6c74c8ea98708e21
MS_report,5.11 Sample size,"trial population, criteria set iii, fail_pct (two models)",results/trialpop/tp_failure_by_set.csv,range over 2 rows [set=='iii'] :: fail_pct,33.215; 38.760,33.2% to 38.8%,245552b2db5039299ce2f100ed592fc537ebac8bb1693371509535992aa6ca09,8d0ebc6b88e7f378b65f3fdc6c74c8ea98708e21
MS_report,5.11 Sample size,largest absolute test minus reference difference in the share failing set i over the test scenarios of both models (points),results/trialpop/tp_arm_difference.csv,set=='i' & scenario!='S00' :: max(abs(diff_mean)),12.2884615384615,12.3,cdf32cb67af28daa0f22468c8f79ffcfdc1b7f3fdd7b124be9b27f61fddec8d4,8d0ebc6b88e7f378b65f3fdc6c74c8ea98708e21
MS_report,5.11 Sample size,"window coverage (true AUC0-tlast / true AUC0-inf), smallest subject-level value over both models",results/trialpop/tp_coverage_individual.csv,metric=='window coverage (true AUC0-tlast / true AUC0-inf)' :: min(min),84.3159734852213,84.3%,beb14fd4f7176e6f2ef9052b677f4abdb908dd5be2e4a19aacbf68c1122be409,8d0ebc6b88e7f378b65f3fdc6c74c8ea98708e21
MS_report,5.11 Sample size,power k2016 S00 M0 P2,results/oc_models/power_models.csv,"pk_model=='k2016' & scenario=='S00' & analysis_model=='M0' & config=='P2' :: pass_pct [lo, hi]",99.5500000000000; 99.3984428906251; 99.6635028708408,99.6% (95% CI 99.4 to 99.7),9f1958653a97dce11942e5f07b15abc5d41042297c6e2795abc6da4711b68fb6,8d0ebc6b88e7f378b65f3fdc6c74c8ea98708e21
MS_report,5.11 Sample size,power k2016 S00 M1 P2,results/oc_models/power_models.csv,"pk_model=='k2016' & scenario=='S00' & analysis_model=='M1' & config=='P2' :: pass_pct [lo, hi]",99.6500000000000; 99.5136468123541; 99.7482221494378,99.7% (95% CI 99.5 to 99.7),9f1958653a97dce11942e5f07b15abc5d41042297c6e2795abc6da4711b68fb6,8d0ebc6b88e7f378b65f3fdc6c74c8ea98708e21
MS_report,5.11 Sample size,"decision instability inst_all, median and maximum over 16 boundary cells, M0",results/criteria/criteria_instability.csv,"analysis_model=='M0' & !scenario in (S00, F097) :: median and max of inst_all",12.60; 39.63,a median of 12.6% and up to 39.6%,f4bab2830356f6a82612ac7ddb6eb4478ae350b60ab618ff2841b07078260fee,8d0ebc6b88e7f378b65f3fdc6c74c8ea98708e21
MS_report,5.11 Sample size,n_per_arm,config/trial_design.yaml,n_per_arm,117,117,553eceab74155a3497fef1ab587f3b8d2be1319704e17ae1f0e177601726e84f,8d0ebc6b88e7f378b65f3fdc6c74c8ea98708e21
MS_report,5.11 Sample size,P2 power n 117 CV 43 GMR 0.95 M0,results/sample_size/ss_table_power.csv,input_model=='k2016' & cv==43 & gmr==0.95 & n==117 & analysis_model=='M0' :: analytic_pct,94.0181763126864,94.0,a56eb54215c06bfa3275ff43ff1cdf7b8593f6c57143d3346fc7ed9047948e72,8d0ebc6b88e7f378b65f3fdc6c74c8ea98708e21
MS_report,5.11 Sample size,P2 power n 117 CV 43 GMR 0.95 M1,results/sample_size/ss_table_power.csv,input_model=='k2016' & cv==43 & gmr==0.95 & n==117 & analysis_model=='M1' :: analytic_pct,94.5355561545655,94.5,a56eb54215c06bfa3275ff43ff1cdf7b8593f6c57143d3346fc7ed9047948e72,8d0ebc6b88e7f378b65f3fdc6c74c8ea98708e21
MS_report,5.11 Sample size,P2 power n 117 CV 50 GMR 0.95 M0,results/sample_size/ss_table_power.csv,input_model=='k2016' & cv==50 & gmr==0.95 & n==117 & analysis_model=='M0' :: analytic_pct,87.2488251642765,87.2,a56eb54215c06bfa3275ff43ff1cdf7b8593f6c57143d3346fc7ed9047948e72,8d0ebc6b88e7f378b65f3fdc6c74c8ea98708e21
MS_report,5.11 Sample size,P2 power n 117 CV 50 GMR 0.95 M1,results/sample_size/ss_table_power.csv,input_model=='k2016' & cv==50 & gmr==0.95 & n==117 & analysis_model=='M1' :: analytic_pct,87.961670690266,88.0,a56eb54215c06bfa3275ff43ff1cdf7b8593f6c57143d3346fc7ed9047948e72,8d0ebc6b88e7f378b65f3fdc6c74c8ea98708e21
MS_report,Appendix A,parameter provenance table,regulatory/tables/parameter_provenance.csv,whole table (generated from config/params_*.yaml),,(table),3ae697f5b7f60d5f1d699060f64f09fc95cb02598bdd276be27d0b62c76e11e6,8d0ebc6b88e7f378b65f3fdc6c74c8ea98708e21
MS_report,Appendix E,Table E-2 reproducibility items,results/repro/repro_github_items.csv,whole table,,(table),8788cdc6279948e3e51c60761f9bc5c7db231b6a5e66281d037372f1c3ec6e43,8d0ebc6b88e7f378b65f3fdc6c74c8ea98708e21
MS_report,Appendix E,Table E-2 reproducibility items,results/repro/repro_check.csv,whole table,,(table),09f90e12ab0208459c5a462b2a052ae96a481edc26a3200663ce644db4275711,8d0ebc6b88e7f378b65f3fdc6c74c8ea98708e21
MS_report,Appendix E,GitHub reproducibility run: run_number,results/repro/repro_github_run.csv,field=='run_number',1,1,87d06a118444f04f1d94b011a90f54e403b98259a0883eb81ca4c9c112ebb05c,8d0ebc6b88e7f378b65f3fdc6c74c8ea98708e21
MS_report,Appendix E,GitHub reproducibility run: commit,results/repro/repro_github_run.csv,field=='commit',52f525b00184bc6a7253c7039d01ad2163899d9b,52f525b00184bc6a7253c7039d01ad2163899d9b,87d06a118444f04f1d94b011a90f54e403b98259a0883eb81ca4c9c112ebb05c,8d0ebc6b88e7f378b65f3fdc6c74c8ea98708e21
MS_report,Appendix E,GitHub reproducibility run: runner,results/repro/repro_github_run.csv,field=='runner',"ubuntu-24.04 (Ubuntu 24.04.5 LTS), GitHub-hosted","ubuntu-24.04 (Ubuntu 24.04.5 LTS), GitHub-hosted",87d06a118444f04f1d94b011a90f54e403b98259a0883eb81ca4c9c112ebb05c,8d0ebc6b88e7f378b65f3fdc6c74c8ea98708e21
MS_report,Appendix E,GitHub reproducibility run: r_version,results/repro/repro_github_run.csv,field=='r_version',R version 4.3.3 (2024-02-29),R version 4.3.3 (2024-02-29),87d06a118444f04f1d94b011a90f54e403b98259a0883eb81ca4c9c112ebb05c,8d0ebc6b88e7f378b65f3fdc6c74c8ea98708e21
MS_report,Appendix E,GitHub reproducibility run: rxode2_version,results/repro/repro_github_run.csv,field=='rxode2_version',5.1.7,5.1.7,87d06a118444f04f1d94b011a90f54e403b98259a0883eb81ca4c9c112ebb05c,8d0ebc6b88e7f378b65f3fdc6c74c8ea98708e21
MS_report,Appendix F,Table F-1,results/oc/boundary_type1.csv,whole table,,(table),98f4c693f928877060487a0b868df137f06419780be5945a0efdf5da34322b12,8d0ebc6b88e7f378b65f3fdc6c74c8ea98708e21
MS_report,Appendix F,Table F-1,results/oc/g2_rules_flags.csv,whole table,,(table),315f676f4f188231888ef499414b01c03e0a448a1f8886af5b24d1a50fbdfdd6,8d0ebc6b88e7f378b65f3fdc6c74c8ea98708e21
MS_report,Appendix F,section5.trial.trials,config/prereg_20260926.yaml,section5.trial.trials,2000,2000,dc2c9f1bd4d62e13ad9f5f551dcf97eb7ee1359ba13aaa3af8efc063dfc6303e,8d0ebc6b88e7f378b65f3fdc6c74c8ea98708e21
MS_report,Appendix I Robustness across body weight,weight bands,results/weight_generalization/weight_bands_B0_abcd.csv,whole table,,(table),174016980930c8de881dfd7b854cd8860925cab129cc7d35710e7efa9ba9fa91,8d0ebc6b88e7f378b65f3fdc6c74c8ea98708e21
MS_report,Appendix I Robustness across body weight,largest coverage below 80% across weight bands (%),results/weight_generalization/weight_bands_B0_abcd.csv,model=='a' :: max(coverage_lt80_pct),0.01,0.01,174016980930c8de881dfd7b854cd8860925cab129cc7d35710e7efa9ba9fa91,8d0ebc6b88e7f378b65f3fdc6c74c8ea98708e21
MS_report,Appendix I Robustness across body weight,true extrapolation median range across weight bands,results/weight_generalization/weight_bands_B0_abcd.csv,model=='a' :: range(extrap_true_median),0.506073583814232; 1.404325582919150,0.51 to 1.40,174016980930c8de881dfd7b854cd8860925cab129cc7d35710e7efa9ba9fa91,8d0ebc6b88e7f378b65f3fdc6c74c8ea98708e21
MS_report,Appendix I Robustness across body weight,largest difference between analytic and reference shares (points),results/atopic/atopic_weight_table.csv,primary: analytic untruncated minus reference,0.0341369754614007,0.03,ff627c4849221d773e495c9ce9abb806d2819b840558157e6c3bae2b748a1388,8d0ebc6b88e7f378b65f3fdc6c74c8ea98708e21
MS_report,Appendix I Robustness across body weight,"sensitivity distributions, simulated share outside 60 to 90 kg",results/atopic/atopic_weight_table.csv,"range over 2 rows [distribution!='primary' & grepl('^simulated', source)] :: outside_60_90",39.645; 39.805,39.6% to 39.8%,ff627c4849221d773e495c9ce9abb806d2819b840558157e6c3bae2b748a1388,8d0ebc6b88e7f378b65f3fdc6c74c8ea98708e21
MS_report,Appendix I Robustness across body weight,"share of the primary distribution above 130 kg (analytic, truncated)",config/population_atopic.yaml,distributions.primary :: lognormal share above 130 kg within the truncation,1.21896643291784,1.2,a5e5356587a4727996496d247df2f1b007adb6fe7e7a9f98ce81388040495abb,8d0ebc6b88e7f378b65f3fdc6c74c8ea98708e21
MS_report,Appendix I Robustness across body weight,Table I-1 atopic population by weight band,results/atopic/atopic_pillar1_by_band.csv,whole table,,(table),353b713fdc131df848234dba6a93d2f4444e51c509fd5f83fabbed0c7fcefbcf,8d0ebc6b88e7f378b65f3fdc6c74c8ea98708e21
MS_report,Appendix I Robustness across body weight,Table I-1 atopic population by weight band,results/atopic/atopic_criteria_by_band.csv,whole table,,(table),1f97c1e830a8c2b5d8297e82a87932f3b3c5428e952eb62d5fde47c905887eed,8d0ebc6b88e7f378b65f3fdc6c74c8ea98708e21
MS_report,Appendix I Robustness across body weight,"primary weight distribution, simulated (20,000 subjects), outside_60_90",results/atopic/atopic_weight_table.csv,"distribution=='primary' & source=='simulated (20,000 subjects)' :: outside_60_90",40.38,40.4,ff627c4849221d773e495c9ce9abb806d2819b840558157e6c3bae2b748a1388,8d0ebc6b88e7f378b65f3fdc6c74c8ea98708e21
MS_report,Appendix I Robustness across body weight,"primary weight distribution, simulated (20,000 subjects), below_60",results/atopic/atopic_weight_table.csv,"distribution=='primary' & source=='simulated (20,000 subjects)' :: below_60",16.15,16.2,ff627c4849221d773e495c9ce9abb806d2819b840558157e6c3bae2b748a1388,8d0ebc6b88e7f378b65f3fdc6c74c8ea98708e21
MS_report,Appendix I Robustness across body weight,"primary weight distribution, simulated (20,000 subjects), above_90",results/atopic/atopic_weight_table.csv,"distribution=='primary' & source=='simulated (20,000 subjects)' :: above_90",24.23,24.2,ff627c4849221d773e495c9ce9abb806d2819b840558157e6c3bae2b748a1388,8d0ebc6b88e7f378b65f3fdc6c74c8ea98708e21
MS_report,Appendix I Robustness across body weight,"primary weight distribution, simulated (20,000 subjects), above_100",results/atopic/atopic_weight_table.csv,"distribution=='primary' & source=='simulated (20,000 subjects)' :: above_100",12.905,12.9,ff627c4849221d773e495c9ce9abb806d2819b840558157e6c3bae2b748a1388,8d0ebc6b88e7f378b65f3fdc6c74c8ea98708e21
MS_report,Appendix I Robustness across body weight,"primary weight distribution, simulated (20,000 subjects), wt_mean",results/atopic/atopic_weight_table.csv,"distribution=='primary' & source=='simulated (20,000 subjects)' :: wt_mean",78.3447300823461,78.3,ff627c4849221d773e495c9ce9abb806d2819b840558157e6c3bae2b748a1388,8d0ebc6b88e7f378b65f3fdc6c74c8ea98708e21
MS_report,Appendix I Robustness across body weight,"primary weight distribution, simulated (20,000 subjects), wt_sd",results/atopic/atopic_weight_table.csv,"distribution=='primary' & source=='simulated (20,000 subjects)' :: wt_sd",18.8608140656774,18.9,ff627c4849221d773e495c9ce9abb806d2819b840558157e6c3bae2b748a1388,8d0ebc6b88e7f378b65f3fdc6c74c8ea98708e21
MS_report,Appendix I Robustness across body weight,"primary weight distribution, analytic, untruncated, below_60",results/atopic/atopic_weight_table.csv,"distribution=='primary' & source=='analytic, untruncated' :: below_60",16.5341369754614,16.5,ff627c4849221d773e495c9ce9abb806d2819b840558157e6c3bae2b748a1388,8d0ebc6b88e7f378b65f3fdc6c74c8ea98708e21
MS_report,Appendix I Robustness across body weight,"primary weight distribution, analytic, untruncated, above_90",results/atopic/atopic_weight_table.csv,"distribution=='primary' & source=='analytic, untruncated' :: above_90",23.6971312678993,23.7,ff627c4849221d773e495c9ce9abb806d2819b840558157e6c3bae2b748a1388,8d0ebc6b88e7f378b65f3fdc6c74c8ea98708e21
MS_report,Appendix I Robustness across body weight,"primary weight distribution, analytic, untruncated, above_100",results/atopic/atopic_weight_table.csv,"distribution=='primary' & source=='analytic, untruncated' :: above_100",12.4061574559152,12.4,ff627c4849221d773e495c9ce9abb806d2819b840558157e6c3bae2b748a1388,8d0ebc6b88e7f378b65f3fdc6c74c8ea98708e21
MS_report,Appendix I Robustness across body weight,Figure I-1,results/atopic/fig_atopic_weight.png,figure,,(figure),914fbc83f6de0d4e1fb921cf9b85c5fcde4f6a35f246fa1674018bef3c092ec1,8d0ebc6b88e7f378b65f3fdc6c74c8ea98708e21
MS_report,Appendix I Robustness across body weight,"atopic, all, median true extrapolation",results/atopic/atopic_pillar1_by_band.csv,range over 3 rows [population=='adult atopic dermatitis' & distribution=='primary' & band=='all'] :: extrap_true_median,0.675333850672560; 0.707531112802978,0.68% to 0.71%,353b713fdc131df848234dba6a93d2f4444e51c509fd5f83fabbed0c7fcefbcf,8d0ebc6b88e7f378b65f3fdc6c74c8ea98708e21
MS_report,Appendix I Robustness across body weight,"atopic, above 100 kg, median true extrapolation",results/atopic/atopic_pillar1_by_band.csv,range over 3 rows [population=='adult atopic dermatitis' & distribution=='primary' & band=='above 100'] :: extrap_true_median,0.967994485900025; 1.201382121053880,0.97% to 1.20%,353b713fdc131df848234dba6a93d2f4444e51c509fd5f83fabbed0c7fcefbcf,8d0ebc6b88e7f378b65f3fdc6c74c8ea98708e21
MS_report,Appendix I Robustness across body weight,"atopic, all, coverage below 80%",results/atopic/atopic_pillar1_by_band.csv,range over 3 rows [population=='adult atopic dermatitis' & distribution=='primary' & band=='all'] :: coverage_lt80_pct,0.000; 0.005,0.00% to 0.01%,353b713fdc131df848234dba6a93d2f4444e51c509fd5f83fabbed0c7fcefbcf,8d0ebc6b88e7f378b65f3fdc6c74c8ea98708e21
MS_report,Appendix I Robustness across body weight,"atopic, three variants, set i, band all, fail_pct",results/atopic/atopic_criteria_by_band.csv,range over 3 rows [distribution=='primary' & band=='all' & set=='i'] :: fail_pct,8.875; 15.335,8.9% to 15.3%,1f97c1e830a8c2b5d8297e82a87932f3b3c5428e952eb62d5fde47c905887eed,8d0ebc6b88e7f378b65f3fdc6c74c8ea98708e21
MS_report,Appendix I Robustness across body weight,"atopic, three variants, set iii, band all, fail_pct",results/atopic/atopic_criteria_by_band.csv,range over 3 rows [distribution=='primary' & band=='all' & set=='iii'] :: fail_pct,33.610; 39.755,33.6% to 39.8%,1f97c1e830a8c2b5d8297e82a87932f3b3c5428e952eb62d5fde47c905887eed,8d0ebc6b88e7f378b65f3fdc6c74c8ea98708e21
MS_report,Appendix I Robustness across body weight,"patients failing set iii: window_fail_median x 100, three variants",results/atopic/atopic_coverage_failing.csv,range over 3 rows [distribution=='primary' & set=='iii'] :: window_fail_median,99.4896056102944; 99.8315666057001,99.5% to 99.8%,ed1f24ec44214e5312e1791dcd5b265163d4fdcc8fb1e67f9c700a53eb88af3f,8d0ebc6b88e7f378b65f3fdc6c74c8ea98708e21
MS_report,Appendix I Robustness across body weight,"sensitivity weight distributions, set i",results/atopic/atopic_criteria_by_band.csv,range over 6 rows [distribution!='primary' & band=='all' & set=='i'] :: fail_pct,8.500; 15.555,8.5% to 15.6%,1f97c1e830a8c2b5d8297e82a87932f3b3c5428e952eb62d5fde47c905887eed,8d0ebc6b88e7f378b65f3fdc6c74c8ea98708e21
MS_report,Appendix I Robustness across body weight,"sensitivity weight distributions, set iii",results/atopic/atopic_criteria_by_band.csv,range over 6 rows [distribution!='primary' & band=='all' & set=='iii'] :: fail_pct,33.145; 40.050,33.1% to 40.1%,1f97c1e830a8c2b5d8297e82a87932f3b3c5428e952eb62d5fde47c905887eed,8d0ebc6b88e7f378b65f3fdc6c74c8ea98708e21
MS_report,Appendix I Robustness across body weight,Figure I-2,results/atopic/fig_atopic_failure_by_band.png,figure,,(figure),34db05fd7ba2a1f2d1cbc4d17cc7eab10feeec9d6a2bb987f0e46c0a67cedc81,8d0ebc6b88e7f378b65f3fdc6c74c8ea98708e21
MS_report,Appendix I Robustness across body weight: atopic trials,Table I-2 atopic trials,results/atopic/atopic_trials_bias.csv,whole table,,(table),67ff3cbd4480526a52302d3307c63055898fed09d346f95f24c776b8bb354678,8d0ebc6b88e7f378b65f3fdc6c74c8ea98708e21
MS_report,Appendix I Robustness across body weight: atopic trials,Table I-2 atopic trials,results/atopic/atopic_trials_concordance.csv,whole table,,(table),8120d65e2fc3791574a9912065c67b48aa1277fe045f68d0327e31c050cb7f91,8d0ebc6b88e7f378b65f3fdc6c74c8ea98708e21
MS_report,Appendix I Robustness across body weight: atopic trials,Table I-2 atopic trials,results/atopic/atopic_trials_arm_failure.csv,whole table,,(table),1a871811ea89855fa5e5e8b0f87b01f3161457d0d5ace551336b6f136cc0eeb8,8d0ebc6b88e7f378b65f3fdc6c74c8ea98708e21
MS_report,Appendix I Robustness across body weight: atopic trials,Table I-2 atopic trials,results/atopic/atopic_trials_pass.csv,whole table,,(table),988cb1e37e5143e6fe8d39502d163837f766d89192c6175346eea8a0fce78bd7,8d0ebc6b88e7f378b65f3fdc6c74c8ea98708e21
MS_report,Appendix I Robustness across body weight: atopic trials,section5.trial.trials,config/prereg_20260926.yaml,section5.trial.trials,2000,2000,dc2c9f1bd4d62e13ad9f5f551dcf97eb7ee1359ba13aaa3af8efc063dfc6303e,8d0ebc6b88e7f378b65f3fdc6c74c8ea98708e21
MS_report,Appendix I Robustness across body weight: atopic trials,"atopic trials, bias of AUClast GMR, M0",results/atopic/atopic_trials_bias.csv,range over 15 rows [analysis_model=='M0' & endpoint=='AUClast'] :: bias_pct,-0.944694250675460;  0.392952781685341,-0.94% to 0.39%,67ff3cbd4480526a52302d3307c63055898fed09d346f95f24c776b8bb354678,8d0ebc6b88e7f378b65f3fdc6c74c8ea98708e21
MS_report,Appendix I Robustness across body weight: atopic trials,"atopic trials, bias of AUCinf_Ai GMR, M0",results/atopic/atopic_trials_bias.csv,range over 15 rows [analysis_model=='M0' & endpoint=='AUCinf_Ai'] :: bias_pct,-2.56209215969968;  3.96540678836825,-2.56% to 3.97%,67ff3cbd4480526a52302d3307c63055898fed09d346f95f24c776b8bb354678,8d0ebc6b88e7f378b65f3fdc6c74c8ea98708e21
MS_report,Appendix I Robustness across body weight: atopic trials,"atopic trials, bias of AUCinf_Aiii GMR, M0",results/atopic/atopic_trials_bias.csv,range over 15 rows [analysis_model=='M0' & endpoint=='AUCinf_Aiii'] :: bias_pct,-2.41761347621253;  3.96736891640774,-2.42% to 3.97%,67ff3cbd4480526a52302d3307c63055898fed09d346f95f24c776b8bb354678,8d0ebc6b88e7f378b65f3fdc6c74c8ea98708e21
MS_report,Appendix I Robustness across body weight: atopic trials,"atopic trials, bias of AUCinf_B GMR, M0",results/atopic/atopic_trials_bias.csv,range over 15 rows [analysis_model=='M0' & endpoint=='AUCinf_B'] :: bias_pct,-1.72905893501685;  2.60846025968664,-1.73% to 2.61%,67ff3cbd4480526a52302d3307c63055898fed09d346f95f24c776b8bb354678,8d0ebc6b88e7f378b65f3fdc6c74c8ea98708e21
MS_report,Appendix I Robustness across body weight: atopic trials,"atopic trials, bias of AUCinf_Ci GMR, M0",results/atopic/atopic_trials_bias.csv,range over 15 rows [analysis_model=='M0' & endpoint=='AUCinf_Ci'] :: bias_pct,-0.6660000375569129;  0.0920463823442574,-0.67% to 0.09%,67ff3cbd4480526a52302d3307c63055898fed09d346f95f24c776b8bb354678,8d0ebc6b88e7f378b65f3fdc6c74c8ea98708e21
MS_report,Appendix I Robustness across body weight: atopic trials,"atopic trials, P2 and G2 A_i decision agreement, M0",results/atopic/atopic_trials_concordance.csv,range over 15 rows [analysis_model=='M0' & config=='A_i'] :: agree_pct,66.85; 96.65,66.9% to 96.7%,8120d65e2fc3791574a9912065c67b48aa1277fe045f68d0327e31c050cb7f91,8d0ebc6b88e7f378b65f3fdc6c74c8ea98708e21
MS_report,Appendix I Robustness across body weight: atopic trials,"atopic trials, P2 and G2 A_iii decision agreement, M0",results/atopic/atopic_trials_concordance.csv,range over 15 rows [analysis_model=='M0' & config=='A_iii'] :: agree_pct,70.15; 88.65,70.2% to 88.7%,8120d65e2fc3791574a9912065c67b48aa1277fe045f68d0327e31c050cb7f91,8d0ebc6b88e7f378b65f3fdc6c74c8ea98708e21
MS_report,Appendix I Robustness across body weight: atopic trials,"atopic trials, P2 and G2 C_i decision agreement, M0",results/atopic/atopic_trials_concordance.csv,range over 15 rows [analysis_model=='M0' & config=='C_i'] :: agree_pct,95.40; 99.45,95.4% to 99.5%,8120d65e2fc3791574a9912065c67b48aa1277fe045f68d0327e31c050cb7f91,8d0ebc6b88e7f378b65f3fdc6c74c8ea98708e21
MS_report,Appendix I Robustness across body weight: atopic trials,"atopic trials, test minus reference failing set i, S00 (points)",results/atopic/atopic_trials_arm_failure.csv,range over 3 rows [scenario=='S00' & set=='i'] :: diff_mean,-0.0337606837606840;  0.0534188034188035,-0.03 to 0.05,1a871811ea89855fa5e5e8b0f87b01f3161457d0d5ace551336b6f136cc0eeb8,8d0ebc6b88e7f378b65f3fdc6c74c8ea98708e21
MS_report,Appendix I Robustness across body weight: atopic trials,"atopic trials, test minus reference failing set i, F090 (points)",results/atopic/atopic_trials_arm_failure.csv,range over 3 rows [scenario=='F090' & set=='i'] :: diff_mean,1.82905982905983; 2.84572649572650,1.83 to 2.85,1a871811ea89855fa5e5e8b0f87b01f3161457d0d5ace551336b6f136cc0eeb8,8d0ebc6b88e7f378b65f3fdc6c74c8ea98708e21
MS_report,Appendix I Robustness across body weight: atopic trials,"atopic trials, test minus reference failing set i, VM125 (points)",results/atopic/atopic_trials_arm_failure.csv,range over 3 rows [scenario=='VM125' & set=='i'] :: diff_mean,4.59017094017094; 6.99017094017094,4.59 to 6.99,1a871811ea89855fa5e5e8b0f87b01f3161457d0d5ace551336b6f136cc0eeb8,8d0ebc6b88e7f378b65f3fdc6c74c8ea98708e21
MS_report,Appendix I Robustness across body weight: atopic trials,"atopic trials, test minus reference failing set iii, S00 (points)",results/atopic/atopic_trials_arm_failure.csv,range over 3 rows [scenario=='S00' & set=='iii'] :: diff_mean,0.105555555555556; 0.199572649572650,0.11 to 0.20,1a871811ea89855fa5e5e8b0f87b01f3161457d0d5ace551336b6f136cc0eeb8,8d0ebc6b88e7f378b65f3fdc6c74c8ea98708e21
MS_report,Appendix I Robustness across body weight: atopic trials,"atopic trials, test minus reference failing set iii, F090 (points)",results/atopic/atopic_trials_arm_failure.csv,range over 3 rows [scenario=='F090' & set=='iii'] :: diff_mean,2.12435897435897; 2.42863247863248,2.12 to 2.43,1a871811ea89855fa5e5e8b0f87b01f3161457d0d5ace551336b6f136cc0eeb8,8d0ebc6b88e7f378b65f3fdc6c74c8ea98708e21
MS_report,Appendix I Robustness across body weight: atopic trials,"atopic trials, test minus reference failing set iii, VM125 (points)",results/atopic/atopic_trials_arm_failure.csv,range over 3 rows [scenario=='VM125' & set=='iii'] :: diff_mean,4.86410256410256; 5.70769230769231,4.86 to 5.71,1a871811ea89855fa5e5e8b0f87b01f3161457d0d5ace551336b6f136cc0eeb8,8d0ebc6b88e7f378b65f3fdc6c74c8ea98708e21
FDA_questions,facts,pass_pct,results/oc/p2_interpretation.csv,"model=='k2016' & config=='P2' & model=='k2016' & scenario=='V2_up_080' :: pass_pct [lo, hi]",3.97000000000000; 3.60465114473627; 4.37069974526822,3.97% (95% CI 3.60 to 4.37),4a44d10a6f7f1d3a908463551c829a2d9d7f6656ee1a5e0fd412a8e36a8414d1,8d0ebc6b88e7f378b65f3fdc6c74c8ea98708e21
FDA_questions,facts,pass_pct,results/oc/p2_interpretation.csv,"model=='k2020' & config=='P2' & model=='k2020' & scenario=='V2_up_080' :: pass_pct [lo, hi]",5.18000000000000; 4.88136778412433; 5.49584632794489,5.18% (95% CI 4.88 to 5.50),4a44d10a6f7f1d3a908463551c829a2d9d7f6656ee1a5e0fd412a8e36a8414d1,8d0ebc6b88e7f378b65f3fdc6c74c8ea98708e21
FDA_questions,facts,count,results/oc/p2_interpretation.csv,count of rows [config=='P2' & class=='conservative'],15,15,4a44d10a6f7f1d3a908463551c829a2d9d7f6656ee1a5e0fd412a8e36a8414d1,8d0ebc6b88e7f378b65f3fdc6c74c8ea98708e21
FDA_questions,facts,count,results/oc/p2_interpretation.csv,count of rows [config=='P2' & class=='nominal'],1,1,4a44d10a6f7f1d3a908463551c829a2d9d7f6656ee1a5e0fd412a8e36a8414d1,8d0ebc6b88e7f378b65f3fdc6c74c8ea98708e21
FDA_questions,facts,count,results/oc/p2_interpretation.csv,count of rows [config=='P2' & class=='exceeding'],0,0,4a44d10a6f7f1d3a908463551c829a2d9d7f6656ee1a5e0fd412a8e36a8414d1,8d0ebc6b88e7f378b65f3fdc6c74c8ea98708e21
FDA_questions,facts,multiplier,results/oc/p2_interpretation.csv,model=='k2020' & scenario=='V2_up_080' & config=='P2' :: multiplier,2.27730854120339,2.28,4a44d10a6f7f1d3a908463551c829a2d9d7f6656ee1a5e0fd412a8e36a8414d1,8d0ebc6b88e7f378b65f3fdc6c74c8ea98708e21
FDA_questions,facts,multiplier,results/oc/p2_interpretation.csv,model=='k2016' & scenario=='V2_up_080' & config=='P2' :: multiplier,3.21003979693093,3.21,4a44d10a6f7f1d3a908463551c829a2d9d7f6656ee1a5e0fd412a8e36a8414d1,8d0ebc6b88e7f378b65f3fdc6c74c8ea98708e21
FDA_questions,facts,pass_pct_prereg,results/oc/p2_interpretation.csv,"model=='k2020' & scenario=='V2_up_080' & config=='P2' :: pass_pct_prereg [lo_prereg, hi_prereg]",5.32000000000000; 4.89702817745753; 5.77728591694613,5.32% (95% CI 4.90 to 5.78),4a44d10a6f7f1d3a908463551c829a2d9d7f6656ee1a5e0fd412a8e36a8414d1,8d0ebc6b88e7f378b65f3fdc6c74c8ea98708e21
FDA_questions,facts,bias_pct,results/oc/p2_interpretation.csv,model=='k2020' & scenario=='V2_up_080' & config=='P2' :: bias_pct,0.412047245024261,0.41,4a44d10a6f7f1d3a908463551c829a2d9d7f6656ee1a5e0fd412a8e36a8414d1,8d0ebc6b88e7f378b65f3fdc6c74c8ea98708e21
FDA_questions,facts,count,results/oc/g2_rules_flags.csv,count of rows [region=='boundary' & config=='G2_Aii' & gt5_point==TRUE],12,12,315f676f4f188231888ef499414b01c03e0a448a1f8886af5b24d1a50fbdfdd6,8d0ebc6b88e7f378b65f3fdc6c74c8ea98708e21
FDA_questions,facts,count,results/oc/g2_rules_flags.csv,count of rows [region=='boundary' & config=='G2_Aii' & gt5_lower==TRUE],12,12,315f676f4f188231888ef499414b01c03e0a448a1f8886af5b24d1a50fbdfdd6,8d0ebc6b88e7f378b65f3fdc6c74c8ea98708e21
FDA_questions,facts,pass_pct,results/oc/g2_rules_flags.csv,"region=='boundary' & config=='G2_Aii' & model=='k2020' & scenario=='Vmax_down_125' :: pass_pct [lo, hi]",27.6000000000000; 26.7325907809694; 28.4846123460370,27.60% (95% CI 26.73 to 28.48),315f676f4f188231888ef499414b01c03e0a448a1f8886af5b24d1a50fbdfdd6,8d0ebc6b88e7f378b65f3fdc6c74c8ea98708e21
FDA_questions,facts,count,results/oc/g2_rules_flags.csv,count of rows [region=='boundary' & config=='G2_Ai' & gt5_point==TRUE],8,8,315f676f4f188231888ef499414b01c03e0a448a1f8886af5b24d1a50fbdfdd6,8d0ebc6b88e7f378b65f3fdc6c74c8ea98708e21
FDA_questions,facts,count,results/oc/g2_rules_flags.csv,count of rows [region=='boundary' & config=='G2_Ai' & gt5_lower==TRUE],8,8,315f676f4f188231888ef499414b01c03e0a448a1f8886af5b24d1a50fbdfdd6,8d0ebc6b88e7f378b65f3fdc6c74c8ea98708e21
FDA_questions,facts,pass_pct,results/oc/g2_rules_flags.csv,"region=='boundary' & config=='G2_Ai' & model=='k2016' & scenario=='Vmax_up_080' :: pass_pct [lo, hi]",19.9100000000000; 19.1389599810810; 20.7041490408663,19.91% (95% CI 19.14 to 20.70),315f676f4f188231888ef499414b01c03e0a448a1f8886af5b24d1a50fbdfdd6,8d0ebc6b88e7f378b65f3fdc6c74c8ea98708e21
FDA_questions,facts,count,results/oc/g2_rules_flags.csv,count of rows [region=='boundary' & config=='G2_B' & gt5_point==TRUE],8,8,315f676f4f188231888ef499414b01c03e0a448a1f8886af5b24d1a50fbdfdd6,8d0ebc6b88e7f378b65f3fdc6c74c8ea98708e21
FDA_questions,facts,count,results/oc/g2_rules_flags.csv,count of rows [region=='boundary' & config=='G2_B' & gt5_lower==TRUE],6,6,315f676f4f188231888ef499414b01c03e0a448a1f8886af5b24d1a50fbdfdd6,8d0ebc6b88e7f378b65f3fdc6c74c8ea98708e21
FDA_questions,facts,pass_pct,results/oc/g2_rules_flags.csv,"region=='boundary' & config=='G2_B' & model=='k2016' & scenario=='Vmax_up_080' :: pass_pct [lo, hi]",15.0600000000000; 14.3724252150584; 15.7744085910845,15.06% (95% CI 14.37 to 15.77),315f676f4f188231888ef499414b01c03e0a448a1f8886af5b24d1a50fbdfdd6,8d0ebc6b88e7f378b65f3fdc6c74c8ea98708e21
FDA_questions,facts,count,results/oc/g2_rules_flags.csv,count of rows [region=='boundary' & config=='G2_Cii' & gt5_point==TRUE],1,1,315f676f4f188231888ef499414b01c03e0a448a1f8886af5b24d1a50fbdfdd6,8d0ebc6b88e7f378b65f3fdc6c74c8ea98708e21
FDA_questions,facts,count,results/oc/g2_rules_flags.csv,count of rows [region=='boundary' & config=='G2_Cii' & gt5_lower==TRUE],0,0,315f676f4f188231888ef499414b01c03e0a448a1f8886af5b24d1a50fbdfdd6,8d0ebc6b88e7f378b65f3fdc6c74c8ea98708e21
FDA_questions,facts,pass_pct,results/oc/g2_rules_flags.csv,"region=='boundary' & config=='G2_Cii' & model=='k2020' & scenario=='V2_up_080' :: pass_pct [lo, hi]",5.00500000000000; 4.71135239078929; 5.31592893389957,5.01% (95% CI 4.71 to 5.32),315f676f4f188231888ef499414b01c03e0a448a1f8886af5b24d1a50fbdfdd6,8d0ebc6b88e7f378b65f3fdc6c74c8ea98708e21
FDA_questions,facts,count,results/oc/g2_rules_flags.csv,count of rows [region=='boundary' & config=='G2_Ci' & gt5_point==TRUE],0,0,315f676f4f188231888ef499414b01c03e0a448a1f8886af5b24d1a50fbdfdd6,8d0ebc6b88e7f378b65f3fdc6c74c8ea98708e21
FDA_questions,facts,count,results/oc/g2_rules_flags.csv,count of rows [region=='boundary' & config=='G2_Ci' & gt5_lower==TRUE],0,0,315f676f4f188231888ef499414b01c03e0a448a1f8886af5b24d1a50fbdfdd6,8d0ebc6b88e7f378b65f3fdc6c74c8ea98708e21
FDA_questions,facts,pass_pct,results/oc/g2_rules_flags.csv,"region=='boundary' & config=='G2_Ci' & model=='k2020' & scenario=='V2_up_080' :: pass_pct [lo, hi]",4.62500000000000; 4.34253528496361; 4.92489198712789,4.63% (95% CI 4.34 to 4.92),315f676f4f188231888ef499414b01c03e0a448a1f8886af5b24d1a50fbdfdd6,8d0ebc6b88e7f378b65f3fdc6c74c8ea98708e21
FDA_questions,facts,pass_pct,results/oc/power.csv,"model=='k2016' & scenario=='S00' & config=='P2' :: pass_pct [lo, hi]",99.5500000000000; 99.3984428906251; 99.6635028708408,99.6% (95% CI 99.4 to 99.7),d764a878d136add693dba8b8849b09502c2d047349ff3d6c5b41f807ac5cb188,8d0ebc6b88e7f378b65f3fdc6c74c8ea98708e21
FDA_questions,facts,pass_pct,results/oc/power.csv,"model=='k2020' & scenario=='S00' & config=='P2' :: pass_pct [lo, hi]",99.0000000000000; 98.7853017744885; 99.1770663851852,99.0% (95% CI 98.8 to 99.2),d764a878d136add693dba8b8849b09502c2d047349ff3d6c5b41f807ac5cb188,8d0ebc6b88e7f378b65f3fdc6c74c8ea98708e21
FDA_questions,facts,true AUC0-inf ratio range over Km x0.01 to x100,results/oc/inversion_all.csv,"mechanism=='Km' :: end_auc_ratio, auc_ratio",0.998949506997432; 1.058748397272760,0.999 to 1.059,7b0f06ec39b8c6d76e4b02d5301502fb01167a0cb730bc1e5fea08e64726541f,8d0ebc6b88e7f378b65f3fdc6c74c8ea98708e21
FDA_questions,facts,largest absolute AUC0-last bias at the boundaries (%),results/oc/p2_interpretation.csv,config=='P2' :: max(abs(bias_pct_AUClast)),1.50200578479555,1.5,4a44d10a6f7f1d3a908463551c829a2d9d7f6656ee1a5e0fd412a8e36a8414d1,8d0ebc6b88e7f378b65f3fdc6c74c8ea98708e21
FDA_questions,facts,count,results/oc/p2_interpretation.csv,count of rows [config=='P2' & bias_dir=='away_from_1'],15,15,4a44d10a6f7f1d3a908463551c829a2d9d7f6656ee1a5e0fd412a8e36a8414d1,8d0ebc6b88e7f378b65f3fdc6c74c8ea98708e21
FDA_questions,facts,weight bands,results/weight_generalization/weight_bands_B0_abcd.csv,whole table,,(table),174016980930c8de881dfd7b854cd8860925cab129cc7d35710e7efa9ba9fa91,8d0ebc6b88e7f378b65f3fdc6c74c8ea98708e21
FDA_questions,facts 1.0.1,M0 P2 conservative,results/oc_models/type1_models.csv,count of rows [analysis_model=='M0' & config=='P2' & class=='conservative'],15,15,d6e5c650fb4d6d241a554f896de38205ac2c890bfa442f4f9cb2749c70b5f261,8d0ebc6b88e7f378b65f3fdc6c74c8ea98708e21
FDA_questions,facts 1.0.1,M0 P2 nominal,results/oc_models/type1_models.csv,count of rows [analysis_model=='M0' & config=='P2' & class=='nominal'],1,1,d6e5c650fb4d6d241a554f896de38205ac2c890bfa442f4f9cb2749c70b5f261,8d0ebc6b88e7f378b65f3fdc6c74c8ea98708e21
FDA_questions,facts 1.0.1,M0 P2 exceeding,results/oc_models/type1_models.csv,count of rows [analysis_model=='M0' & config=='P2' & class=='exceeding'],0,0,d6e5c650fb4d6d241a554f896de38205ac2c890bfa442f4f9cb2749c70b5f261,8d0ebc6b88e7f378b65f3fdc6c74c8ea98708e21
FDA_questions,facts 1.0.1,M1 P2 conservative,results/oc_models/type1_models.csv,count of rows [analysis_model=='M1' & config=='P2' & class=='conservative'],15,15,d6e5c650fb4d6d241a554f896de38205ac2c890bfa442f4f9cb2749c70b5f261,8d0ebc6b88e7f378b65f3fdc6c74c8ea98708e21
FDA_questions,facts 1.0.1,M1 P2 nominal,results/oc_models/type1_models.csv,count of rows [analysis_model=='M1' & config=='P2' & class=='nominal'],0,0,d6e5c650fb4d6d241a554f896de38205ac2c890bfa442f4f9cb2749c70b5f261,8d0ebc6b88e7f378b65f3fdc6c74c8ea98708e21
FDA_questions,facts 1.0.1,M1 P2 exceeding,results/oc_models/type1_models.csv,count of rows [analysis_model=='M1' & config=='P2' & class=='exceeding'],1,1,d6e5c650fb4d6d241a554f896de38205ac2c890bfa442f4f9cb2749c70b5f261,8d0ebc6b88e7f378b65f3fdc6c74c8ea98708e21
FDA_questions,facts 1.0.1,2020 V2 cell P2 M0,results/oc_models/p2_decomposition_models.csv,"pk_model=='k2020' & mechanism=='V2' & analysis_model=='M0' :: p2_pct [lo, hi]",5.18000000000000; 4.88136778412433; 5.49584632794489,5.18% (95% CI 4.88 to 5.50),fe790d12806d3723abd2f8487d6f987498b247683354cade26ddb18fc6217f2f,8d0ebc6b88e7f378b65f3fdc6c74c8ea98708e21
FDA_questions,facts 1.0.1,2020 V2 cell P2 M1,results/oc_models/p2_decomposition_models.csv,"pk_model=='k2020' & mechanism=='V2' & analysis_model=='M1' :: p2_pct [lo, hi]",5.62500000000000; 5.31412097634036; 5.95292222363892,5.63% (95% CI 5.31 to 5.95),fe790d12806d3723abd2f8487d6f987498b247683354cade26ddb18fc6217f2f,8d0ebc6b88e7f378b65f3fdc6c74c8ea98708e21
FDA_questions,facts 1.0.1,2020 V2 cell P2 M2,results/oc_models/p2_decomposition_models.csv,"pk_model=='k2020' & mechanism=='V2' & analysis_model=='M2' :: p2_pct [lo, hi]",5.74500000000000; 5.43091711656911; 6.07607999475671,5.75% (95% CI 5.43 to 6.08),fe790d12806d3723abd2f8487d6f987498b247683354cade26ddb18fc6217f2f,8d0ebc6b88e7f378b65f3fdc6c74c8ea98708e21
FDA_questions,facts 1.0.1,2020 V2 cell class M0,results/oc_models/p2_decomposition_models.csv,pk_model=='k2020' & mechanism=='V2' & analysis_model=='M0' :: class,nominal,nominal,fe790d12806d3723abd2f8487d6f987498b247683354cade26ddb18fc6217f2f,8d0ebc6b88e7f378b65f3fdc6c74c8ea98708e21
FDA_questions,facts 1.0.1,2020 V2 cell class M1,results/oc_models/p2_decomposition_models.csv,pk_model=='k2020' & mechanism=='V2' & analysis_model=='M1' :: class,exceeding,exceeding,fe790d12806d3723abd2f8487d6f987498b247683354cade26ddb18fc6217f2f,8d0ebc6b88e7f378b65f3fdc6c74c8ea98708e21
FDA_questions,facts 1.0.1,2020 V2 cell class M2,results/oc_models/p2_decomposition_models.csv,pk_model=='k2020' & mechanism=='V2' & analysis_model=='M2' :: class,exceeding,exceeding,fe790d12806d3723abd2f8487d6f987498b247683354cade26ddb18fc6217f2f,8d0ebc6b88e7f378b65f3fdc6c74c8ea98708e21
FDA_questions,facts 1.0.1,2020 V2 cell trials M0,results/oc_models/p2_decomposition_models.csv,pk_model=='k2020' & mechanism=='V2' & analysis_model=='M0' :: n_trials,20000,"20,000",fe790d12806d3723abd2f8487d6f987498b247683354cade26ddb18fc6217f2f,8d0ebc6b88e7f378b65f3fdc6c74c8ea98708e21
FDA_questions,facts 1.0.1,2020 V2 cell trials M1,results/oc_models/p2_decomposition_models.csv,pk_model=='k2020' & mechanism=='V2' & analysis_model=='M1' :: n_trials,20000,"20,000",fe790d12806d3723abd2f8487d6f987498b247683354cade26ddb18fc6217f2f,8d0ebc6b88e7f378b65f3fdc6c74c8ea98708e21
FDA_questions,facts 1.0.1,2020 V2 AUC0-last bias M1,results/oc_models/p2_decomposition_models.csv,pk_model=='k2020' & mechanism=='V2' & analysis_model=='M1' :: auclast_bias_pct,0.411740547589035,0.41,fe790d12806d3723abd2f8487d6f987498b247683354cade26ddb18fc6217f2f,8d0ebc6b88e7f378b65f3fdc6c74c8ea98708e21
FDA_questions,facts 1.0.1,2020 V2 unbiased reference M1,results/oc_models/p2_decomposition_models.csv,pk_model=='k2020' & mechanism=='V2' & analysis_model=='M1' :: ref_pct,4.94,4.94,fe790d12806d3723abd2f8487d6f987498b247683354cade26ddb18fc6217f2f,8d0ebc6b88e7f378b65f3fdc6c74c8ea98708e21
FDA_questions,facts 1.0.1,2020 V2 AUC0-last alone M1,results/oc_models/p2_decomposition_models.csv,pk_model=='k2020' & mechanism=='V2' & analysis_model=='M1' :: auclast_pct,5.645,5.65,fe790d12806d3723abd2f8487d6f987498b247683354cade26ddb18fc6217f2f,8d0ebc6b88e7f378b65f3fdc6c74c8ea98708e21
FDA_questions,facts 1.0.1,2020 V2 Cmax term M1,results/oc_models/p2_decomposition_models.csv,pk_model=='k2020' & mechanism=='V2' & analysis_model=='M1' :: p2_minus_auclast_pp,-0.0199999999999996,-0.02,fe790d12806d3723abd2f8487d6f987498b247683354cade26ddb18fc6217f2f,8d0ebc6b88e7f378b65f3fdc6c74c8ea98708e21
FDA_questions,facts 1.0.1,lloq_mg_L.value,config/assay.yaml,lloq_mg_L.value,0.078,0.078,13bb4e6e5a604962f3e30a9f31dffb53fcfcaa71272e41d6a12413c1cec26604,8d0ebc6b88e7f378b65f3fdc6c74c8ea98708e21
FDA_questions,facts 1.0.1,"P2 M1 minus M0, range (points)",results/oc_models/type1_paired_change.csv,range over 16 rows [comparison=='M1 minus M0' & config=='P2'] :: diff_pp,0.000; 0.445,0.00 to 0.45,478d0b4592760bd3ab64736acefaf08cd1e6d7a9ee7cb1edc7d9d21b25fa281a,8d0ebc6b88e7f378b65f3fdc6c74c8ea98708e21
FDA_questions,facts 1.0.1,"P2 M1 minus M0, mean (points)",results/oc_models/type1_paired_change.csv,comparison=='M1 minus M0' & config=='P2' :: mean(diff_pp),0.3009375,0.30,478d0b4592760bd3ab64736acefaf08cd1e6d7a9ee7cb1edc7d9d21b25fa281a,8d0ebc6b88e7f378b65f3fdc6c74c8ea98708e21
FDA_questions,facts 1.0.1,"power change M1 minus M0, S00",results/oc_models/power_models.csv,pk_model=='k2016' & scenario=='S00' & analysis_model=='M1' & config=='P2' :: diff_vs_M0_pp,0.1,0.10,9f1958653a97dce11942e5f07b15abc5d41042297c6e2795abc6da4711b68fb6,8d0ebc6b88e7f378b65f3fdc6c74c8ea98708e21
FDA_questions,"facts 1.0.1, criteria convention (trial population)",M1 rule C (ii) largest,results/criteria/criteria_g2_type1.csv,"analysis_model=='M1' & config=='G2_C_ii' & pk_model=='k2020' & scenario=='V2_up_080' :: pass_pct [lo, hi]",5.39000000000000; 5.08551438080929; 5.71161907611637,5.39% (95% CI 5.09 to 5.71),b450c534a36e2e03b49bad2427de6317153e3b71210dce8caab616e43ef64981,8d0ebc6b88e7f378b65f3fdc6c74c8ea98708e21
FDA_questions,"facts 1.0.1, criteria convention (trial population)",largest absolute test minus reference difference in the share failing set (i) (points),results/trialpop/tp_arm_difference.csv,set=='i' & scenario!='S00' :: max(abs(diff_mean)),12.2884615384615,12.3,cdf32cb67af28daa0f22468c8f79ffcfdc1b7f3fdd7b124be9b27f61fddec8d4,8d0ebc6b88e7f378b65f3fdc6c74c8ea98708e21
FDA_questions,"facts 1.0.1, criteria convention (trial population)",extrap_true_median,results/rationale/pillar1_coverage_B0.csv,model=='k2016' & group=='all' :: extrap_true_median,0.652050053461906,0.65,f5bd530b5e2198d6fc9ae9dcf29e9fda50cb699af423210a732c31d1ccf6cbb6,8d0ebc6b88e7f378b65f3fdc6c74c8ea98708e21
FDA_questions,"facts 1.0.1, criteria convention (trial population)",extrap_true_p95,results/rationale/pillar1_coverage_B0.csv,model=='k2016' & group=='all' :: extrap_true_p95,3.6326565403682,3.63,f5bd530b5e2198d6fc9ae9dcf29e9fda50cb699af423210a732c31d1ccf6cbb6,8d0ebc6b88e7f378b65f3fdc6c74c8ea98708e21
FDA_questions,"facts 1.0.1, criteria convention (trial population)",extrap_nca_median,results/rationale/pillar1_coverage_B0.csv,model=='k2016' & group=='all' :: extrap_nca_median,2.74409890951039,2.7,f5bd530b5e2198d6fc9ae9dcf29e9fda50cb699af423210a732c31d1ccf6cbb6,8d0ebc6b88e7f378b65f3fdc6c74c8ea98708e21
FDA_questions,"facts 1.0.1, criteria convention (trial population)","trial population, set i failing (two models)",results/trialpop/tp_failure_by_set.csv,range over 2 rows [set=='i'] :: fail_pct,8.165; 13.435,8.2% to 13.4%,245552b2db5039299ce2f100ed592fc537ebac8bb1693371509535992aa6ca09,8d0ebc6b88e7f378b65f3fdc6c74c8ea98708e21
FDA_questions,"facts 1.0.1, criteria convention (trial population)","trial population, set iii failing (two models)",results/trialpop/tp_failure_by_set.csv,range over 2 rows [set=='iii'] :: fail_pct,33.215; 38.760,33.2% to 38.8%,245552b2db5039299ce2f100ed592fc537ebac8bb1693371509535992aa6ca09,8d0ebc6b88e7f378b65f3fdc6c74c8ea98708e21
FDA_questions,"facts 1.0.1, criteria convention (trial population)",lloq_studyday_median,results/cliff/cliff_summary.csv,model=='k2016' & weight=='base' :: lloq_studyday_median,38.4647596937202,38.5,f853aba868c8cd024ca3a2c4a971159d7aece8f76fb8f2156c300c88e0dfd115,8d0ebc6b88e7f378b65f3fdc6c74c8ea98708e21
FDA_questions,"facts 1.0.1, criteria convention (trial population)",lloq_studyday_median,results/cliff/cliff_summary.csv,model=='k2020' & weight=='base' :: lloq_studyday_median,40.7685378859273,40.8,f853aba868c8cd024ca3a2c4a971159d7aece8f76fb8f2156c300c88e0dfd115,8d0ebc6b88e7f378b65f3fdc6c74c8ea98708e21
FDA_questions,"facts 1.0.1, criteria convention (trial population)",lloq_after_day58_pct,results/cliff/cliff_summary.csv,model=='k2016' & weight=='base' :: lloq_after_day58_pct,2.47,2.5,f853aba868c8cd024ca3a2c4a971159d7aece8f76fb8f2156c300c88e0dfd115,8d0ebc6b88e7f378b65f3fdc6c74c8ea98708e21
FDA_questions,"facts 1.0.1, criteria convention (trial population)",lloq_after_day58_pct,results/cliff/cliff_summary.csv,model=='k2020' & weight=='base' :: lloq_after_day58_pct,4.595,4.6,f853aba868c8cd024ca3a2c4a971159d7aece8f76fb8f2156c300c88e0dfd115,8d0ebc6b88e7f378b65f3fdc6c74c8ea98708e21
FDA_questions,"facts 1.0.1, criteria convention (trial population)",len1_median,results/cliff/cliff_summary.csv,model=='k2016' & weight=='base' :: len1_median,1.3815220572994,1.38,f853aba868c8cd024ca3a2c4a971159d7aece8f76fb8f2156c300c88e0dfd115,8d0ebc6b88e7f378b65f3fdc6c74c8ea98708e21
FDA_questions,"facts 1.0.1, criteria convention (trial population)",pct_ge3,results/cliff/cliff_points.csv,model=='k2016' & weight=='base' & timing=='nominal' & definition_day==1 & schedule=='daily_29_57' :: pct_ge3,0,0.0,0d0ea5c5b1e2ada1b9ff68be6415c912fec7ea8806f75a2d201b46932359fead,8d0ebc6b88e7f378b65f3fdc6c74c8ea98708e21
FDA_questions,"facts 1.0.1, criteria convention (trial population)",AUClast_ratio,results/step1/step1b_quant_gate.csv,range over 5 rows [gate_role=='gate'] :: AUClast_ratio,0.938864110808444; 1.068312835545530,0.94 to 1.07,8f846e1fd1160532af6b26f020969bb945f0903e3ba7549c0bb5fd2a50117bb5,8d0ebc6b88e7f378b65f3fdc6c74c8ea98708e21
FDA_questions,"facts 1.0.1, criteria convention (trial population)",Cmax_ratio,results/step1/step1b_quant_gate.csv,range over 5 rows [gate_role=='gate'] :: Cmax_ratio,1.07915142574032; 1.26972180725227,1.08 to 1.27,8f846e1fd1160532af6b26f020969bb945f0903e3ba7549c0bb5fd2a50117bb5,8d0ebc6b88e7f378b65f3fdc6c74c8ea98708e21
FDA_questions,"facts 1.0.1, criteria convention (trial population)",highest P2 M0,results/oc_models/type1_models.csv,"analysis_model=='M0' & config=='P2' & pk_model=='k2020' & scenario=='V2_up_080' :: pass_pct [lo, hi]",5.18000000000000; 4.88136778412433; 5.49584632794489,5.18% (95% CI 4.88 to 5.50),d6e5c650fb4d6d241a554f896de38205ac2c890bfa442f4f9cb2749c70b5f261,8d0ebc6b88e7f378b65f3fdc6c74c8ea98708e21
FDA_questions,"facts 1.0.1, criteria convention (trial population)",highest P2 M1,results/oc_models/type1_models.csv,"analysis_model=='M1' & config=='P2' & pk_model=='k2020' & scenario=='V2_up_080' :: pass_pct [lo, hi]",5.62500000000000; 5.31412097634036; 5.95292222363892,5.63% (95% CI 5.31 to 5.95),d6e5c650fb4d6d241a554f896de38205ac2c890bfa442f4f9cb2749c70b5f261,8d0ebc6b88e7f378b65f3fdc6c74c8ea98708e21
FDA_questions,"facts 1.0.1, criteria convention (trial population)",M0 P2 range,results/oc_models/type1_models.csv,range over 16 rows [analysis_model=='M0' & config=='P2'] :: pass_pct,0.00; 5.18,0.00% to 5.18%,d6e5c650fb4d6d241a554f896de38205ac2c890bfa442f4f9cb2749c70b5f261,8d0ebc6b88e7f378b65f3fdc6c74c8ea98708e21
FDA_questions,"facts 1.0.1, criteria convention (trial population)",M1 P2 range,results/oc_models/type1_models.csv,range over 16 rows [analysis_model=='M1' & config=='P2'] :: pass_pct,0.000; 5.625,0.00% to 5.63%,d6e5c650fb4d6d241a554f896de38205ac2c890bfa442f4f9cb2749c70b5f261,8d0ebc6b88e7f378b65f3fdc6c74c8ea98708e21
FDA_questions,"facts 1.0.1, criteria convention (trial population)",n_per_arm,config/trial_design.yaml,n_per_arm,117,117,553eceab74155a3497fef1ab587f3b8d2be1319704e17ae1f0e177601726e84f,8d0ebc6b88e7f378b65f3fdc6c74c8ea98708e21
FDA_questions,"facts 1.0.1, criteria convention (trial population)",power n117 CV 43 M0,results/sample_size/ss_table_power.csv,input_model=='k2016' & cv==43 & gmr==0.95 & n==117 & analysis_model=='M0' :: analytic_pct,94.0181763126864,94.0,a56eb54215c06bfa3275ff43ff1cdf7b8593f6c57143d3346fc7ed9047948e72,8d0ebc6b88e7f378b65f3fdc6c74c8ea98708e21
FDA_questions,"facts 1.0.1, criteria convention (trial population)",power n117 CV 43 M1,results/sample_size/ss_table_power.csv,input_model=='k2016' & cv==43 & gmr==0.95 & n==117 & analysis_model=='M1' :: analytic_pct,94.5355561545655,94.5,a56eb54215c06bfa3275ff43ff1cdf7b8593f6c57143d3346fc7ed9047948e72,8d0ebc6b88e7f378b65f3fdc6c74c8ea98708e21
FDA_questions,"facts 1.0.1, criteria convention (trial population)",power n117 CV 50 M0,results/sample_size/ss_table_power.csv,input_model=='k2016' & cv==50 & gmr==0.95 & n==117 & analysis_model=='M0' :: analytic_pct,87.2488251642765,87.2,a56eb54215c06bfa3275ff43ff1cdf7b8593f6c57143d3346fc7ed9047948e72,8d0ebc6b88e7f378b65f3fdc6c74c8ea98708e21
FDA_questions,"facts 1.0.1, criteria convention (trial population)",power n117 CV 50 M1,results/sample_size/ss_table_power.csv,input_model=='k2016' & cv==50 & gmr==0.95 & n==117 & analysis_model=='M1' :: analytic_pct,87.961670690266,88.0,a56eb54215c06bfa3275ff43ff1cdf7b8593f6c57143d3346fc7ed9047948e72,8d0ebc6b88e7f378b65f3fdc6c74c8ea98708e21
FDA_questions,"facts 1.0.1, criteria convention (trial population)",AUClast_logcv,results/fallback/sample_size_logsd.csv,"startsWith(variant, 'base') :: AUClast_logcv",40.2983880005355,40,684e4f6414e7ece0d8f6da94c7542a1fc900e0de98cc6bf920f9ed22fe239189,8d0ebc6b88e7f378b65f3fdc6c74c8ea98708e21
FDA_questions,"facts 1.0.1, criteria convention (trial population)",AUClast_logcv,results/fallback/sample_size_logsd.csv,"startsWith(variant, 'struct2020') :: AUClast_logcv",42.7759962247525,43,684e4f6414e7ece0d8f6da94c7542a1fc900e0de98cc6bf920f9ed22fe239189,8d0ebc6b88e7f378b65f3fdc6c74c8ea98708e21
FDA_questions,"facts 1.0.1, criteria convention (trial population)",AUClast_logcv,results/fallback/sample_size_logsd.csv,"startsWith(variant, 'Syneos') :: AUClast_logcv",43,43,684e4f6414e7ece0d8f6da94c7542a1fc900e0de98cc6bf920f9ed22fe239189,8d0ebc6b88e7f378b65f3fdc6c74c8ea98708e21
FDA_questions,"facts 1.0.1, criteria convention (trial population)",AUClast_logcv,results/fallback/sample_size_logsd.csv,"startsWith(variant, 'Cohen') :: AUClast_logcv",52.0937886501735,52,684e4f6414e7ece0d8f6da94c7542a1fc900e0de98cc6bf920f9ed22fe239189,8d0ebc6b88e7f378b65f3fdc6c74c8ea98708e21
FDA_questions,"facts 1.0.1, criteria convention (trial population)",n M0 CV 43 90,results/sample_size/ss_table_n_needed.csv,cv==43 & gmr==0.95 & analysis_model=='M0' & target_pct==90 :: n_evaluable_per_arm,100,100,cb1b4df9c06e5f3d0c09e40dc0152eddb30538c60a6d7f5d3acf5efe04ac71fa,8d0ebc6b88e7f378b65f3fdc6c74c8ea98708e21
FDA_questions,"facts 1.0.1, criteria convention (trial population)",n randomized M0 CV 43 90,results/sample_size/ss_table_n_needed.csv,cv==43 & gmr==0.95 & analysis_model=='M0' & target_pct==90 :: n_randomized_per_arm,112,112,cb1b4df9c06e5f3d0c09e40dc0152eddb30538c60a6d7f5d3acf5efe04ac71fa,8d0ebc6b88e7f378b65f3fdc6c74c8ea98708e21
FDA_questions,"facts 1.0.1, criteria convention (trial population)",n M1 CV 43 90,results/sample_size/ss_table_n_needed.csv,cv==43 & gmr==0.95 & analysis_model=='M1' & target_pct==90 :: n_evaluable_per_arm,97,97,cb1b4df9c06e5f3d0c09e40dc0152eddb30538c60a6d7f5d3acf5efe04ac71fa,8d0ebc6b88e7f378b65f3fdc6c74c8ea98708e21
FDA_questions,"facts 1.0.1, criteria convention (trial population)",n randomized M1 CV 43 90,results/sample_size/ss_table_n_needed.csv,cv==43 & gmr==0.95 & analysis_model=='M1' & target_pct==90 :: n_randomized_per_arm,108,108,cb1b4df9c06e5f3d0c09e40dc0152eddb30538c60a6d7f5d3acf5efe04ac71fa,8d0ebc6b88e7f378b65f3fdc6c74c8ea98708e21
FDA_questions,"facts 1.0.1, criteria convention (trial population)",n M0 CV 50 90,results/sample_size/ss_table_n_needed.csv,cv==50 & gmr==0.95 & analysis_model=='M0' & target_pct==90 :: n_evaluable_per_arm,129,129,cb1b4df9c06e5f3d0c09e40dc0152eddb30538c60a6d7f5d3acf5efe04ac71fa,8d0ebc6b88e7f378b65f3fdc6c74c8ea98708e21
FDA_questions,"facts 1.0.1, criteria convention (trial population)",n randomized M0 CV 50 90,results/sample_size/ss_table_n_needed.csv,cv==50 & gmr==0.95 & analysis_model=='M0' & target_pct==90 :: n_randomized_per_arm,144,144,cb1b4df9c06e5f3d0c09e40dc0152eddb30538c60a6d7f5d3acf5efe04ac71fa,8d0ebc6b88e7f378b65f3fdc6c74c8ea98708e21
FDA_questions,"facts 1.0.1, criteria convention (trial population)",n M1 CV 50 90,results/sample_size/ss_table_n_needed.csv,cv==50 & gmr==0.95 & analysis_model=='M1' & target_pct==90 :: n_evaluable_per_arm,126,126,cb1b4df9c06e5f3d0c09e40dc0152eddb30538c60a6d7f5d3acf5efe04ac71fa,8d0ebc6b88e7f378b65f3fdc6c74c8ea98708e21
FDA_questions,"facts 1.0.1, criteria convention (trial population)",n randomized M1 CV 50 90,results/sample_size/ss_table_n_needed.csv,cv==50 & gmr==0.95 & analysis_model=='M1' & target_pct==90 :: n_randomized_per_arm,140,140,cb1b4df9c06e5f3d0c09e40dc0152eddb30538c60a6d7f5d3acf5efe04ac71fa,8d0ebc6b88e7f378b65f3fdc6c74c8ea98708e21
FDA_questions,"facts 1.0.1, criteria convention (trial population)",n M0 CV 43 85,results/sample_size/ss_table_n_needed.csv,cv==43 & gmr==0.95 & analysis_model=='M0' & target_pct==85 :: n_evaluable_per_arm,85,85,cb1b4df9c06e5f3d0c09e40dc0152eddb30538c60a6d7f5d3acf5efe04ac71fa,8d0ebc6b88e7f378b65f3fdc6c74c8ea98708e21
FDA_questions,"facts 1.0.1, criteria convention (trial population)",n M1 CV 43 85,results/sample_size/ss_table_n_needed.csv,cv==43 & gmr==0.95 & analysis_model=='M1' & target_pct==85 :: n_evaluable_per_arm,83,83,cb1b4df9c06e5f3d0c09e40dc0152eddb30538c60a6d7f5d3acf5efe04ac71fa,8d0ebc6b88e7f378b65f3fdc6c74c8ea98708e21
FDA_questions,"facts 1.0.1, criteria convention (trial population)",n M0 CV 50 85,results/sample_size/ss_table_n_needed.csv,cv==50 & gmr==0.95 & analysis_model=='M0' & target_pct==85 :: n_evaluable_per_arm,110,110,cb1b4df9c06e5f3d0c09e40dc0152eddb30538c60a6d7f5d3acf5efe04ac71fa,8d0ebc6b88e7f378b65f3fdc6c74c8ea98708e21
FDA_questions,"facts 1.0.1, criteria convention (trial population)",n M1 CV 50 85,results/sample_size/ss_table_n_needed.csv,cv==50 & gmr==0.95 & analysis_model=='M1' & target_pct==85 :: n_evaluable_per_arm,107,107,cb1b4df9c06e5f3d0c09e40dc0152eddb30538c60a6d7f5d3acf5efe04ac71fa,8d0ebc6b88e7f378b65f3fdc6c74c8ea98708e21
FDA_questions,"facts 1.0.1, criteria convention (trial population)",n_per_arm,config/trial_design.yaml,n_per_arm,117,117,553eceab74155a3497fef1ab587f3b8d2be1319704e17ae1f0e177601726e84f,8d0ebc6b88e7f378b65f3fdc6c74c8ea98708e21
FDA_questions,"facts 1.0.1, criteria convention (trial population)",prereg_commit,results/oc/prereg.csv,TRUE :: prereg_commit,779e06840e35ada5e3dbdadf6b0554078b7cd2b9,779e06840e35ada5e3dbdadf6b0554078b7cd2b9,46f9df5b7464021107467510d826a837861468efe5f5639edd542d0863247f2a,8d0ebc6b88e7f378b65f3fdc6c74c8ea98708e21
FDA_questions,"facts 1.0.1, criteria convention (trial population)",extrap_true_median,results/individual/individual_ada10_by_subgroup.csv,ada==1 & schedule=='B0' :: extrap_true_median,0.646535026740025,0.65,3dd5ce9b6a31bbb41910b9453f8392a1fd3af70dc157752f1ebffad77e9bbc76,8d0ebc6b88e7f378b65f3fdc6c74c8ea98708e21
FDA_questions,"facts 1.0.1, criteria convention (trial population)",extrap_true_median,results/individual/individual_ada10_by_subgroup.csv,ada==0 & schedule=='B0' :: extrap_true_median,0.675646374124039,0.68,3dd5ce9b6a31bbb41910b9453f8392a1fd3af70dc157752f1ebffad77e9bbc76,8d0ebc6b88e7f378b65f3fdc6c74c8ea98708e21
FDA_questions,"facts 1.0.1, criteria convention (trial population)",tlast_median,results/individual/individual_ada10_by_subgroup.csv,ada==1 & schedule=='B0' :: tlast_median,28.3593958341517,28.4,3dd5ce9b6a31bbb41910b9453f8392a1fd3af70dc157752f1ebffad77e9bbc76,8d0ebc6b88e7f378b65f3fdc6c74c8ea98708e21
FDA_questions,"facts 1.0.1, criteria convention (trial population)",tlast_median,results/individual/individual_ada10_by_subgroup.csv,ada==0 & schedule=='B0' :: tlast_median,34.7214617053978,34.7,3dd5ce9b6a31bbb41910b9453f8392a1fd3af70dc157752f1ebffad77e9bbc76,8d0ebc6b88e7f378b65f3fdc6c74c8ea98708e21
FDA_questions,"facts 1.0.1, criteria convention (trial population)",SD/SE M0,results/oc_models/sd_se_models.csv,"range over 16 rows [endpoint=='AUCinf_true' & analysis_model=='M0' & !scenario %in% c('S00','F097')] :: sd_se_ratio",0.960904694847028; 0.993484190924169,0.961 to 0.993,d78065adf953809467648b9aedda6b8cb346007f065d1ac3c40a9677083121cc,8d0ebc6b88e7f378b65f3fdc6c74c8ea98708e21
FDA_questions,"facts 1.0.1, criteria convention (trial population)",SD/SE M1,results/oc_models/sd_se_models.csv,"range over 16 rows [endpoint=='AUCinf_true' & analysis_model=='M1' & !scenario %in% c('S00','F097')] :: sd_se_ratio",0.991270619596083; 1.020344572967900,0.991 to 1.020,d78065adf953809467648b9aedda6b8cb346007f065d1ac3c40a9677083121cc,8d0ebc6b88e7f378b65f3fdc6c74c8ea98708e21
FDA_questions,"facts 1.0.1, criteria convention (trial population)",M0 P2 range,results/oc_models/type1_models.csv,range over 16 rows [analysis_model=='M0' & config=='P2'] :: pass_pct,0.00; 5.18,0.00% to 5.18%,d6e5c650fb4d6d241a554f896de38205ac2c890bfa442f4f9cb2749c70b5f261,8d0ebc6b88e7f378b65f3fdc6c74c8ea98708e21
FDA_questions,"facts 1.0.1, criteria convention (trial population)",M1 P2 range,results/oc_models/type1_models.csv,range over 16 rows [analysis_model=='M1' & config=='P2'] :: pass_pct,0.000; 5.625,0.00% to 5.63%,d6e5c650fb4d6d241a554f896de38205ac2c890bfa442f4f9cb2749c70b5f261,8d0ebc6b88e7f378b65f3fdc6c74c8ea98708e21
FDA_questions,"facts 1.0.1, criteria convention (trial population)",power k2016 S00 M0,results/oc_models/power_models.csv,"pk_model=='k2016' & scenario=='S00' & analysis_model=='M0' & config=='P2' :: pass_pct [lo, hi]",99.5500000000000; 99.3984428906251; 99.6635028708408,99.6% (95% CI 99.4 to 99.7),9f1958653a97dce11942e5f07b15abc5d41042297c6e2795abc6da4711b68fb6,8d0ebc6b88e7f378b65f3fdc6c74c8ea98708e21
FDA_questions,"facts 1.0.1, criteria convention (trial population)",power k2016 S00 M1,results/oc_models/power_models.csv,"pk_model=='k2016' & scenario=='S00' & analysis_model=='M1' & config=='P2' :: pass_pct [lo, hi]",99.6500000000000; 99.5136468123541; 99.7482221494378,99.7% (95% CI 99.5 to 99.7),9f1958653a97dce11942e5f07b15abc5d41042297c6e2795abc6da4711b68fb6,8d0ebc6b88e7f378b65f3fdc6c74c8ea98708e21
FDA_questions,"facts 1.0.1, criteria convention (trial population)",n M0 CV 43 90,results/sample_size/ss_table_n_needed.csv,cv==43 & gmr==0.95 & analysis_model=='M0' & target_pct==90 :: n_evaluable_per_arm,100,100,cb1b4df9c06e5f3d0c09e40dc0152eddb30538c60a6d7f5d3acf5efe04ac71fa,8d0ebc6b88e7f378b65f3fdc6c74c8ea98708e21
FDA_questions,"facts 1.0.1, criteria convention (trial population)",n M1 CV 43 90,results/sample_size/ss_table_n_needed.csv,cv==43 & gmr==0.95 & analysis_model=='M1' & target_pct==90 :: n_evaluable_per_arm,97,97,cb1b4df9c06e5f3d0c09e40dc0152eddb30538c60a6d7f5d3acf5efe04ac71fa,8d0ebc6b88e7f378b65f3fdc6c74c8ea98708e21
FDA_questions,"facts 1.0.1, criteria convention (trial population)",LLOQ 0.02 fixed k2016 coverage_lt80_pct,results/lloq/lloq_individual_table.csv,model=='k2016' & resid=='fixed' & abs(lloq - 0.02) < 1e-9 :: coverage_lt80_pct,0,0.00,6d5fc6a570bb69ad49d2d235250f61e39c074ab5d023b5a9fdd0cfaa79b0e3b5,8d0ebc6b88e7f378b65f3fdc6c74c8ea98708e21
FDA_questions,"facts 1.0.1, criteria convention (trial population)",LLOQ 0.5 fixed k2016 coverage_lt80_pct,results/lloq/lloq_individual_table.csv,model=='k2016' & resid=='fixed' & abs(lloq - 0.5) < 1e-9 :: coverage_lt80_pct,0.005,0.01,6d5fc6a570bb69ad49d2d235250f61e39c074ab5d023b5a9fdd0cfaa79b0e3b5,8d0ebc6b88e7f378b65f3fdc6c74c8ea98708e21
FDA_questions,"facts 1.0.1, criteria convention (trial population)",cliff 0.02 k2016 lloq_studyday_median,results/lloq/lloq_cliff_table.csv,model=='k2016' & abs(lloq - 0.02) < 1e-9 & timing=='nominal' & definition_day==1 :: lloq_studyday_median,38.6100064957343,38.6,f17a8d207a1b59eab7a6dd9e5ee04dd1e836d670da0ee077c3252105d8a54436,8d0ebc6b88e7f378b65f3fdc6c74c8ea98708e21
FDA_questions,"facts 1.0.1, criteria convention (trial population)",cliff 0.5 k2016 lloq_studyday_median,results/lloq/lloq_cliff_table.csv,model=='k2016' & abs(lloq - 0.5) < 1e-9 & timing=='nominal' & definition_day==1 :: lloq_studyday_median,37.6854550824632,37.7,f17a8d207a1b59eab7a6dd9e5ee04dd1e836d670da0ee077c3252105d8a54436,8d0ebc6b88e7f378b65f3fdc6c74c8ea98708e21
FDA_questions,"facts 1.0.1, criteria convention (trial population)",LLOQ 0.02 fixed k2016 reliable_no_span_pct,results/lloq/lloq_individual_table.csv,model=='k2016' & resid=='fixed' & abs(lloq - 0.02) < 1e-9 :: reliable_no_span_pct,84.235,84.2,6d5fc6a570bb69ad49d2d235250f61e39c074ab5d023b5a9fdd0cfaa79b0e3b5,8d0ebc6b88e7f378b65f3fdc6c74c8ea98708e21
FDA_questions,"facts 1.0.1, criteria convention (trial population)",LLOQ 0.078 fixed k2016 reliable_no_span_pct,results/lloq/lloq_individual_table.csv,model=='k2016' & resid=='fixed' & abs(lloq - 0.078) < 1e-9 :: reliable_no_span_pct,86.565,86.6,6d5fc6a570bb69ad49d2d235250f61e39c074ab5d023b5a9fdd0cfaa79b0e3b5,8d0ebc6b88e7f378b65f3fdc6c74c8ea98708e21
FDA_questions,"facts 1.0.1, criteria convention (trial population)",LLOQ 0.5 fixed k2016 reliable_no_span_pct,results/lloq/lloq_individual_table.csv,model=='k2016' & resid=='fixed' & abs(lloq - 0.5) < 1e-9 :: reliable_no_span_pct,88,88.0,6d5fc6a570bb69ad49d2d235250f61e39c074ab5d023b5a9fdd0cfaa79b0e3b5,8d0ebc6b88e7f378b65f3fdc6c74c8ea98708e21
FDA_questions,"facts 1.0.1, criteria convention (trial population)",LLOQ 0.02 scaled k2016 reliable_no_span_pct,results/lloq/lloq_individual_table.csv,model=='k2016' & resid=='scaled' & abs(lloq - 0.02) < 1e-9 :: reliable_no_span_pct,84.64,84.6,6d5fc6a570bb69ad49d2d235250f61e39c074ab5d023b5a9fdd0cfaa79b0e3b5,8d0ebc6b88e7f378b65f3fdc6c74c8ea98708e21
FDA_questions,"facts 1.0.1, criteria convention (trial population)",LLOQ M0 P2 range,results/lloq/lloq_trial_type1.csv,range over 18 rows [model=='M0' & resid=='fixed' & config=='P2'] :: pass_pct,2.22; 4.22,2.22% to 4.22%,42dbaed7571732007275b9d983dcbf53fa368cec83e2ee83db6f9b3e0ce1c18b,8d0ebc6b88e7f378b65f3fdc6c74c8ea98708e21
FDA_questions,"facts 1.0.1, criteria convention (trial population)",LLOQ M1 P2 range,results/lloq/lloq_trial_type1.csv,range over 18 rows [model=='M1' & resid=='fixed' & config=='P2'] :: pass_pct,2.60; 4.62,2.60% to 4.62%,42dbaed7571732007275b9d983dcbf53fa368cec83e2ee83db6f9b3e0ce1c18b,8d0ebc6b88e7f378b65f3fdc6c74c8ea98708e21
FDA_questions,"facts 1.0.1, criteria convention (trial population)","study population, set i, fail_pct",results/criteria/criteria_individual.csv,range over 2 rows [distribution=='study_60_90' & set=='i'] :: fail_pct,8.165; 13.435,8.2% to 13.4%,4575475ae251a85320700384ae83f84f7bc6111f9e9b9f927b9db836f1f084b4,8d0ebc6b88e7f378b65f3fdc6c74c8ea98708e21
FDA_questions,"facts 1.0.1, criteria convention (trial population)","study population, set iii, fail_pct",results/criteria/criteria_individual.csv,range over 2 rows [distribution=='study_60_90' & set=='iii'] :: fail_pct,33.215; 38.760,33.2% to 38.8%,4575475ae251a85320700384ae83f84f7bc6111f9e9b9f927b9db836f1f084b4,8d0ebc6b88e7f378b65f3fdc6c74c8ea98708e21
FDA_questions,"facts 1.0.1, criteria convention (trial population)","study population, set iv, fail_pct",results/criteria/criteria_individual.csv,range over 2 rows [distribution=='study_60_90' & set=='iv'] :: fail_pct,65.85; 72.45,65.9% to 72.5%,4575475ae251a85320700384ae83f84f7bc6111f9e9b9f927b9db836f1f084b4,8d0ebc6b88e7f378b65f3fdc6c74c8ea98708e21
FDA_questions,"facts 1.0.1, criteria convention (trial population)",M0 G2_A_i cells above 5%,results/criteria/criteria_g2_type1.csv,count of rows [analysis_model=='M0' & config=='G2_A_i' & pass_pct > 5],8,8,b450c534a36e2e03b49bad2427de6317153e3b71210dce8caab616e43ef64981,8d0ebc6b88e7f378b65f3fdc6c74c8ea98708e21
FDA_questions,"facts 1.0.1, criteria convention (trial population)",M0 G2_A_ii cells above 5%,results/criteria/criteria_g2_type1.csv,count of rows [analysis_model=='M0' & config=='G2_A_ii' & pass_pct > 5],12,12,b450c534a36e2e03b49bad2427de6317153e3b71210dce8caab616e43ef64981,8d0ebc6b88e7f378b65f3fdc6c74c8ea98708e21
FDA_questions,"facts 1.0.1, criteria convention (trial population)",M0 G2_A_iii cells above 5%,results/criteria/criteria_g2_type1.csv,count of rows [analysis_model=='M0' & config=='G2_A_iii' & pass_pct > 5],9,9,b450c534a36e2e03b49bad2427de6317153e3b71210dce8caab616e43ef64981,8d0ebc6b88e7f378b65f3fdc6c74c8ea98708e21
FDA_questions,"facts 1.0.1, criteria convention (trial population)",M0 G2_A_iv cells above 5%,results/criteria/criteria_g2_type1.csv,count of rows [analysis_model=='M0' & config=='G2_A_iv' & pass_pct > 5],12,12,b450c534a36e2e03b49bad2427de6317153e3b71210dce8caab616e43ef64981,8d0ebc6b88e7f378b65f3fdc6c74c8ea98708e21
FDA_questions,"facts 1.0.1, criteria convention (trial population)",M0 G2_C_i range,results/criteria/criteria_g2_type1.csv,range over 16 rows [analysis_model=='M0' & config=='G2_C_i'] :: pass_pct,0.000; 4.625,0.00% to 4.63%,b450c534a36e2e03b49bad2427de6317153e3b71210dce8caab616e43ef64981,8d0ebc6b88e7f378b65f3fdc6c74c8ea98708e21
FDA_questions,"facts 1.0.1, criteria convention (trial population)",M0 G2_C_iii range,results/criteria/criteria_g2_type1.csv,range over 16 rows [analysis_model=='M0' & config=='G2_C_iii'] :: pass_pct,0.000; 5.205,0.00% to 5.21%,b450c534a36e2e03b49bad2427de6317153e3b71210dce8caab616e43ef64981,8d0ebc6b88e7f378b65f3fdc6c74c8ea98708e21
FDA_questions,"facts 1.0.1, criteria convention (trial population)","decision instability inst_rules_i, median and maximum over 16 boundary cells, M0",results/criteria/criteria_instability.csv,"analysis_model=='M0' & !scenario in (S00, F097) :: median and max of inst_rules_i",4.65; 19.65,a median of 4.7% and up to 19.7%,f4bab2830356f6a82612ac7ddb6eb4478ae350b60ab618ff2841b07078260fee,8d0ebc6b88e7f378b65f3fdc6c74c8ea98708e21
FDA_questions,"facts 1.0.1, criteria convention (trial population)","decision instability inst_rules_iii, median and maximum over 16 boundary cells, M0",results/criteria/criteria_instability.csv,"analysis_model=='M0' & !scenario in (S00, F097) :: median and max of inst_rules_iii",6.17; 20.74,a median of 6.2% and up to 20.7%,f4bab2830356f6a82612ac7ddb6eb4478ae350b60ab618ff2841b07078260fee,8d0ebc6b88e7f378b65f3fdc6c74c8ea98708e21
FDA_questions,"facts 1.0.1, criteria convention (trial population)","decision instability inst_sets_A, median and maximum over 16 boundary cells, M0",results/criteria/criteria_instability.csv,"analysis_model=='M0' & !scenario in (S00, F097) :: median and max of inst_sets_A",11.4; 37.5,a median of 11.4% and up to 37.5%,f4bab2830356f6a82612ac7ddb6eb4478ae350b60ab618ff2841b07078260fee,8d0ebc6b88e7f378b65f3fdc6c74c8ea98708e21
FDA_questions,"facts 1.0.1, criteria convention (trial population)","trial population, set i failing (two models)",results/trialpop/tp_failure_by_set.csv,range over 2 rows [set=='i'] :: fail_pct,8.165; 13.435,8.2% to 13.4%,245552b2db5039299ce2f100ed592fc537ebac8bb1693371509535992aa6ca09,8d0ebc6b88e7f378b65f3fdc6c74c8ea98708e21
FDA_questions,"facts 1.0.1, criteria convention (trial population)","trial population, set iii failing (two models)",results/trialpop/tp_failure_by_set.csv,range over 2 rows [set=='iii'] :: fail_pct,33.215; 38.760,33.2% to 38.8%,245552b2db5039299ce2f100ed592fc537ebac8bb1693371509535992aa6ca09,8d0ebc6b88e7f378b65f3fdc6c74c8ea98708e21
FDA_questions,"facts 1.0.1, criteria convention (trial population)","true AUC0-inf ratio failing to retained, set i",results/trialpop/tp_characteristics.csv,range over 2 rows [set=='i'] :: true_aucinf_gmr,0.786054078286093; 0.814793379307349,0.786 to 0.815,4ecec80dd889cc798aad376dbb7a21a23d30d530a0ef29366e3caf9011779573,8d0ebc6b88e7f378b65f3fdc6c74c8ea98708e21
FDA_questions,"facts 1.0.1, criteria convention (trial population)","stratum difference, set i (points)",results/trialpop/tp_strata_individual.csv,range over 2 rows [set=='i'] :: diff_pp,1.48237025831265; 2.69034874703012,1.5 to 2.7,49152d19e245c1c341396c7d1462f349edf1a07b980ef7210d31729d3ccdeb1f,8d0ebc6b88e7f378b65f3fdc6c74c8ea98708e21
SAP_text_proposals,"",lloq_mg_L.value,config/assay.yaml,lloq_mg_L.value,0.078,0.078,13bb4e6e5a604962f3e30a9f31dffb53fcfcaa71272e41d6a12413c1cec26604,8d0ebc6b88e7f378b65f3fdc6c74c8ea98708e21
SAP_text_proposals,1 primary analysis model,M0 P2 cells classified conservative,results/oc_models/type1_models.csv,count of rows [analysis_model=='M0' & config=='P2' & class=='conservative'],15,15,d6e5c650fb4d6d241a554f896de38205ac2c890bfa442f4f9cb2749c70b5f261,8d0ebc6b88e7f378b65f3fdc6c74c8ea98708e21
SAP_text_proposals,1 primary analysis model,M0 P2 cells classified nominal,results/oc_models/type1_models.csv,count of rows [analysis_model=='M0' & config=='P2' & class=='nominal'],1,1,d6e5c650fb4d6d241a554f896de38205ac2c890bfa442f4f9cb2749c70b5f261,8d0ebc6b88e7f378b65f3fdc6c74c8ea98708e21
SAP_text_proposals,1 primary analysis model,M0 P2 cells classified exceeding,results/oc_models/type1_models.csv,count of rows [analysis_model=='M0' & config=='P2' & class=='exceeding'],0,0,d6e5c650fb4d6d241a554f896de38205ac2c890bfa442f4f9cb2749c70b5f261,8d0ebc6b88e7f378b65f3fdc6c74c8ea98708e21
SAP_text_proposals,1 primary analysis model,M1 P2 cells classified conservative,results/oc_models/type1_models.csv,count of rows [analysis_model=='M1' & config=='P2' & class=='conservative'],15,15,d6e5c650fb4d6d241a554f896de38205ac2c890bfa442f4f9cb2749c70b5f261,8d0ebc6b88e7f378b65f3fdc6c74c8ea98708e21
SAP_text_proposals,1 primary analysis model,M1 P2 cells classified nominal,results/oc_models/type1_models.csv,count of rows [analysis_model=='M1' & config=='P2' & class=='nominal'],0,0,d6e5c650fb4d6d241a554f896de38205ac2c890bfa442f4f9cb2749c70b5f261,8d0ebc6b88e7f378b65f3fdc6c74c8ea98708e21
SAP_text_proposals,1 primary analysis model,M1 P2 cells classified exceeding,results/oc_models/type1_models.csv,count of rows [analysis_model=='M1' & config=='P2' & class=='exceeding'],1,1,d6e5c650fb4d6d241a554f896de38205ac2c890bfa442f4f9cb2749c70b5f261,8d0ebc6b88e7f378b65f3fdc6c74c8ea98708e21
SAP_text_proposals,1 primary analysis model,M0 P2 boundary type I error range,results/oc_models/type1_models.csv,range over 16 rows [analysis_model=='M0' & config=='P2'] :: pass_pct,0.00; 5.18,0.00% to 5.18%,d6e5c650fb4d6d241a554f896de38205ac2c890bfa442f4f9cb2749c70b5f261,8d0ebc6b88e7f378b65f3fdc6c74c8ea98708e21
SAP_text_proposals,1 primary analysis model,M1 P2 boundary type I error range,results/oc_models/type1_models.csv,range over 16 rows [analysis_model=='M1' & config=='P2'] :: pass_pct,0.000; 5.625,0.00% to 5.63%,d6e5c650fb4d6d241a554f896de38205ac2c890bfa442f4f9cb2749c70b5f261,8d0ebc6b88e7f378b65f3fdc6c74c8ea98708e21
SAP_text_proposals,1 primary analysis model,M0 P2 maximum,results/oc_models/type1_models.csv,"analysis_model=='M0' & config=='P2' & pk_model=='k2020' & scenario=='V2_up_080' :: pass_pct [lo, hi]",5.18000000000000; 4.88136778412433; 5.49584632794489,5.18% (95% CI 4.88 to 5.50),d6e5c650fb4d6d241a554f896de38205ac2c890bfa442f4f9cb2749c70b5f261,8d0ebc6b88e7f378b65f3fdc6c74c8ea98708e21
SAP_text_proposals,1 primary analysis model,M1 P2 maximum,results/oc_models/type1_models.csv,"analysis_model=='M1' & config=='P2' & pk_model=='k2020' & scenario=='V2_up_080' :: pass_pct [lo, hi]",5.62500000000000; 5.31412097634036; 5.95292222363892,5.63% (95% CI 5.31 to 5.95),d6e5c650fb4d6d241a554f896de38205ac2c890bfa442f4f9cb2749c70b5f261,8d0ebc6b88e7f378b65f3fdc6c74c8ea98708e21
SAP_text_proposals,1 primary analysis model,M0 AUCinf_true_only boundary type I error range,results/oc_models/type1_models.csv,range over 16 rows [analysis_model=='M0' & config=='AUCinf_true_only'] :: pass_pct,4.12; 5.43,4.12% to 5.43%,d6e5c650fb4d6d241a554f896de38205ac2c890bfa442f4f9cb2749c70b5f261,8d0ebc6b88e7f378b65f3fdc6c74c8ea98708e21
SAP_text_proposals,1 primary analysis model,M1 AUCinf_true_only boundary type I error range,results/oc_models/type1_models.csv,range over 16 rows [analysis_model=='M1' & config=='AUCinf_true_only'] :: pass_pct,4.53; 5.83,4.53% to 5.83%,d6e5c650fb4d6d241a554f896de38205ac2c890bfa442f4f9cb2749c70b5f261,8d0ebc6b88e7f378b65f3fdc6c74c8ea98708e21
SAP_text_proposals,1 primary analysis model,SD/SE M0 AUCinf_true boundary cells,results/oc_models/sd_se_models.csv,"range over 16 rows [endpoint=='AUCinf_true' & analysis_model=='M0' & !scenario %in% c('S00','F097')] :: sd_se_ratio",0.960904694847028; 0.993484190924169,0.961 to 0.993,d78065adf953809467648b9aedda6b8cb346007f065d1ac3c40a9677083121cc,8d0ebc6b88e7f378b65f3fdc6c74c8ea98708e21
SAP_text_proposals,1 primary analysis model,SD/SE M1 AUCinf_true boundary cells,results/oc_models/sd_se_models.csv,"range over 16 rows [endpoint=='AUCinf_true' & analysis_model=='M1' & !scenario %in% c('S00','F097')] :: sd_se_ratio",0.991270619596083; 1.020344572967900,0.991 to 1.020,d78065adf953809467648b9aedda6b8cb346007f065d1ac3c40a9677083121cc,8d0ebc6b88e7f378b65f3fdc6c74c8ea98708e21
SAP_text_proposals,1 primary analysis model,M1 P2 cells with point estimate above 5%,results/oc_models/type1_models.csv,count of rows [analysis_model=='M1' & config=='P2' & pass_pct > 5],1,1,d6e5c650fb4d6d241a554f896de38205ac2c890bfa442f4f9cb2749c70b5f261,8d0ebc6b88e7f378b65f3fdc6c74c8ea98708e21
SAP_text_proposals,1 primary analysis model,M0 P2 cells with point estimate above 5%,results/oc_models/type1_models.csv,count of rows [analysis_model=='M0' & config=='P2' & pass_pct > 5],1,1,d6e5c650fb4d6d241a554f896de38205ac2c890bfa442f4f9cb2749c70b5f261,8d0ebc6b88e7f378b65f3fdc6c74c8ea98708e21
SAP_text_proposals,1 primary analysis model,power k2016 S00 M0 P2,results/oc_models/power_models.csv,"pk_model=='k2016' & scenario=='S00' & analysis_model=='M0' & config=='P2' :: pass_pct [lo, hi]",99.5500000000000; 99.3984428906251; 99.6635028708408,99.6% (95% CI 99.4 to 99.7),9f1958653a97dce11942e5f07b15abc5d41042297c6e2795abc6da4711b68fb6,8d0ebc6b88e7f378b65f3fdc6c74c8ea98708e21
SAP_text_proposals,1 primary analysis model,power k2016 S00 M1 P2,results/oc_models/power_models.csv,"pk_model=='k2016' & scenario=='S00' & analysis_model=='M1' & config=='P2' :: pass_pct [lo, hi]",99.6500000000000; 99.5136468123541; 99.7482221494378,99.7% (95% CI 99.5 to 99.7),9f1958653a97dce11942e5f07b15abc5d41042297c6e2795abc6da4711b68fb6,8d0ebc6b88e7f378b65f3fdc6c74c8ea98708e21
SAP_text_proposals,1 primary analysis model,power k2016 F097 M0 P2,results/oc_models/power_models.csv,"pk_model=='k2016' & scenario=='F097' & analysis_model=='M0' & config=='P2' :: pass_pct [lo, hi]",96.7800000000000; 96.4156426879660; 97.1084304244735,96.8% (95% CI 96.4 to 97.1),9f1958653a97dce11942e5f07b15abc5d41042297c6e2795abc6da4711b68fb6,8d0ebc6b88e7f378b65f3fdc6c74c8ea98708e21
SAP_text_proposals,1 primary analysis model,power k2016 F097 M1 P2,results/oc_models/power_models.csv,"pk_model=='k2016' & scenario=='F097' & analysis_model=='M1' & config=='P2' :: pass_pct [lo, hi]",97.0600000000000; 96.7104128947197; 97.3734451786323,97.1% (95% CI 96.7 to 97.4),9f1958653a97dce11942e5f07b15abc5d41042297c6e2795abc6da4711b68fb6,8d0ebc6b88e7f378b65f3fdc6c74c8ea98708e21
SAP_text_proposals,2 AUC0-inf secondary,"reliability criteria (i), two models",results/reliability/reliability_two_flag_sets_summary.csv,"range over 2 rows [variant %in% c('base','struct2020')] :: reliable_i_pct",86.565; 91.835,86.6% to 91.8%,7db4ea795f34f68f0d1a06469b5b810b25cc110a1bca6b68ae147af1d29cc920,8d0ebc6b88e7f378b65f3fdc6c74c8ea98708e21
SAP_text_proposals,2 AUC0-inf secondary,"reliability criteria (ii), two models",results/reliability/reliability_two_flag_sets_summary.csv,"range over 2 rows [variant %in% c('base','struct2020')] :: reliable_ii_pct",80.735; 83.915,80.7% to 83.9%,7db4ea795f34f68f0d1a06469b5b810b25cc110a1bca6b68ae147af1d29cc920,8d0ebc6b88e7f378b65f3fdc6c74c8ea98708e21
SAP_text_proposals,2 AUC0-inf secondary,"lambda-z estimable, two models",results/reliability/reliability_two_flag_sets_summary.csv,"range over 2 rows [variant %in% c('base','struct2020')] :: lambda_ok_pct",98.540; 99.385,98.5% to 99.4%,7db4ea795f34f68f0d1a06469b5b810b25cc110a1bca6b68ae147af1d29cc920,8d0ebc6b88e7f378b65f3fdc6c74c8ea98708e21
SAP_text_proposals,2 AUC0-inf secondary,increase in span-only exclusions with added samples D1 to D4 (points),results/reliability/reliability_paired_vs_B0.csv,"variant in base, struct2020 & schedule in D1-D4 :: span_only_loss_pct - span_only_loss_B0_pct",0.49500000000000; 3.16999999999999,0.50 to 3.17,25c664d815ff40194ca4fb53984e0c166bbf23a169e9c0533214cfb3d9385ecc,8d0ebc6b88e7f378b65f3fdc6c74c8ea98708e21
SAP_text_proposals,2 AUC0-inf secondary,M0 G2_Ci maximum,results/oc_models/type1_models.csv,"analysis_model=='M0' & config=='G2_Ci' & pk_model=='k2020' & scenario=='V2_up_080' :: pass_pct [lo, hi]",4.62500000000000; 4.34253528496361; 4.92489198712789,4.63% (95% CI 4.34 to 4.92),d6e5c650fb4d6d241a554f896de38205ac2c890bfa442f4f9cb2749c70b5f261,8d0ebc6b88e7f378b65f3fdc6c74c8ea98708e21
SAP_text_proposals,2 AUC0-inf secondary,M1 G2_Ci maximum,results/oc_models/type1_models.csv,"analysis_model=='M1' & config=='G2_Ci' & pk_model=='k2020' & scenario=='V2_up_080' :: pass_pct [lo, hi]",5.05500000000000; 4.75991800612279; 5.36734411496046,5.06% (95% CI 4.76 to 5.37),d6e5c650fb4d6d241a554f896de38205ac2c890bfa442f4f9cb2749c70b5f261,8d0ebc6b88e7f378b65f3fdc6c74c8ea98708e21
SAP_text_proposals,2 AUC0-inf secondary,"study population, share failing set i",results/criteria/criteria_individual.csv,range over 2 rows [distribution=='study_60_90' & set=='i'] :: fail_pct,8.165; 13.435,8.2% to 13.4%,4575475ae251a85320700384ae83f84f7bc6111f9e9b9f927b9db836f1f084b4,8d0ebc6b88e7f378b65f3fdc6c74c8ea98708e21
SAP_text_proposals,2 AUC0-inf secondary,"study population, share failing set iii",results/criteria/criteria_individual.csv,range over 2 rows [distribution=='study_60_90' & set=='iii'] :: fail_pct,33.215; 38.760,33.2% to 38.8%,4575475ae251a85320700384ae83f84f7bc6111f9e9b9f927b9db836f1f084b4,8d0ebc6b88e7f378b65f3fdc6c74c8ea98708e21
SAP_text_proposals,2 AUC0-inf secondary,criteria (i) exclusion k2016 wt_diff,results/sap/sap_exclusion_support.csv,model=='k2016' & set=='criteria_i' :: wt_diff,1.13392775893638,1.1,3aae26534761bc25571238de3dcfc353e3ba013ffd442d1eb778b7bf6428bdea,8d0ebc6b88e7f378b65f3fdc6c74c8ea98708e21
SAP_text_proposals,2 AUC0-inf secondary,criteria (i) exclusion k2020 wt_diff,results/sap/sap_exclusion_support.csv,model=='k2020' & set=='criteria_i' :: wt_diff,0.810617907513148,0.8,3aae26534761bc25571238de3dcfc353e3ba013ffd442d1eb778b7bf6428bdea,8d0ebc6b88e7f378b65f3fdc6c74c8ea98708e21
SAP_text_proposals,2 AUC0-inf secondary,criteria (i) exclusion k2016 aucinf_true_gm_ratio_excluded_to_retained,results/sap/sap_exclusion_support.csv,model=='k2016' & set=='criteria_i' :: aucinf_true_gm_ratio_excluded_to_retained,0.814793379307349,0.81,3aae26534761bc25571238de3dcfc353e3ba013ffd442d1eb778b7bf6428bdea,8d0ebc6b88e7f378b65f3fdc6c74c8ea98708e21
SAP_text_proposals,2 AUC0-inf secondary,criteria (i) exclusion k2020 aucinf_true_gm_ratio_excluded_to_retained,results/sap/sap_exclusion_support.csv,model=='k2020' & set=='criteria_i' :: aucinf_true_gm_ratio_excluded_to_retained,0.786054078286093,0.79,3aae26534761bc25571238de3dcfc353e3ba013ffd442d1eb778b7bf6428bdea,8d0ebc6b88e7f378b65f3fdc6c74c8ea98708e21
SAP_text_proposals,2 AUC0-inf secondary,criteria (i) exclusion k2016 excluded_pct,results/sap/sap_exclusion_support.csv,model=='k2016' & set=='criteria_i' :: excluded_pct,13.435,13.4,3aae26534761bc25571238de3dcfc353e3ba013ffd442d1eb778b7bf6428bdea,8d0ebc6b88e7f378b65f3fdc6c74c8ea98708e21
SAP_text_proposals,2 AUC0-inf secondary,criteria (i) exclusion k2020 excluded_pct,results/sap/sap_exclusion_support.csv,model=='k2020' & set=='criteria_i' :: excluded_pct,8.165,8.2,3aae26534761bc25571238de3dcfc353e3ba013ffd442d1eb778b7bf6428bdea,8d0ebc6b88e7f378b65f3fdc6c74c8ea98708e21
SAP_text_proposals,3 fallback rule B,M0 F3B boundary type I error range,results/oc_models/type1_models.csv,range over 16 rows [analysis_model=='M0' & config=='F3B'] :: pass_pct,0.00; 3.57,0.00% to 3.57%,d6e5c650fb4d6d241a554f896de38205ac2c890bfa442f4f9cb2749c70b5f261,8d0ebc6b88e7f378b65f3fdc6c74c8ea98708e21
SAP_text_proposals,3 fallback rule B,M1 F3B boundary type I error range,results/oc_models/type1_models.csv,range over 16 rows [analysis_model=='M1' & config=='F3B'] :: pass_pct,0.00; 3.95,0.00% to 3.95%,d6e5c650fb4d6d241a554f896de38205ac2c890bfa442f4f9cb2749c70b5f261,8d0ebc6b88e7f378b65f3fdc6c74c8ea98708e21
SAP_text_proposals,3 fallback rule B,M0 F3B maximum,results/oc_models/type1_models.csv,"analysis_model=='M0' & config=='F3B' & pk_model=='k2020' & scenario=='V2_up_080' :: pass_pct [lo, hi]",3.57000000000000; 3.32164421670225; 3.83618825146763,3.57% (95% CI 3.32 to 3.84),d6e5c650fb4d6d241a554f896de38205ac2c890bfa442f4f9cb2749c70b5f261,8d0ebc6b88e7f378b65f3fdc6c74c8ea98708e21
SAP_text_proposals,3 fallback rule B,M1 F3B maximum,results/oc_models/type1_models.csv,"analysis_model=='M1' & config=='F3B' & pk_model=='k2020' & scenario=='F_down_080' :: pass_pct [lo, hi]",3.95000000000000; 3.58558272619014; 4.34978352374917,3.95% (95% CI 3.59 to 4.35),d6e5c650fb4d6d241a554f896de38205ac2c890bfa442f4f9cb2749c70b5f261,8d0ebc6b88e7f378b65f3fdc6c74c8ea98708e21
SAP_text_proposals,3 fallback rule B,M0 F3B cells classified conservative,results/oc_models/type1_models.csv,count of rows [analysis_model=='M0' & config=='F3B' & class=='conservative'],16,16,d6e5c650fb4d6d241a554f896de38205ac2c890bfa442f4f9cb2749c70b5f261,8d0ebc6b88e7f378b65f3fdc6c74c8ea98708e21
SAP_text_proposals,3 fallback rule B,M0 F3B cells classified nominal,results/oc_models/type1_models.csv,count of rows [analysis_model=='M0' & config=='F3B' & class=='nominal'],0,0,d6e5c650fb4d6d241a554f896de38205ac2c890bfa442f4f9cb2749c70b5f261,8d0ebc6b88e7f378b65f3fdc6c74c8ea98708e21
SAP_text_proposals,3 fallback rule B,M0 F3B cells classified exceeding,results/oc_models/type1_models.csv,count of rows [analysis_model=='M0' & config=='F3B' & class=='exceeding'],0,0,d6e5c650fb4d6d241a554f896de38205ac2c890bfa442f4f9cb2749c70b5f261,8d0ebc6b88e7f378b65f3fdc6c74c8ea98708e21
SAP_text_proposals,3 fallback rule B,M1 F3B cells classified conservative,results/oc_models/type1_models.csv,count of rows [analysis_model=='M1' & config=='F3B' & class=='conservative'],16,16,d6e5c650fb4d6d241a554f896de38205ac2c890bfa442f4f9cb2749c70b5f261,8d0ebc6b88e7f378b65f3fdc6c74c8ea98708e21
SAP_text_proposals,3 fallback rule B,M1 F3B cells classified nominal,results/oc_models/type1_models.csv,count of rows [analysis_model=='M1' & config=='F3B' & class=='nominal'],0,0,d6e5c650fb4d6d241a554f896de38205ac2c890bfa442f4f9cb2749c70b5f261,8d0ebc6b88e7f378b65f3fdc6c74c8ea98708e21
SAP_text_proposals,3 fallback rule B,M1 F3B cells classified exceeding,results/oc_models/type1_models.csv,count of rows [analysis_model=='M1' & config=='F3B' & class=='exceeding'],0,0,d6e5c650fb4d6d241a554f896de38205ac2c890bfa442f4f9cb2749c70b5f261,8d0ebc6b88e7f378b65f3fdc6c74c8ea98708e21
SAP_text_proposals,3 fallback rule B,M0 G2_B maximum,results/oc_models/type1_models.csv,"analysis_model=='M0' & config=='G2_B' & pk_model=='k2016' & scenario=='Vmax_up_080' :: pass_pct [lo, hi]",15.0600000000000; 14.3724252150584; 15.7744085910845,15.06% (95% CI 14.37 to 15.77),d6e5c650fb4d6d241a554f896de38205ac2c890bfa442f4f9cb2749c70b5f261,8d0ebc6b88e7f378b65f3fdc6c74c8ea98708e21
SAP_text_proposals,3 fallback rule B,M1 G2_B maximum,results/oc_models/type1_models.csv,"analysis_model=='M1' & config=='G2_B' & pk_model=='k2016' & scenario=='Vmax_up_080' :: pass_pct [lo, hi]",16.0300000000000; 15.3239846369558; 16.7621042123479,16.03% (95% CI 15.32 to 16.76),d6e5c650fb4d6d241a554f896de38205ac2c890bfa442f4f9cb2749c70b5f261,8d0ebc6b88e7f378b65f3fdc6c74c8ea98708e21
SAP_text_proposals,3 fallback rule B,M0 G2_B cells with point estimate above 5%,results/oc_models/type1_models.csv,count of rows [analysis_model=='M0' & config=='G2_B' & pass_pct > 5],8,8,d6e5c650fb4d6d241a554f896de38205ac2c890bfa442f4f9cb2749c70b5f261,8d0ebc6b88e7f378b65f3fdc6c74c8ea98708e21
SAP_text_proposals,3 fallback rule B,M1 G2_B cells with point estimate above 5%,results/oc_models/type1_models.csv,count of rows [analysis_model=='M1' & config=='G2_B' & pass_pct > 5],10,10,d6e5c650fb4d6d241a554f896de38205ac2c890bfa442f4f9cb2749c70b5f261,8d0ebc6b88e7f378b65f3fdc6c74c8ea98708e21
SAP_text_proposals,3 fallback rule B,M1 F3A boundary type I error range,results/oc_models/type1_models.csv,range over 16 rows [analysis_model=='M1' & config=='F3A'] :: pass_pct,0.00; 3.39,0.00% to 3.39%,d6e5c650fb4d6d241a554f896de38205ac2c890bfa442f4f9cb2749c70b5f261,8d0ebc6b88e7f378b65f3fdc6c74c8ea98708e21
SAP_text_proposals,3 fallback rule B,M1 F3C boundary type I error range,results/oc_models/type1_models.csv,range over 16 rows [analysis_model=='M1' & config=='F3C'] :: pass_pct,0.00; 5.16,0.00% to 5.16%,d6e5c650fb4d6d241a554f896de38205ac2c890bfa442f4f9cb2749c70b5f261,8d0ebc6b88e7f378b65f3fdc6c74c8ea98708e21
SAP_text_proposals,3 fallback rule B,rule B exclusion k2016,results/sap/sap_exclusion_support.csv,model=='k2016' & set=='rule_B' :: excluded_pct,1.46,1.5,3aae26534761bc25571238de3dcfc353e3ba013ffd442d1eb778b7bf6428bdea,8d0ebc6b88e7f378b65f3fdc6c74c8ea98708e21
SAP_text_proposals,3 fallback rule B,rule B exclusion k2020,results/sap/sap_exclusion_support.csv,model=='k2020' & set=='rule_B' :: excluded_pct,0.615,0.6,3aae26534761bc25571238de3dcfc353e3ba013ffd442d1eb778b7bf6428bdea,8d0ebc6b88e7f378b65f3fdc6c74c8ea98708e21
SAP_text_proposals,3 fallback rule B,power k2016 S00 M0 F3B,results/oc_models/power_models.csv,"pk_model=='k2016' & scenario=='S00' & analysis_model=='M0' & config=='F3B' :: pass_pct [lo, hi]",99.5400000000000; 99.3870194284531; 99.6549340129802,99.5% (95% CI 99.4 to 99.7),9f1958653a97dce11942e5f07b15abc5d41042297c6e2795abc6da4711b68fb6,8d0ebc6b88e7f378b65f3fdc6c74c8ea98708e21
SAP_text_proposals,3 fallback rule B,power k2016 S00 M1 F3B,results/oc_models/power_models.csv,"pk_model=='k2016' & scenario=='S00' & analysis_model=='M1' & config=='F3B' :: pass_pct [lo, hi]",99.6400000000000; 99.5020370056370; 99.7398396361222,99.6% (95% CI 99.5 to 99.7),9f1958653a97dce11942e5f07b15abc5d41042297c6e2795abc6da4711b68fb6,8d0ebc6b88e7f378b65f3fdc6c74c8ea98708e21
SAP_text_proposals,3 fallback rule B,power k2016 S00 M1 P2,results/oc_models/power_models.csv,"pk_model=='k2016' & scenario=='S00' & analysis_model=='M1' & config=='P2' :: pass_pct [lo, hi]",99.6500000000000; 99.5136468123541; 99.7482221494378,99.7% (95% CI 99.5 to 99.7),9f1958653a97dce11942e5f07b15abc5d41042297c6e2795abc6da4711b68fb6,8d0ebc6b88e7f378b65f3fdc6c74c8ea98708e21
SAP_text_proposals,4 ADA,ADA-like subgroup 1 tlast_median,results/individual/individual_ada10_by_subgroup.csv,ada==1 & schedule=='B0' :: tlast_median,28.3593958341517,28.4,3dd5ce9b6a31bbb41910b9453f8392a1fd3af70dc157752f1ebffad77e9bbc76,8d0ebc6b88e7f378b65f3fdc6c74c8ea98708e21
SAP_text_proposals,4 ADA,ADA-like subgroup 0 tlast_median,results/individual/individual_ada10_by_subgroup.csv,ada==0 & schedule=='B0' :: tlast_median,34.7214617053978,34.7,3dd5ce9b6a31bbb41910b9453f8392a1fd3af70dc157752f1ebffad77e9bbc76,8d0ebc6b88e7f378b65f3fdc6c74c8ea98708e21
SAP_text_proposals,4 ADA,ADA-like subgroup 1 extrap_true_median,results/individual/individual_ada10_by_subgroup.csv,ada==1 & schedule=='B0' :: extrap_true_median,0.646535026740025,0.65,3dd5ce9b6a31bbb41910b9453f8392a1fd3af70dc157752f1ebffad77e9bbc76,8d0ebc6b88e7f378b65f3fdc6c74c8ea98708e21
SAP_text_proposals,4 ADA,ADA-like subgroup 0 extrap_true_median,results/individual/individual_ada10_by_subgroup.csv,ada==0 & schedule=='B0' :: extrap_true_median,0.675646374124039,0.68,3dd5ce9b6a31bbb41910b9453f8392a1fd3af70dc157752f1ebffad77e9bbc76,8d0ebc6b88e7f378b65f3fdc6c74c8ea98708e21
SAP_text_proposals,5 BLQ and AUC rules,LLOQ 0.02 k2016 reliable_no_span_pct,results/lloq/lloq_individual_table.csv,model=='k2016' & resid=='fixed' & abs(lloq - 0.02) < 1e-9 :: reliable_no_span_pct,84.235,84.2,6d5fc6a570bb69ad49d2d235250f61e39c074ab5d023b5a9fdd0cfaa79b0e3b5,8d0ebc6b88e7f378b65f3fdc6c74c8ea98708e21
SAP_text_proposals,5 BLQ and AUC rules,LLOQ 0.5 k2016 reliable_no_span_pct,results/lloq/lloq_individual_table.csv,model=='k2016' & resid=='fixed' & abs(lloq - 0.5) < 1e-9 :: reliable_no_span_pct,88,88.0,6d5fc6a570bb69ad49d2d235250f61e39c074ab5d023b5a9fdd0cfaa79b0e3b5,8d0ebc6b88e7f378b65f3fdc6c74c8ea98708e21
SAP_text_proposals,5 BLQ and AUC rules,LLOQ 0.02 k2016 coverage_lt80_pct,results/lloq/lloq_individual_table.csv,model=='k2016' & resid=='fixed' & abs(lloq - 0.02) < 1e-9 :: coverage_lt80_pct,0,0.00,6d5fc6a570bb69ad49d2d235250f61e39c074ab5d023b5a9fdd0cfaa79b0e3b5,8d0ebc6b88e7f378b65f3fdc6c74c8ea98708e21
SAP_text_proposals,5 BLQ and AUC rules,LLOQ 0.5 k2016 coverage_lt80_pct,results/lloq/lloq_individual_table.csv,model=='k2016' & resid=='fixed' & abs(lloq - 0.5) < 1e-9 :: coverage_lt80_pct,0.005,0.01,6d5fc6a570bb69ad49d2d235250f61e39c074ab5d023b5a9fdd0cfaa79b0e3b5,8d0ebc6b88e7f378b65f3fdc6c74c8ea98708e21
SAP_text_proposals,5 BLQ and AUC rules,LLOQ grid M0 P2 boundary type I error range,results/lloq/lloq_trial_type1.csv,range over 18 rows [model=='M0' & resid=='fixed' & config=='P2'] :: pass_pct,2.22; 4.22,2.22% to 4.22%,42dbaed7571732007275b9d983dcbf53fa368cec83e2ee83db6f9b3e0ce1c18b,8d0ebc6b88e7f378b65f3fdc6c74c8ea98708e21
SAP_text_proposals,5 BLQ and AUC rules,LLOQ grid M1 P2 boundary type I error range,results/lloq/lloq_trial_type1.csv,range over 18 rows [model=='M1' & resid=='fixed' & config=='P2'] :: pass_pct,2.60; 4.62,2.60% to 4.62%,42dbaed7571732007275b9d983dcbf53fa368cec83e2ee83db6f9b3e0ce1c18b,8d0ebc6b88e7f378b65f3fdc6c74c8ea98708e21
SAP_text_proposals,6 sample size,P2 power CV 43 n 117 GMR 0.95 M0,results/sample_size/ss_table_power.csv,input_model=='k2016' & cv==43 & gmr==0.95 & n==117 & analysis_model=='M0' :: analytic_pct,94.0181763126864,94.0,a56eb54215c06bfa3275ff43ff1cdf7b8593f6c57143d3346fc7ed9047948e72,8d0ebc6b88e7f378b65f3fdc6c74c8ea98708e21
SAP_text_proposals,6 sample size,P2 power CV 43 n 117 GMR 0.95 M1,results/sample_size/ss_table_power.csv,input_model=='k2016' & cv==43 & gmr==0.95 & n==117 & analysis_model=='M1' :: analytic_pct,94.5355561545655,94.5,a56eb54215c06bfa3275ff43ff1cdf7b8593f6c57143d3346fc7ed9047948e72,8d0ebc6b88e7f378b65f3fdc6c74c8ea98708e21
SAP_text_proposals,6 sample size,P2 power CV 50 n 117 GMR 0.95 M0,results/sample_size/ss_table_power.csv,input_model=='k2016' & cv==50 & gmr==0.95 & n==117 & analysis_model=='M0' :: analytic_pct,87.2488251642765,87.2,a56eb54215c06bfa3275ff43ff1cdf7b8593f6c57143d3346fc7ed9047948e72,8d0ebc6b88e7f378b65f3fdc6c74c8ea98708e21
SAP_text_proposals,6 sample size,P2 power CV 50 n 117 GMR 0.95 M1,results/sample_size/ss_table_power.csv,input_model=='k2016' & cv==50 & gmr==0.95 & n==117 & analysis_model=='M1' :: analytic_pct,87.961670690266,88.0,a56eb54215c06bfa3275ff43ff1cdf7b8593f6c57143d3346fc7ed9047948e72,8d0ebc6b88e7f378b65f3fdc6c74c8ea98708e21
SAP_text_proposals,6 sample size,n M0 CV 43 GMR 0.95 90%,results/sample_size/ss_table_n_needed.csv,cv==43 & gmr==0.95 & analysis_model=='M0' & target_pct==90 :: n_evaluable_per_arm,100,100,cb1b4df9c06e5f3d0c09e40dc0152eddb30538c60a6d7f5d3acf5efe04ac71fa,8d0ebc6b88e7f378b65f3fdc6c74c8ea98708e21
SAP_text_proposals,6 sample size,n M1 CV 43 GMR 0.95 90%,results/sample_size/ss_table_n_needed.csv,cv==43 & gmr==0.95 & analysis_model=='M1' & target_pct==90 :: n_evaluable_per_arm,97,97,cb1b4df9c06e5f3d0c09e40dc0152eddb30538c60a6d7f5d3acf5efe04ac71fa,8d0ebc6b88e7f378b65f3fdc6c74c8ea98708e21
SAP_text_proposals,6 sample size,n M0 CV 50 GMR 0.95 90%,results/sample_size/ss_table_n_needed.csv,cv==50 & gmr==0.95 & analysis_model=='M0' & target_pct==90 :: n_evaluable_per_arm,129,129,cb1b4df9c06e5f3d0c09e40dc0152eddb30538c60a6d7f5d3acf5efe04ac71fa,8d0ebc6b88e7f378b65f3fdc6c74c8ea98708e21
SAP_text_proposals,6 sample size,n M1 CV 50 GMR 0.95 90%,results/sample_size/ss_table_n_needed.csv,cv==50 & gmr==0.95 & analysis_model=='M1' & target_pct==90 :: n_evaluable_per_arm,126,126,cb1b4df9c06e5f3d0c09e40dc0152eddb30538c60a6d7f5d3acf5efe04ac71fa,8d0ebc6b88e7f378b65f3fdc6c74c8ea98708e21
SAP_text_proposals,6 sample size,n M0 CV 43 GMR 0.95 85%,results/sample_size/ss_table_n_needed.csv,cv==43 & gmr==0.95 & analysis_model=='M0' & target_pct==85 :: n_evaluable_per_arm,85,85,cb1b4df9c06e5f3d0c09e40dc0152eddb30538c60a6d7f5d3acf5efe04ac71fa,8d0ebc6b88e7f378b65f3fdc6c74c8ea98708e21
SAP_text_proposals,6 sample size,n M1 CV 43 GMR 0.95 85%,results/sample_size/ss_table_n_needed.csv,cv==43 & gmr==0.95 & analysis_model=='M1' & target_pct==85 :: n_evaluable_per_arm,83,83,cb1b4df9c06e5f3d0c09e40dc0152eddb30538c60a6d7f5d3acf5efe04ac71fa,8d0ebc6b88e7f378b65f3fdc6c74c8ea98708e21
SAP_text_proposals,6 sample size,n M0 CV 50 GMR 0.95 85%,results/sample_size/ss_table_n_needed.csv,cv==50 & gmr==0.95 & analysis_model=='M0' & target_pct==85 :: n_evaluable_per_arm,110,110,cb1b4df9c06e5f3d0c09e40dc0152eddb30538c60a6d7f5d3acf5efe04ac71fa,8d0ebc6b88e7f378b65f3fdc6c74c8ea98708e21
SAP_text_proposals,6 sample size,n M1 CV 50 GMR 0.95 85%,results/sample_size/ss_table_n_needed.csv,cv==50 & gmr==0.95 & analysis_model=='M1' & target_pct==85 :: n_evaluable_per_arm,107,107,cb1b4df9c06e5f3d0c09e40dc0152eddb30538c60a6d7f5d3acf5efe04ac71fa,8d0ebc6b88e7f378b65f3fdc6c74c8ea98708e21
