pk_model,code,mechanism,direction,target,multiplier,auc_ratio,cmax_ratio,cmax_in_limits,kind,analysis_model,config,n_trials,n_pass,pass_pct,lo,hi,class
k2020,F_down_080,F,down,0.8,0.871335777735966,0.799619025640266,0.852142118063974,TRUE,boundary,M0,P2,10000,370,3.7,3.34745689092521,4.08810135819944,conservative
k2020,F_down_080,F,down,0.8,0.871335777735966,0.799619025640266,0.852142118063974,TRUE,boundary,M1,P2,10000,410,4.1,3.72865897330322,4.50659207712489,conservative
k2020,F_down_080,F,down,0.8,0.871335777735966,0.799619025640266,0.852142118063974,TRUE,boundary,M0,F3A_iii,10000,220,2.2,1.9303308176877,2.50637942654898,conservative
k2020,F_down_080,F,down,0.8,0.871335777735966,0.799619025640266,0.852142118063974,TRUE,boundary,M1,F3A_iii,10000,252,2.52,2.23056121568231,2.84590326959714,conservative
k2020,F_down_080,F,down,0.8,0.871335777735966,0.799619025640266,0.852142118063974,TRUE,boundary,M0,G2A_iii,10000,581,5.81,5.36824379698961,6.28569397901078,exceeding
k2020,F_down_080,F,down,0.8,0.871335777735966,0.799619025640266,0.852142118063974,TRUE,boundary,M1,G2A_iii,10000,611,6.11,5.6572031953293,6.59650418164869,exceeding
k2020,F_down_080,F,down,0.8,0.871335777735966,0.799619025640266,0.852142118063974,TRUE,boundary,M0,F3B,10000,355,3.55,3.20479646366061,3.93087698497525,conservative
k2020,F_down_080,F,down,0.8,0.871335777735966,0.799619025640266,0.852142118063974,TRUE,boundary,M1,F3B,10000,395,3.95,3.58558272619014,4.34978352374917,conservative
k2020,F_down_080,F,down,0.8,0.871335777735966,0.799619025640266,0.852142118063974,TRUE,boundary,M0,G2B,10000,623,6.23,5.77287787731078,6.72073734005825,exceeding
k2020,F_down_080,F,down,0.8,0.871335777735966,0.799619025640266,0.852142118063974,TRUE,boundary,M1,G2B,10000,664,6.64,6.16846801922316,7.14483231948192,exceeding
k2020,F_down_080,F,down,0.8,0.871335777735966,0.799619025640266,0.852142118063974,TRUE,boundary,M0,G2_true,10000,455,4.55,4.15870570145422,4.97619975044028,conservative
k2020,F_down_080,F,down,0.8,0.871335777735966,0.799619025640266,0.852142118063974,TRUE,boundary,M1,G2_true,10000,485,4.85,4.44602149549629,5.2886535573758,nominal
k2020,F_down_080,F,down,0.8,0.871335777735966,0.799619025640266,0.852142118063974,TRUE,boundary,M0,AUClast_only,10000,374,3.74,3.38552764822138,4.12999988103362,conservative
k2020,F_down_080,F,down,0.8,0.871335777735966,0.799619025640266,0.852142118063974,TRUE,boundary,M1,AUClast_only,10000,415,4.15,3.7763827388616,4.55882991172945,conservative
k2020,F_down_080,F,down,0.8,0.871335777735966,0.799619025640266,0.852142118063974,TRUE,boundary,M0,AUCinf_Aiii_only,10000,700,7,6.51625641208769,7.5167674477905,exceeding
k2020,F_down_080,F,down,0.8,0.871335777735966,0.799619025640266,0.852142118063974,TRUE,boundary,M1,AUCinf_Aiii_only,10000,727,7.27,6.77734968923221,7.79546681152581,exceeding
k2020,F_down_085,F,down,0.85,0.904102037372205,0.849650500184827,0.889767195822651,TRUE,curve,M0,P2,2000,512,25.6,23.7353699466597,27.5581819606654,exceeding
k2020,F_down_085,F,down,0.85,0.904102037372205,0.849650500184827,0.889767195822651,TRUE,curve,M1,P2,2000,539,26.95,25.0509847173131,28.9373911623526,exceeding
k2020,F_down_085,F,down,0.85,0.904102037372205,0.849650500184827,0.889767195822651,TRUE,curve,M0,F3A_iii,2000,346,17.3,15.7053798609881,19.0199950312059,exceeding
k2020,F_down_085,F,down,0.85,0.904102037372205,0.849650500184827,0.889767195822651,TRUE,curve,M1,F3A_iii,2000,371,18.55,16.9073240304936,20.3132582434972,exceeding
k2020,F_down_085,F,down,0.85,0.904102037372205,0.849650500184827,0.889767195822651,TRUE,curve,M0,G2A_iii,2000,521,26.05,24.1736481811352,28.0181783836369,exceeding
k2020,F_down_085,F,down,0.85,0.904102037372205,0.849650500184827,0.889767195822651,TRUE,curve,M1,G2A_iii,2000,554,27.7,25.7828732867252,29.7026270220187,exceeding
k2020,F_down_085,F,down,0.85,0.904102037372205,0.849650500184827,0.889767195822651,TRUE,curve,M0,F3B,2000,498,24.9,23.0541341021149,26.842101671404,exceeding
k2020,F_down_085,F,down,0.85,0.904102037372205,0.849650500184827,0.889767195822651,TRUE,curve,M1,F3B,2000,527,26.35,24.4659791879547,28.3246971484486,exceeding
k2020,F_down_085,F,down,0.85,0.904102037372205,0.849650500184827,0.889767195822651,TRUE,curve,M0,G2B,2000,680,34,31.956354816279,36.1049906967211,exceeding
k2020,F_down_085,F,down,0.85,0.904102037372205,0.849650500184827,0.889767195822651,TRUE,curve,M1,G2B,2000,711,35.55,33.4817286945448,37.6736739718834,exceeding
k2020,F_down_085,F,down,0.85,0.904102037372205,0.849650500184827,0.889767195822651,TRUE,curve,M0,G2_true,2000,586,29.3,27.3465051785527,31.3328605788912,exceeding
k2020,F_down_085,F,down,0.85,0.904102037372205,0.849650500184827,0.889767195822651,TRUE,curve,M1,G2_true,2000,619,30.95,28.962106096254,33.0109334051617,exceeding
k2020,F_down_085,F,down,0.85,0.904102037372205,0.849650500184827,0.889767195822651,TRUE,curve,M0,AUClast_only,2000,516,25.8,23.9301277134751,27.7626573749375,exceeding
k2020,F_down_085,F,down,0.85,0.904102037372205,0.849650500184827,0.889767195822651,TRUE,curve,M1,AUClast_only,2000,542,27.1,25.1973067728736,29.0904939926078,exceeding
k2020,F_down_085,F,down,0.85,0.904102037372205,0.849650500184827,0.889767195822651,TRUE,curve,M0,AUCinf_Aiii_only,2000,550,27.5,25.5876352842773,29.4986318433791,exceeding
k2020,F_down_085,F,down,0.85,0.904102037372205,0.849650500184827,0.889767195822651,TRUE,curve,M1,AUCinf_Aiii_only,2000,576,28.8,26.8575447842847,30.8237380204405,exceeding
k2020,F_down_090,F,down,0.9,0.936519721022221,0.899842309255108,0.92701274636435,TRUE,curve,M0,P2,2000,1358,67.9,65.821288949489,69.9100807578422,exceeding
k2020,F_down_090,F,down,0.9,0.936519721022221,0.899842309255108,0.92701274636435,TRUE,curve,M1,P2,2000,1389,69.45,67.3955905505604,71.4298363101989,exceeding
k2020,F_down_090,F,down,0.9,0.936519721022221,0.899842309255108,0.92701274636435,TRUE,curve,M0,F3A_iii,2000,1066,53.3,51.1092329505982,55.4781145373455,exceeding
k2020,F_down_090,F,down,0.9,0.936519721022221,0.899842309255108,0.92701274636435,TRUE,curve,M1,F3A_iii,2000,1114,55.7,53.5141124308579,57.8640332301359,exceeding
k2020,F_down_090,F,down,0.9,0.936519721022221,0.899842309255108,0.92701274636435,TRUE,curve,M0,G2A_iii,2000,1221,61.05,58.8936373206122,63.1639959344721,exceeding
k2020,F_down_090,F,down,0.9,0.936519721022221,0.899842309255108,0.92701274636435,TRUE,curve,M1,G2A_iii,2000,1265,63.25,61.1135089325692,65.3356893144776,exceeding
k2020,F_down_090,F,down,0.9,0.936519721022221,0.899842309255108,0.92701274636435,TRUE,curve,M0,F3B,2000,1347,67.35,65.2632908819502,69.3701875773903,exceeding
k2020,F_down_090,F,down,0.9,0.936519721022221,0.899842309255108,0.92701274636435,TRUE,curve,M1,F3B,2000,1380,69,66.9382635739285,70.9888886293838,exceeding
k2020,F_down_090,F,down,0.9,0.936519721022221,0.899842309255108,0.92701274636435,TRUE,curve,M0,G2B,2000,1503,75.15,73.209072011758,76.994500509995,exceeding
k2020,F_down_090,F,down,0.9,0.936519721022221,0.899842309255108,0.92701274636435,TRUE,curve,M1,G2B,2000,1527,76.35,74.4382709250404,78.1607006832376,exceeding
k2020,F_down_090,F,down,0.9,0.936519721022221,0.899842309255108,0.92701274636435,TRUE,curve,M0,G2_true,2000,1436,71.8,69.7875975011395,73.7288192373979,exceeding
k2020,F_down_090,F,down,0.9,0.936519721022221,0.899842309255108,0.92701274636435,TRUE,curve,M1,G2_true,2000,1478,73.9,71.9307271214424,75.7776380185138,exceeding
k2020,F_down_090,F,down,0.9,0.936519721022221,0.899842309255108,0.92701274636435,TRUE,curve,M0,AUClast_only,2000,1361,68.05,65.9735264012016,70.0572681919452,exceeding
k2020,F_down_090,F,down,0.9,0.936519721022221,0.899842309255108,0.92701274636435,TRUE,curve,M1,AUClast_only,2000,1390,69.5,67.4464185749632,71.4788165810679,exceeding
k2020,F_down_090,F,down,0.9,0.936519721022221,0.899842309255108,0.92701274636435,TRUE,curve,M0,AUCinf_Aiii_only,2000,1229,61.45,59.2969068470142,63.5591927702451,exceeding
k2020,F_down_090,F,down,0.9,0.936519721022221,0.899842309255108,0.92701274636435,TRUE,curve,M1,AUCinf_Aiii_only,2000,1271,63.55,61.4165804675646,65.6314675511135,exceeding
k2020,F_down_095,F,down,0.95,0.968465121072061,0.949944849803286,0.963734069940012,TRUE,curve,M0,P2,5000,4690,93.8,93.097348940049,94.435400369564,exceeding
k2020,F_down_095,F,down,0.95,0.968465121072061,0.949944849803286,0.963734069940012,TRUE,curve,M1,P2,5000,4722,94.44,93.7700580366043,95.0417086145191,exceeding
k2020,F_down_095,F,down,0.95,0.968465121072061,0.949944849803286,0.963734069940012,TRUE,curve,M0,F3A_iii,5000,4242,84.84,83.8192140414483,85.8072924870201,exceeding
k2020,F_down_095,F,down,0.95,0.968465121072061,0.949944849803286,0.963734069940012,TRUE,curve,M1,F3A_iii,5000,4298,85.96,84.9694370437212,86.8953498323903,exceeding
k2020,F_down_095,F,down,0.95,0.968465121072061,0.949944849803286,0.963734069940012,TRUE,curve,M0,G2A_iii,5000,4338,86.76,85.7922807528145,87.6712778001849,exceeding
k2020,F_down_095,F,down,0.95,0.968465121072061,0.949944849803286,0.963734069940012,TRUE,curve,M1,G2A_iii,5000,4384,87.68,86.7399627205062,88.5621832609144,exceeding
k2020,F_down_095,F,down,0.95,0.968465121072061,0.949944849803286,0.963734069940012,TRUE,curve,M0,F3B,5000,4680,93.6,92.8875550478002,94.2455013425908,exceeding
k2020,F_down_095,F,down,0.95,0.968465121072061,0.949944849803286,0.963734069940012,TRUE,curve,M1,F3B,5000,4712,94.24,93.559601017026,94.8524727148754,exceeding
k2020,F_down_095,F,down,0.95,0.968465121072061,0.949944849803286,0.963734069940012,TRUE,curve,M0,G2B,5000,4821,96.42,95.8683515537119,96.900374997709,exceeding
k2020,F_down_095,F,down,0.95,0.968465121072061,0.949944849803286,0.963734069940012,TRUE,curve,M1,G2B,5000,4836,96.72,96.1893265003717,97.1789394298822,exceeding
k2020,F_down_095,F,down,0.95,0.968465121072061,0.949944849803286,0.963734069940012,TRUE,curve,M0,G2_true,5000,4754,95.08,94.4451222481834,95.6456617444503,exceeding
k2020,F_down_095,F,down,0.95,0.968465121072061,0.949944849803286,0.963734069940012,TRUE,curve,M1,G2_true,5000,4787,95.74,95.1442230956357,96.2655475304305,exceeding
k2020,F_down_095,F,down,0.95,0.968465121072061,0.949944849803286,0.963734069940012,TRUE,curve,M0,AUClast_only,5000,4691,93.82,93.1183390024804,94.4543795990548,exceeding
k2020,F_down_095,F,down,0.95,0.968465121072061,0.949944849803286,0.963734069940012,TRUE,curve,M1,AUClast_only,5000,4723,94.46,93.791116152374,95.0606197906716,exceeding
k2020,F_down_095,F,down,0.95,0.968465121072061,0.949944849803286,0.963734069940012,TRUE,curve,M0,AUCinf_Aiii_only,5000,4340,86.8,85.8334520673335,87.7100450695104,exceeding
k2020,F_down_095,F,down,0.95,0.968465121072061,0.949944849803286,0.963734069940012,TRUE,curve,M1,AUCinf_Aiii_only,5000,4386,87.72,86.7812025643668,88.6008820008981,exceeding
k2020,F_up_105,F,up,1.05,1.03124131332539,1.05014776017276,1.03594311005938,TRUE,curve,M0,P2,5000,4722,94.44,93.7700580366043,95.0417086145191,exceeding
k2020,F_up_105,F,up,1.05,1.03124131332539,1.05014776017276,1.03594311005938,TRUE,curve,M1,P2,5000,4750,95,94.3605964950019,95.570310329943,exceeding
k2020,F_up_105,F,up,1.05,1.03124131332539,1.05014776017276,1.03594311005938,TRUE,curve,M0,F3A_iii,5000,4339,86.78,85.8128660543059,87.6906617906157,exceeding
k2020,F_up_105,F,up,1.05,1.03124131332539,1.05014776017276,1.03594311005938,TRUE,curve,M1,F3A_iii,5000,4398,87.96,87.028707772988,88.8330082953433,exceeding
k2020,F_up_105,F,up,1.05,1.03124131332539,1.05014776017276,1.03594311005938,TRUE,curve,M0,G2A_iii,5000,4406,88.12,87.1937752329908,88.9876951707181,exceeding
k2020,F_up_105,F,up,1.05,1.03124131332539,1.05014776017276,1.03594311005938,TRUE,curve,M1,G2A_iii,5000,4453,89.06,88.1646328470552,89.8953942769969,exceeding
k2020,F_up_105,F,up,1.05,1.03124131332539,1.05014776017276,1.03594311005938,TRUE,curve,M0,F3B,5000,4715,94.3,93.6227147371942,94.9092668704737,exceeding
k2020,F_up_105,F,up,1.05,1.03124131332539,1.05014776017276,1.03594311005938,TRUE,curve,M1,F3B,5000,4745,94.9,94.254999075601,95.4760612897329,exceeding
k2020,F_up_105,F,up,1.05,1.03124131332539,1.05014776017276,1.03594311005938,TRUE,curve,M0,G2B,5000,4821,96.42,95.8683515537119,96.900374997709,exceeding
k2020,F_up_105,F,up,1.05,1.03124131332539,1.05014776017276,1.03594311005938,TRUE,curve,M1,G2B,5000,4838,96.76,96.2322028260584,97.2160016880399,exceeding
k2020,F_up_105,F,up,1.05,1.03124131332539,1.05014776017276,1.03594311005938,TRUE,curve,M0,G2_true,5000,4794,95.88,95.2929603627725,96.396595306749,exceeding
k2020,F_up_105,F,up,1.05,1.03124131332539,1.05014776017276,1.03594311005938,TRUE,curve,M1,G2_true,5000,4812,96.24,95.6762376884409,96.7327652356802,exceeding
k2020,F_up_105,F,up,1.05,1.03124131332539,1.05014776017276,1.03594311005938,TRUE,curve,M0,AUClast_only,5000,4723,94.46,93.791116152374,95.0606197906716,exceeding
k2020,F_up_105,F,up,1.05,1.03124131332539,1.05014776017276,1.03594311005938,TRUE,curve,M1,AUClast_only,5000,4751,95.02,94.3817239032863,95.5891522135807,exceeding
k2020,F_up_105,F,up,1.05,1.03124131332539,1.05014776017276,1.03594311005938,TRUE,curve,M0,AUCinf_Aiii_only,5000,4410,88.2,87.2763284926588,89.0650190787389,exceeding
k2020,F_up_105,F,up,1.05,1.03124131332539,1.05014776017276,1.03594311005938,TRUE,curve,M1,AUCinf_Aiii_only,5000,4456,89.12,88.2266683569937,89.953266642825,exceeding
k2020,F_up_111,F,up,1.11,1.06820837253561,1.11017197506889,1.07849114473373,TRUE,curve,M0,P2,2000,1437,71.85,69.8385614871675,73.7776635466417,exceeding
k2020,F_up_111,F,up,1.11,1.06820837253561,1.11017197506889,1.07849114473373,TRUE,curve,M1,P2,2000,1459,72.95,70.9605371688876,74.8514703609029,exceeding
k2020,F_up_111,F,up,1.11,1.06820837253561,1.11017197506889,1.07849114473373,TRUE,curve,M0,F3A_iii,2000,1178,58.9,56.7286263263216,61.0372502320721,exceeding
k2020,F_up_111,F,up,1.11,1.06820837253561,1.11017197506889,1.07849114473373,TRUE,curve,M1,F3A_iii,2000,1208,60.4,58.2386454521585,62.5214799643914,exceeding
k2020,F_up_111,F,up,1.11,1.06820837253561,1.11017197506889,1.07849114473373,TRUE,curve,M0,G2A_iii,2000,1275,63.75,61.6186771157589,65.8286040840067,exceeding
k2020,F_up_111,F,up,1.11,1.06820837253561,1.11017197506889,1.07849114473373,TRUE,curve,M1,G2A_iii,2000,1304,65.2,63.085063027383,67.2566587352669,exceeding
k2020,F_up_111,F,up,1.11,1.06820837253561,1.11017197506889,1.07849114473373,TRUE,curve,M0,F3B,2000,1422,71.1,69.0744140951787,73.0446865095525,exceeding
k2020,F_up_111,F,up,1.11,1.06820837253561,1.11017197506889,1.07849114473373,TRUE,curve,M1,F3B,2000,1449,72.45,70.4503647761765,74.3635598008952,exceeding
k2020,F_up_111,F,up,1.11,1.06820837253561,1.11017197506889,1.07849114473373,TRUE,curve,M0,G2B,2000,1543,77.15,75.2588685642044,78.9370357684236,exceeding
k2020,F_up_111,F,up,1.11,1.06820837253561,1.11017197506889,1.07849114473373,TRUE,curve,M1,G2B,2000,1579,78.95,77.1087198121104,80.6802831503051,exceeding
k2020,F_up_111,F,up,1.11,1.06820837253561,1.11017197506889,1.07849114473373,TRUE,curve,M0,G2_true,2000,1510,75.5,73.5673828496995,77.3348477389566,exceeding
k2020,F_up_111,F,up,1.11,1.06820837253561,1.11017197506889,1.07849114473373,TRUE,curve,M1,G2_true,2000,1536,76.8,74.89974299983,78.5975032658949,exceeding
k2020,F_up_111,F,up,1.11,1.06820837253561,1.11017197506889,1.07849114473373,TRUE,curve,M0,AUClast_only,2000,1437,71.85,69.8385614871675,73.7776635466417,exceeding
k2020,F_up_111,F,up,1.11,1.06820837253561,1.11017197506889,1.07849114473373,TRUE,curve,M1,AUClast_only,2000,1460,73,71.0115714438286,74.9002443812338,exceeding
k2020,F_up_111,F,up,1.11,1.06820837253561,1.11017197506889,1.07849114473373,TRUE,curve,M0,AUCinf_Aiii_only,2000,1285,64.25,62.1240911064385,66.3212730460458,exceeding
k2020,F_up_111,F,up,1.11,1.06820837253561,1.11017197506889,1.07849114473373,TRUE,curve,M1,AUCinf_Aiii_only,2000,1313,65.65,63.5405775460677,67.6994188740291,exceeding
k2020,F_up_118,F,up,1.18,1.11096334216204,1.18047557392408,1.12772253970127,TRUE,curve,M0,P2,2000,532,26.6,24.7096761978778,28.5800416148849,exceeding
k2020,F_up_118,F,up,1.18,1.11096334216204,1.18047557392408,1.12772253970127,TRUE,curve,M1,P2,2000,555,27.75,25.8316904132693,29.7536181907465,exceeding
k2020,F_up_118,F,up,1.18,1.11096334216204,1.18047557392408,1.12772253970127,TRUE,curve,M0,F3A_iii,2000,370,18.5,16.8591889918315,20.2615849868874,exceeding
k2020,F_up_118,F,up,1.18,1.11096334216204,1.18047557392408,1.12772253970127,TRUE,curve,M1,F3A_iii,2000,386,19.3,17.6298987459965,21.0878079570725,exceeding
k2020,F_up_118,F,up,1.18,1.11096334216204,1.18047557392408,1.12772253970127,TRUE,curve,M0,G2A_iii,2000,530,26.5,24.6121878638815,28.4779133583374,exceeding
k2020,F_up_118,F,up,1.18,1.11096334216204,1.18047557392408,1.12772253970127,TRUE,curve,M1,G2A_iii,2000,547,27.35,25.441238955233,29.3456032866077,exceeding
k2020,F_up_118,F,up,1.18,1.11096334216204,1.18047557392408,1.12772253970127,TRUE,curve,M0,F3B,2000,522,26.1,24.2223619814863,28.0692728785576,exceeding
k2020,F_up_118,F,up,1.18,1.11096334216204,1.18047557392408,1.12772253970127,TRUE,curve,M1,F3B,2000,545,27.25,25.3436568009675,29.2435688503296,exceeding
k2020,F_up_118,F,up,1.18,1.11096334216204,1.18047557392408,1.12772253970127,TRUE,curve,M0,G2B,2000,663,33.15,31.1209025325235,35.2437019608547,exceeding
k2020,F_up_118,F,up,1.18,1.11096334216204,1.18047557392408,1.12772253970127,TRUE,curve,M1,G2B,2000,688,34.4,32.3497665331558,36.5100453420193,exceeding
k2020,F_up_118,F,up,1.18,1.11096334216204,1.18047557392408,1.12772253970127,TRUE,curve,M0,G2_true,2000,591,29.55,27.5910942202288,31.5873130135745,exceeding
k2020,F_up_118,F,up,1.18,1.11096334216204,1.18047557392408,1.12772253970127,TRUE,curve,M1,G2_true,2000,626,31.3,29.3052008396164,33.3664967287024,exceeding
k2020,F_up_118,F,up,1.18,1.11096334216204,1.18047557392408,1.12772253970127,TRUE,curve,M0,AUClast_only,2000,536,26.8,24.9046907809585,28.7842602128916,exceeding
k2020,F_up_118,F,up,1.18,1.11096334216204,1.18047557392408,1.12772253970127,TRUE,curve,M1,AUClast_only,2000,560,28,26.0758215488181,30.008528531557,exceeding
k2020,F_up_118,F,up,1.18,1.11096334216204,1.18047557392408,1.12772253970127,TRUE,curve,M0,AUCinf_Aiii_only,2000,548,27.4,25.490034657138,29.3966158799747,exceeding
k2020,F_up_118,F,up,1.18,1.11096334216204,1.18047557392408,1.12772253970127,TRUE,curve,M1,AUCinf_Aiii_only,2000,561,28.05,26.1246568415912,30.0595015340558,exceeding
k2020,F_up_125,F,up,1.25,1.15294080629446,1.25037238459433,1.17607904174935,TRUE,boundary,M0,P2,10000,341,3.41,3.07180293534988,3.78397803282977,conservative
k2020,F_up_125,F,up,1.25,1.15294080629446,1.25037238459433,1.17607904174935,TRUE,boundary,M1,P2,10000,379,3.79,3.43313215024983,4.1823569791681,conservative
k2020,F_up_125,F,up,1.25,1.15294080629446,1.25037238459433,1.17607904174935,TRUE,boundary,M0,F3A_iii,10000,206,2.06,1.79945903728368,2.3573587264968,conservative
k2020,F_up_125,F,up,1.25,1.15294080629446,1.25037238459433,1.17607904174935,TRUE,boundary,M1,F3A_iii,10000,227,2.27,1.9958819233931,2.58077456107169,conservative
k2020,F_up_125,F,up,1.25,1.15294080629446,1.25037238459433,1.17607904174935,TRUE,boundary,M0,G2A_iii,10000,526,5.26,4.83939705288705,5.71496312132109,nominal
k2020,F_up_125,F,up,1.25,1.15294080629446,1.25037238459433,1.17607904174935,TRUE,boundary,M1,G2A_iii,10000,549,5.49,5.06040005642412,5.95378347853351,exceeding
k2020,F_up_125,F,up,1.25,1.15294080629446,1.25037238459433,1.17607904174935,TRUE,boundary,M0,F3B,10000,322,3.22,2.89156957552651,3.58435731203399,conservative
k2020,F_up_125,F,up,1.25,1.15294080629446,1.25037238459433,1.17607904174935,TRUE,boundary,M1,F3B,10000,358,3.58,3.23331501535284,3.96233539338078,conservative
k2020,F_up_125,F,up,1.25,1.15294080629446,1.25037238459433,1.17607904174935,TRUE,boundary,M0,G2B,10000,505,5.05,4.63781434893128,5.49670710459255,nominal
k2020,F_up_125,F,up,1.25,1.15294080629446,1.25037238459433,1.17607904174935,TRUE,boundary,M1,G2B,10000,560,5.6,5.16617528236581,6.06792377295027,exceeding
k2020,F_up_125,F,up,1.25,1.15294080629446,1.25037238459433,1.17607904174935,TRUE,boundary,M0,G2_true,10000,422,4.22,3.84322179968418,4.63193709113497,conservative
k2020,F_up_125,F,up,1.25,1.15294080629446,1.25037238459433,1.17607904174935,TRUE,boundary,M1,G2_true,10000,458,4.58,4.18741615064729,5.00746626134497,nominal
k2020,F_up_125,F,up,1.25,1.15294080629446,1.25037238459433,1.17607904174935,TRUE,boundary,M0,AUClast_only,10000,343,3.43,3.09079243265577,3.80497317558904,conservative
k2020,F_up_125,F,up,1.25,1.15294080629446,1.25037238459433,1.17607904174935,TRUE,boundary,M1,AUClast_only,10000,381,3.81,3.45217887649311,4.20329489299,conservative
k2020,F_up_125,F,up,1.25,1.15294080629446,1.25037238459433,1.17607904174935,TRUE,boundary,M0,AUCinf_Aiii_only,10000,611,6.11,5.6572031953293,6.59650418164869,exceeding
k2020,F_up_125,F,up,1.25,1.15294080629446,1.25037238459433,1.17607904174935,TRUE,boundary,M1,AUCinf_Aiii_only,10000,634,6.34,5.87895683012282,6.83457390760466,exceeding
k2020,S00,identity,none,1,1,1,1,TRUE,identity,M0,P2,10000,9900,99,98.7853017744885,99.1770663851852,exceeding
k2020,S00,identity,none,1,1,1,1,TRUE,identity,M1,P2,10000,9915,99.15,98.9502435554067,99.3120094047558,exceeding
k2020,S00,identity,none,1,1,1,1,TRUE,identity,M0,F3A_iii,10000,9475,94.75,94.2954255416206,95.1702066042039,exceeding
k2020,S00,identity,none,1,1,1,1,TRUE,identity,M1,F3A_iii,10000,9555,95.55,95.1280572866345,95.9369604617969,exceeding
k2020,S00,identity,none,1,1,1,1,TRUE,identity,M0,G2A_iii,10000,9513,95.13,94.6905324045197,95.534807902543,exceeding
k2020,S00,identity,none,1,1,1,1,TRUE,identity,M1,G2A_iii,10000,9581,95.81,95.3993909109091,96.1854271583694,exceeding
k2020,S00,identity,none,1,1,1,1,TRUE,identity,M0,F3B,10000,9893,98.93,98.7087233947655,99.1136985246801,exceeding
k2020,S00,identity,none,1,1,1,1,TRUE,identity,M1,F3B,10000,9908,99.08,98.8731160505793,99.2491906693551,exceeding
k2020,S00,identity,none,1,1,1,1,TRUE,identity,M0,G2B,10000,9943,99.43,99.2622795040472,99.5597584170277,exceeding
k2020,S00,identity,none,1,1,1,1,TRUE,identity,M1,G2B,10000,9948,99.48,99.3187848134007,99.6032147078372,exceeding
k2020,S00,identity,none,1,1,1,1,TRUE,identity,M0,G2_true,10000,9939,99.39,99.2172789569317,99.5247896840129,exceeding
k2020,S00,identity,none,1,1,1,1,TRUE,identity,M1,G2_true,10000,9946,99.46,99.2961466266831,99.5858682544896,exceeding
k2020,S00,identity,none,1,1,1,1,TRUE,identity,M0,AUClast_only,10000,9901,99.01,98.7962606018844,99.1860998778219,exceeding
k2020,S00,identity,none,1,1,1,1,TRUE,identity,M1,AUClast_only,10000,9916,99.16,98.9612858568652,99.3209594233299,exceeding
k2020,S00,identity,none,1,1,1,1,TRUE,identity,M0,AUCinf_Aiii_only,10000,9514,95.14,94.700939177927,95.5443934491683,exceeding
k2020,S00,identity,none,1,1,1,1,TRUE,identity,M1,AUCinf_Aiii_only,10000,9582,95.82,95.4098347895228,96.1949755997884,exceeding
k2020,V2_down_105,V2,down,1.05,0.76579862694241,1.05022165749121,1.05122064045794,TRUE,curve,M0,P2,5000,4733,94.66,94.0018259336372,95.2496029286303,exceeding
k2020,V2_down_105,V2,down,1.05,0.76579862694241,1.05022165749121,1.05122064045794,TRUE,curve,M1,P2,5000,4761,95.22,94.5931477658468,95.7774212702422,exceeding
k2020,V2_down_105,V2,down,1.05,0.76579862694241,1.05022165749121,1.05122064045794,TRUE,curve,M0,F3A_iii,5000,4221,84.42,83.3883748894298,85.3987765086725,exceeding
k2020,V2_down_105,V2,down,1.05,0.76579862694241,1.05022165749121,1.05122064045794,TRUE,curve,M1,F3A_iii,5000,4274,85.48,84.4762424890738,86.429281380905,exceeding
k2020,V2_down_105,V2,down,1.05,0.76579862694241,1.05022165749121,1.05122064045794,TRUE,curve,M0,G2A_iii,5000,4269,85.38,84.3735399826357,86.3321374277321,exceeding
k2020,V2_down_105,V2,down,1.05,0.76579862694241,1.05022165749121,1.05122064045794,TRUE,curve,M1,G2A_iii,5000,4314,86.28,85.2984435062055,87.2058520406612,exceeding
k2020,V2_down_105,V2,down,1.05,0.76579862694241,1.05022165749121,1.05122064045794,TRUE,curve,M0,F3B,5000,4713,94.26,93.5806367293901,94.8714062944335,exceeding
k2020,V2_down_105,V2,down,1.05,0.76579862694241,1.05022165749121,1.05122064045794,TRUE,curve,M1,F3B,5000,4740,94.8,94.1494663580887,95.3817475476341,exceeding
k2020,V2_down_105,V2,down,1.05,0.76579862694241,1.05022165749121,1.05122064045794,TRUE,curve,M0,G2B,5000,4786,95.72,95.1229884636575,96.2468128704865,exceeding
k2020,V2_down_105,V2,down,1.05,0.76579862694241,1.05022165749121,1.05122064045794,TRUE,curve,M1,G2B,5000,4803,96.06,95.4844476243093,96.564831672512,exceeding
k2020,V2_down_105,V2,down,1.05,0.76579862694241,1.05022165749121,1.05122064045794,TRUE,curve,M0,G2_true,5000,4783,95.66,95.0593043959135,96.1905890624639,exceeding
k2020,V2_down_105,V2,down,1.05,0.76579862694241,1.05022165749121,1.05122064045794,TRUE,curve,M1,G2_true,5000,4800,96,95.4205858612875,96.5087855597673,exceeding
k2020,V2_down_105,V2,down,1.05,0.76579862694241,1.05022165749121,1.05122064045794,TRUE,curve,M0,AUClast_only,5000,4741,94.82,94.170567810713,95.4006153869321,exceeding
k2020,V2_down_105,V2,down,1.05,0.76579862694241,1.05022165749121,1.05122064045794,TRUE,curve,M1,AUClast_only,5000,4770,95.4,94.7836713969266,95.9466212664622,exceeding
k2020,V2_down_105,V2,down,1.05,0.76579862694241,1.05022165749121,1.05122064045794,TRUE,curve,M0,AUCinf_Aiii_only,5000,4280,85.6,84.5995063790553,86.5458332424566,exceeding
k2020,V2_down_105,V2,down,1.05,0.76579862694241,1.05022165749121,1.05122064045794,TRUE,curve,M1,AUCinf_Aiii_only,5000,4327,86.54,85.5658890113334,87.4580073305218,exceeding
k2020,V2_down_111,V2,down,1.11,0.513969680077151,1.11028539721267,1.13294478452615,TRUE,curve,M0,P2,2000,1322,66.1,63.9962985957573,68.1419724817863,exceeding
k2020,V2_down_111,V2,down,1.11,0.513969680077151,1.11028539721267,1.13294478452615,TRUE,curve,M1,P2,2000,1368,68.4,66.3288415328459,70.400611127204,exceeding
k2020,V2_down_111,V2,down,1.11,0.513969680077151,1.11028539721267,1.13294478452615,TRUE,curve,M0,F3A_iii,2000,930,46.5,44.3228645717225,48.6905547592463,exceeding
k2020,V2_down_111,V2,down,1.11,0.513969680077151,1.11028539721267,1.13294478452615,TRUE,curve,M1,F3A_iii,2000,977,48.85,46.6635776904424,51.0408315183045,exceeding
k2020,V2_down_111,V2,down,1.11,0.513969680077151,1.11028539721267,1.13294478452615,TRUE,curve,M0,G2A_iii,2000,950,47.5,45.3183206593585,49.6912645770477,exceeding
k2020,V2_down_111,V2,down,1.11,0.513969680077151,1.11028539721267,1.13294478452615,TRUE,curve,M1,G2A_iii,2000,993,49.65,47.4615195750187,51.8398223580781,exceeding
k2020,V2_down_111,V2,down,1.11,0.513969680077151,1.11028539721267,1.13294478452615,TRUE,curve,M0,F3B,2000,1273,63.65,61.5176238844034,65.7300407248184,exceeding
k2020,V2_down_111,V2,down,1.11,0.513969680077151,1.11028539721267,1.13294478452615,TRUE,curve,M1,F3B,2000,1319,65.95,63.8443685112254,67.9944776805027,exceeding
k2020,V2_down_111,V2,down,1.11,0.513969680077151,1.11028539721267,1.13294478452615,TRUE,curve,M0,G2B,2000,1293,64.65,62.5286007860228,66.7152297286365,exceeding
k2020,V2_down_111,V2,down,1.11,0.513969680077151,1.11028539721267,1.13294478452615,TRUE,curve,M1,G2B,2000,1336,66.8,64.7056131988466,68.8299740125034,exceeding
k2020,V2_down_111,V2,down,1.11,0.513969680077151,1.11028539721267,1.13294478452615,TRUE,curve,M0,G2_true,2000,1332,66.6,64.5028999497774,68.633454080485,exceeding
k2020,V2_down_111,V2,down,1.11,0.513969680077151,1.11028539721267,1.13294478452615,TRUE,curve,M1,G2_true,2000,1366,68.3,66.2273093914167,70.3025266780895,exceeding
k2020,V2_down_111,V2,down,1.11,0.513969680077151,1.11028539721267,1.13294478452615,TRUE,curve,M0,AUClast_only,2000,1495,74.75,72.7997766509495,76.6053295086285,exceeding
k2020,V2_down_111,V2,down,1.11,0.513969680077151,1.11028539721267,1.13294478452615,TRUE,curve,M1,AUClast_only,2000,1535,76.75,74.8484539230213,78.5489840474316,exceeding
k2020,V2_down_111,V2,down,1.11,0.513969680077151,1.11028539721267,1.13294478452615,TRUE,curve,M0,AUCinf_Aiii_only,2000,1086,54.3,52.1106468986861,56.4728664946952,exceeding
k2020,V2_down_111,V2,down,1.11,0.513969680077151,1.11028539721267,1.13294478452615,TRUE,curve,M1,AUCinf_Aiii_only,2000,1118,55.9,53.7147497446769,58.0626290974043,exceeding
k2020,V2_down_118,V2,down,1.18,0.250286543117461,1.18021614822259,1.26117780305349,FALSE,curve,M0,P2,2000,69,3.45,2.73516941477216,4.34330768711249,conservative
k2020,V2_down_118,V2,down,1.18,0.250286543117461,1.18021614822259,1.26117780305349,FALSE,curve,M1,P2,2000,75,3.75,3.00212565632304,4.67520121719286,conservative
k2020,V2_down_118,V2,down,1.18,0.250286543117461,1.18021614822259,1.26117780305349,FALSE,curve,M0,F3A_iii,2000,44,2.2,1.64289081143177,2.94037890865601,conservative
k2020,V2_down_118,V2,down,1.18,0.250286543117461,1.18021614822259,1.26117780305349,FALSE,curve,M1,F3A_iii,2000,50,2.5,1.90144235039925,3.28067714131978,conservative
k2020,V2_down_118,V2,down,1.18,0.250286543117461,1.18021614822259,1.26117780305349,FALSE,curve,M0,G2A_iii,2000,44,2.2,1.64289081143177,2.94037890865601,conservative
k2020,V2_down_118,V2,down,1.18,0.250286543117461,1.18021614822259,1.26117780305349,FALSE,curve,M1,G2A_iii,2000,50,2.5,1.90144235039925,3.28067714131978,conservative
k2020,V2_down_118,V2,down,1.18,0.250286543117461,1.18021614822259,1.26117780305349,FALSE,curve,M0,F3B,2000,63,3.15,2.46980425843745,4.00982307181595,conservative
k2020,V2_down_118,V2,down,1.18,0.250286543117461,1.18021614822259,1.26117780305349,FALSE,curve,M1,F3B,2000,69,3.45,2.73516941477216,4.34330768711249,conservative
k2020,V2_down_118,V2,down,1.18,0.250286543117461,1.18021614822259,1.26117780305349,FALSE,curve,M0,G2B,2000,63,3.15,2.46980425843745,4.00982307181595,conservative
k2020,V2_down_118,V2,down,1.18,0.250286543117461,1.18021614822259,1.26117780305349,FALSE,curve,M1,G2B,2000,69,3.45,2.73516941477216,4.34330768711249,conservative
k2020,V2_down_118,V2,down,1.18,0.250286543117461,1.18021614822259,1.26117780305349,FALSE,curve,M0,G2_true,2000,68,3.4,2.69082601595606,4.28784279065671,conservative
k2020,V2_down_118,V2,down,1.18,0.250286543117461,1.18021614822259,1.26117780305349,FALSE,curve,M1,G2_true,2000,74,3.7,2.95753048296291,4.61998809528111,conservative
k2020,V2_down_118,V2,down,1.18,0.250286543117461,1.18021614822259,1.26117780305349,FALSE,curve,M0,AUClast_only,2000,649,32.45,30.4334503404816,34.5338380190904,exceeding
k2020,V2_down_118,V2,down,1.18,0.250286543117461,1.18021614822259,1.26117780305349,FALSE,curve,M1,AUClast_only,2000,685,34.25,32.2022179632917,36.3581690260678,exceeding
k2020,V2_down_118,V2,down,1.18,0.250286543117461,1.18021614822259,1.26117780305349,FALSE,curve,M0,AUCinf_Aiii_only,2000,342,17.1,15.5133542167781,18.8127874943284,exceeding
k2020,V2_down_118,V2,down,1.18,0.250286543117461,1.18021614822259,1.26117780305349,FALSE,curve,M1,AUCinf_Aiii_only,2000,359,17.95,16.3300141488041,19.6928685819242,exceeding
k2020,V2_up_080,V2,up,0.8,2.27730854120339,0.79979742585522,0.890882568755657,TRUE,boundary,M0,P2,20000,1036,5.18,4.88136778412433,5.49584632794489,nominal
k2020,V2_up_080,V2,up,0.8,2.27730854120339,0.79979742585522,0.890882568755657,TRUE,boundary,M1,P2,20000,1125,5.625,5.31412097634036,5.95292222363892,exceeding
k2020,V2_up_080,V2,up,0.8,2.27730854120339,0.79979742585522,0.890882568755657,TRUE,boundary,M0,F3A_iii,20000,264,1.32,1.17091363851778,1.48778299190457,conservative
k2020,V2_up_080,V2,up,0.8,2.27730854120339,0.79979742585522,0.890882568755657,TRUE,boundary,M1,F3A_iii,20000,305,1.525,1.36423381379801,1.70438408184133,conservative
k2020,V2_up_080,V2,up,0.8,2.27730854120339,0.79979742585522,0.890882568755657,TRUE,boundary,M0,G2A_iii,20000,371,1.855,1.67703615251634,2.05145499932598,conservative
k2020,V2_up_080,V2,up,0.8,2.27730854120339,0.79979742585522,0.890882568755657,TRUE,boundary,M1,G2A_iii,20000,426,2.13,1.9389006330744,2.33948489893705,conservative
k2020,V2_up_080,V2,up,0.8,2.27730854120339,0.79979742585522,0.890882568755657,TRUE,boundary,M0,F3B,20000,714,3.57,3.32164421670225,3.83618825146763,conservative
k2020,V2_up_080,V2,up,0.8,2.27730854120339,0.79979742585522,0.890882568755657,TRUE,boundary,M1,F3B,20000,778,3.89,3.63076053756199,4.16694902753198,conservative
k2020,V2_up_080,V2,up,0.8,2.27730854120339,0.79979742585522,0.890882568755657,TRUE,boundary,M0,G2B,20000,742,3.71,3.45681837799815,3.98096032007602,conservative
k2020,V2_up_080,V2,up,0.8,2.27730854120339,0.79979742585522,0.890882568755657,TRUE,boundary,M1,G2B,20000,807,4.035,3.77099387256478,4.31666000207291,conservative
k2020,V2_up_080,V2,up,0.8,2.27730854120339,0.79979742585522,0.890882568755657,TRUE,boundary,M0,G2_true,20000,914,4.57,4.28919710872125,4.86825128733642,conservative
k2020,V2_up_080,V2,up,0.8,2.27730854120339,0.79979742585522,0.890882568755657,TRUE,boundary,M1,G2_true,20000,984,4.92,4.62881005544099,5.22850391537741,nominal
k2020,V2_up_080,V2,up,0.8,2.27730854120339,0.79979742585522,0.890882568755657,TRUE,boundary,M0,AUClast_only,20000,1039,5.195,4.89594512865908,5.51126322232845,nominal
k2020,V2_up_080,V2,up,0.8,2.27730854120339,0.79979742585522,0.890882568755657,TRUE,boundary,M1,AUClast_only,20000,1129,5.645,5.33358420346469,5.97345131507236,exceeding
k2020,V2_up_080,V2,up,0.8,2.27730854120339,0.79979742585522,0.890882568755657,TRUE,boundary,M0,AUCinf_Aiii_only,20000,377,1.885,1.70555536015776,2.08292426952119,conservative
k2020,V2_up_080,V2,up,0.8,2.27730854120339,0.79979742585522,0.890882568755657,TRUE,boundary,M1,AUCinf_Aiii_only,20000,431,2.155,1.96275219730761,2.36562373290105,conservative
k2020,V2_up_085,V2,up,0.85,1.8895882838913,0.84979201720798,0.908672900227592,TRUE,curve,M0,P2,2000,609,30.45,28.4722059451911,32.5027506035059,exceeding
k2020,V2_up_085,V2,up,0.85,1.8895882838913,0.84979201720798,0.908672900227592,TRUE,curve,M1,P2,2000,642,32.1,30.0899192421578,34.178711050511,exceeding
k2020,V2_up_085,V2,up,0.85,1.8895882838913,0.84979201720798,0.908672900227592,TRUE,curve,M0,F3A_iii,2000,311,15.55,14.0280173169077,17.2040672407706,exceeding
k2020,V2_up_085,V2,up,0.85,1.8895882838913,0.84979201720798,0.908672900227592,TRUE,curve,M1,F3A_iii,2000,335,16.75,15.1775066195293,18.449977024674,exceeding
k2020,V2_up_085,V2,up,0.85,1.8895882838913,0.84979201720798,0.908672900227592,TRUE,curve,M0,G2A_iii,2000,348,17.4,15.8014229698753,19.1235685128624,exceeding
k2020,V2_up_085,V2,up,0.85,1.8895882838913,0.84979201720798,0.908672900227592,TRUE,curve,M1,G2A_iii,2000,375,18.75,17.0999104604792,20.5199049945992,exceeding
k2020,V2_up_085,V2,up,0.85,1.8895882838913,0.84979201720798,0.908672900227592,TRUE,curve,M0,F3B,2000,531,26.55,24.6609304463628,28.528979071128,exceeding
k2020,V2_up_085,V2,up,0.85,1.8895882838913,0.84979201720798,0.908672900227592,TRUE,curve,M1,F3B,2000,560,28,26.0758215488181,30.008528531557,exceeding
k2020,V2_up_085,V2,up,0.85,1.8895882838913,0.84979201720798,0.908672900227592,TRUE,curve,M0,G2B,2000,552,27.6,25.6852481745432,29.6006355436569,exceeding
k2020,V2_up_085,V2,up,0.85,1.8895882838913,0.84979201720798,0.908672900227592,TRUE,curve,M1,G2B,2000,585,29.25,27.2975960385237,31.2819614236483,exceeding
k2020,V2_up_085,V2,up,0.85,1.8895882838913,0.84979201720798,0.908672900227592,TRUE,curve,M0,G2_true,2000,592,29.6,27.6400206669319,31.6381948621432,exceeding
k2020,V2_up_085,V2,up,0.85,1.8895882838913,0.84979201720798,0.908672900227592,TRUE,curve,M1,G2_true,2000,622,31.1,29.1091301942949,33.1633341929364,exceeding
k2020,V2_up_085,V2,up,0.85,1.8895882838913,0.84979201720798,0.908672900227592,TRUE,curve,M0,AUClast_only,2000,612,30.6,28.6191467539567,32.6552346805559,exceeding
k2020,V2_up_085,V2,up,0.85,1.8895882838913,0.84979201720798,0.908672900227592,TRUE,curve,M1,AUClast_only,2000,645,32.25,30.2371308231809,34.3309243553035,exceeding
k2020,V2_up_085,V2,up,0.85,1.8895882838913,0.84979201720798,0.908672900227592,TRUE,curve,M0,AUCinf_Aiii_only,2000,353,17.65,16.0416179841371,19.38241497496,exceeding
k2020,V2_up_085,V2,up,0.85,1.8895882838913,0.84979201720798,0.908672900227592,TRUE,curve,M1,AUCinf_Aiii_only,2000,380,19,17.3407465555371,20.7781103759006,exceeding
k2020,V2_up_090,V2,up,0.9,1.55383983127497,0.899912094401934,0.9315026094201,TRUE,curve,M0,P2,2000,1428,71.4,69.3799930595619,73.3379573168005,exceeding
k2020,V2_up_090,V2,up,0.9,1.55383983127497,0.899912094401934,0.9315026094201,TRUE,curve,M1,P2,2000,1466,73.3,71.3178427819812,75.1928228147124,exceeding
k2020,V2_up_090,V2,up,0.9,1.55383983127497,0.899912094401934,0.9315026094201,TRUE,curve,M0,F3A_iii,2000,978,48.9,46.7134326629644,51.0907848410543,exceeding
k2020,V2_up_090,V2,up,0.9,1.55383983127497,0.899912094401934,0.9315026094201,TRUE,curve,M1,F3A_iii,2000,1024,51.2,49.0091239911856,53.3862750953394,exceeding
k2020,V2_up_090,V2,up,0.9,1.55383983127497,0.899912094401934,0.9315026094201,TRUE,curve,M0,G2A_iii,2000,1039,51.95,49.7587191627191,54.133804352884,exceeding
k2020,V2_up_090,V2,up,0.9,1.55383983127497,0.899912094401934,0.9315026094201,TRUE,curve,M1,G2A_iii,2000,1082,54.1,51.9102935450281,56.2739866672657,exceeding
k2020,V2_up_090,V2,up,0.9,1.55383983127497,0.899912094401934,0.9315026094201,TRUE,curve,M0,F3B,2000,1376,68.8,66.7350790491617,70.7928399730632,exceeding
k2020,V2_up_090,V2,up,0.9,1.55383983127497,0.899912094401934,0.9315026094201,TRUE,curve,M1,F3B,2000,1418,70.9,68.8707534566271,72.8491139670166,exceeding
k2020,V2_up_090,V2,up,0.9,1.55383983127497,0.899912094401934,0.9315026094201,TRUE,curve,M0,G2B,2000,1410,70.5,68.4635717087826,72.4578293526861,exceeding
k2020,V2_up_090,V2,up,0.9,1.55383983127497,0.899912094401934,0.9315026094201,TRUE,curve,M1,G2B,2000,1454,72.7,70.7054123881842,74.607553665247,exceeding
k2020,V2_up_090,V2,up,0.9,1.55383983127497,0.899912094401934,0.9315026094201,TRUE,curve,M0,G2_true,2000,1437,71.85,69.8385614871675,73.7776635466417,exceeding
k2020,V2_up_090,V2,up,0.9,1.55383983127497,0.899912094401934,0.9315026094201,TRUE,curve,M1,G2_true,2000,1476,73.8,71.828547790324,75.6802007590884,exceeding
k2020,V2_up_090,V2,up,0.9,1.55383983127497,0.899912094401934,0.9315026094201,TRUE,curve,M0,AUClast_only,2000,1434,71.7,69.6856785116098,73.6311216363838,exceeding
k2020,V2_up_090,V2,up,0.9,1.55383983127497,0.899912094401934,0.9315026094201,TRUE,curve,M1,AUClast_only,2000,1469,73.45,71.471020928872,75.3390695536372,exceeding
k2020,V2_up_090,V2,up,0.9,1.55383983127497,0.899912094401934,0.9315026094201,TRUE,curve,M0,AUCinf_Aiii_only,2000,1048,52.4,50.2087127397443,54.5820854333057,exceeding
k2020,V2_up_090,V2,up,0.9,1.55383983127497,0.899912094401934,0.9315026094201,TRUE,curve,M1,AUCinf_Aiii_only,2000,1090,54.5,52.3110356033285,56.6717109711403,exceeding
k2020,V2_up_095,V2,up,0.95,1.25968052954441,0.950063392008423,0.961206351944925,TRUE,curve,M0,P2,5000,4721,94.42,93.7490022119131,95.022795147288,exceeding
k2020,V2_up_095,V2,up,0.95,1.25968052954441,0.950063392008423,0.961206351944925,TRUE,curve,M1,P2,5000,4758,95.16,94.5296915691861,95.7209695911364,exceeding
k2020,V2_up_095,V2,up,0.95,1.25968052954441,0.950063392008423,0.961206351944925,TRUE,curve,M0,F3A_iii,5000,4161,83.22,82.1587876861123,84.2302061966581,exceeding
k2020,V2_up_095,V2,up,0.95,1.25968052954441,0.950063392008423,0.961206351944925,TRUE,curve,M1,F3A_iii,5000,4226,84.52,83.4909321263216,85.4960657313917,exceeding
k2020,V2_up_095,V2,up,0.95,1.25968052954441,0.950063392008423,0.961206351944925,TRUE,curve,M0,G2A_iii,5000,4208,84.16,83.1217936324377,85.145756970676,exceeding
k2020,V2_up_095,V2,up,0.95,1.25968052954441,0.950063392008423,0.961206351944925,TRUE,curve,M1,G2A_iii,5000,4263,85.26,84.2503176563465,86.2155440024881,exceeding
k2020,V2_up_095,V2,up,0.95,1.25968052954441,0.950063392008423,0.961206351944925,TRUE,curve,M0,F3B,5000,4699,93.98,93.2863313832987,94.6061415536141,exceeding
k2020,V2_up_095,V2,up,0.95,1.25968052954441,0.950063392008423,0.961206351944925,TRUE,curve,M1,F3B,5000,4740,94.8,94.1494663580887,95.3817475476341,exceeding
k2020,V2_up_095,V2,up,0.95,1.25968052954441,0.950063392008423,0.961206351944925,TRUE,curve,M0,G2B,5000,4780,95.6,94.9956496163841,96.1343359662266,exceeding
k2020,V2_up_095,V2,up,0.95,1.25968052954441,0.950063392008423,0.961206351944925,TRUE,curve,M1,G2B,5000,4804,96.08,95.50574231486,96.5835062738836,exceeding
k2020,V2_up_095,V2,up,0.95,1.25968052954441,0.950063392008423,0.961206351944925,TRUE,curve,M0,G2_true,5000,4754,95.08,94.4451222481834,95.6456617444503,exceeding
k2020,V2_up_095,V2,up,0.95,1.25968052954441,0.950063392008423,0.961206351944925,TRUE,curve,M1,G2_true,5000,4784,95.68,95.0805291356662,96.2093336146334,exceeding
k2020,V2_up_095,V2,up,0.95,1.25968052954441,0.950063392008423,0.961206351944925,TRUE,curve,M0,AUClast_only,5000,4725,94.5,93.8332393038274,95.0984352230626,exceeding
k2020,V2_up_095,V2,up,0.95,1.25968052954441,0.950063392008423,0.961206351944925,TRUE,curve,M1,AUClast_only,5000,4762,95.24,94.6143054821894,95.7962328458218,exceeding
k2020,V2_up_095,V2,up,0.95,1.25968052954441,0.950063392008423,0.961206351944925,TRUE,curve,M0,AUCinf_Aiii_only,5000,4213,84.26,83.2243134143881,85.2430836483366,exceeding
k2020,V2_up_095,V2,up,0.95,1.25968052954441,0.950063392008423,0.961206351944925,TRUE,curve,M1,AUCinf_Aiii_only,5000,4268,85.36,84.3530013667935,86.3127067516521,exceeding
k2020,Vmax_down_105,Vmax,down,1.05,0.919478686318879,1.05001990379714,1.01217086359975,TRUE,curve,M0,P2,5000,4722,94.44,93.7700580366043,95.0417086145191,exceeding
k2020,Vmax_down_105,Vmax,down,1.05,0.919478686318879,1.05001990379714,1.01217086359975,TRUE,curve,M1,P2,5000,4745,94.9,94.254999075601,95.4760612897329,exceeding
k2020,Vmax_down_105,Vmax,down,1.05,0.919478686318879,1.05001990379714,1.01217086359975,TRUE,curve,M0,F3A_iii,5000,4395,87.9,86.9668207575594,88.7749874350053,exceeding
k2020,Vmax_down_105,Vmax,down,1.05,0.919478686318879,1.05001990379714,1.01217086359975,TRUE,curve,M1,F3A_iii,5000,4456,89.12,88.2266683569937,89.953266642825,exceeding
k2020,Vmax_down_105,Vmax,down,1.05,0.919478686318879,1.05001990379714,1.01217086359975,TRUE,curve,M0,G2A_iii,5000,4482,89.64,88.7646611040939,90.454475485702,exceeding
k2020,Vmax_down_105,Vmax,down,1.05,0.919478686318879,1.05001990379714,1.01217086359975,TRUE,curve,M1,G2A_iii,5000,4534,90.68,89.8426749156242,91.454864854126,exceeding
k2020,Vmax_down_105,Vmax,down,1.05,0.919478686318879,1.05001990379714,1.01217086359975,TRUE,curve,M0,F3B,5000,4721,94.42,93.7490022119131,95.022795147288,exceeding
k2020,Vmax_down_105,Vmax,down,1.05,0.919478686318879,1.05001990379714,1.01217086359975,TRUE,curve,M1,F3B,5000,4743,94.86,94.2127783243331,95.4383434571564,exceeding
k2020,Vmax_down_105,Vmax,down,1.05,0.919478686318879,1.05001990379714,1.01217086359975,TRUE,curve,M0,G2B,5000,4845,96.9,96.382428206815,97.3455613507386,exceeding
k2020,Vmax_down_105,Vmax,down,1.05,0.919478686318879,1.05001990379714,1.01217086359975,TRUE,curve,M1,G2B,5000,4860,97.2,96.7052333622342,97.6222955741524,exceeding
k2020,Vmax_down_105,Vmax,down,1.05,0.919478686318879,1.05001990379714,1.01217086359975,TRUE,curve,M0,G2_true,5000,4803,96.06,95.4844476243093,96.564831672512,exceeding
k2020,Vmax_down_105,Vmax,down,1.05,0.919478686318879,1.05001990379714,1.01217086359975,TRUE,curve,M1,G2_true,5000,4820,96.4,95.846988868514,96.8817683909847,exceeding
k2020,Vmax_down_105,Vmax,down,1.05,0.919478686318879,1.05001990379714,1.01217086359975,TRUE,curve,M0,AUClast_only,5000,4722,94.44,93.7700580366043,95.0417086145191,exceeding
k2020,Vmax_down_105,Vmax,down,1.05,0.919478686318879,1.05001990379714,1.01217086359975,TRUE,curve,M1,AUClast_only,5000,4745,94.9,94.254999075601,95.4760612897329,exceeding
k2020,Vmax_down_105,Vmax,down,1.05,0.919478686318879,1.05001990379714,1.01217086359975,TRUE,curve,M0,AUCinf_Aiii_only,5000,4482,89.64,88.7646611040939,90.454475485702,exceeding
k2020,Vmax_down_105,Vmax,down,1.05,0.919478686318879,1.05001990379714,1.01217086359975,TRUE,curve,M1,AUCinf_Aiii_only,5000,4534,90.68,89.8426749156242,91.454864854126,exceeding
k2020,Vmax_down_111,Vmax,down,1.11,0.830368437788396,1.11032156549658,1.02575418827004,TRUE,curve,M0,P2,2000,1417,70.85,68.8198455897385,72.8002135386332,exceeding
k2020,Vmax_down_111,Vmax,down,1.11,0.830368437788396,1.11032156549658,1.02575418827004,TRUE,curve,M1,P2,2000,1444,72.2,70.1953936807374,74.119489419975,exceeding
k2020,Vmax_down_111,Vmax,down,1.11,0.830368437788396,1.11032156549658,1.02575418827004,TRUE,curve,M0,F3A_iii,2000,1212,60.6,58.4401392310688,62.7192193665686,exceeding
k2020,Vmax_down_111,Vmax,down,1.11,0.830368437788396,1.11032156549658,1.02575418827004,TRUE,curve,M1,F3A_iii,2000,1261,63.05,60.9115100036638,65.1384550622955,exceeding
k2020,Vmax_down_111,Vmax,down,1.11,0.830368437788396,1.11032156549658,1.02575418827004,TRUE,curve,M0,G2A_iii,2000,1352,67.6,65.5168863984242,69.6156335372757,exceeding
k2020,Vmax_down_111,Vmax,down,1.11,0.830368437788396,1.11032156549658,1.02575418827004,TRUE,curve,M1,G2A_iii,2000,1396,69.8,67.7514455968432,71.7726393308192,exceeding
k2020,Vmax_down_111,Vmax,down,1.11,0.830368437788396,1.11032156549658,1.02575418827004,TRUE,curve,M0,F3B,2000,1409,70.45,68.4126869864255,72.4089057797712,exceeding
k2020,Vmax_down_111,Vmax,down,1.11,0.830368437788396,1.11032156549658,1.02575418827004,TRUE,curve,M1,F3B,2000,1438,71.9,69.8895284738148,73.8265048552664,exceeding
k2020,Vmax_down_111,Vmax,down,1.11,0.830368437788396,1.11032156549658,1.02575418827004,TRUE,curve,M0,G2B,2000,1595,79.75,77.932523521441,81.4534121653244,exceeding
k2020,Vmax_down_111,Vmax,down,1.11,0.830368437788396,1.11032156549658,1.02575418827004,TRUE,curve,M1,G2B,2000,1617,80.85,79.0670206943439,82.5146974884029,exceeding
k2020,Vmax_down_111,Vmax,down,1.11,0.830368437788396,1.11032156549658,1.02575418827004,TRUE,curve,M0,G2_true,2000,1522,76.1,74.1820223689543,77.9179077629644,exceeding
k2020,Vmax_down_111,Vmax,down,1.11,0.830368437788396,1.11032156549658,1.02575418827004,TRUE,curve,M1,G2_true,2000,1553,77.65,75.7722191094864,79.4217681758603,exceeding
k2020,Vmax_down_111,Vmax,down,1.11,0.830368437788396,1.11032156549658,1.02575418827004,TRUE,curve,M0,AUClast_only,2000,1417,70.85,68.8198455897385,72.8002135386332,exceeding
k2020,Vmax_down_111,Vmax,down,1.11,0.830368437788396,1.11032156549658,1.02575418827004,TRUE,curve,M1,AUClast_only,2000,1444,72.2,70.1953936807374,74.119489419975,exceeding
k2020,Vmax_down_111,Vmax,down,1.11,0.830368437788396,1.11032156549658,1.02575418827004,TRUE,curve,M0,AUCinf_Aiii_only,2000,1352,67.6,65.5168863984242,69.6156335372757,exceeding
k2020,Vmax_down_111,Vmax,down,1.11,0.830368437788396,1.11032156549658,1.02575418827004,TRUE,curve,M1,AUCinf_Aiii_only,2000,1396,69.8,67.7514455968432,71.7726393308192,exceeding
k2020,Vmax_down_118,Vmax,down,1.18,0.735973164583606,1.1808257680927,1.040278756686,TRUE,curve,M0,P2,2000,502,25.1,23.2487062261689,27.0467627284375,exceeding
k2020,Vmax_down_118,Vmax,down,1.18,0.735973164583606,1.1808257680927,1.040278756686,TRUE,curve,M1,P2,2000,532,26.6,24.7096761978778,28.5800416148849,exceeding
k2020,Vmax_down_118,Vmax,down,1.18,0.735973164583606,1.1808257680927,1.040278756686,TRUE,curve,M0,F3A_iii,2000,374,18.7,17.0517569402862,20.4682502195202,exceeding
k2020,Vmax_down_118,Vmax,down,1.18,0.735973164583606,1.1808257680927,1.040278756686,TRUE,curve,M1,F3A_iii,2000,396,19.8,18.1121725670988,21.6036170886889,exceeding
k2020,Vmax_down_118,Vmax,down,1.18,0.735973164583606,1.1808257680927,1.040278756686,TRUE,curve,M0,G2A_iii,2000,608,30.4,28.4232312724386,32.4519169809865,exceeding
k2020,Vmax_down_118,Vmax,down,1.18,0.735973164583606,1.1808257680927,1.040278756686,TRUE,curve,M1,G2A_iii,2000,626,31.3,29.3052008396164,33.3664967287024,exceeding
k2020,Vmax_down_118,Vmax,down,1.18,0.735973164583606,1.1808257680927,1.040278756686,TRUE,curve,M0,F3B,2000,500,25,23.1514134424819,26.9444389215808,exceeding
k2020,Vmax_down_118,Vmax,down,1.18,0.735973164583606,1.1808257680927,1.040278756686,TRUE,curve,M1,F3B,2000,531,26.55,24.6609304463628,28.528979071128,exceeding
k2020,Vmax_down_118,Vmax,down,1.18,0.735973164583606,1.1808257680927,1.040278756686,TRUE,curve,M0,G2B,2000,730,36.5,34.4178227107864,38.6339375658074,exceeding
k2020,Vmax_down_118,Vmax,down,1.18,0.735973164583606,1.1808257680927,1.040278756686,TRUE,curve,M1,G2B,2000,757,37.85,35.749578063225,39.9970061857094,exceeding
k2020,Vmax_down_118,Vmax,down,1.18,0.735973164583606,1.1808257680927,1.040278756686,TRUE,curve,M0,G2_true,2000,609,30.45,28.4722059451911,32.5027506035059,exceeding
k2020,Vmax_down_118,Vmax,down,1.18,0.735973164583606,1.1808257680927,1.040278756686,TRUE,curve,M1,G2_true,2000,646,32.3,30.286206700855,34.3816567729014,exceeding
k2020,Vmax_down_118,Vmax,down,1.18,0.735973164583606,1.1808257680927,1.040278756686,TRUE,curve,M0,AUClast_only,2000,502,25.1,23.2487062261689,27.0467627284375,exceeding
k2020,Vmax_down_118,Vmax,down,1.18,0.735973164583606,1.1808257680927,1.040278756686,TRUE,curve,M1,AUClast_only,2000,532,26.6,24.7096761978778,28.5800416148849,exceeding
k2020,Vmax_down_118,Vmax,down,1.18,0.735973164583606,1.1808257680927,1.040278756686,TRUE,curve,M0,AUCinf_Aiii_only,2000,608,30.4,28.4232312724386,32.4519169809865,exceeding
k2020,Vmax_down_118,Vmax,down,1.18,0.735973164583606,1.1808257680927,1.040278756686,TRUE,curve,M1,AUCinf_Aiii_only,2000,626,31.3,29.3052008396164,33.3664967287024,exceeding
k2020,Vmax_down_125,Vmax,down,1.25,0.651331501646086,1.25092658233271,1.05342570107931,TRUE,boundary,M0,P2,10000,272,2.72,2.4188809476051,3.05742993832608,conservative
k2020,Vmax_down_125,Vmax,down,1.25,0.651331501646086,1.25092658233271,1.05342570107931,TRUE,boundary,M1,P2,10000,301,3.01,2.69273820087322,3.36334996600297,conservative
k2020,Vmax_down_125,Vmax,down,1.25,0.651331501646086,1.25092658233271,1.05342570107931,TRUE,boundary,M0,F3A_iii,10000,193,1.93,1.6782328640465,2.21868473931035,conservative
k2020,Vmax_down_125,Vmax,down,1.25,0.651331501646086,1.25092658233271,1.05342570107931,TRUE,boundary,M1,F3A_iii,10000,217,2.17,1.9022604204488,2.47447286369012,conservative
k2020,Vmax_down_125,Vmax,down,1.25,0.651331501646086,1.25092658233271,1.05342570107931,TRUE,boundary,M0,G2A_iii,10000,700,7,6.51625641208769,7.5167674477905,exceeding
k2020,Vmax_down_125,Vmax,down,1.25,0.651331501646086,1.25092658233271,1.05342570107931,TRUE,boundary,M1,G2A_iii,10000,746,7.46,6.96120472226823,7.99146585910893,exceeding
k2020,Vmax_down_125,Vmax,down,1.25,0.651331501646086,1.25092658233271,1.05342570107931,TRUE,boundary,M0,F3B,10000,270,2.7,2.40002775709775,3.03629848876825,conservative
k2020,Vmax_down_125,Vmax,down,1.25,0.651331501646086,1.25092658233271,1.05342570107931,TRUE,boundary,M1,F3B,10000,299,2.99,2.67382370479782,3.3422798220132,conservative
k2020,Vmax_down_125,Vmax,down,1.25,0.651331501646086,1.25092658233271,1.05342570107931,TRUE,boundary,M0,G2B,10000,566,5.66,5.22389145171841,6.13016152379319,exceeding
k2020,Vmax_down_125,Vmax,down,1.25,0.651331501646086,1.25092658233271,1.05342570107931,TRUE,boundary,M1,G2B,10000,613,6.13,5.67647878936958,6.61721322767358,exceeding
k2020,Vmax_down_125,Vmax,down,1.25,0.651331501646086,1.25092658233271,1.05342570107931,TRUE,boundary,M0,G2_true,10000,424,4.24,3.86232411269903,4.65281941818529,conservative
k2020,Vmax_down_125,Vmax,down,1.25,0.651331501646086,1.25092658233271,1.05342570107931,TRUE,boundary,M1,G2_true,10000,467,4.67,4.27357618765806,5.10123710462747,nominal
k2020,Vmax_down_125,Vmax,down,1.25,0.651331501646086,1.25092658233271,1.05342570107931,TRUE,boundary,M0,AUClast_only,10000,272,2.72,2.4188809476051,3.05742993832608,conservative
k2020,Vmax_down_125,Vmax,down,1.25,0.651331501646086,1.25092658233271,1.05342570107931,TRUE,boundary,M1,AUClast_only,10000,301,3.01,2.69273820087322,3.36334996600297,conservative
k2020,Vmax_down_125,Vmax,down,1.25,0.651331501646086,1.25092658233271,1.05342570107931,TRUE,boundary,M0,AUCinf_Aiii_only,10000,700,7,6.51625641208769,7.5167674477905,exceeding
k2020,Vmax_down_125,Vmax,down,1.25,0.651331501646086,1.25092658233271,1.05342570107931,TRUE,boundary,M1,AUCinf_Aiii_only,10000,746,7.46,6.96120472226823,7.99146585910893,exceeding
k2020,Vmax_up_080,Vmax,up,0.8,1.3969545986339,0.80009024618209,0.941322121145971,TRUE,boundary,M0,P2,10000,276,2.76,2.4566008678009,3.09967929826063,conservative
k2020,Vmax_up_080,Vmax,up,0.8,1.3969545986339,0.80009024618209,0.941322121145971,TRUE,boundary,M1,P2,10000,296,2.96,2.64545937507927,3.31066719163399,conservative
k2020,Vmax_up_080,Vmax,up,0.8,1.3969545986339,0.80009024618209,0.941322121145971,TRUE,boundary,M0,F3A_iii,10000,210,2.1,1.83681840466461,2.3999686392462,conservative
k2020,Vmax_up_080,Vmax,up,0.8,1.3969545986339,0.80009024618209,0.941322121145971,TRUE,boundary,M1,F3A_iii,10000,231,2.31,2.03337232628912,2.62325343830601,conservative
k2020,Vmax_up_080,Vmax,up,0.8,1.3969545986339,0.80009024618209,0.941322121145971,TRUE,boundary,M0,G2A_iii,10000,1359,13.59,12.9323197580778,14.2756430032749,exceeding
k2020,Vmax_up_080,Vmax,up,0.8,1.3969545986339,0.80009024618209,0.941322121145971,TRUE,boundary,M1,G2A_iii,10000,1408,14.08,13.4120794514225,14.7755069915269,exceeding
k2020,Vmax_up_080,Vmax,up,0.8,1.3969545986339,0.80009024618209,0.941322121145971,TRUE,boundary,M0,F3B,10000,276,2.76,2.4566008678009,3.09967929826063,conservative
k2020,Vmax_up_080,Vmax,up,0.8,1.3969545986339,0.80009024618209,0.941322121145971,TRUE,boundary,M1,F3B,10000,296,2.96,2.64545937507927,3.31066719163399,conservative
k2020,Vmax_up_080,Vmax,up,0.8,1.3969545986339,0.80009024618209,0.941322121145971,TRUE,boundary,M0,G2B,10000,1187,11.87,11.2506731914859,12.5186105242619,exceeding
k2020,Vmax_up_080,Vmax,up,0.8,1.3969545986339,0.80009024618209,0.941322121145971,TRUE,boundary,M1,G2B,10000,1248,12.48,11.8466193461632,13.1421958915724,exceeding
k2020,Vmax_up_080,Vmax,up,0.8,1.3969545986339,0.80009024618209,0.941322121145971,TRUE,boundary,M0,G2_true,10000,475,4.75,4.3501982834795,5.18455356906673,nominal
k2020,Vmax_up_080,Vmax,up,0.8,1.3969545986339,0.80009024618209,0.941322121145971,TRUE,boundary,M1,G2_true,10000,517,5.17,4.75298009321983,5.62144920069503,nominal
k2020,Vmax_up_080,Vmax,up,0.8,1.3969545986339,0.80009024618209,0.941322121145971,TRUE,boundary,M0,AUClast_only,10000,276,2.76,2.4566008678009,3.09967929826063,conservative
k2020,Vmax_up_080,Vmax,up,0.8,1.3969545986339,0.80009024618209,0.941322121145971,TRUE,boundary,M1,AUClast_only,10000,296,2.96,2.64545937507927,3.31066719163399,conservative
k2020,Vmax_up_080,Vmax,up,0.8,1.3969545986339,0.80009024618209,0.941322121145971,TRUE,boundary,M0,AUCinf_Aiii_only,10000,1362,13.62,12.9616845414471,14.3062551800033,exceeding
k2020,Vmax_up_080,Vmax,up,0.8,1.3969545986339,0.80009024618209,0.941322121145971,TRUE,boundary,M1,AUCinf_Aiii_only,10000,1411,14.11,13.4414616927982,14.8061017102489,exceeding
k2020,Vmax_up_085,Vmax,up,0.85,1.28639694493697,0.849254708729738,0.957455687594177,TRUE,curve,M0,P2,2000,438,21.9,20.1422950246981,23.7654430325083,exceeding
k2020,Vmax_up_085,Vmax,up,0.85,1.28639694493697,0.849254708729738,0.957455687594177,TRUE,curve,M1,P2,2000,456,22.8,21.0144742635029,24.6898131085973,exceeding
k2020,Vmax_up_085,Vmax,up,0.85,1.28639694493697,0.849254708729738,0.957455687594177,TRUE,curve,M0,F3A_iii,2000,361,18.05,16.4261849536473,19.7963143676248,exceeding
k2020,Vmax_up_085,Vmax,up,0.85,1.28639694493697,0.849254708729738,0.957455687594177,TRUE,curve,M1,F3A_iii,2000,386,19.3,17.6298987459965,21.0878079570725,exceeding
k2020,Vmax_up_085,Vmax,up,0.85,1.28639694493697,0.849254708729738,0.957455687594177,TRUE,curve,M0,G2A_iii,2000,739,36.95,34.8615449377045,39.0884899963362,exceeding
k2020,Vmax_up_085,Vmax,up,0.85,1.28639694493697,0.849254708729738,0.957455687594177,TRUE,curve,M1,G2A_iii,2000,779,38.95,36.8360040655279,41.1063626793878,exceeding
k2020,Vmax_up_085,Vmax,up,0.85,1.28639694493697,0.849254708729738,0.957455687594177,TRUE,curve,M0,F3B,2000,438,21.9,20.1422950246981,23.7654430325083,exceeding
k2020,Vmax_up_085,Vmax,up,0.85,1.28639694493697,0.849254708729738,0.957455687594177,TRUE,curve,M1,F3B,2000,456,22.8,21.0144742635029,24.6898131085973,exceeding
k2020,Vmax_up_085,Vmax,up,0.85,1.28639694493697,0.849254708729738,0.957455687594177,TRUE,curve,M0,G2B,2000,828,41.4,39.2598444957416,43.5731287174959,exceeding
k2020,Vmax_up_085,Vmax,up,0.85,1.28639694493697,0.849254708729738,0.957455687594177,TRUE,curve,M1,G2B,2000,856,42.8,40.6473704226003,44.9802350582497,exceeding
k2020,Vmax_up_085,Vmax,up,0.85,1.28639694493697,0.849254708729738,0.957455687594177,TRUE,curve,M0,G2_true,2000,566,28.3,26.3688783636162,30.3143214883902,exceeding
k2020,Vmax_up_085,Vmax,up,0.85,1.28639694493697,0.849254708729738,0.957455687594177,TRUE,curve,M1,G2_true,2000,594,29.7,27.7378821648661,31.7399499547527,exceeding
k2020,Vmax_up_085,Vmax,up,0.85,1.28639694493697,0.849254708729738,0.957455687594177,TRUE,curve,M0,AUClast_only,2000,438,21.9,20.1422950246981,23.7654430325083,exceeding
k2020,Vmax_up_085,Vmax,up,0.85,1.28639694493697,0.849254708729738,0.957455687594177,TRUE,curve,M1,AUClast_only,2000,456,22.8,21.0144742635029,24.6898131085973,exceeding
k2020,Vmax_up_085,Vmax,up,0.85,1.28639694493697,0.849254708729738,0.957455687594177,TRUE,curve,M0,AUCinf_Aiii_only,2000,739,36.95,34.8615449377045,39.0884899963362,exceeding
k2020,Vmax_up_085,Vmax,up,0.85,1.28639694493697,0.849254708729738,0.957455687594177,TRUE,curve,M1,AUCinf_Aiii_only,2000,779,38.95,36.8360040655279,41.1063626793878,exceeding
k2020,Vmax_up_090,Vmax,up,0.9,1.18281457301527,0.899492371275158,0.97271371320533,TRUE,curve,M0,P2,2000,1270,63.5,61.3660624341926,65.5821772892136,exceeding
k2020,Vmax_up_090,Vmax,up,0.9,1.18281457301527,0.899492371275158,0.97271371320533,TRUE,curve,M1,P2,2000,1309,65.45,63.3381012654355,67.5026619735738,exceeding
k2020,Vmax_up_090,Vmax,up,0.9,1.18281457301527,0.899492371275158,0.97271371320533,TRUE,curve,M0,F3A_iii,2000,1078,53.9,51.7099755065542,56.0750715246521,exceeding
k2020,Vmax_up_090,Vmax,up,0.9,1.18281457301527,0.899492371275158,0.97271371320533,TRUE,curve,M1,F3A_iii,2000,1127,56.35,54.1663143155019,58.5093391840262,exceeding
k2020,Vmax_up_090,Vmax,up,0.9,1.18281457301527,0.899492371275158,0.97271371320533,TRUE,curve,M0,G2A_iii,2000,1325,66.25,64.1482518468258,68.2894441165335,exceeding
k2020,Vmax_up_090,Vmax,up,0.9,1.18281457301527,0.899492371275158,0.97271371320533,TRUE,curve,M1,G2A_iii,2000,1365,68.25,66.1765473872416,70.2534803869926,exceeding
k2020,Vmax_up_090,Vmax,up,0.9,1.18281457301527,0.899492371275158,0.97271371320533,TRUE,curve,M0,F3B,2000,1268,63.4,61.2650337068476,65.4835894260149,exceeding
k2020,Vmax_up_090,Vmax,up,0.9,1.18281457301527,0.899492371275158,0.97271371320533,TRUE,curve,M1,F3B,2000,1305,65.25,63.1356656120703,67.3058644458515,exceeding
k2020,Vmax_up_090,Vmax,up,0.9,1.18281457301527,0.899492371275158,0.97271371320533,TRUE,curve,M0,G2B,2000,1561,78.05,76.1831707948122,79.8092828527095,exceeding
k2020,Vmax_up_090,Vmax,up,0.9,1.18281457301527,0.899492371275158,0.97271371320533,TRUE,curve,M1,G2B,2000,1584,79.2,77.3660456950297,80.9219987437451,exceeding
k2020,Vmax_up_090,Vmax,up,0.9,1.18281457301527,0.899492371275158,0.97271371320533,TRUE,curve,M0,G2_true,2000,1422,71.1,69.0744140951787,73.0446865095525,exceeding
k2020,Vmax_up_090,Vmax,up,0.9,1.18281457301527,0.899492371275158,0.97271371320533,TRUE,curve,M1,G2_true,2000,1448,72.4,70.3993644563431,74.3147518254568,exceeding
k2020,Vmax_up_090,Vmax,up,0.9,1.18281457301527,0.899492371275158,0.97271371320533,TRUE,curve,M0,AUClast_only,2000,1270,63.5,61.3660624341926,65.5821772892136,exceeding
k2020,Vmax_up_090,Vmax,up,0.9,1.18281457301527,0.899492371275158,0.97271371320533,TRUE,curve,M1,AUClast_only,2000,1309,65.45,63.3381012654355,67.5026619735738,exceeding
k2020,Vmax_up_090,Vmax,up,0.9,1.18281457301527,0.899492371275158,0.97271371320533,TRUE,curve,M0,AUCinf_Aiii_only,2000,1325,66.25,64.1482518468258,68.2894441165335,exceeding
k2020,Vmax_up_090,Vmax,up,0.9,1.18281457301527,0.899492371275158,0.97271371320533,TRUE,curve,M1,AUCinf_Aiii_only,2000,1365,68.25,66.1765473872416,70.2534803869926,exceeding
k2020,Vmax_up_095,Vmax,up,0.95,1.08757278975491,0.949782982372421,0.986870590587944,TRUE,curve,M0,P2,5000,4638,92.76,92.0083874762017,93.445958653457,exceeding
k2020,Vmax_up_095,Vmax,up,0.95,1.08757278975491,0.949782982372421,0.986870590587944,TRUE,curve,M1,P2,5000,4680,93.6,92.8875550478002,94.2455013425908,exceeding
k2020,Vmax_up_095,Vmax,up,0.95,1.08757278975491,0.949782982372421,0.986870590587944,TRUE,curve,M0,F3A_iii,5000,4252,85.04,84.0244679364563,86.0017315112341,exceeding
k2020,Vmax_up_095,Vmax,up,0.95,1.08757278975491,0.949782982372421,0.986870590587944,TRUE,curve,M1,F3A_iii,5000,4341,86.82,85.854038793266,87.7294276355,exceeding
k2020,Vmax_up_095,Vmax,up,0.95,1.08757278975491,0.949782982372421,0.986870590587944,TRUE,curve,M0,G2A_iii,5000,4394,87.88,86.9461933485751,88.7556455520674,exceeding
k2020,Vmax_up_095,Vmax,up,0.95,1.08757278975491,0.949782982372421,0.986870590587944,TRUE,curve,M1,G2A_iii,5000,4463,89.26,88.3714500202919,90.0882700229822,exceeding
k2020,Vmax_up_095,Vmax,up,0.95,1.08757278975491,0.949782982372421,0.986870590587944,TRUE,curve,M0,F3B,5000,4633,92.66,91.9039204508103,93.3505792192374,exceeding
k2020,Vmax_up_095,Vmax,up,0.95,1.08757278975491,0.949782982372421,0.986870590587944,TRUE,curve,M1,F3B,5000,4677,93.54,92.8246539494384,94.1884945651861,exceeding
k2020,Vmax_up_095,Vmax,up,0.95,1.08757278975491,0.949782982372421,0.986870590587944,TRUE,curve,M0,G2B,5000,4831,96.62,96.0822200278832,97.0861994427597,exceeding
k2020,Vmax_up_095,Vmax,up,0.95,1.08757278975491,0.949782982372421,0.986870590587944,TRUE,curve,M1,G2B,5000,4848,96.96,96.4468886658988,97.4010087674214,exceeding
k2020,Vmax_up_095,Vmax,up,0.95,1.08757278975491,0.949782982372421,0.986870590587944,TRUE,curve,M0,G2_true,5000,4744,94.88,94.2338874132074,95.4572036602043,exceeding
k2020,Vmax_up_095,Vmax,up,0.95,1.08757278975491,0.949782982372421,0.986870590587944,TRUE,curve,M1,G2_true,5000,4770,95.4,94.7836713969266,95.9466212664622,exceeding
k2020,Vmax_up_095,Vmax,up,0.95,1.08757278975491,0.949782982372421,0.986870590587944,TRUE,curve,M0,AUClast_only,5000,4638,92.76,92.0083874762017,93.445958653457,exceeding
k2020,Vmax_up_095,Vmax,up,0.95,1.08757278975491,0.949782982372421,0.986870590587944,TRUE,curve,M1,AUClast_only,5000,4680,93.6,92.8875550478002,94.2455013425908,exceeding
k2020,Vmax_up_095,Vmax,up,0.95,1.08757278975491,0.949782982372421,0.986870590587944,TRUE,curve,M0,AUCinf_Aiii_only,5000,4394,87.88,86.9461933485751,88.7556455520674,exceeding
k2020,Vmax_up_095,Vmax,up,0.95,1.08757278975491,0.949782982372421,0.986870590587944,TRUE,curve,M1,AUCinf_Aiii_only,5000,4463,89.26,88.3714500202919,90.0882700229822,exceeding
k2020,ka_down_080,ka,down,0.8,0.424232725036545,0.800570249731887,0.632507704543837,FALSE,boundary,M0,P2,10000,0,0,0,0.0383998370676596,conservative
k2020,ka_down_080,ka,down,0.8,0.424232725036545,0.800570249731887,0.632507704543837,FALSE,boundary,M1,P2,10000,0,0,0,0.0383998370676596,conservative
k2020,ka_down_080,ka,down,0.8,0.424232725036545,0.800570249731887,0.632507704543837,FALSE,boundary,M0,F3A_iii,10000,0,0,0,0.0383998370676596,conservative
k2020,ka_down_080,ka,down,0.8,0.424232725036545,0.800570249731887,0.632507704543837,FALSE,boundary,M1,F3A_iii,10000,0,0,0,0.0383998370676596,conservative
k2020,ka_down_080,ka,down,0.8,0.424232725036545,0.800570249731887,0.632507704543837,FALSE,boundary,M0,G2A_iii,10000,0,0,0,0.0383998370676596,conservative
k2020,ka_down_080,ka,down,0.8,0.424232725036545,0.800570249731887,0.632507704543837,FALSE,boundary,M1,G2A_iii,10000,0,0,0,0.0383998370676596,conservative
k2020,ka_down_080,ka,down,0.8,0.424232725036545,0.800570249731887,0.632507704543837,FALSE,boundary,M0,F3B,10000,0,0,0,0.0383998370676596,conservative
k2020,ka_down_080,ka,down,0.8,0.424232725036545,0.800570249731887,0.632507704543837,FALSE,boundary,M1,F3B,10000,0,0,0,0.0383998370676596,conservative
k2020,ka_down_080,ka,down,0.8,0.424232725036545,0.800570249731887,0.632507704543837,FALSE,boundary,M0,G2B,10000,0,0,0,0.0383998370676596,conservative
k2020,ka_down_080,ka,down,0.8,0.424232725036545,0.800570249731887,0.632507704543837,FALSE,boundary,M1,G2B,10000,0,0,0,0.0383998370676596,conservative
k2020,ka_down_080,ka,down,0.8,0.424232725036545,0.800570249731887,0.632507704543837,FALSE,boundary,M0,G2_true,10000,0,0,0,0.0383998370676596,conservative
k2020,ka_down_080,ka,down,0.8,0.424232725036545,0.800570249731887,0.632507704543837,FALSE,boundary,M1,G2_true,10000,0,0,0,0.0383998370676596,conservative
k2020,ka_down_080,ka,down,0.8,0.424232725036545,0.800570249731887,0.632507704543837,FALSE,boundary,M0,AUClast_only,10000,507,5.07,4.65700404698355,5.51750204660545,nominal
k2020,ka_down_080,ka,down,0.8,0.424232725036545,0.800570249731887,0.632507704543837,FALSE,boundary,M1,AUClast_only,10000,543,5.43,5.00272547543268,5.89150413932943,exceeding
k2020,ka_down_080,ka,down,0.8,0.424232725036545,0.800570249731887,0.632507704543837,FALSE,boundary,M0,AUCinf_Aiii_only,10000,4471,44.71,43.7377345771508,45.6863281256109,exceeding
k2020,ka_down_080,ka,down,0.8,0.424232725036545,0.800570249731887,0.632507704543837,FALSE,boundary,M1,AUCinf_Aiii_only,10000,4467,44.67,43.6978336214806,45.6462598011508,exceeding
k2020,ka_down_085,ka,down,0.85,0.492842705875321,0.850521201585854,0.696946296833461,FALSE,curve,M0,P2,2000,0,0,1.0842021724855e-17,0.191704728125293,conservative
k2020,ka_down_085,ka,down,0.85,0.492842705875321,0.850521201585854,0.696946296833461,FALSE,curve,M1,P2,2000,0,0,1.0842021724855e-17,0.191704728125293,conservative
k2020,ka_down_085,ka,down,0.85,0.492842705875321,0.850521201585854,0.696946296833461,FALSE,curve,M0,F3A_iii,2000,0,0,1.0842021724855e-17,0.191704728125293,conservative
k2020,ka_down_085,ka,down,0.85,0.492842705875321,0.850521201585854,0.696946296833461,FALSE,curve,M1,F3A_iii,2000,0,0,1.0842021724855e-17,0.191704728125293,conservative
k2020,ka_down_085,ka,down,0.85,0.492842705875321,0.850521201585854,0.696946296833461,FALSE,curve,M0,G2A_iii,2000,0,0,1.0842021724855e-17,0.191704728125293,conservative
k2020,ka_down_085,ka,down,0.85,0.492842705875321,0.850521201585854,0.696946296833461,FALSE,curve,M1,G2A_iii,2000,0,0,1.0842021724855e-17,0.191704728125293,conservative
k2020,ka_down_085,ka,down,0.85,0.492842705875321,0.850521201585854,0.696946296833461,FALSE,curve,M0,F3B,2000,0,0,1.0842021724855e-17,0.191704728125293,conservative
k2020,ka_down_085,ka,down,0.85,0.492842705875321,0.850521201585854,0.696946296833461,FALSE,curve,M1,F3B,2000,0,0,1.0842021724855e-17,0.191704728125293,conservative
k2020,ka_down_085,ka,down,0.85,0.492842705875321,0.850521201585854,0.696946296833461,FALSE,curve,M0,G2B,2000,0,0,1.0842021724855e-17,0.191704728125293,conservative
k2020,ka_down_085,ka,down,0.85,0.492842705875321,0.850521201585854,0.696946296833461,FALSE,curve,M1,G2B,2000,0,0,1.0842021724855e-17,0.191704728125293,conservative
k2020,ka_down_085,ka,down,0.85,0.492842705875321,0.850521201585854,0.696946296833461,FALSE,curve,M0,G2_true,2000,0,0,1.0842021724855e-17,0.191704728125293,conservative
k2020,ka_down_085,ka,down,0.85,0.492842705875321,0.850521201585854,0.696946296833461,FALSE,curve,M1,G2_true,2000,0,0,1.0842021724855e-17,0.191704728125293,conservative
k2020,ka_down_085,ka,down,0.85,0.492842705875321,0.850521201585854,0.696946296833461,FALSE,curve,M0,AUClast_only,2000,488,24.4,22.5679409578215,26.3302118629787,exceeding
k2020,ka_down_085,ka,down,0.85,0.492842705875321,0.850521201585854,0.696946296833461,FALSE,curve,M1,AUClast_only,2000,509,25.45,23.589336070016,27.4047909514935,exceeding
k2020,ka_down_085,ka,down,0.85,0.492842705875321,0.850521201585854,0.696946296833461,FALSE,curve,M0,AUCinf_Aiii_only,2000,1303,65.15,63.0344629690592,67.2074504983188,exceeding
k2020,ka_down_085,ka,down,0.85,0.492842705875321,0.850521201585854,0.696946296833461,FALSE,curve,M1,AUCinf_Aiii_only,2000,1315,65.75,63.6418309739322,67.7977820367083,exceeding
k2020,ka_down_090,ka,down,0.9,0.589974625592356,0.900683300135716,0.773924982179518,FALSE,curve,M0,P2,2000,37,1.85,1.34513498141099,2.53947667177367,conservative
k2020,ka_down_090,ka,down,0.9,0.589974625592356,0.900683300135716,0.773924982179518,FALSE,curve,M1,P2,2000,39,1.95,1.42972563486908,2.65450260885932,conservative
k2020,ka_down_090,ka,down,0.9,0.589974625592356,0.900683300135716,0.773924982179518,FALSE,curve,M0,F3A_iii,2000,32,1.6,1.13562353500806,2.24994664181722,conservative
k2020,ka_down_090,ka,down,0.9,0.589974625592356,0.900683300135716,0.773924982179518,FALSE,curve,M1,F3A_iii,2000,32,1.6,1.13562353500806,2.24994664181722,conservative
k2020,ka_down_090,ka,down,0.9,0.589974625592356,0.900683300135716,0.773924982179518,FALSE,curve,M0,G2A_iii,2000,32,1.6,1.13562353500806,2.24994664181722,conservative
k2020,ka_down_090,ka,down,0.9,0.589974625592356,0.900683300135716,0.773924982179518,FALSE,curve,M1,G2A_iii,2000,32,1.6,1.13562353500806,2.24994664181722,conservative
k2020,ka_down_090,ka,down,0.9,0.589974625592356,0.900683300135716,0.773924982179518,FALSE,curve,M0,F3B,2000,37,1.85,1.34513498141099,2.53947667177367,conservative
k2020,ka_down_090,ka,down,0.9,0.589974625592356,0.900683300135716,0.773924982179518,FALSE,curve,M1,F3B,2000,39,1.95,1.42972563486908,2.65450260885932,conservative
k2020,ka_down_090,ka,down,0.9,0.589974625592356,0.900683300135716,0.773924982179518,FALSE,curve,M0,G2B,2000,37,1.85,1.34513498141099,2.53947667177367,conservative
k2020,ka_down_090,ka,down,0.9,0.589974625592356,0.900683300135716,0.773924982179518,FALSE,curve,M1,G2B,2000,39,1.95,1.42972563486908,2.65450260885932,conservative
k2020,ka_down_090,ka,down,0.9,0.589974625592356,0.900683300135716,0.773924982179518,FALSE,curve,M0,G2_true,2000,37,1.85,1.34513498141099,2.53947667177367,conservative
k2020,ka_down_090,ka,down,0.9,0.589974625592356,0.900683300135716,0.773924982179518,FALSE,curve,M1,G2_true,2000,39,1.95,1.42972563486908,2.65450260885932,conservative
k2020,ka_down_090,ka,down,0.9,0.589974625592356,0.900683300135716,0.773924982179518,FALSE,curve,M0,AUClast_only,2000,1289,64.45,62.3263260281166,66.5182713054552,exceeding
k2020,ka_down_090,ka,down,0.9,0.589974625592356,0.900683300135716,0.773924982179518,FALSE,curve,M1,AUClast_only,2000,1314,65.7,63.5912029838332,67.7486017315355,exceeding
k2020,ka_down_090,ka,down,0.9,0.589974625592356,0.900683300135716,0.773924982179518,FALSE,curve,M0,AUCinf_Aiii_only,2000,1627,81.35,79.5834091545367,82.9963919809288,exceeding
k2020,ka_down_090,ka,down,0.9,0.589974625592356,0.900683300135716,0.773924982179518,FALSE,curve,M1,AUCinf_Aiii_only,2000,1640,82,80.2554061217565,83.6219028522433,exceeding
k2020,ka_down_095,ka,down,0.95,0.73432010114147,0.949415940898201,0.867451625298813,TRUE,curve,M0,P2,5000,3021,60.42,59.0570228557154,61.7669782357496,exceeding
k2020,ka_down_095,ka,down,0.95,0.73432010114147,0.949415940898201,0.867451625298813,TRUE,curve,M1,P2,5000,3091,61.82,60.4647906571634,63.1570608688555,exceeding
k2020,ka_down_095,ka,down,0.95,0.73432010114147,0.949415940898201,0.867451625298813,TRUE,curve,M0,F3A_iii,5000,2897,57.94,56.5660984208088,59.3017104723038,exceeding
k2020,ka_down_095,ka,down,0.95,0.73432010114147,0.949415940898201,0.867451625298813,TRUE,curve,M1,F3A_iii,5000,2984,59.68,58.3133870631377,61.031750227206,exceeding
k2020,ka_down_095,ka,down,0.95,0.73432010114147,0.949415940898201,0.867451625298813,TRUE,curve,M0,G2A_iii,5000,2905,58.1,56.7266954405351,59.460867787955,exceeding
k2020,ka_down_095,ka,down,0.95,0.73432010114147,0.949415940898201,0.867451625298813,TRUE,curve,M1,G2A_iii,5000,2992,59.84,58.4741458728861,61.1907457528352,exceeding
k2020,ka_down_095,ka,down,0.95,0.73432010114147,0.949415940898201,0.867451625298813,TRUE,curve,M0,F3B,5000,3019,60.38,59.0168180683263,61.7272444392943,exceeding
k2020,ka_down_095,ka,down,0.95,0.73432010114147,0.949415940898201,0.867451625298813,TRUE,curve,M1,F3B,5000,3090,61.8,60.4446714162924,63.1372108178042,exceeding
k2020,ka_down_095,ka,down,0.95,0.73432010114147,0.949415940898201,0.867451625298813,TRUE,curve,M0,G2B,5000,3029,60.58,59.2178514794881,61.9259039473545,exceeding
k2020,ka_down_095,ka,down,0.95,0.73432010114147,0.949415940898201,0.867451625298813,TRUE,curve,M1,G2B,5000,3099,61.98,60.6257532816179,63.3158525797786,exceeding
k2020,ka_down_095,ka,down,0.95,0.73432010114147,0.949415940898201,0.867451625298813,TRUE,curve,M0,G2_true,5000,3026,60.52,59.1575389680685,61.8663085830075,exceeding
k2020,ka_down_095,ka,down,0.95,0.73432010114147,0.949415940898201,0.867451625298813,TRUE,curve,M1,G2_true,5000,3095,61.9,60.5452700356435,63.2364586580642,exceeding
k2020,ka_down_095,ka,down,0.95,0.73432010114147,0.949415940898201,0.867451625298813,TRUE,curve,M0,AUClast_only,5000,4607,92.14,91.361303279452,92.8539948006186,exceeding
k2020,ka_down_095,ka,down,0.95,0.73432010114147,0.949415940898201,0.867451625298813,TRUE,curve,M1,AUClast_only,5000,4643,92.86,92.1128941492171,93.5412984400526,exceeding
k2020,ka_down_095,ka,down,0.95,0.73432010114147,0.949415940898201,0.867451625298813,TRUE,curve,M0,AUCinf_Aiii_only,5000,4565,91.3,90.4867578528283,92.04982996651,exceeding
k2020,ka_down_095,ka,down,0.95,0.73432010114147,0.949415940898201,0.867451625298813,TRUE,curve,M1,AUCinf_Aiii_only,5000,4614,92.28,91.5072945461023,92.9877885774237,exceeding
k2020,ka_up_105,ka,up,1.05,1.6350900158505,1.05040473267516,1.2139493066922,TRUE,curve,M0,P2,5000,1694,33.88,32.5809191861473,35.2038315245614,exceeding
k2020,ka_up_105,ka,up,1.05,1.6350900158505,1.05040473267516,1.2139493066922,TRUE,curve,M1,P2,5000,1767,35.34,34.0267204782954,36.6757885427337,exceeding
k2020,ka_up_105,ka,up,1.05,1.6350900158505,1.05040473267516,1.2139493066922,TRUE,curve,M0,F3A_iii,5000,1659,33.18,31.8882176858262,34.4976078076055,exceeding
k2020,ka_up_105,ka,up,1.05,1.6350900158505,1.05040473267516,1.2139493066922,TRUE,curve,M1,F3A_iii,5000,1737,34.74,33.4323898505275,36.0710404128357,exceeding
k2020,ka_up_105,ka,up,1.05,1.6350900158505,1.05040473267516,1.2139493066922,TRUE,curve,M0,G2A_iii,5000,1659,33.18,31.8882176858262,34.4976078076055,exceeding
k2020,ka_up_105,ka,up,1.05,1.6350900158505,1.05040473267516,1.2139493066922,TRUE,curve,M1,G2A_iii,5000,1737,34.74,33.4323898505275,36.0710404128357,exceeding
k2020,ka_up_105,ka,up,1.05,1.6350900158505,1.05040473267516,1.2139493066922,TRUE,curve,M0,F3B,5000,1694,33.88,32.5809191861473,35.2038315245614,exceeding
k2020,ka_up_105,ka,up,1.05,1.6350900158505,1.05040473267516,1.2139493066922,TRUE,curve,M1,F3B,5000,1767,35.34,34.0267204782954,36.6757885427337,exceeding
k2020,ka_up_105,ka,up,1.05,1.6350900158505,1.05040473267516,1.2139493066922,TRUE,curve,M0,G2B,5000,1694,33.88,32.5809191861473,35.2038315245614,exceeding
k2020,ka_up_105,ka,up,1.05,1.6350900158505,1.05040473267516,1.2139493066922,TRUE,curve,M1,G2B,5000,1767,35.34,34.0267204782954,36.6757885427337,exceeding
k2020,ka_up_105,ka,up,1.05,1.6350900158505,1.05040473267516,1.2139493066922,TRUE,curve,M0,G2_true,5000,1694,33.88,32.5809191861473,35.2038315245614,exceeding
k2020,ka_up_105,ka,up,1.05,1.6350900158505,1.05040473267516,1.2139493066922,TRUE,curve,M1,G2_true,5000,1767,35.34,34.0267204782954,36.6757885427337,exceeding
k2020,ka_up_105,ka,up,1.05,1.6350900158505,1.05040473267516,1.2139493066922,TRUE,curve,M0,AUClast_only,5000,4762,95.24,94.6143054821894,95.7962328458218,exceeding
k2020,ka_up_105,ka,up,1.05,1.6350900158505,1.05040473267516,1.2139493066922,TRUE,curve,M1,AUClast_only,5000,4786,95.72,95.1229884636575,96.2468128704865,exceeding
k2020,ka_up_105,ka,up,1.05,1.6350900158505,1.05040473267516,1.2139493066922,TRUE,curve,M0,AUCinf_Aiii_only,5000,4739,94.78,94.1283674232235,95.3628771905773,exceeding
k2020,ka_up_105,ka,up,1.05,1.6350900158505,1.05040473267516,1.2139493066922,TRUE,curve,M1,AUCinf_Aiii_only,5000,4769,95.38,94.7624903638363,95.9278330076304,exceeding
k2020,ke_down_105,ke,down,1.05,0.91398169946549,1.04999149514318,1.01419709970028,TRUE,curve,M0,P2,5000,4714,94.28,93.6016746325258,94.89033768322,exceeding
k2020,ke_down_105,ke,down,1.05,0.91398169946549,1.04999149514318,1.01419709970028,TRUE,curve,M1,P2,5000,4743,94.86,94.2127783243331,95.4383434571564,exceeding
k2020,ke_down_105,ke,down,1.05,0.91398169946549,1.04999149514318,1.01419709970028,TRUE,curve,M0,F3A_iii,5000,4254,85.08,84.0655259971222,86.0406120344126,exceeding
k2020,ke_down_105,ke,down,1.05,0.91398169946549,1.04999149514318,1.01419709970028,TRUE,curve,M1,F3A_iii,5000,4310,86.2,85.2161757932552,87.1282425859227,exceeding
k2020,ke_down_105,ke,down,1.05,0.91398169946549,1.04999149514318,1.01419709970028,TRUE,curve,M0,G2A_iii,5000,4323,86.46,85.483585699303,87.3804334748635,exceeding
k2020,ke_down_105,ke,down,1.05,0.91398169946549,1.04999149514318,1.01419709970028,TRUE,curve,M1,G2A_iii,5000,4367,87.34,86.3895485074267,88.2331195113165,exceeding
k2020,ke_down_105,ke,down,1.05,0.91398169946549,1.04999149514318,1.01419709970028,TRUE,curve,M0,F3B,5000,4704,94.08,93.3913929244803,94.7009264720434,exceeding
k2020,ke_down_105,ke,down,1.05,0.91398169946549,1.04999149514318,1.01419709970028,TRUE,curve,M1,F3B,5000,4733,94.66,94.0018259336372,95.2496029286303,exceeding
k2020,ke_down_105,ke,down,1.05,0.91398169946549,1.04999149514318,1.01419709970028,TRUE,curve,M0,G2B,5000,4809,96.18,95.6122727763348,96.6768222720197,exceeding
k2020,ke_down_105,ke,down,1.05,0.91398169946549,1.04999149514318,1.01419709970028,TRUE,curve,M1,G2B,5000,4820,96.4,95.846988868514,96.8817683909847,exceeding
k2020,ke_down_105,ke,down,1.05,0.91398169946549,1.04999149514318,1.01419709970028,TRUE,curve,M0,G2_true,5000,4786,95.72,95.1229884636575,96.2468128704865,exceeding
k2020,ke_down_105,ke,down,1.05,0.91398169946549,1.04999149514318,1.01419709970028,TRUE,curve,M1,G2_true,5000,4803,96.06,95.4844476243093,96.564831672512,exceeding
k2020,ke_down_105,ke,down,1.05,0.91398169946549,1.04999149514318,1.01419709970028,TRUE,curve,M0,AUClast_only,5000,4714,94.28,93.6016746325258,94.89033768322,exceeding
k2020,ke_down_105,ke,down,1.05,0.91398169946549,1.04999149514318,1.01419709970028,TRUE,curve,M1,AUClast_only,5000,4743,94.86,94.2127783243331,95.4383434571564,exceeding
k2020,ke_down_105,ke,down,1.05,0.91398169946549,1.04999149514318,1.01419709970028,TRUE,curve,M0,AUCinf_Aiii_only,5000,4324,86.48,85.5041604886132,87.3998279774754,exceeding
k2020,ke_down_105,ke,down,1.05,0.91398169946549,1.04999149514318,1.01419709970028,TRUE,curve,M1,AUCinf_Aiii_only,5000,4367,87.34,86.3895485074267,88.2331195113165,exceeding
k2020,ke_down_111,ke,down,1.11,0.821700481888082,1.10985160054726,1.03014681071801,TRUE,curve,M0,P2,2000,1421,71.05,69.0234945509947,72.9957977584646,exceeding
k2020,ke_down_111,ke,down,1.11,0.821700481888082,1.10985160054726,1.03014681071801,TRUE,curve,M1,P2,2000,1439,71.95,69.9404984659442,73.8753431584089,exceeding
k2020,ke_down_111,ke,down,1.11,0.821700481888082,1.10985160054726,1.03014681071801,TRUE,curve,M0,F3A_iii,2000,1053,52.65,50.4587858977046,54.8310537517048,exceeding
k2020,ke_down_111,ke,down,1.11,0.821700481888082,1.10985160054726,1.03014681071801,TRUE,curve,M1,F3A_iii,2000,1080,54,51.8101301135618,56.1745335081882,exceeding
k2020,ke_down_111,ke,down,1.11,0.821700481888082,1.10985160054726,1.03014681071801,TRUE,curve,M0,G2A_iii,2000,1128,56.4,54.2164993396497,58.5589624551503,exceeding
k2020,ke_down_111,ke,down,1.11,0.821700481888082,1.10985160054726,1.03014681071801,TRUE,curve,M1,G2A_iii,2000,1156,57.8,55.6225927223672,59.9475013400453,exceeding
k2020,ke_down_111,ke,down,1.11,0.821700481888082,1.10985160054726,1.03014681071801,TRUE,curve,M0,F3B,2000,1396,69.8,67.7514455968432,71.7726393308192,exceeding
k2020,ke_down_111,ke,down,1.11,0.821700481888082,1.10985160054726,1.03014681071801,TRUE,curve,M1,F3B,2000,1418,70.9,68.8707534566271,72.8491139670166,exceeding
k2020,ke_down_111,ke,down,1.11,0.821700481888082,1.10985160054726,1.03014681071801,TRUE,curve,M0,G2B,2000,1493,74.65,72.697486220209,76.5080033488253,exceeding
k2020,ke_down_111,ke,down,1.11,0.821700481888082,1.10985160054726,1.03014681071801,TRUE,curve,M1,G2B,2000,1524,76.2,74.2845111859242,78.0150355365382,exceeding
k2020,ke_down_111,ke,down,1.11,0.821700481888082,1.10985160054726,1.03014681071801,TRUE,curve,M0,G2_true,2000,1494,74.7,72.748629774965,76.5566680893411,exceeding
k2020,ke_down_111,ke,down,1.11,0.821700481888082,1.10985160054726,1.03014681071801,TRUE,curve,M1,G2_true,2000,1522,76.1,74.1820223689543,77.9179077629644,exceeding
k2020,ke_down_111,ke,down,1.11,0.821700481888082,1.10985160054726,1.03014681071801,TRUE,curve,M0,AUClast_only,2000,1421,71.05,69.0234945509947,72.9957977584646,exceeding
k2020,ke_down_111,ke,down,1.11,0.821700481888082,1.10985160054726,1.03014681071801,TRUE,curve,M1,AUClast_only,2000,1439,71.95,69.9404984659442,73.8753431584089,exceeding
k2020,ke_down_111,ke,down,1.11,0.821700481888082,1.10985160054726,1.03014681071801,TRUE,curve,M0,AUCinf_Aiii_only,2000,1129,56.45,54.2666866035189,58.608583486553,exceeding
k2020,ke_down_111,ke,down,1.11,0.821700481888082,1.10985160054726,1.03014681071801,TRUE,curve,M1,AUCinf_Aiii_only,2000,1156,57.8,55.6225927223672,59.9475013400453,exceeding
k2020,ke_down_118,ke,down,1.18,0.726654763727681,1.1795949331385,1.04743304615673,TRUE,curve,M0,P2,2000,528,26.4,24.5147122289164,28.3757724027588,exceeding
k2020,ke_down_118,ke,down,1.18,0.726654763727681,1.1795949331385,1.04743304615673,TRUE,curve,M1,P2,2000,557,27.85,25.9293337819562,29.8555914126033,exceeding
k2020,ke_down_118,ke,down,1.18,0.726654763727681,1.1795949331385,1.04743304615673,TRUE,curve,M0,F3A_iii,2000,267,13.35,11.9294433627455,14.9110762029703,exceeding
k2020,ke_down_118,ke,down,1.18,0.726654763727681,1.1795949331385,1.04743304615673,TRUE,curve,M1,F3A_iii,2000,297,14.85,13.3589863854493,16.4757820384228,exceeding
k2020,ke_down_118,ke,down,1.18,0.726654763727681,1.1795949331385,1.04743304615673,TRUE,curve,M0,G2A_iii,2000,380,19,17.3407465555371,20.7781103759006,exceeding
k2020,ke_down_118,ke,down,1.18,0.726654763727681,1.1795949331385,1.04743304615673,TRUE,curve,M1,G2A_iii,2000,409,20.45,18.739771047636,22.2735264466861,exceeding
k2020,ke_down_118,ke,down,1.18,0.726654763727681,1.1795949331385,1.04743304615673,TRUE,curve,M0,F3B,2000,490,24.5,22.6651522610434,26.4326171503005,exceeding
k2020,ke_down_118,ke,down,1.18,0.726654763727681,1.1795949331385,1.04743304615673,TRUE,curve,M1,F3B,2000,519,25.95,24.0762302690989,27.9159797051294,exceeding
k2020,ke_down_118,ke,down,1.18,0.726654763727681,1.1795949331385,1.04743304615673,TRUE,curve,M0,G2B,2000,589,29.45,27.4932499524226,31.4855406908369,exceeding
k2020,ke_down_118,ke,down,1.18,0.726654763727681,1.1795949331385,1.04743304615673,TRUE,curve,M1,G2B,2000,611,30.55,28.5701636898011,32.6044094494396,exceeding
k2020,ke_down_118,ke,down,1.18,0.726654763727681,1.1795949331385,1.04743304615673,TRUE,curve,M0,G2_true,2000,581,29.05,27.1019885172625,31.0783357638219,exceeding
k2020,ke_down_118,ke,down,1.18,0.726654763727681,1.1795949331385,1.04743304615673,TRUE,curve,M1,G2_true,2000,617,30.85,28.8641038408717,32.9093190700002,exceeding
k2020,ke_down_118,ke,down,1.18,0.726654763727681,1.1795949331385,1.04743304615673,TRUE,curve,M0,AUClast_only,2000,528,26.4,24.5147122289164,28.3757724027588,exceeding
k2020,ke_down_118,ke,down,1.18,0.726654763727681,1.1795949331385,1.04743304615673,TRUE,curve,M1,AUClast_only,2000,557,27.85,25.9293337819562,29.8555914126033,exceeding
k2020,ke_down_118,ke,down,1.18,0.726654763727681,1.1795949331385,1.04743304615673,TRUE,curve,M0,AUCinf_Aiii_only,2000,380,19,17.3407465555371,20.7781103759006,exceeding
k2020,ke_down_118,ke,down,1.18,0.726654763727681,1.1795949331385,1.04743304615673,TRUE,curve,M1,AUCinf_Aiii_only,2000,409,20.45,18.739771047636,22.2735264466861,exceeding
k2020,ke_down_125,ke,down,1.25,0.642602940228105,1.2495748835008,1.06352537123811,TRUE,boundary,M0,P2,10000,368,3.68,3.32842585465914,4.06714775440034,conservative
k2020,ke_down_125,ke,down,1.25,0.642602940228105,1.2495748835008,1.06352537123811,TRUE,boundary,M1,P2,10000,405,4.05,3.68095086278926,4.45433858747592,conservative
k2020,ke_down_125,ke,down,1.25,0.642602940228105,1.2495748835008,1.06352537123811,TRUE,boundary,M0,F3A_iii,10000,132,1.32,1.11426457560429,1.56312150576479,conservative
k2020,ke_down_125,ke,down,1.25,0.642602940228105,1.2495748835008,1.06352537123811,TRUE,boundary,M1,F3A_iii,10000,148,1.48,1.26127578074528,1.73598742114517,conservative
k2020,ke_down_125,ke,down,1.25,0.642602940228105,1.2495748835008,1.06352537123811,TRUE,boundary,M0,G2A_iii,10000,268,2.68,2.38117914445839,3.01516246134244,conservative
k2020,ke_down_125,ke,down,1.25,0.642602940228105,1.2495748835008,1.06352537123811,TRUE,boundary,M1,G2A_iii,10000,284,2.84,2.53209355212164,3.18412517420058,conservative
k2020,ke_down_125,ke,down,1.25,0.642602940228105,1.2495748835008,1.06352537123811,TRUE,boundary,M0,F3B,10000,310,3.1,2.77790128565555,3.45811776151391,conservative
k2020,ke_down_125,ke,down,1.25,0.642602940228105,1.2495748835008,1.06352537123811,TRUE,boundary,M1,F3B,10000,334,3.34,3.00536558690763,3.71046914104391,conservative
k2020,ke_down_125,ke,down,1.25,0.642602940228105,1.2495748835008,1.06352537123811,TRUE,boundary,M0,G2B,10000,392,3.92,3.55698505848916,4.31840423135239,conservative
k2020,ke_down_125,ke,down,1.25,0.642602940228105,1.2495748835008,1.06352537123811,TRUE,boundary,M1,G2B,10000,429,4.29,3.91009030421703,4.70501482683022,conservative
k2020,ke_down_125,ke,down,1.25,0.642602940228105,1.2495748835008,1.06352537123811,TRUE,boundary,M0,G2_true,10000,442,4.42,4.03435047015169,4.84065482131919,conservative
k2020,ke_down_125,ke,down,1.25,0.642602940228105,1.2495748835008,1.06352537123811,TRUE,boundary,M1,G2_true,10000,485,4.85,4.44602149549629,5.2886535573758,nominal
k2020,ke_down_125,ke,down,1.25,0.642602940228105,1.2495748835008,1.06352537123811,TRUE,boundary,M0,AUClast_only,10000,368,3.68,3.32842585465914,4.06714775440034,conservative
k2020,ke_down_125,ke,down,1.25,0.642602940228105,1.2495748835008,1.06352537123811,TRUE,boundary,M1,AUClast_only,10000,405,4.05,3.68095086278926,4.45433858747592,conservative
k2020,ke_down_125,ke,down,1.25,0.642602940228105,1.2495748835008,1.06352537123811,TRUE,boundary,M0,AUCinf_Aiii_only,10000,268,2.68,2.38117914445839,3.01516246134244,conservative
k2020,ke_down_125,ke,down,1.25,0.642602940228105,1.2495748835008,1.06352537123811,TRUE,boundary,M1,AUCinf_Aiii_only,10000,284,2.84,2.53209355212164,3.18412517420058,conservative
k2020,ke_up_080,ke,up,0.8,1.45683866187482,0.800201954152666,0.933475925199342,TRUE,boundary,M0,P2,10000,377,3.77,3.41408822781961,4.16141626153315,conservative
k2020,ke_up_080,ke,up,0.8,1.45683866187482,0.800201954152666,0.933475925199342,TRUE,boundary,M1,P2,10000,410,4.1,3.72865897330322,4.50659207712489,conservative
k2020,ke_up_080,ke,up,0.8,1.45683866187482,0.800201954152666,0.933475925199342,TRUE,boundary,M0,F3A_iii,10000,148,1.48,1.26127578074528,1.73598742114517,conservative
k2020,ke_up_080,ke,up,0.8,1.45683866187482,0.800201954152666,0.933475925199342,TRUE,boundary,M1,F3A_iii,10000,166,1.66,1.42750442155548,1.92962054092154,conservative
k2020,ke_up_080,ke,up,0.8,1.45683866187482,0.800201954152666,0.933475925199342,TRUE,boundary,M0,G2A_iii,10000,347,3.47,3.1287811116642,3.84695377671097,conservative
k2020,ke_up_080,ke,up,0.8,1.45683866187482,0.800201954152666,0.933475925199342,TRUE,boundary,M1,G2A_iii,10000,363,3.63,3.28086111182889,4.01475089706765,conservative
k2020,ke_up_080,ke,up,0.8,1.45683866187482,0.800201954152666,0.933475925199342,TRUE,boundary,M0,F3B,10000,346,3.46,3.11928273979537,3.83645982854721,conservative
k2020,ke_up_080,ke,up,0.8,1.45683866187482,0.800201954152666,0.933475925199342,TRUE,boundary,M1,F3B,10000,378,3.78,3.42360983722694,4.17188697215841,conservative
k2020,ke_up_080,ke,up,0.8,1.45683866187482,0.800201954152666,0.933475925199342,TRUE,boundary,M0,G2B,10000,483,4.83,4.42685286446095,5.26783754834597,nominal
k2020,ke_up_080,ke,up,0.8,1.45683866187482,0.800201954152666,0.933475925199342,TRUE,boundary,M1,G2B,10000,522,5.22,4.80098507154502,5.67340582253277,nominal
k2020,ke_up_080,ke,up,0.8,1.45683866187482,0.800201954152666,0.933475925199342,TRUE,boundary,M0,G2_true,10000,467,4.67,4.27357618765806,5.10123710462747,nominal
k2020,ke_up_080,ke,up,0.8,1.45683866187482,0.800201954152666,0.933475925199342,TRUE,boundary,M1,G2_true,10000,504,5.04,4.62822019715975,5.48630893633149,nominal
k2020,ke_up_080,ke,up,0.8,1.45683866187482,0.800201954152666,0.933475925199342,TRUE,boundary,M0,AUClast_only,10000,377,3.77,3.41408822781961,4.16141626153315,conservative
k2020,ke_up_080,ke,up,0.8,1.45683866187482,0.800201954152666,0.933475925199342,TRUE,boundary,M1,AUClast_only,10000,410,4.1,3.72865897330322,4.50659207712489,conservative
k2020,ke_up_080,ke,up,0.8,1.45683866187482,0.800201954152666,0.933475925199342,TRUE,boundary,M0,AUCinf_Aiii_only,10000,347,3.47,3.1287811116642,3.84695377671097,conservative
k2020,ke_up_080,ke,up,0.8,1.45683866187482,0.800201954152666,0.933475925199342,TRUE,boundary,M1,AUCinf_Aiii_only,10000,363,3.63,3.28086111182889,4.01475089706765,conservative
k2020,ke_up_085,ke,up,0.85,1.32158088956451,0.850186052409823,0.951797338861368,TRUE,curve,M0,P2,2000,537,26.85,24.9534522929076,28.8353069962144,exceeding
k2020,ke_up_085,ke,up,0.85,1.32158088956451,0.850186052409823,0.951797338861368,TRUE,curve,M1,P2,2000,562,28.1,26.1734951447336,30.1104715261852,exceeding
k2020,ke_up_085,ke,up,0.85,1.32158088956451,0.850186052409823,0.951797338861368,TRUE,curve,M0,F3A_iii,2000,324,16.2,14.6502667761302,17.8793256200825,exceeding
k2020,ke_up_085,ke,up,0.85,1.32158088956451,0.850186052409823,0.951797338861368,TRUE,curve,M1,F3A_iii,2000,344,17.2,15.6093568970657,18.9164014045845,exceeding
k2020,ke_up_085,ke,up,0.85,1.32158088956451,0.850186052409823,0.951797338861368,TRUE,curve,M0,G2A_iii,2000,449,22.45,20.6751484052841,24.3304808999129,exceeding
k2020,ke_up_085,ke,up,0.85,1.32158088956451,0.850186052409823,0.951797338861368,TRUE,curve,M1,G2A_iii,2000,464,23.2,21.4024967341051,25.10025700017,exceeding
k2020,ke_up_085,ke,up,0.85,1.32158088956451,0.850186052409823,0.951797338861368,TRUE,curve,M0,F3B,2000,513,25.65,23.7840544797063,27.6093057228907,exceeding
k2020,ke_up_085,ke,up,0.85,1.32158088956451,0.850186052409823,0.951797338861368,TRUE,curve,M1,F3B,2000,538,26.9,25.0022169401977,28.8863506441962,exceeding
k2020,ke_up_085,ke,up,0.85,1.32158088956451,0.850186052409823,0.951797338861368,TRUE,curve,M0,G2B,2000,629,31.45,29.4522825836183,33.5188398705162,exceeding
k2020,ke_up_085,ke,up,0.85,1.32158088956451,0.850186052409823,0.951797338861368,TRUE,curve,M1,G2B,2000,656,32.8,30.7771117956713,34.8888346308038,exceeding
k2020,ke_up_085,ke,up,0.85,1.32158088956451,0.850186052409823,0.951797338861368,TRUE,curve,M0,G2_true,2000,622,31.1,29.1091301942949,33.1633341929364,exceeding
k2020,ke_up_085,ke,up,0.85,1.32158088956451,0.850186052409823,0.951797338861368,TRUE,curve,M1,G2_true,2000,657,32.85,30.8262168674984,34.9395378542486,exceeding
k2020,ke_up_085,ke,up,0.85,1.32158088956451,0.850186052409823,0.951797338861368,TRUE,curve,M0,AUClast_only,2000,537,26.85,24.9534522929076,28.8353069962144,exceeding
k2020,ke_up_085,ke,up,0.85,1.32158088956451,0.850186052409823,0.951797338861368,TRUE,curve,M1,AUClast_only,2000,562,28.1,26.1734951447336,30.1104715261852,exceeding
k2020,ke_up_085,ke,up,0.85,1.32158088956451,0.850186052409823,0.951797338861368,TRUE,curve,M0,AUCinf_Aiii_only,2000,449,22.45,20.6751484052841,24.3304808999129,exceeding
k2020,ke_up_085,ke,up,0.85,1.32158088956451,0.850186052409823,0.951797338861368,TRUE,curve,M1,AUCinf_Aiii_only,2000,464,23.2,21.4024967341051,25.10025700017,exceeding
k2020,ke_up_090,ke,up,0.9,1.20157975976386,0.900299954696658,0.968963230311483,TRUE,curve,M0,P2,2000,1388,69.4,67.3447653194441,71.3808532460433,exceeding
k2020,ke_up_090,ke,up,0.9,1.20157975976386,0.900299954696658,0.968963230311483,TRUE,curve,M1,P2,2000,1424,71.2,69.1762619795595,73.1424552157154,exceeding
k2020,ke_up_090,ke,up,0.9,1.20157975976386,0.900299954696658,0.968963230311483,TRUE,curve,M0,F3A_iii,2000,1039,51.95,49.7587191627191,54.133804352884,exceeding
k2020,ke_up_090,ke,up,0.9,1.20157975976386,0.900299954696658,0.968963230311483,TRUE,curve,M1,F3A_iii,2000,1071,53.55,51.3595038149911,55.726885149312,exceeding
k2020,ke_up_090,ke,up,0.9,1.20157975976386,0.900299954696658,0.968963230311483,TRUE,curve,M0,G2A_iii,2000,1150,57.5,55.3211381384585,59.6501061523228,exceeding
k2020,ke_up_090,ke,up,0.9,1.20157975976386,0.900299954696658,0.968963230311483,TRUE,curve,M1,G2A_iii,2000,1179,58.95,56.7789268515136,61.086758002152,exceeding
k2020,ke_up_090,ke,up,0.9,1.20157975976386,0.900299954696658,0.968963230311483,TRUE,curve,M0,F3B,2000,1366,68.3,66.2273093914167,70.3025266780895,exceeding
k2020,ke_up_090,ke,up,0.9,1.20157975976386,0.900299954696658,0.968963230311483,TRUE,curve,M1,F3B,2000,1409,70.45,68.4126869864255,72.4089057797712,exceeding
k2020,ke_up_090,ke,up,0.9,1.20157975976386,0.900299954696658,0.968963230311483,TRUE,curve,M0,G2B,2000,1489,74.45,72.4929450844309,76.3133113035158,exceeding
k2020,ke_up_090,ke,up,0.9,1.20157975976386,0.900299954696658,0.968963230311483,TRUE,curve,M1,G2B,2000,1529,76.45,74.5407951833756,78.2577930154461,exceeding
k2020,ke_up_090,ke,up,0.9,1.20157975976386,0.900299954696658,0.968963230311483,TRUE,curve,M0,G2_true,2000,1475,73.75,71.777462942242,75.6314773118985,exceeding
k2020,ke_up_090,ke,up,0.9,1.20157975976386,0.900299954696658,0.968963230311483,TRUE,curve,M1,G2_true,2000,1509,75.45,73.5161853541222,77.286236939262,exceeding
k2020,ke_up_090,ke,up,0.9,1.20157975976386,0.900299954696658,0.968963230311483,TRUE,curve,M0,AUClast_only,2000,1388,69.4,67.3447653194441,71.3808532460433,exceeding
k2020,ke_up_090,ke,up,0.9,1.20157975976386,0.900299954696658,0.968963230311483,TRUE,curve,M1,AUClast_only,2000,1424,71.2,69.1762619795595,73.1424552157154,exceeding
k2020,ke_up_090,ke,up,0.9,1.20157975976386,0.900299954696658,0.968963230311483,TRUE,curve,M0,AUCinf_Aiii_only,2000,1150,57.5,55.3211381384585,59.6501061523228,exceeding
k2020,ke_up_090,ke,up,0.9,1.20157975976386,0.900299954696658,0.968963230311483,TRUE,curve,M1,AUCinf_Aiii_only,2000,1179,58.95,56.7789268515136,61.086758002152,exceeding
k2020,ke_up_095,ke,up,0.95,1.09575520341669,0.949904907376391,0.984888718038693,TRUE,curve,M0,P2,5000,4704,94.08,93.3913929244803,94.7009264720434,exceeding
k2020,ke_up_095,ke,up,0.95,1.09575520341669,0.949904907376391,0.984888718038693,TRUE,curve,M1,P2,5000,4739,94.78,94.1283674232235,95.3628771905773,exceeding
k2020,ke_up_095,ke,up,0.95,1.09575520341669,0.949904907376391,0.984888718038693,TRUE,curve,M0,F3A_iii,5000,4228,84.56,83.5319591054595,85.5349773360982,exceeding
k2020,ke_up_095,ke,up,0.95,1.09575520341669,0.949904907376391,0.984888718038693,TRUE,curve,M1,F3A_iii,5000,4281,85.62,84.6200525907708,86.5652563226633,exceeding
k2020,ke_up_095,ke,up,0.95,1.09575520341669,0.949904907376391,0.984888718038693,TRUE,curve,M0,G2A_iii,5000,4294,85.88,84.8872120004162,86.8176977080065,exceeding
k2020,ke_up_095,ke,up,0.95,1.09575520341669,0.949904907376391,0.984888718038693,TRUE,curve,M1,G2A_iii,5000,4343,86.86,85.8952143893482,87.7681906232622,exceeding
k2020,ke_up_095,ke,up,0.95,1.09575520341669,0.949904907376391,0.984888718038693,TRUE,curve,M0,F3B,5000,4693,93.86,93.1603250629038,94.4923321224758,exceeding
k2020,ke_up_095,ke,up,0.95,1.09575520341669,0.949904907376391,0.984888718038693,TRUE,curve,M1,F3B,5000,4728,94.56,93.8964415086006,95.1551408940559,exceeding
k2020,ke_up_095,ke,up,0.95,1.09575520341669,0.949904907376391,0.984888718038693,TRUE,curve,M0,G2B,5000,4811,96.22,95.6549120964268,96.7141215357722,exceeding
k2020,ke_up_095,ke,up,0.95,1.09575520341669,0.949904907376391,0.984888718038693,TRUE,curve,M1,G2B,5000,4829,96.58,96.0394103115057,97.0490705752928,exceeding
k2020,ke_up_095,ke,up,0.95,1.09575520341669,0.949904907376391,0.984888718038693,TRUE,curve,M0,G2_true,5000,4775,95.5,94.8896218693313,96.0405172536685,exceeding
k2020,ke_up_095,ke,up,0.95,1.09575520341669,0.949904907376391,0.984888718038693,TRUE,curve,M1,G2_true,5000,4797,95.94,95.3567570051844,96.4527065401037,exceeding
k2020,ke_up_095,ke,up,0.95,1.09575520341669,0.949904907376391,0.984888718038693,TRUE,curve,M0,AUClast_only,5000,4704,94.08,93.3913929244803,94.7009264720434,exceeding
k2020,ke_up_095,ke,up,0.95,1.09575520341669,0.949904907376391,0.984888718038693,TRUE,curve,M1,AUClast_only,5000,4739,94.78,94.1283674232235,95.3628771905773,exceeding
k2020,ke_up_095,ke,up,0.95,1.09575520341669,0.949904907376391,0.984888718038693,TRUE,curve,M0,AUCinf_Aiii_only,5000,4294,85.88,84.8872120004162,86.8176977080065,exceeding
k2020,ke_up_095,ke,up,0.95,1.09575520341669,0.949904907376391,0.984888718038693,TRUE,curve,M1,AUCinf_Aiii_only,5000,4343,86.86,85.8952143893482,87.7681906232622,exceeding
k2016,F_down_080,F,down,0.8,0.872152535936487,0.79988525403249,0.852080931927538,TRUE,boundary,M0,P2,10000,371,3.71,3.35697349886415,4.09857707029309,conservative
k2016,F_down_080,F,down,0.8,0.872152535936487,0.79988525403249,0.852080931927538,TRUE,boundary,M1,P2,10000,403,4.03,3.66187206390807,4.43343274629193,conservative
k2016,F_down_080,F,down,0.8,0.872152535936487,0.79988525403249,0.852080931927538,TRUE,boundary,M0,F3A_iii,10000,212,2.12,1.85550803887881,2.42126364509718,conservative
k2016,F_down_080,F,down,0.8,0.872152535936487,0.79988525403249,0.852080931927538,TRUE,boundary,M1,F3A_iii,10000,244,2.44,2.15537194985788,2.76115397516087,conservative
k2016,F_down_080,F,down,0.8,0.872152535936487,0.79988525403249,0.852080931927538,TRUE,boundary,M0,G2A_iii,10000,620,6.2,5.74395448041297,6.6896837768583,exceeding
k2016,F_down_080,F,down,0.8,0.872152535936487,0.79988525403249,0.852080931927538,TRUE,boundary,M1,G2A_iii,10000,659,6.59,6.12019586073624,7.09314287780591,exceeding
k2016,F_down_080,F,down,0.8,0.872152535936487,0.79988525403249,0.852080931927538,TRUE,boundary,M0,F3B,10000,348,3.48,3.13828027939255,3.8574469290152,conservative
k2016,F_down_080,F,down,0.8,0.872152535936487,0.79988525403249,0.852080931927538,TRUE,boundary,M1,F3B,10000,383,3.83,3.47122838542385,4.22423002412443,conservative
k2016,F_down_080,F,down,0.8,0.872152535936487,0.79988525403249,0.852080931927538,TRUE,boundary,M0,G2B,10000,645,6.45,5.98507666127297,6.94836959681297,exceeding
k2016,F_down_080,F,down,0.8,0.872152535936487,0.79988525403249,0.852080931927538,TRUE,boundary,M1,G2B,10000,696,6.96,6.47759390571475,7.47546067403309,exceeding
k2016,F_down_080,F,down,0.8,0.872152535936487,0.79988525403249,0.852080931927538,TRUE,boundary,M0,G2_true,10000,430,4.3,3.91964531102177,4.71545214005807,conservative
k2016,F_down_080,F,down,0.8,0.872152535936487,0.79988525403249,0.852080931927538,TRUE,boundary,M1,G2_true,10000,480,4.8,4.39810363881184,5.23660981389733,nominal
k2016,F_down_080,F,down,0.8,0.872152535936487,0.79988525403249,0.852080931927538,TRUE,boundary,M0,AUClast_only,10000,380,3.8,3.44265516422164,4.19282628522888,conservative
k2016,F_down_080,F,down,0.8,0.872152535936487,0.79988525403249,0.852080931927538,TRUE,boundary,M1,AUClast_only,10000,414,4.14,3.76683674639403,4.54838358416442,conservative
k2016,F_down_080,F,down,0.8,0.872152535936487,0.79988525403249,0.852080931927538,TRUE,boundary,M0,AUCinf_Aiii_only,10000,807,8.07,7.55211783704851,8.62008426631643,exceeding
k2016,F_down_080,F,down,0.8,0.872152535936487,0.79988525403249,0.852080931927538,TRUE,boundary,M1,AUCinf_Aiii_only,10000,828,8.28,7.75576029816699,8.83628052588226,exceeding
k2016,F_down_085,F,down,0.85,0.904779951517323,0.849895789156433,0.889807878836767,TRUE,curve,M0,P2,2000,539,26.95,25.0509847173131,28.9373911623526,exceeding
k2016,F_down_085,F,down,0.85,0.904779951517323,0.849895789156433,0.889807878836767,TRUE,curve,M1,P2,2000,577,28.85,26.9064276698591,30.8746634301379,exceeding
k2016,F_down_085,F,down,0.85,0.904779951517323,0.849895789156433,0.889807878836767,TRUE,curve,M0,F3A_iii,2000,392,19.6,17.9192106306602,21.39734584404,exceeding
k2016,F_down_085,F,down,0.85,0.904779951517323,0.849895789156433,0.889807878836767,TRUE,curve,M1,F3A_iii,2000,420,21,19.2713656375846,22.839823104728,exceeding
k2016,F_down_085,F,down,0.85,0.904779951517323,0.849895789156433,0.889807878836767,TRUE,curve,M0,G2A_iii,2000,588,29.4,27.4443321398105,31.4346502081771,exceeding
k2016,F_down_085,F,down,0.85,0.904779951517323,0.849895789156433,0.889807878836767,TRUE,curve,M1,G2A_iii,2000,608,30.4,28.4232312724386,32.4519169809865,exceeding
k2016,F_down_085,F,down,0.85,0.904779951517323,0.849895789156433,0.889807878836767,TRUE,curve,M0,F3B,2000,526,26.3,24.4172493390712,28.2736187020602,exceeding
k2016,F_down_085,F,down,0.85,0.904779951517323,0.849895789156433,0.889807878836767,TRUE,curve,M1,F3B,2000,568,28.4,26.4665879093529,30.4162285331972,exceeding
k2016,F_down_085,F,down,0.85,0.904779951517323,0.849895789156433,0.889807878836767,TRUE,curve,M0,G2B,2000,746,37.3,35.2067982957728,39.441894705171,exceeding
k2016,F_down_085,F,down,0.85,0.904779951517323,0.849895789156433,0.889807878836767,TRUE,curve,M1,G2B,2000,776,38.8,36.6877875432465,40.9551543158536,exceeding
k2016,F_down_085,F,down,0.85,0.904779951517323,0.849895789156433,0.889807878836767,TRUE,curve,M0,G2_true,2000,654,32.7,30.6789095701304,34.787420265801,exceeding
k2016,F_down_085,F,down,0.85,0.904779951517323,0.849895789156433,0.889807878836767,TRUE,curve,M1,G2_true,2000,696,34.8,32.7433412647331,36.914936972617,exceeding
k2016,F_down_085,F,down,0.85,0.904779951517323,0.849895789156433,0.889807878836767,TRUE,curve,M0,AUClast_only,2000,550,27.5,25.5876352842773,29.4986318433791,exceeding
k2016,F_down_085,F,down,0.85,0.904779951517323,0.849895789156433,0.889807878836767,TRUE,curve,M1,AUClast_only,2000,588,29.4,27.4443321398105,31.4346502081771,exceeding
k2016,F_down_085,F,down,0.85,0.904779951517323,0.849895789156433,0.889807878836767,TRUE,curve,M0,AUCinf_Aiii_only,2000,640,32,29.9917915975882,34.0772221045369,exceeding
k2016,F_down_085,F,down,0.85,0.904779951517323,0.849895789156433,0.889807878836767,TRUE,curve,M1,AUCinf_Aiii_only,2000,660,33,30.9735478823623,35.0916317252003,exceeding
k2016,F_down_090,F,down,0.9,0.936870766022085,0.899812601831346,0.926930552456146,TRUE,curve,M0,P2,2000,1465,73.25,71.2667897113162,75.1440675901056,exceeding
k2016,F_down_090,F,down,0.9,0.936870766022085,0.899812601831346,0.926930552456146,TRUE,curve,M1,P2,2000,1505,75.25,73.3114295282016,77.0917595840951,exceeding
k2016,F_down_090,F,down,0.9,0.936870766022085,0.899812601831346,0.926930552456146,TRUE,curve,M0,F3A_iii,2000,1193,59.65,57.4833756837177,61.7796253037542,exceeding
k2016,F_down_090,F,down,0.9,0.936870766022085,0.899812601831346,0.926930552456146,TRUE,curve,M1,F3A_iii,2000,1238,61.9,59.7507663031022,64.003607971604,exceeding
k2016,F_down_090,F,down,0.9,0.936870766022085,0.899812601831346,0.926930552456146,TRUE,curve,M0,G2A_iii,2000,1338,66.9,64.8069854965775,68.9282183053162,exceeding
k2016,F_down_090,F,down,0.9,0.936870766022085,0.899812601831346,0.926930552456146,TRUE,curve,M1,G2A_iii,2000,1375,68.75,66.6842897895218,70.7438209374312,exceeding
k2016,F_down_090,F,down,0.9,0.936870766022085,0.899812601831346,0.926930552456146,TRUE,curve,M0,F3B,2000,1446,72.3,70.2973729779813,74.2171267132748,exceeding
k2016,F_down_090,F,down,0.9,0.936870766022085,0.899812601831346,0.926930552456146,TRUE,curve,M1,F3B,2000,1486,74.3,72.339573791479,76.1672577106521,exceeding
k2016,F_down_090,F,down,0.9,0.936870766022085,0.899812601831346,0.926930552456146,TRUE,curve,M0,G2B,2000,1597,79.85,78.0355736710148,81.5499786062944,exceeding
k2016,F_down_090,F,down,0.9,0.936870766022085,0.899812601831346,0.926930552456146,TRUE,curve,M1,G2B,2000,1626,81.3,79.5317497804798,82.9482430597138,exceeding
k2016,F_down_090,F,down,0.9,0.936870766022085,0.899812601831346,0.926930552456146,TRUE,curve,M0,G2_true,2000,1572,78.6,76.7486323648625,80.3417125306499,exceeding
k2016,F_down_090,F,down,0.9,0.936870766022085,0.899812601831346,0.926930552456146,TRUE,curve,M1,G2_true,2000,1607,80.35,78.5510798378835,82.0325553921444,exceeding
k2016,F_down_090,F,down,0.9,0.936870766022085,0.899812601831346,0.926930552456146,TRUE,curve,M0,AUClast_only,2000,1473,73.65,71.6753028515514,75.5340208120453,exceeding
k2016,F_down_090,F,down,0.9,0.936870766022085,0.899812601831346,0.926930552456146,TRUE,curve,M1,AUClast_only,2000,1511,75.55,73.6185837749682,77.3834551089597,exceeding
k2016,F_down_090,F,down,0.9,0.936870766022085,0.899812601831346,0.926930552456146,TRUE,curve,M0,AUCinf_Aiii_only,2000,1359,67.95,65.8720320793329,69.9591459232702,exceeding
k2016,F_down_090,F,down,0.9,0.936870766022085,0.899812601831346,0.926930552456146,TRUE,curve,M1,AUCinf_Aiii_only,2000,1390,69.5,67.4464185749632,71.4788165810679,exceeding
k2016,F_down_095,F,down,0.95,0.968646613771892,0.949920923227653,0.96370327443162,TRUE,curve,M0,P2,5000,4818,96.36,95.8042762206894,96.8445424549649,exceeding
k2016,F_down_095,F,down,0.95,0.968646613771892,0.949920923227653,0.96370327443162,TRUE,curve,M1,P2,5000,4840,96.8,96.2750989443254,97.2530441536173,exceeding
k2016,F_down_095,F,down,0.95,0.968646613771892,0.949920923227653,0.96370327443162,TRUE,curve,M0,F3A_iii,5000,4399,87.98,87.0493383799938,88.8523469802597,exceeding
k2016,F_down_095,F,down,0.95,0.968646613771892,0.949920923227653,0.96370327443162,TRUE,curve,M1,F3A_iii,5000,4452,89.04,88.1439561641027,89.8761016680272,exceeding
k2016,F_down_095,F,down,0.95,0.968646613771892,0.949920923227653,0.96370327443162,TRUE,curve,M0,G2A_iii,5000,4459,89.18,88.2887121047825,90.0111307708028,exceeding
k2016,F_down_095,F,down,0.95,0.968646613771892,0.949920923227653,0.96370327443162,TRUE,curve,M1,G2A_iii,5000,4499,89.98,89.1167799133982,90.7818346390751,exceeding
k2016,F_down_095,F,down,0.95,0.968646613771892,0.949920923227653,0.96370327443162,TRUE,curve,M0,F3B,5000,4804,96.08,95.50574231486,96.5835062738836,exceeding
k2016,F_down_095,F,down,0.95,0.968646613771892,0.949920923227653,0.96370327443162,TRUE,curve,M1,F3B,5000,4828,96.56,96.0180123388341,97.0304992560422,exceeding
k2016,F_down_095,F,down,0.95,0.968646613771892,0.949920923227653,0.96370327443162,TRUE,curve,M0,G2B,5000,4893,97.86,97.4206134768852,98.2259020929339,exceeding
k2016,F_down_095,F,down,0.95,0.968646613771892,0.949920923227653,0.96370327443162,TRUE,curve,M1,G2B,5000,4902,98.04,97.6172691852521,98.3889700118669,exceeding
k2016,F_down_095,F,down,0.95,0.968646613771892,0.949920923227653,0.96370327443162,TRUE,curve,M0,G2_true,5000,4887,97.74,97.2899218570128,98.1167779612732,exceeding
k2016,F_down_095,F,down,0.95,0.968646613771892,0.949920923227653,0.96370327443162,TRUE,curve,M1,G2_true,5000,4900,98,97.5734998464398,98.3528007668348,exceeding
k2016,F_down_095,F,down,0.95,0.968646613771892,0.949920923227653,0.96370327443162,TRUE,curve,M0,AUClast_only,5000,4821,96.42,95.8683515537119,96.900374997709,exceeding
k2016,F_down_095,F,down,0.95,0.968646613771892,0.949920923227653,0.96370327443162,TRUE,curve,M1,AUClast_only,5000,4843,96.86,96.3394810180527,97.3085699556565,exceeding
k2016,F_down_095,F,down,0.95,0.968646613771892,0.949920923227653,0.96370327443162,TRUE,curve,M0,AUCinf_Aiii_only,5000,4464,89.28,88.3921368210848,90.1075525141116,exceeding
k2016,F_down_095,F,down,0.95,0.968646613771892,0.949920923227653,0.96370327443162,TRUE,curve,M1,AUCinf_Aiii_only,5000,4503,90.06,89.1996737808677,90.8588179392943,exceeding
k2016,F_up_105,F,up,1.05,1.03102311106189,1.05014915104572,1.03592599365433,TRUE,curve,M0,P2,5000,4813,96.26,95.6975672753272,96.7514049407162,exceeding
k2016,F_up_105,F,up,1.05,1.03102311106189,1.05014915104572,1.03592599365433,TRUE,curve,M1,P2,5000,4831,96.62,96.0822200278832,97.0861994427597,exceeding
k2016,F_up_105,F,up,1.05,1.03102311106189,1.05014915104572,1.03592599365433,TRUE,curve,M0,F3A_iii,5000,4420,88.4,87.4827695266528,89.2582709639668,exceeding
k2016,F_up_105,F,up,1.05,1.03102311106189,1.05014915104572,1.03592599365433,TRUE,curve,M1,F3A_iii,5000,4469,89.38,88.4955848710996,90.2039509237077,exceeding
k2016,F_up_105,F,up,1.05,1.03102311106189,1.05014915104572,1.03592599365433,TRUE,curve,M0,G2A_iii,5000,4475,89.5,88.6197537405106,90.3195978058299,exceeding
k2016,F_up_105,F,up,1.05,1.03102311106189,1.05014915104572,1.03592599365433,TRUE,curve,M1,G2A_iii,5000,4520,90.4,89.5521590362078,91.1858106466316,exceeding
k2016,F_up_105,F,up,1.05,1.03102311106189,1.05014915104572,1.03592599365433,TRUE,curve,M0,F3B,5000,4803,96.06,95.4844476243093,96.564831672512,exceeding
k2016,F_up_105,F,up,1.05,1.03102311106189,1.05014915104572,1.03592599365433,TRUE,curve,M1,F3B,5000,4823,96.46,95.9110898174771,96.9375753177882,exceeding
k2016,F_up_105,F,up,1.05,1.03102311106189,1.05014915104572,1.03592599365433,TRUE,curve,M0,G2B,5000,4890,97.8,97.3552286601531,98.1713790338994,exceeding
k2016,F_up_105,F,up,1.05,1.03102311106189,1.05014915104572,1.03592599365433,TRUE,curve,M1,G2B,5000,4901,98.02,97.5953794650346,98.3708904401622,exceeding
k2016,F_up_105,F,up,1.05,1.03102311106189,1.05014915104572,1.03592599365433,TRUE,curve,M0,G2_true,5000,4894,97.88,97.4424262989367,98.2440585628047,exceeding
k2016,F_up_105,F,up,1.05,1.03102311106189,1.05014915104572,1.03592599365433,TRUE,curve,M1,G2_true,5000,4904,98.08,97.6610795358756,98.4250982450878,exceeding
k2016,F_up_105,F,up,1.05,1.03102311106189,1.05014915104572,1.03592599365433,TRUE,curve,M0,AUClast_only,5000,4816,96.32,95.7615803139543,96.8072997778556,exceeding
k2016,F_up_105,F,up,1.05,1.03102311106189,1.05014915104572,1.03592599365433,TRUE,curve,M1,AUClast_only,5000,4835,96.7,96.1678956509556,97.1604009873761,exceeding
k2016,F_up_105,F,up,1.05,1.03102311106189,1.05014915104572,1.03592599365433,TRUE,curve,M0,AUCinf_Aiii_only,5000,4480,89.6,88.7232541553503,90.4159438506012,exceeding
k2016,F_up_105,F,up,1.05,1.03102311106189,1.05014915104572,1.03592599365433,TRUE,curve,M1,AUCinf_Aiii_only,5000,4525,90.5,89.6558899562377,91.2819261862127,exceeding
k2016,F_up_111,F,up,1.11,1.06768310109284,1.11014483266865,1.07839339714921,TRUE,curve,M0,P2,2000,1522,76.1,74.1820223689543,77.9179077629644,exceeding
k2016,F_up_111,F,up,1.11,1.06768310109284,1.11014483266865,1.07839339714921,TRUE,curve,M1,P2,2000,1548,77.4,75.5154972272476,79.1794485817398,exceeding
k2016,F_up_111,F,up,1.11,1.06768310109284,1.11014483266865,1.07839339714921,TRUE,curve,M0,F3A_iii,2000,1248,62.4,60.2552811622246,64.4971760652003,exceeding
k2016,F_up_111,F,up,1.11,1.06768310109284,1.11014483266865,1.07839339714921,TRUE,curve,M1,F3A_iii,2000,1278,63.9,61.7702754031753,65.9764306824059,exceeding
k2016,F_up_111,F,up,1.11,1.06768310109284,1.11014483266865,1.07839339714921,TRUE,curve,M0,G2A_iii,2000,1342,67.1,65.009761557574,69.1246754254071,exceeding
k2016,F_up_111,F,up,1.11,1.06768310109284,1.11014483266865,1.07839339714921,TRUE,curve,M1,G2A_iii,2000,1373,68.65,66.5827194909169,70.6457746454924,exceeding
k2016,F_up_111,F,up,1.11,1.06768310109284,1.11014483266865,1.07839339714921,TRUE,curve,M0,F3B,2000,1512,75.6,73.6697881370213,77.4320590421786,exceeding
k2016,F_up_111,F,up,1.11,1.06768310109284,1.11014483266865,1.07839339714921,TRUE,curve,M1,F3B,2000,1538,76.9,75.0023320436078,78.6945308126608,exceeding
k2016,F_up_111,F,up,1.11,1.06768310109284,1.11014483266865,1.07839339714921,TRUE,curve,M0,G2B,2000,1625,81.25,79.4800950054009,82.9000895395209,exceeding
k2016,F_up_111,F,up,1.11,1.06768310109284,1.11014483266865,1.07839339714921,TRUE,curve,M1,G2B,2000,1654,82.7,80.9800049687941,84.2946201390119,exceeding
k2016,F_up_111,F,up,1.11,1.06768310109284,1.11014483266865,1.07839339714921,TRUE,curve,M0,G2_true,2000,1624,81.2,79.4284448151895,82.8519314344603,exceeding
k2016,F_up_111,F,up,1.11,1.06768310109284,1.11014483266865,1.07839339714921,TRUE,curve,M1,G2_true,2000,1651,82.55,80.8246522578818,84.1505479641086,exceeding
k2016,F_up_111,F,up,1.11,1.06768310109284,1.11014483266865,1.07839339714921,TRUE,curve,M0,AUClast_only,2000,1523,76.15,74.2332650149518,77.9664734122387,exceeding
k2016,F_up_111,F,up,1.11,1.06768310109284,1.11014483266865,1.07839339714921,TRUE,curve,M1,AUClast_only,2000,1550,77.5,75.6181747325026,79.2763876670284,exceeding
k2016,F_up_111,F,up,1.11,1.06768310109284,1.11014483266865,1.07839339714921,TRUE,curve,M0,AUCinf_Aiii_only,2000,1354,67.7,65.6183432270986,69.713793299145,exceeding
k2016,F_up_111,F,up,1.11,1.06768310109284,1.11014483266865,1.07839339714921,TRUE,curve,M1,AUCinf_Aiii_only,2000,1382,69.1,67.0398723789636,71.0868964148926,exceeding
k2016,F_up_118,F,up,1.18,1.10996727771422,1.18028837690496,1.12739272277036,TRUE,curve,M0,P2,2000,554,27.7,25.7828732867252,29.7026270220187,exceeding
k2016,F_up_118,F,up,1.18,1.10996727771422,1.18028837690496,1.12739272277036,TRUE,curve,M1,P2,2000,589,29.45,27.4932499524226,31.4855406908369,exceeding
k2016,F_up_118,F,up,1.18,1.10996727771422,1.18028837690496,1.12739272277036,TRUE,curve,M0,F3A_iii,2000,358,17.9,16.2819359724256,19.6411384630309,exceeding
k2016,F_up_118,F,up,1.18,1.10996727771422,1.18028837690496,1.12739272277036,TRUE,curve,M1,F3A_iii,2000,392,19.6,17.9192106306602,21.39734584404,exceeding
k2016,F_up_118,F,up,1.18,1.10996727771422,1.18028837690496,1.12739272277036,TRUE,curve,M0,G2A_iii,2000,541,27.05,25.1485296390971,29.0394628311124,exceeding
k2016,F_up_118,F,up,1.18,1.10996727771422,1.18028837690496,1.12739272277036,TRUE,curve,M1,G2A_iii,2000,583,29.15,27.1997864613668,31.1801544102615,exceeding
k2016,F_up_118,F,up,1.18,1.10996727771422,1.18028837690496,1.12739272277036,TRUE,curve,M0,F3B,2000,533,26.65,24.7584251127388,28.6311009952957,exceeding
k2016,F_up_118,F,up,1.18,1.10996727771422,1.18028837690496,1.12739272277036,TRUE,curve,M1,F3B,2000,566,28.3,26.3688783636162,30.3143214883902,exceeding
k2016,F_up_118,F,up,1.18,1.10996727771422,1.18028837690496,1.12739272277036,TRUE,curve,M0,G2B,2000,707,35.35,33.2847702713636,37.4713992139772,exceeding
k2016,F_up_118,F,up,1.18,1.10996727771422,1.18028837690496,1.12739272277036,TRUE,curve,M1,G2B,2000,747,37.35,35.2561298775894,39.4923714186263,exceeding
k2016,F_up_118,F,up,1.18,1.10996727771422,1.18028837690496,1.12739272277036,TRUE,curve,M0,G2_true,2000,647,32.35,30.335285248445,34.4323865205832,exceeding
k2016,F_up_118,F,up,1.18,1.10996727771422,1.18028837690496,1.12739272277036,TRUE,curve,M1,G2_true,2000,687,34.35,32.3005811259709,36.4594224539323,exceeding
k2016,F_up_118,F,up,1.18,1.10996727771422,1.18028837690496,1.12739272277036,TRUE,curve,M0,AUClast_only,2000,568,28.4,26.4665879093529,30.4162285331972,exceeding
k2016,F_up_118,F,up,1.18,1.10996727771422,1.18028837690496,1.12739272277036,TRUE,curve,M1,AUClast_only,2000,602,30.1,28.1294422752436,32.1468562065503,exceeding
k2016,F_up_118,F,up,1.18,1.10996727771422,1.18028837690496,1.12739272277036,TRUE,curve,M0,AUCinf_Aiii_only,2000,593,29.65,27.688949983209,31.689073841138,exceeding
k2016,F_up_118,F,up,1.18,1.10996727771422,1.18028837690496,1.12739272277036,TRUE,curve,M1,AUCinf_Aiii_only,2000,630,31.5,29.5013152907796,33.5696154586268,exceeding
k2016,F_up_125,F,up,1.25,1.15149083830699,1.25010656509896,1.17552651005478,TRUE,boundary,M0,P2,10000,324,3.24,2.91052689302443,3.60538463460124,conservative
k2016,F_up_125,F,up,1.25,1.15149083830699,1.25010656509896,1.17552651005478,TRUE,boundary,M1,P2,10000,360,3.6,3.25233119259569,3.9833038562031,conservative
k2016,F_up_125,F,up,1.25,1.15149083830699,1.25010656509896,1.17552651005478,TRUE,boundary,M0,F3A_iii,10000,197,1.97,1.71550099306644,2.26138589042075,conservative
k2016,F_up_125,F,up,1.25,1.15149083830699,1.25010656509896,1.17552651005478,TRUE,boundary,M1,F3A_iii,10000,213,2.13,1.86485530353679,2.43190870047178,conservative
k2016,F_up_125,F,up,1.25,1.15149083830699,1.25010656509896,1.17552651005478,TRUE,boundary,M0,G2A_iii,10000,554,5.54,5.10847358681637,6.00567154830419,exceeding
k2016,F_up_125,F,up,1.25,1.15149083830699,1.25010656509896,1.17552651005478,TRUE,boundary,M1,G2A_iii,10000,576,5.76,5.32011664834531,6.23385952749216,exceeding
k2016,F_up_125,F,up,1.25,1.15149083830699,1.25010656509896,1.17552651005478,TRUE,boundary,M0,F3B,10000,311,3.11,2.78736859331087,3.46864277389118,conservative
k2016,F_up_125,F,up,1.25,1.15149083830699,1.25010656509896,1.17552651005478,TRUE,boundary,M1,F3B,10000,347,3.47,3.1287811116642,3.84695377671097,conservative
k2016,F_up_125,F,up,1.25,1.15149083830699,1.25010656509896,1.17552651005478,TRUE,boundary,M0,G2B,10000,532,5.32,4.89702817745753,5.77728591694613,nominal
k2016,F_up_125,F,up,1.25,1.15149083830699,1.25010656509896,1.17552651005478,TRUE,boundary,M1,G2B,10000,589,5.89,5.44526703843671,6.36860929782438,exceeding
k2016,F_up_125,F,up,1.25,1.15149083830699,1.25010656509896,1.17552651005478,TRUE,boundary,M0,G2_true,10000,411,4.11,3.7382024827491,4.5170408877116,conservative
k2016,F_up_125,F,up,1.25,1.15149083830699,1.25010656509896,1.17552651005478,TRUE,boundary,M1,G2_true,10000,455,4.55,4.15870570145422,4.97619975044028,conservative
k2016,F_up_125,F,up,1.25,1.15149083830699,1.25010656509896,1.17552651005478,TRUE,boundary,M0,AUClast_only,10000,334,3.34,3.00536558690763,3.71046914104391,conservative
k2016,F_up_125,F,up,1.25,1.15149083830699,1.25010656509896,1.17552651005478,TRUE,boundary,M1,AUClast_only,10000,371,3.71,3.35697349886415,4.09857707029309,conservative
k2016,F_up_125,F,up,1.25,1.15149083830699,1.25010656509896,1.17552651005478,TRUE,boundary,M0,AUCinf_Aiii_only,10000,723,7.23,6.73865609604734,7.75419112458034,exceeding
k2016,F_up_125,F,up,1.25,1.15149083830699,1.25010656509896,1.17552651005478,TRUE,boundary,M1,AUCinf_Aiii_only,10000,731,7.31,6.81604775185032,7.83673802903805,exceeding
k2016,S00,identity,none,1,1,1,1,TRUE,identity,M0,P2,10000,9955,99.55,99.3984428906251,99.6635028708408,exceeding
k2016,S00,identity,none,1,1,1,1,TRUE,identity,M1,P2,10000,9965,99.65,99.5136468123541,99.7482221494378,exceeding
k2016,S00,identity,none,1,1,1,1,TRUE,identity,M0,F3A_iii,10000,9586,95.86,95.4516164158356,96.233163253606,exceeding
k2016,S00,identity,none,1,1,1,1,TRUE,identity,M1,F3A_iii,10000,9655,96.55,96.1740349187951,96.8902148328949,exceeding
k2016,S00,identity,none,1,1,1,1,TRUE,identity,M0,G2A_iii,10000,9605,96.05,95.6502164762508,96.4144172738099,exceeding
k2016,S00,identity,none,1,1,1,1,TRUE,identity,M1,G2A_iii,10000,9670,96.7,96.3315543624137,97.0325801897652,exceeding
k2016,S00,identity,none,1,1,1,1,TRUE,identity,M0,F3B,10000,9954,99.54,99.3870194284531,99.6549340129802,exceeding
k2016,S00,identity,none,1,1,1,1,TRUE,identity,M1,F3B,10000,9964,99.64,99.502037005637,99.7398396361222,exceeding
k2016,S00,identity,none,1,1,1,1,TRUE,identity,M0,G2B,10000,9980,99.8,99.6912649335349,99.8704888287457,exceeding
k2016,S00,identity,none,1,1,1,1,TRUE,identity,M1,G2B,10000,9983,99.83,99.7279014584904,99.893829263888,exceeding
k2016,S00,identity,none,1,1,1,1,TRUE,identity,M0,G2_true,10000,9977,99.77,99.6550922517712,99.8466845504117,exceeding
k2016,S00,identity,none,1,1,1,1,TRUE,identity,M1,G2_true,10000,9981,99.81,99.7034204982761,99.8783255840371,exceeding
k2016,S00,identity,none,1,1,1,1,TRUE,identity,M0,AUClast_only,10000,9958,99.58,99.4328104183776,99.6891123031862,exceeding
k2016,S00,identity,none,1,1,1,1,TRUE,identity,M1,AUClast_only,10000,9967,99.67,99.5369359428188,99.7649176590382,exceeding
k2016,S00,identity,none,1,1,1,1,TRUE,identity,M0,AUCinf_Aiii_only,10000,9606,96.06,95.6606755766273,96.423950493466,exceeding
k2016,S00,identity,none,1,1,1,1,TRUE,identity,M1,AUCinf_Aiii_only,10000,9670,96.7,96.3315543624137,97.0325801897652,exceeding
k2016,V2_down_105,V2,down,1.05,0.723394162736675,1.05025804840559,1.01840551193171,TRUE,curve,M0,P2,5000,4822,96.44,95.8897185251554,96.9189773181877,exceeding
k2016,V2_down_105,V2,down,1.05,0.723394162736675,1.05025804840559,1.01840551193171,TRUE,curve,M1,P2,5000,4844,96.88,96.360952000099,97.3270682655325,exceeding
k2016,V2_down_105,V2,down,1.05,0.723394162736675,1.05025804840559,1.01840551193171,TRUE,curve,M0,F3A_iii,5000,4269,85.38,84.3735399826357,86.3321374277321,exceeding
k2016,V2_down_105,V2,down,1.05,0.723394162736675,1.05025804840559,1.01840551193171,TRUE,curve,M1,F3A_iii,5000,4335,86.7,85.7305291039438,87.6131215732891,exceeding
k2016,V2_down_105,V2,down,1.05,0.723394162736675,1.05025804840559,1.01840551193171,TRUE,curve,M0,G2A_iii,5000,4308,86.16,85.1750459854664,87.0894338098671,exceeding
k2016,V2_down_105,V2,down,1.05,0.723394162736675,1.05025804840559,1.01840551193171,TRUE,curve,M1,G2A_iii,5000,4377,87.54,86.5956477095381,88.426713228427,exceeding
k2016,V2_down_105,V2,down,1.05,0.723394162736675,1.05025804840559,1.01840551193171,TRUE,curve,M0,F3B,5000,4795,95.9,95.314222372699,96.4153025887448,exceeding
k2016,V2_down_105,V2,down,1.05,0.723394162736675,1.05025804840559,1.01840551193171,TRUE,curve,M1,F3B,5000,4823,96.46,95.9110898174771,96.9375753177882,exceeding
k2016,V2_down_105,V2,down,1.05,0.723394162736675,1.05025804840559,1.01840551193171,TRUE,curve,M0,G2B,5000,4859,97.18,96.6836724686333,97.6038871758311,exceeding
k2016,V2_down_105,V2,down,1.05,0.723394162736675,1.05025804840559,1.01840551193171,TRUE,curve,M1,G2B,5000,4878,97.56,97.0944405416432,97.952535649343,exceeding
k2016,V2_down_105,V2,down,1.05,0.723394162736675,1.05025804840559,1.01840551193171,TRUE,curve,M0,G2_true,5000,4895,97.9,97.464248266915,98.2622058867486,exceeding
k2016,V2_down_105,V2,down,1.05,0.723394162736675,1.05025804840559,1.01840551193171,TRUE,curve,M1,G2_true,5000,4905,98.1,97.683000478663,98.4431465942225,exceeding
k2016,V2_down_105,V2,down,1.05,0.723394162736675,1.05025804840559,1.01840551193171,TRUE,curve,M0,AUClast_only,5000,4823,96.46,95.9110898174771,96.9375753177882,exceeding
k2016,V2_down_105,V2,down,1.05,0.723394162736675,1.05025804840559,1.01840551193171,TRUE,curve,M1,AUClast_only,5000,4845,96.9,96.382428206815,97.3455613507386,exceeding
k2016,V2_down_105,V2,down,1.05,0.723394162736675,1.05025804840559,1.01840551193171,TRUE,curve,M0,AUCinf_Aiii_only,5000,4309,86.18,85.195610552995,87.1088385342607,exceeding
k2016,V2_down_105,V2,down,1.05,0.723394162736675,1.05025804840559,1.01840551193171,TRUE,curve,M1,AUCinf_Aiii_only,5000,4378,87.56,86.6162618246869,88.4460684052005,exceeding
k2016,V2_down_111,V2,down,1.11,0.439773612093738,1.11045945165552,1.05394819804994,TRUE,curve,M0,P2,2000,1570,78.5,76.6457859728076,80.244942332161,exceeding
k2016,V2_down_111,V2,down,1.11,0.439773612093738,1.11045945165552,1.05394819804994,TRUE,curve,M1,P2,2000,1594,79.7,77.8810047553155,81.4051226361781,exceeding
k2016,V2_down_111,V2,down,1.11,0.439773612093738,1.11045945165552,1.05394819804994,TRUE,curve,M0,F3A_iii,2000,961,48.05,45.866195647116,50.2412808372809,exceeding
k2016,V2_down_111,V2,down,1.11,0.439773612093738,1.11045945165552,1.05394819804994,TRUE,curve,M1,F3A_iii,2000,990,49.5,47.3118628518895,51.6900541953918,exceeding
k2016,V2_down_111,V2,down,1.11,0.439773612093738,1.11045945165552,1.05394819804994,TRUE,curve,M0,G2A_iii,2000,996,49.8,47.6111959647079,51.9895708542046,exceeding
k2016,V2_down_111,V2,down,1.11,0.439773612093738,1.11045945165552,1.05394819804994,TRUE,curve,M1,G2A_iii,2000,1022,51.1,48.9092151589457,53.2865673370356,exceeding
k2016,V2_down_111,V2,down,1.11,0.439773612093738,1.11045945165552,1.05394819804994,TRUE,curve,M0,F3B,2000,1475,73.75,71.777462942242,75.6314773118985,exceeding
k2016,V2_down_111,V2,down,1.11,0.439773612093738,1.11045945165552,1.05394819804994,TRUE,curve,M1,F3B,2000,1499,74.95,73.0043974979237,76.7999418427418,exceeding
k2016,V2_down_111,V2,down,1.11,0.439773612093738,1.11045945165552,1.05394819804994,TRUE,curve,M0,G2B,2000,1508,75.4,73.4649912811818,77.2376227169306,exceeding
k2016,V2_down_111,V2,down,1.11,0.439773612093738,1.11045945165552,1.05394819804994,TRUE,curve,M1,G2B,2000,1531,76.55,74.6433337269372,78.3548710624283,exceeding
k2016,V2_down_111,V2,down,1.11,0.439773612093738,1.11045945165552,1.05394819804994,TRUE,curve,M0,G2_true,2000,1618,80.9,79.1186391777489,82.5628873002697,exceeding
k2016,V2_down_111,V2,down,1.11,0.439773612093738,1.11045945165552,1.05394819804994,TRUE,curve,M1,G2_true,2000,1643,82.15,80.4105964941823,83.7661373656332,exceeding
k2016,V2_down_111,V2,down,1.11,0.439773612093738,1.11045945165552,1.05394819804994,TRUE,curve,M0,AUClast_only,2000,1570,78.5,76.6457859728076,80.244942332161,exceeding
k2016,V2_down_111,V2,down,1.11,0.439773612093738,1.11045945165552,1.05394819804994,TRUE,curve,M1,AUClast_only,2000,1594,79.7,77.8810047553155,81.4051226361781,exceeding
k2016,V2_down_111,V2,down,1.11,0.439773612093738,1.11045945165552,1.05394819804994,TRUE,curve,M0,AUCinf_Aiii_only,2000,998,49.9,47.7109911498656,52.0893922595906,exceeding
k2016,V2_down_111,V2,down,1.11,0.439773612093738,1.11045945165552,1.05394819804994,TRUE,curve,M1,AUCinf_Aiii_only,2000,1024,51.2,49.0091239911856,53.3862750953394,exceeding
k2016,V2_down_118,V2,down,1.18,0.145030162417582,1.18027553007479,1.13573943241727,TRUE,curve,M0,P2,2000,654,32.7,30.6789095701304,34.787420265801,exceeding
k2016,V2_down_118,V2,down,1.18,0.145030162417582,1.18027553007479,1.13573943241727,TRUE,curve,M1,P2,2000,687,34.35,32.3005811259709,36.4594224539323,exceeding
k2016,V2_down_118,V2,down,1.18,0.145030162417582,1.18027553007479,1.13573943241727,TRUE,curve,M0,F3A_iii,2000,214,10.7,9.4198201475254,12.1308597687811,exceeding
k2016,V2_down_118,V2,down,1.18,0.145030162417582,1.18027553007479,1.13573943241727,TRUE,curve,M1,F3A_iii,2000,241,12.05,10.6955256968573,13.5499781917898,exceeding
k2016,V2_down_118,V2,down,1.18,0.145030162417582,1.18027553007479,1.13573943241727,TRUE,curve,M0,G2A_iii,2000,246,12.3,10.9324249775717,13.8121203874348,exceeding
k2016,V2_down_118,V2,down,1.18,0.145030162417582,1.18027553007479,1.13573943241727,TRUE,curve,M1,G2A_iii,2000,269,13.45,12.0245616478323,15.0155745084273,exceeding
k2016,V2_down_118,V2,down,1.18,0.145030162417582,1.18027553007479,1.13573943241727,TRUE,curve,M0,F3B,2000,422,21.1,19.368072087379,22.9427332454774,exceeding
k2016,V2_down_118,V2,down,1.18,0.145030162417582,1.18027553007479,1.13573943241727,TRUE,curve,M1,F3B,2000,454,22.7,20.9175054182698,24.5871653632866,exceeding
k2016,V2_down_118,V2,down,1.18,0.145030162417582,1.18027553007479,1.13573943241727,TRUE,curve,M0,G2B,2000,442,22.1,20.3360065572627,23.9709646810312,exceeding
k2016,V2_down_118,V2,down,1.18,0.145030162417582,1.18027553007479,1.13573943241727,TRUE,curve,M1,G2B,2000,473,23.65,21.8392993167624,25.5617290749596,exceeding
k2016,V2_down_118,V2,down,1.18,0.145030162417582,1.18027553007479,1.13573943241727,TRUE,curve,M0,G2_true,2000,617,30.85,28.8641038408717,32.9093190700002,exceeding
k2016,V2_down_118,V2,down,1.18,0.145030162417582,1.18027553007479,1.13573943241727,TRUE,curve,M1,G2_true,2000,651,32.55,30.5316260736632,34.6352788764525,exceeding
k2016,V2_down_118,V2,down,1.18,0.145030162417582,1.18027553007479,1.13573943241727,TRUE,curve,M0,AUClast_only,2000,695,34.75,32.6941355541485,36.8643343879297,exceeding
k2016,V2_down_118,V2,down,1.18,0.145030162417582,1.18027553007479,1.13573943241727,TRUE,curve,M1,AUClast_only,2000,730,36.5,34.4178227107864,38.6339375658074,exceeding
k2016,V2_down_118,V2,down,1.18,0.145030162417582,1.18027553007479,1.13573943241727,TRUE,curve,M0,AUCinf_Aiii_only,2000,270,13.5,12.07213108764,15.0678133638914,exceeding
k2016,V2_down_118,V2,down,1.18,0.145030162417582,1.18027553007479,1.13573943241727,TRUE,curve,M1,AUCinf_Aiii_only,2000,292,14.6,13.1203310239422,16.2153959235705,exceeding
k2016,V2_up_080,V2,up,0.8,3.21003979693093,0.799717812019852,0.962983911224041,TRUE,boundary,M0,P2,10000,397,3.97,3.60465114473627,4.37069974526822,conservative
k2016,V2_up_080,V2,up,0.8,3.21003979693093,0.799717812019852,0.962983911224041,TRUE,boundary,M1,P2,10000,433,4.33,3.94831383323837,4.74676057793923,conservative
k2016,V2_up_080,V2,up,0.8,3.21003979693093,0.799717812019852,0.962983911224041,TRUE,boundary,M0,F3A_iii,10000,208,2.08,1.81813537314229,2.37866703070336,conservative
k2016,V2_up_080,V2,up,0.8,3.21003979693093,0.799717812019852,0.962983911224041,TRUE,boundary,M1,F3A_iii,10000,241,2.41,2.12719764325573,2.72935132166526,conservative
k2016,V2_up_080,V2,up,0.8,3.21003979693093,0.799717812019852,0.962983911224041,TRUE,boundary,M0,G2A_iii,10000,591,5.91,5.46452661165637,6.38933436466989,exceeding
k2016,V2_up_080,V2,up,0.8,3.21003979693093,0.799717812019852,0.962983911224041,TRUE,boundary,M1,G2A_iii,10000,622,6.22,5.76323639780185,6.71038649953459,exceeding
k2016,V2_up_080,V2,up,0.8,3.21003979693093,0.799717812019852,0.962983911224041,TRUE,boundary,M0,F3B,10000,274,2.74,2.43773866715423,3.07855685884212,conservative
k2016,V2_up_080,V2,up,0.8,3.21003979693093,0.799717812019852,0.962983911224041,TRUE,boundary,M1,F3B,10000,309,3.09,2.76843491466,3.44759181247688,conservative
k2016,V2_up_080,V2,up,0.8,3.21003979693093,0.799717812019852,0.962983911224041,TRUE,boundary,M0,G2B,10000,347,3.47,3.1287811116642,3.84695377671097,conservative
k2016,V2_up_080,V2,up,0.8,3.21003979693093,0.799717812019852,0.962983911224041,TRUE,boundary,M1,G2B,10000,376,3.76,3.40456732471201,4.15094484460816,conservative
k2016,V2_up_080,V2,up,0.8,3.21003979693093,0.799717812019852,0.962983911224041,TRUE,boundary,M0,G2_true,10000,439,4.39,4.00566646353162,4.8093618678415,conservative
k2016,V2_up_080,V2,up,0.8,3.21003979693093,0.799717812019852,0.962983911224041,TRUE,boundary,M1,G2_true,10000,496,4.96,4.55148389118455,5.403106682046,nominal
k2016,V2_up_080,V2,up,0.8,3.21003979693093,0.799717812019852,0.962983911224041,TRUE,boundary,M0,AUClast_only,10000,397,3.97,3.60465114473627,4.37069974526822,conservative
k2016,V2_up_080,V2,up,0.8,3.21003979693093,0.799717812019852,0.962983911224041,TRUE,boundary,M1,AUClast_only,10000,433,4.33,3.94831383323837,4.74676057793923,conservative
k2016,V2_up_080,V2,up,0.8,3.21003979693093,0.799717812019852,0.962983911224041,TRUE,boundary,M0,AUCinf_Aiii_only,10000,591,5.91,5.46452661165637,6.38933436466989,exceeding
k2016,V2_up_080,V2,up,0.8,3.21003979693093,0.799717812019852,0.962983911224041,TRUE,boundary,M1,AUCinf_Aiii_only,10000,622,6.22,5.76323639780185,6.71038649953459,exceeding
k2016,V2_up_085,V2,up,0.85,2.33609006981602,0.849579037742249,0.9695041481082,TRUE,curve,M0,P2,2000,618,30.9,28.9131035851074,32.9601276210364,exceeding
k2016,V2_up_085,V2,up,0.85,2.33609006981602,0.849579037742249,0.9695041481082,TRUE,curve,M1,P2,2000,661,33.05,31.0226634769634,35.1423244258711,exceeding
k2016,V2_up_085,V2,up,0.85,2.33609006981602,0.849579037742249,0.9695041481082,TRUE,curve,M0,F3A_iii,2000,401,20.05,18.3534718536193,21.8613592785278,exceeding
k2016,V2_up_085,V2,up,0.85,2.33609006981602,0.849579037742249,0.9695041481082,TRUE,curve,M1,F3A_iii,2000,432,21.6,19.8518436011675,23.4570446844076,exceeding
k2016,V2_up_085,V2,up,0.85,2.33609006981602,0.849579037742249,0.9695041481082,TRUE,curve,M0,G2A_iii,2000,569,28.45,26.5154471495893,30.4671775882327,exceeding
k2016,V2_up_085,V2,up,0.85,2.33609006981602,0.849579037742249,0.9695041481082,TRUE,curve,M1,G2A_iii,2000,591,29.55,27.5910942202288,31.5873130135745,exceeding
k2016,V2_up_085,V2,up,0.85,2.33609006981602,0.849579037742249,0.9695041481082,TRUE,curve,M0,F3B,2000,525,26.25,24.3685226881015,28.222537057758,exceeding
k2016,V2_up_085,V2,up,0.85,2.33609006981602,0.849579037742249,0.9695041481082,TRUE,curve,M1,F3B,2000,559,27.95,26.0269892713263,29.957552513777,exceeding
k2016,V2_up_085,V2,up,0.85,2.33609006981602,0.849579037742249,0.9695041481082,TRUE,curve,M0,G2B,2000,583,29.15,27.1997864613668,31.1801544102615,exceeding
k2016,V2_up_085,V2,up,0.85,2.33609006981602,0.849579037742249,0.9695041481082,TRUE,curve,M1,G2B,2000,613,30.65,28.6681326075757,32.7060571222088,exceeding
k2016,V2_up_085,V2,up,0.85,2.33609006981602,0.849579037742249,0.9695041481082,TRUE,curve,M0,G2_true,2000,698,34.9,32.8417602624658,37.0161345654281,exceeding
k2016,V2_up_085,V2,up,0.85,2.33609006981602,0.849579037742249,0.9695041481082,TRUE,curve,M1,G2_true,2000,742,37.1,35.0094961324217,39.2399636874346,exceeding
k2016,V2_up_085,V2,up,0.85,2.33609006981602,0.849579037742249,0.9695041481082,TRUE,curve,M0,AUClast_only,2000,618,30.9,28.9131035851074,32.9601276210364,exceeding
k2016,V2_up_085,V2,up,0.85,2.33609006981602,0.849579037742249,0.9695041481082,TRUE,curve,M1,AUClast_only,2000,661,33.05,31.0226634769634,35.1423244258711,exceeding
k2016,V2_up_085,V2,up,0.85,2.33609006981602,0.849579037742249,0.9695041481082,TRUE,curve,M0,AUCinf_Aiii_only,2000,569,28.45,26.5154471495893,30.4671775882327,exceeding
k2016,V2_up_085,V2,up,0.85,2.33609006981602,0.849579037742249,0.9695041481082,TRUE,curve,M1,AUCinf_Aiii_only,2000,591,29.55,27.5910942202288,31.5873130135745,exceeding
k2016,V2_up_090,V2,up,0.9,1.75708053104298,0.899763544323836,0.977285934955137,TRUE,curve,M0,P2,2000,1534,76.7,74.7971684653988,78.5004612097823,exceeding
k2016,V2_up_090,V2,up,0.9,1.75708053104298,0.899763544323836,0.977285934955137,TRUE,curve,M1,P2,2000,1565,78.25,76.3887386600052,80.002948168604,exceeding
k2016,V2_up_090,V2,up,0.9,1.75708053104298,0.899763544323836,0.977285934955137,TRUE,curve,M0,F3A_iii,2000,1138,56.9,54.7184729128528,59.055071834666,exceeding
k2016,V2_up_090,V2,up,0.9,1.75708053104298,0.899763544323836,0.977285934955137,TRUE,curve,M1,F3A_iii,2000,1188,59.4,57.2317349707537,61.5322245403588,exceeding
k2016,V2_up_090,V2,up,0.9,1.75708053104298,0.899763544323836,0.977285934955137,TRUE,curve,M0,G2A_iii,2000,1251,62.55,60.406682389899,64.6451997233416,exceeding
k2016,V2_up_090,V2,up,0.9,1.75708053104298,0.899763544323836,0.977285934955137,TRUE,curve,M1,G2A_iii,2000,1296,64.8,62.6803330882709,66.8629223122041,exceeding
k2016,V2_up_090,V2,up,0.9,1.75708053104298,0.899763544323836,0.977285934955137,TRUE,curve,M0,F3B,2000,1467,73.35,71.3688990047043,75.2415748872612,exceeding
k2016,V2_up_090,V2,up,0.9,1.75708053104298,0.899763544323836,0.977285934955137,TRUE,curve,M1,F3B,2000,1503,75.15,73.209072011758,76.994500509995,exceeding
k2016,V2_up_090,V2,up,0.9,1.75708053104298,0.899763544323836,0.977285934955137,TRUE,curve,M0,G2B,2000,1534,76.7,74.7971684653988,78.5004612097823,exceeding
k2016,V2_up_090,V2,up,0.9,1.75708053104298,0.899763544323836,0.977285934955137,TRUE,curve,M1,G2B,2000,1561,78.05,76.1831707948122,79.8092828527095,exceeding
k2016,V2_up_090,V2,up,0.9,1.75708053104298,0.899763544323836,0.977285934955137,TRUE,curve,M0,G2_true,2000,1619,80.95,79.1702621498451,82.6110726234454,exceeding
k2016,V2_up_090,V2,up,0.9,1.75708053104298,0.899763544323836,0.977285934955137,TRUE,curve,M1,G2_true,2000,1651,82.55,80.8246522578818,84.1505479641086,exceeding
k2016,V2_up_090,V2,up,0.9,1.75708053104298,0.899763544323836,0.977285934955137,TRUE,curve,M0,AUClast_only,2000,1534,76.7,74.7971684653988,78.5004612097823,exceeding
k2016,V2_up_090,V2,up,0.9,1.75708053104298,0.899763544323836,0.977285934955137,TRUE,curve,M1,AUClast_only,2000,1565,78.25,76.3887386600052,80.002948168604,exceeding
k2016,V2_up_090,V2,up,0.9,1.75708053104298,0.899763544323836,0.977285934955137,TRUE,curve,M0,AUCinf_Aiii_only,2000,1251,62.55,60.406682389899,64.6451997233416,exceeding
k2016,V2_up_090,V2,up,0.9,1.75708053104298,0.899763544323836,0.977285934955137,TRUE,curve,M1,AUCinf_Aiii_only,2000,1296,64.8,62.6803330882709,66.8629223122041,exceeding
k2016,V2_up_095,V2,up,0.95,1.33352143216332,0.949844014998027,0.987033824746741,TRUE,curve,M0,P2,5000,4856,97.12,96.6190258200132,97.5486259486847,exceeding
k2016,V2_up_095,V2,up,0.95,1.33352143216332,0.949844014998027,0.987033824746741,TRUE,curve,M1,P2,5000,4869,97.38,96.8995641873723,97.7876883763141,exceeding
k2016,V2_up_095,V2,up,0.95,1.33352143216332,0.949844014998027,0.987033824746741,TRUE,curve,M0,F3A_iii,5000,4375,87.5,86.5544217799072,88.3880005742135,exceeding
k2016,V2_up_095,V2,up,0.95,1.33352143216332,0.949844014998027,0.987033824746741,TRUE,curve,M1,F3A_iii,5000,4431,88.62,87.7099519664568,89.470750735307,exceeding
k2016,V2_up_095,V2,up,0.95,1.33352143216332,0.949844014998027,0.987033824746741,TRUE,curve,M0,G2A_iii,5000,4415,88.3,87.379538604425,89.1616554265836,exceeding
k2016,V2_up_095,V2,up,0.95,1.33352143216332,0.949844014998027,0.987033824746741,TRUE,curve,M1,G2A_iii,5000,4467,89.34,88.4542028326342,90.1653943783287,exceeding
k2016,V2_up_095,V2,up,0.95,1.33352143216332,0.949844014998027,0.987033824746741,TRUE,curve,M0,F3B,5000,4827,96.54,95.9966189053468,97.0119233976073,exceeding
k2016,V2_up_095,V2,up,0.95,1.33352143216332,0.949844014998027,0.987033824746741,TRUE,curve,M1,F3B,5000,4842,96.84,96.318015212743,97.2900664690441,exceeding
k2016,V2_up_095,V2,up,0.95,1.33352143216332,0.949844014998027,0.987033824746741,TRUE,curve,M0,G2B,5000,4879,97.58,97.1161296221113,97.970815860797,exceeding
k2016,V2_up_095,V2,up,0.95,1.33352143216332,0.949844014998027,0.987033824746741,TRUE,curve,M1,G2B,5000,4887,97.74,97.2899218570128,98.1167779612732,exceeding
k2016,V2_up_095,V2,up,0.95,1.33352143216332,0.949844014998027,0.987033824746741,TRUE,curve,M0,G2_true,5000,4903,98.06,97.6391691574641,98.4070393315771,exceeding
k2016,V2_up_095,V2,up,0.95,1.33352143216332,0.949844014998027,0.987033824746741,TRUE,curve,M1,G2_true,5000,4913,98.26,97.8587687518667,98.5871326563964,exceeding
k2016,V2_up_095,V2,up,0.95,1.33352143216332,0.949844014998027,0.987033824746741,TRUE,curve,M0,AUClast_only,5000,4856,97.12,96.6190258200132,97.5486259486847,exceeding
k2016,V2_up_095,V2,up,0.95,1.33352143216332,0.949844014998027,0.987033824746741,TRUE,curve,M1,AUClast_only,5000,4869,97.38,96.8995641873723,97.7876883763141,exceeding
k2016,V2_up_095,V2,up,0.95,1.33352143216332,0.949844014998027,0.987033824746741,TRUE,curve,M0,AUCinf_Aiii_only,5000,4415,88.3,87.379538604425,89.1616554265836,exceeding
k2016,V2_up_095,V2,up,0.95,1.33352143216332,0.949844014998027,0.987033824746741,TRUE,curve,M1,AUCinf_Aiii_only,5000,4467,89.34,88.4542028326342,90.1653943783287,exceeding
k2016,Vmax_down_105,Vmax,down,1.05,0.920858091018106,1.0501268585424,1.01254329055033,TRUE,curve,M0,P2,5000,4807,96.14,95.5696490775797,96.6395073869304,exceeding
k2016,Vmax_down_105,Vmax,down,1.05,0.920858091018106,1.0501268585424,1.01254329055033,TRUE,curve,M1,P2,5000,4829,96.58,96.0394103115057,97.0490705752928,exceeding
k2016,Vmax_down_105,Vmax,down,1.05,0.920858091018106,1.0501268585424,1.01254329055033,TRUE,curve,M0,F3A_iii,5000,4498,89.96,89.096059004845,90.7625862557061,exceeding
k2016,Vmax_down_105,Vmax,down,1.05,0.920858091018106,1.0501268585424,1.01254329055033,TRUE,curve,M1,F3A_iii,5000,4536,90.72,89.8841949698732,91.4932833837214,exceeding
k2016,Vmax_down_105,Vmax,down,1.05,0.920858091018106,1.0501268585424,1.01254329055033,TRUE,curve,M0,G2A_iii,5000,4569,91.38,90.5699493710566,92.1265156159705,exceeding
k2016,Vmax_down_105,Vmax,down,1.05,0.920858091018106,1.0501268585424,1.01254329055033,TRUE,curve,M1,G2A_iii,5000,4601,92.02,91.2362232219039,92.7392591066336,exceeding
k2016,Vmax_down_105,Vmax,down,1.05,0.920858091018106,1.0501268585424,1.01254329055033,TRUE,curve,M0,F3B,5000,4802,96.04,95.4631566697902,96.5461533351089,exceeding
k2016,Vmax_down_105,Vmax,down,1.05,0.920858091018106,1.0501268585424,1.01254329055033,TRUE,curve,M1,F3B,5000,4823,96.46,95.9110898174771,96.9375753177882,exceeding
k2016,Vmax_down_105,Vmax,down,1.05,0.920858091018106,1.0501268585424,1.01254329055033,TRUE,curve,M0,G2B,5000,4909,98.18,97.7707932044282,98.5152310361462,exceeding
k2016,Vmax_down_105,Vmax,down,1.05,0.920858091018106,1.0501268585424,1.01254329055033,TRUE,curve,M1,G2B,5000,4916,98.32,97.9248777849442,98.6409314990856,exceeding
k2016,Vmax_down_105,Vmax,down,1.05,0.920858091018106,1.0501268585424,1.01254329055033,TRUE,curve,M0,G2_true,5000,4898,97.96,97.5297703310084,98.3165916984217,exceeding
k2016,Vmax_down_105,Vmax,down,1.05,0.920858091018106,1.0501268585424,1.01254329055033,TRUE,curve,M1,G2_true,5000,4911,98.22,97.8147573836351,98.5512054407836,exceeding
k2016,Vmax_down_105,Vmax,down,1.05,0.920858091018106,1.0501268585424,1.01254329055033,TRUE,curve,M0,AUClast_only,5000,4807,96.14,95.5696490775797,96.6395073869304,exceeding
k2016,Vmax_down_105,Vmax,down,1.05,0.920858091018106,1.0501268585424,1.01254329055033,TRUE,curve,M1,AUClast_only,5000,4829,96.58,96.0394103115057,97.0490705752928,exceeding
k2016,Vmax_down_105,Vmax,down,1.05,0.920858091018106,1.0501268585424,1.01254329055033,TRUE,curve,M0,AUCinf_Aiii_only,5000,4569,91.38,90.5699493710566,92.1265156159705,exceeding
k2016,Vmax_down_105,Vmax,down,1.05,0.920858091018106,1.0501268585424,1.01254329055033,TRUE,curve,M1,AUCinf_Aiii_only,5000,4601,92.02,91.2362232219039,92.7392591066336,exceeding
k2016,Vmax_down_111,Vmax,down,1.11,0.834111210802917,1.11021177044599,1.02637811247337,TRUE,curve,M0,P2,2000,1496,74.8,72.8509268546739,76.653987600176,exceeding
k2016,Vmax_down_111,Vmax,down,1.11,0.834111210802917,1.11021177044599,1.02637811247337,TRUE,curve,M1,P2,2000,1532,76.6,74.6946083753828,78.4034047092546,exceeding
k2016,Vmax_down_111,Vmax,down,1.11,0.834111210802917,1.11021177044599,1.02637811247337,TRUE,curve,M0,F3A_iii,2000,1295,64.75,62.629753150927,66.813693954276,exceeding
k2016,Vmax_down_111,Vmax,down,1.11,0.834111210802917,1.11021177044599,1.02637811247337,TRUE,curve,M1,F3A_iii,2000,1328,66.4,64.3002283397257,68.4368925094492,exceeding
k2016,Vmax_down_111,Vmax,down,1.11,0.834111210802917,1.11021177044599,1.02637811247337,TRUE,curve,M0,G2A_iii,2000,1453,72.65,70.6543967133923,74.558761044767,exceeding
k2016,Vmax_down_111,Vmax,down,1.11,0.834111210802917,1.11021177044599,1.02637811247337,TRUE,curve,M1,G2A_iii,2000,1474,73.7,71.7263812979398,75.5827506609288,exceeding
k2016,Vmax_down_111,Vmax,down,1.11,0.834111210802917,1.11021177044599,1.02637811247337,TRUE,curve,M0,F3B,2000,1494,74.7,72.748629774965,76.5566680893411,exceeding
k2016,Vmax_down_111,Vmax,down,1.11,0.834111210802917,1.11021177044599,1.02637811247337,TRUE,curve,M1,F3B,2000,1529,76.45,74.5407951833756,78.2577930154461,exceeding
k2016,Vmax_down_111,Vmax,down,1.11,0.834111210802917,1.11021177044599,1.02637811247337,TRUE,curve,M0,G2B,2000,1679,83.95,82.2764198632909,85.4934126263121,exceeding
k2016,Vmax_down_111,Vmax,down,1.11,0.834111210802917,1.11021177044599,1.02637811247337,TRUE,curve,M1,G2B,2000,1697,84.85,83.2119542548813,86.3544275496154,exceeding
k2016,Vmax_down_111,Vmax,down,1.11,0.834111210802917,1.11021177044599,1.02637811247337,TRUE,curve,M0,G2_true,2000,1641,82.05,80.3071314180758,83.6699858511959,exceeding
k2016,Vmax_down_111,Vmax,down,1.11,0.834111210802917,1.11021177044599,1.02637811247337,TRUE,curve,M1,G2_true,2000,1665,83.25,81.550022975326,84.8224933804707,exceeding
k2016,Vmax_down_111,Vmax,down,1.11,0.834111210802917,1.11021177044599,1.02637811247337,TRUE,curve,M0,AUClast_only,2000,1496,74.8,72.8509268546739,76.653987600176,exceeding
k2016,Vmax_down_111,Vmax,down,1.11,0.834111210802917,1.11021177044599,1.02637811247337,TRUE,curve,M1,AUClast_only,2000,1532,76.6,74.6946083753828,78.4034047092546,exceeding
k2016,Vmax_down_111,Vmax,down,1.11,0.834111210802917,1.11021177044599,1.02637811247337,TRUE,curve,M0,AUCinf_Aiii_only,2000,1454,72.7,70.7054123881842,74.607553665247,exceeding
k2016,Vmax_down_111,Vmax,down,1.11,0.834111210802917,1.11021177044599,1.02637811247337,TRUE,curve,M1,AUCinf_Aiii_only,2000,1475,73.75,71.777462942242,75.6314773118985,exceeding
k2016,Vmax_down_118,Vmax,down,1.18,0.742622715127721,1.18042880851468,1.04107033396906,TRUE,curve,M0,P2,2000,520,26,24.1249376083328,27.9670806611673,exceeding
k2016,Vmax_down_118,Vmax,down,1.18,0.742622715127721,1.18042880851468,1.04107033396906,TRUE,curve,M1,P2,2000,556,27.8,25.880510580025,29.8046063192626,exceeding
k2016,Vmax_down_118,Vmax,down,1.18,0.742622715127721,1.18042880851468,1.04107033396906,TRUE,curve,M0,F3A_iii,2000,419,20.95,19.2230184615685,22.7883619854722,exceeding
k2016,Vmax_down_118,Vmax,down,1.18,0.742622715127721,1.18042880851468,1.04107033396906,TRUE,curve,M1,F3A_iii,2000,444,22.2,20.4328852724917,24.0737025563459,exceeding
k2016,Vmax_down_118,Vmax,down,1.18,0.742622715127721,1.18042880851468,1.04107033396906,TRUE,curve,M0,G2A_iii,2000,782,39.1,36.9842417837671,41.2575498469642,exceeding
k2016,Vmax_down_118,Vmax,down,1.18,0.742622715127721,1.18042880851468,1.04107033396906,TRUE,curve,M1,G2A_iii,2000,803,40.15,38.0224957074578,42.3152701239829,exceeding
k2016,Vmax_down_118,Vmax,down,1.18,0.742622715127721,1.18042880851468,1.04107033396906,TRUE,curve,M0,F3B,2000,518,25.9,24.0275261694843,27.8648755094721,exceeding
k2016,Vmax_down_118,Vmax,down,1.18,0.742622715127721,1.18042880851468,1.04107033396906,TRUE,curve,M1,F3B,2000,554,27.7,25.7828732867252,29.7026270220187,exceeding
k2016,Vmax_down_118,Vmax,down,1.18,0.742622715127721,1.18042880851468,1.04107033396906,TRUE,curve,M0,G2B,2000,833,41.65,39.5074862980739,43.824528391523,exceeding
k2016,Vmax_down_118,Vmax,down,1.18,0.742622715127721,1.18042880851468,1.04107033396906,TRUE,curve,M1,G2B,2000,858,42.9,40.7465473287475,45.0806747426463,exceeding
k2016,Vmax_down_118,Vmax,down,1.18,0.742622715127721,1.18042880851468,1.04107033396906,TRUE,curve,M0,G2_true,2000,679,33.95,31.9071898816018,36.0543473361264,exceeding
k2016,Vmax_down_118,Vmax,down,1.18,0.742622715127721,1.18042880851468,1.04107033396906,TRUE,curve,M1,G2_true,2000,724,36.2,34.122117922281,38.3307925826816,exceeding
k2016,Vmax_down_118,Vmax,down,1.18,0.742622715127721,1.18042880851468,1.04107033396906,TRUE,curve,M0,AUClast_only,2000,520,26,24.1249376083328,27.9670806611673,exceeding
k2016,Vmax_down_118,Vmax,down,1.18,0.742622715127721,1.18042880851468,1.04107033396906,TRUE,curve,M1,AUClast_only,2000,556,27.8,25.880510580025,29.8046063192626,exceeding
k2016,Vmax_down_118,Vmax,down,1.18,0.742622715127721,1.18042880851468,1.04107033396906,TRUE,curve,M0,AUCinf_Aiii_only,2000,782,39.1,36.9842417837671,41.2575498469642,exceeding
k2016,Vmax_down_118,Vmax,down,1.18,0.742622715127721,1.18042880851468,1.04107033396906,TRUE,curve,M1,AUCinf_Aiii_only,2000,803,40.15,38.0224957074578,42.3152701239829,exceeding
k2016,Vmax_down_125,Vmax,down,1.25,0.660178624277622,1.25088393369916,1.0544021629266,TRUE,boundary,M0,P2,10000,267,2.67,2.37175657034417,3.00459271542408,conservative
k2016,Vmax_down_125,Vmax,down,1.25,0.660178624277622,1.25088393369916,1.0544021629266,TRUE,boundary,M1,P2,10000,293,2.93,2.61710405911661,3.27904554749888,conservative
k2016,Vmax_down_125,Vmax,down,1.25,0.660178624277622,1.25088393369916,1.0544021629266,TRUE,boundary,M0,F3A_iii,10000,210,2.1,1.83681840466461,2.3999686392462,conservative
k2016,Vmax_down_125,Vmax,down,1.25,0.660178624277622,1.25088393369916,1.0544021629266,TRUE,boundary,M1,F3A_iii,10000,231,2.31,2.03337232628912,2.62325343830601,conservative
k2016,Vmax_down_125,Vmax,down,1.25,0.660178624277622,1.25088393369916,1.0544021629266,TRUE,boundary,M0,G2A_iii,10000,1159,11.59,10.9773022607518,12.2321964940835,exceeding
k2016,Vmax_down_125,Vmax,down,1.25,0.660178624277622,1.25088393369916,1.0544021629266,TRUE,boundary,M1,G2A_iii,10000,1200,12,11.3776341654731,12.6515497106983,exceeding
k2016,Vmax_down_125,Vmax,down,1.25,0.660178624277622,1.25088393369916,1.0544021629266,TRUE,boundary,M0,F3B,10000,264,2.64,2.34349585263643,2.97287647303405,conservative
k2016,Vmax_down_125,Vmax,down,1.25,0.660178624277622,1.25088393369916,1.0544021629266,TRUE,boundary,M1,F3B,10000,291,2.91,2.5982055888652,3.25795937768512,conservative
k2016,Vmax_down_125,Vmax,down,1.25,0.660178624277622,1.25088393369916,1.0544021629266,TRUE,boundary,M0,G2B,10000,637,6.37,5.90789458974844,6.8656131080768,exceeding
k2016,Vmax_down_125,Vmax,down,1.25,0.660178624277622,1.25088393369916,1.0544021629266,TRUE,boundary,M1,G2B,10000,691,6.91,6.42927245280774,7.42382052677717,exceeding
k2016,Vmax_down_125,Vmax,down,1.25,0.660178624277622,1.25088393369916,1.0544021629266,TRUE,boundary,M0,G2_true,10000,412,4.12,3.7477466161893,4.52748907430398,conservative
k2016,Vmax_down_125,Vmax,down,1.25,0.660178624277622,1.25088393369916,1.0544021629266,TRUE,boundary,M1,G2_true,10000,453,4.53,4.13956809717817,4.95535271465116,conservative
k2016,Vmax_down_125,Vmax,down,1.25,0.660178624277622,1.25088393369916,1.0544021629266,TRUE,boundary,M0,AUClast_only,10000,267,2.67,2.37175657034417,3.00459271542408,conservative
k2016,Vmax_down_125,Vmax,down,1.25,0.660178624277622,1.25088393369916,1.0544021629266,TRUE,boundary,M1,AUClast_only,10000,293,2.93,2.61710405911661,3.27904554749888,conservative
k2016,Vmax_down_125,Vmax,down,1.25,0.660178624277622,1.25088393369916,1.0544021629266,TRUE,boundary,M0,AUCinf_Aiii_only,10000,1159,11.59,10.9773022607518,12.2321964940835,exceeding
k2016,Vmax_down_125,Vmax,down,1.25,0.660178624277622,1.25088393369916,1.0544021629266,TRUE,boundary,M1,AUCinf_Aiii_only,10000,1200,12,11.3776341654731,12.6515497106983,exceeding
k2016,Vmax_up_080,Vmax,up,0.8,1.39486202241965,0.799417254503779,0.93845337546823,TRUE,boundary,M0,P2,10000,225,2.25,1.97714552453257,2.55952631986704,conservative
k2016,Vmax_up_080,Vmax,up,0.8,1.39486202241965,0.799417254503779,0.93845337546823,TRUE,boundary,M1,P2,10000,254,2.54,2.24937133385934,2.86707779148528,conservative
k2016,Vmax_up_080,Vmax,up,0.8,1.39486202241965,0.799417254503779,0.93845337546823,TRUE,boundary,M0,F3A_iii,10000,182,1.82,1.57590242041244,2.10109966258596,conservative
k2016,Vmax_up_080,Vmax,up,0.8,1.39486202241965,0.799417254503779,0.93845337546823,TRUE,boundary,M1,F3A_iii,10000,206,2.06,1.79945903728368,2.3573587264968,conservative
k2016,Vmax_up_080,Vmax,up,0.8,1.39486202241965,0.799417254503779,0.93845337546823,TRUE,boundary,M0,G2A_iii,10000,1704,17.04,16.3157746205102,17.7895385520848,exceeding
k2016,Vmax_up_080,Vmax,up,0.8,1.39486202241965,0.799417254503779,0.93845337546823,TRUE,boundary,M1,G2A_iii,10000,1747,17.47,16.7383110171133,18.2266719168829,exceeding
k2016,Vmax_up_080,Vmax,up,0.8,1.39486202241965,0.799417254503779,0.93845337546823,TRUE,boundary,M0,F3B,10000,225,2.25,1.97714552453257,2.55952631986704,conservative
k2016,Vmax_up_080,Vmax,up,0.8,1.39486202241965,0.799417254503779,0.93845337546823,TRUE,boundary,M1,F3B,10000,254,2.54,2.24937133385934,2.86707779148528,conservative
k2016,Vmax_up_080,Vmax,up,0.8,1.39486202241965,0.799417254503779,0.93845337546823,TRUE,boundary,M0,G2B,10000,1506,15.06,14.3724252150584,15.7744085910845,exceeding
k2016,Vmax_up_080,Vmax,up,0.8,1.39486202241965,0.799417254503779,0.93845337546823,TRUE,boundary,M1,G2B,10000,1603,16.03,15.3239846369558,16.7621042123479,exceeding
k2016,Vmax_up_080,Vmax,up,0.8,1.39486202241965,0.799417254503779,0.93845337546823,TRUE,boundary,M0,G2_true,10000,464,4.64,4.24485143793626,5.06998489425152,nominal
k2016,Vmax_up_080,Vmax,up,0.8,1.39486202241965,0.799417254503779,0.93845337546823,TRUE,boundary,M1,G2_true,10000,506,5.06,4.64740896597344,5.50710480758297,nominal
k2016,Vmax_up_080,Vmax,up,0.8,1.39486202241965,0.799417254503779,0.93845337546823,TRUE,boundary,M0,AUClast_only,10000,225,2.25,1.97714552453257,2.55952631986704,conservative
k2016,Vmax_up_080,Vmax,up,0.8,1.39486202241965,0.799417254503779,0.93845337546823,TRUE,boundary,M1,AUClast_only,10000,254,2.54,2.24937133385934,2.86707779148528,conservative
k2016,Vmax_up_080,Vmax,up,0.8,1.39486202241965,0.799417254503779,0.93845337546823,TRUE,boundary,M0,AUCinf_Aiii_only,10000,1705,17.05,16.3255991338532,17.7997063587744,exceeding
k2016,Vmax_up_080,Vmax,up,0.8,1.39486202241965,0.799417254503779,0.93845337546823,TRUE,boundary,M1,AUCinf_Aiii_only,10000,1748,17.48,16.7481394309317,18.2368358230971,exceeding
k2016,Vmax_up_085,Vmax,up,0.85,1.28254589997052,0.849537336749722,0.955792809548142,TRUE,curve,M0,P2,2000,456,22.8,21.0144742635029,24.6898131085973,exceeding
k2016,Vmax_up_085,Vmax,up,0.85,1.28254589997052,0.849537336749722,0.955792809548142,TRUE,curve,M1,P2,2000,481,24.05,22.2278102591928,25.9716844947043,exceeding
k2016,Vmax_up_085,Vmax,up,0.85,1.28254589997052,0.849537336749722,0.955792809548142,TRUE,curve,M0,F3A_iii,2000,375,18.75,17.0999104604792,20.5199049945992,exceeding
k2016,Vmax_up_085,Vmax,up,0.85,1.28254589997052,0.849537336749722,0.955792809548142,TRUE,curve,M1,F3A_iii,2000,404,20.2,18.4983025074325,22.0159535105302,exceeding
k2016,Vmax_up_085,Vmax,up,0.85,1.28254589997052,0.849537336749722,0.955792809548142,TRUE,curve,M0,G2A_iii,2000,851,42.55,40.3994676309902,44.7290963735005,exceeding
k2016,Vmax_up_085,Vmax,up,0.85,1.28254589997052,0.849537336749722,0.955792809548142,TRUE,curve,M1,G2A_iii,2000,887,44.35,42.1856213091795,46.5360413250987,exceeding
k2016,Vmax_up_085,Vmax,up,0.85,1.28254589997052,0.849537336749722,0.955792809548142,TRUE,curve,M0,F3B,2000,456,22.8,21.0144742635029,24.6898131085973,exceeding
k2016,Vmax_up_085,Vmax,up,0.85,1.28254589997052,0.849537336749722,0.955792809548142,TRUE,curve,M1,F3B,2000,481,24.05,22.2278102591928,25.9716844947043,exceeding
k2016,Vmax_up_085,Vmax,up,0.85,1.28254589997052,0.849537336749722,0.955792809548142,TRUE,curve,M0,G2B,2000,980,49,46.8131491676464,51.1906849269161,exceeding
k2016,Vmax_up_085,Vmax,up,0.85,1.28254589997052,0.849537336749722,0.955792809548142,TRUE,curve,M1,G2B,2000,1000,50,47.8107950751169,52.1892049248831,exceeding
k2016,Vmax_up_085,Vmax,up,0.85,1.28254589997052,0.849537336749722,0.955792809548142,TRUE,curve,M0,G2_true,2000,653,32.65,30.6298124226097,34.7367091180498,exceeding
k2016,Vmax_up_085,Vmax,up,0.85,1.28254589997052,0.849537336749722,0.955792809548142,TRUE,curve,M1,G2_true,2000,694,34.7,32.6449323724669,36.8137292743394,exceeding
k2016,Vmax_up_085,Vmax,up,0.85,1.28254589997052,0.849537336749722,0.955792809548142,TRUE,curve,M0,AUClast_only,2000,456,22.8,21.0144742635029,24.6898131085973,exceeding
k2016,Vmax_up_085,Vmax,up,0.85,1.28254589997052,0.849537336749722,0.955792809548142,TRUE,curve,M1,AUClast_only,2000,481,24.05,22.2278102591928,25.9716844947043,exceeding
k2016,Vmax_up_085,Vmax,up,0.85,1.28254589997052,0.849537336749722,0.955792809548142,TRUE,curve,M0,AUCinf_Aiii_only,2000,852,42.6,40.4490436740014,44.7793286257612,exceeding
k2016,Vmax_up_085,Vmax,up,0.85,1.28254589997052,0.849537336749722,0.955792809548142,TRUE,curve,M1,AUCinf_Aiii_only,2000,888,44.4,42.2352780759494,46.5861928536007,exceeding
k2016,Vmax_up_090,Vmax,up,0.9,1.18015786265738,0.899596810492939,0.971712808191971,TRUE,curve,M0,P2,2000,1381,69.05,66.9890665948383,71.037893903746,exceeding
k2016,Vmax_up_090,Vmax,up,0.9,1.18015786265738,0.899596810492939,0.971712808191971,TRUE,curve,M1,P2,2000,1410,70.5,68.4635717087826,72.4578293526861,exceeding
k2016,Vmax_up_090,Vmax,up,0.9,1.18015786265738,0.899596810492939,0.971712808191971,TRUE,curve,M0,F3A_iii,2000,1177,58.85,56.6783280940379,60.987740169084,exceeding
k2016,Vmax_up_090,Vmax,up,0.9,1.18015786265738,0.899596810492939,0.971712808191971,TRUE,curve,M1,F3A_iii,2000,1224,61.2,59.0448456841464,63.3122124567535,exceeding
k2016,Vmax_up_090,Vmax,up,0.9,1.18015786265738,0.899596810492939,0.971712808191971,TRUE,curve,M0,G2A_iii,2000,1422,71.1,69.0744140951787,73.0446865095525,exceeding
k2016,Vmax_up_090,Vmax,up,0.9,1.18015786265738,0.899596810492939,0.971712808191971,TRUE,curve,M1,G2A_iii,2000,1470,73.5,71.5220866416626,75.3878121361186,exceeding
k2016,Vmax_up_090,Vmax,up,0.9,1.18015786265738,0.899596810492939,0.971712808191971,TRUE,curve,M0,F3B,2000,1379,68.95,66.8874633125569,70.9398805954837,exceeding
k2016,Vmax_up_090,Vmax,up,0.9,1.18015786265738,0.899596810492939,0.971712808191971,TRUE,curve,M1,F3B,2000,1406,70.3,68.2600500452473,72.2621178351339,exceeding
k2016,Vmax_up_090,Vmax,up,0.9,1.18015786265738,0.899596810492939,0.971712808191971,TRUE,curve,M0,G2B,2000,1699,84.95,83.3160182582626,86.4499801367778,exceeding
k2016,Vmax_up_090,Vmax,up,0.9,1.18015786265738,0.899596810492939,0.971712808191971,TRUE,curve,M1,G2B,2000,1712,85.6,83.9930241615026,87.0704820720722,exceeding
k2016,Vmax_up_090,Vmax,up,0.9,1.18015786265738,0.899596810492939,0.971712808191971,TRUE,curve,M0,G2_true,2000,1566,78.3,76.4401403142022,80.0513548096788,exceeding
k2016,Vmax_up_090,Vmax,up,0.9,1.18015786265738,0.899596810492939,0.971712808191971,TRUE,curve,M1,G2_true,2000,1603,80.15,78.3448259037586,81.8395761451818,exceeding
k2016,Vmax_up_090,Vmax,up,0.9,1.18015786265738,0.899596810492939,0.971712808191971,TRUE,curve,M0,AUClast_only,2000,1381,69.05,66.9890665948383,71.037893903746,exceeding
k2016,Vmax_up_090,Vmax,up,0.9,1.18015786265738,0.899596810492939,0.971712808191971,TRUE,curve,M1,AUClast_only,2000,1410,70.5,68.4635717087826,72.4578293526861,exceeding
k2016,Vmax_up_090,Vmax,up,0.9,1.18015786265738,0.899596810492939,0.971712808191971,TRUE,curve,M0,AUCinf_Aiii_only,2000,1423,71.15,69.1253365698621,73.0935723301409,exceeding
k2016,Vmax_up_090,Vmax,up,0.9,1.18015786265738,0.899596810492939,0.971712808191971,TRUE,curve,M1,AUCinf_Aiii_only,2000,1471,73.55,71.5731555292036,75.4365515438494,exceeding
k2016,Vmax_up_095,Vmax,up,0.95,1.08594365380924,0.949938537515853,0.986460696182769,TRUE,curve,M0,P2,5000,4791,95.82,95.2291952656858,96.3404525280692,exceeding
k2016,Vmax_up_095,Vmax,up,0.95,1.08594365380924,0.949938537515853,0.986460696182769,TRUE,curve,M1,P2,5000,4821,96.42,95.8683515537119,96.900374997709,exceeding
k2016,Vmax_up_095,Vmax,up,0.95,1.08594365380924,0.949938537515853,0.986460696182769,TRUE,curve,M0,F3A_iii,5000,4409,88.18,87.2556889473588,89.0456893321166,exceeding
k2016,Vmax_up_095,Vmax,up,0.95,1.08594365380924,0.949938537515853,0.986460696182769,TRUE,curve,M1,F3A_iii,5000,4480,89.6,88.7232541553503,90.4159438506012,exceeding
k2016,Vmax_up_095,Vmax,up,0.95,1.08594365380924,0.949938537515853,0.986460696182769,TRUE,curve,M0,G2A_iii,5000,4495,89.9,89.0339023758371,90.7048350089474,exceeding
k2016,Vmax_up_095,Vmax,up,0.95,1.08594365380924,0.949938537515853,0.986460696182769,TRUE,curve,M1,G2A_iii,5000,4548,90.96,90.1334112183065,91.7236986383545,exceeding
k2016,Vmax_up_095,Vmax,up,0.95,1.08594365380924,0.949938537515853,0.986460696182769,TRUE,curve,M0,F3B,5000,4784,95.68,95.0805291356662,96.2093336146334,exceeding
k2016,Vmax_up_095,Vmax,up,0.95,1.08594365380924,0.949938537515853,0.986460696182769,TRUE,curve,M1,F3B,5000,4814,96.28,95.7189008877544,96.7700406202112,exceeding
k2016,Vmax_up_095,Vmax,up,0.95,1.08594365380924,0.949938537515853,0.986460696182769,TRUE,curve,M0,G2B,5000,4916,98.32,97.9248777849442,98.6409314990856,exceeding
k2016,Vmax_up_095,Vmax,up,0.95,1.08594365380924,0.949938537515853,0.986460696182769,TRUE,curve,M1,G2B,5000,4922,98.44,98.0574487489678,98.7481762865951,exceeding
k2016,Vmax_up_095,Vmax,up,0.95,1.08594365380924,0.949938537515853,0.986460696182769,TRUE,curve,M0,G2_true,5000,4886,97.72,97.2681697362026,98.0985607901611,exceeding
k2016,Vmax_up_095,Vmax,up,0.95,1.08594365380924,0.949938537515853,0.986460696182769,TRUE,curve,M1,G2_true,5000,4900,98,97.5734998464398,98.3528007668348,exceeding
k2016,Vmax_up_095,Vmax,up,0.95,1.08594365380924,0.949938537515853,0.986460696182769,TRUE,curve,M0,AUClast_only,5000,4791,95.82,95.2291952656858,96.3404525280692,exceeding
k2016,Vmax_up_095,Vmax,up,0.95,1.08594365380924,0.949938537515853,0.986460696182769,TRUE,curve,M1,AUClast_only,5000,4821,96.42,95.8683515537119,96.900374997709,exceeding
k2016,Vmax_up_095,Vmax,up,0.95,1.08594365380924,0.949938537515853,0.986460696182769,TRUE,curve,M0,AUCinf_Aiii_only,5000,4495,89.9,89.0339023758371,90.7048350089474,exceeding
k2016,Vmax_up_095,Vmax,up,0.95,1.08594365380924,0.949938537515853,0.986460696182769,TRUE,curve,M1,AUCinf_Aiii_only,5000,4548,90.96,90.1334112183065,91.7236986383545,exceeding
k2016,ka_down_080,ka,down,0.8,0.440433361793372,0.799297411482507,0.631952944916229,FALSE,boundary,M0,P2,10000,0,0,0,0.0383998370676596,conservative
k2016,ka_down_080,ka,down,0.8,0.440433361793372,0.799297411482507,0.631952944916229,FALSE,boundary,M1,P2,10000,0,0,0,0.0383998370676596,conservative
k2016,ka_down_080,ka,down,0.8,0.440433361793372,0.799297411482507,0.631952944916229,FALSE,boundary,M0,F3A_iii,10000,0,0,0,0.0383998370676596,conservative
k2016,ka_down_080,ka,down,0.8,0.440433361793372,0.799297411482507,0.631952944916229,FALSE,boundary,M1,F3A_iii,10000,0,0,0,0.0383998370676596,conservative
k2016,ka_down_080,ka,down,0.8,0.440433361793372,0.799297411482507,0.631952944916229,FALSE,boundary,M0,G2A_iii,10000,0,0,0,0.0383998370676596,conservative
k2016,ka_down_080,ka,down,0.8,0.440433361793372,0.799297411482507,0.631952944916229,FALSE,boundary,M1,G2A_iii,10000,0,0,0,0.0383998370676596,conservative
k2016,ka_down_080,ka,down,0.8,0.440433361793372,0.799297411482507,0.631952944916229,FALSE,boundary,M0,F3B,10000,0,0,0,0.0383998370676596,conservative
k2016,ka_down_080,ka,down,0.8,0.440433361793372,0.799297411482507,0.631952944916229,FALSE,boundary,M1,F3B,10000,0,0,0,0.0383998370676596,conservative
k2016,ka_down_080,ka,down,0.8,0.440433361793372,0.799297411482507,0.631952944916229,FALSE,boundary,M0,G2B,10000,0,0,0,0.0383998370676596,conservative
k2016,ka_down_080,ka,down,0.8,0.440433361793372,0.799297411482507,0.631952944916229,FALSE,boundary,M1,G2B,10000,0,0,0,0.0383998370676596,conservative
k2016,ka_down_080,ka,down,0.8,0.440433361793372,0.799297411482507,0.631952944916229,FALSE,boundary,M0,G2_true,10000,0,0,0,0.0383998370676596,conservative
k2016,ka_down_080,ka,down,0.8,0.440433361793372,0.799297411482507,0.631952944916229,FALSE,boundary,M1,G2_true,10000,0,0,0,0.0383998370676596,conservative
k2016,ka_down_080,ka,down,0.8,0.440433361793372,0.799297411482507,0.631952944916229,FALSE,boundary,M0,AUClast_only,10000,474,4.74,4.34061872899106,5.17414080352259,nominal
k2016,ka_down_080,ka,down,0.8,0.440433361793372,0.799297411482507,0.631952944916229,FALSE,boundary,M1,AUClast_only,10000,513,5.13,4.71458420421605,5.57987580956847,nominal
k2016,ka_down_080,ka,down,0.8,0.440433361793372,0.799297411482507,0.631952944916229,FALSE,boundary,M0,AUCinf_Aiii_only,10000,3286,32.86,31.9461316475221,33.7870318166247,exceeding
k2016,ka_down_080,ka,down,0.8,0.440433361793372,0.799297411482507,0.631952944916229,FALSE,boundary,M1,AUCinf_Aiii_only,10000,3328,33.28,32.363009829689,34.2098310758264,exceeding
k2016,ka_down_085,ka,down,0.85,0.50974945583338,0.849560255474036,0.698251617539185,FALSE,curve,M0,P2,2000,0,0,1.0842021724855e-17,0.191704728125293,conservative
k2016,ka_down_085,ka,down,0.85,0.50974945583338,0.849560255474036,0.698251617539185,FALSE,curve,M1,P2,2000,0,0,1.0842021724855e-17,0.191704728125293,conservative
k2016,ka_down_085,ka,down,0.85,0.50974945583338,0.849560255474036,0.698251617539185,FALSE,curve,M0,F3A_iii,2000,0,0,1.0842021724855e-17,0.191704728125293,conservative
k2016,ka_down_085,ka,down,0.85,0.50974945583338,0.849560255474036,0.698251617539185,FALSE,curve,M1,F3A_iii,2000,0,0,1.0842021724855e-17,0.191704728125293,conservative
k2016,ka_down_085,ka,down,0.85,0.50974945583338,0.849560255474036,0.698251617539185,FALSE,curve,M0,G2A_iii,2000,0,0,1.0842021724855e-17,0.191704728125293,conservative
k2016,ka_down_085,ka,down,0.85,0.50974945583338,0.849560255474036,0.698251617539185,FALSE,curve,M1,G2A_iii,2000,0,0,1.0842021724855e-17,0.191704728125293,conservative
k2016,ka_down_085,ka,down,0.85,0.50974945583338,0.849560255474036,0.698251617539185,FALSE,curve,M0,F3B,2000,0,0,1.0842021724855e-17,0.191704728125293,conservative
k2016,ka_down_085,ka,down,0.85,0.50974945583338,0.849560255474036,0.698251617539185,FALSE,curve,M1,F3B,2000,0,0,1.0842021724855e-17,0.191704728125293,conservative
k2016,ka_down_085,ka,down,0.85,0.50974945583338,0.849560255474036,0.698251617539185,FALSE,curve,M0,G2B,2000,0,0,1.0842021724855e-17,0.191704728125293,conservative
k2016,ka_down_085,ka,down,0.85,0.50974945583338,0.849560255474036,0.698251617539185,FALSE,curve,M1,G2B,2000,0,0,1.0842021724855e-17,0.191704728125293,conservative
k2016,ka_down_085,ka,down,0.85,0.50974945583338,0.849560255474036,0.698251617539185,FALSE,curve,M0,G2_true,2000,0,0,1.0842021724855e-17,0.191704728125293,conservative
k2016,ka_down_085,ka,down,0.85,0.50974945583338,0.849560255474036,0.698251617539185,FALSE,curve,M1,G2_true,2000,0,0,1.0842021724855e-17,0.191704728125293,conservative
k2016,ka_down_085,ka,down,0.85,0.50974945583338,0.849560255474036,0.698251617539185,FALSE,curve,M0,AUClast_only,2000,524,26.2,24.3197992409116,28.171452209676,exceeding
k2016,ka_down_085,ka,down,0.85,0.50974945583338,0.849560255474036,0.698251617539185,FALSE,curve,M1,AUClast_only,2000,544,27.2,25.2948703591725,29.1925469968526,exceeding
k2016,ka_down_085,ka,down,0.85,0.50974945583338,0.849560255474036,0.698251617539185,FALSE,curve,M0,AUCinf_Aiii_only,2000,1134,56.7,54.5176565496178,58.8566550168135,exceeding
k2016,ka_down_085,ka,down,0.85,0.50974945583338,0.849560255474036,0.698251617539185,FALSE,curve,M1,AUCinf_Aiii_only,2000,1151,57.55,55.3713749111504,59.6996776749027,exceeding
k2016,ka_down_090,ka,down,0.9,0.606110884808604,0.899805424112438,0.7766105876189,FALSE,curve,M0,P2,2000,44,2.2,1.64289081143177,2.94037890865601,conservative
k2016,ka_down_090,ka,down,0.9,0.606110884808604,0.899805424112438,0.7766105876189,FALSE,curve,M1,P2,2000,47,2.35,1.77182243616909,3.11087216973431,conservative
k2016,ka_down_090,ka,down,0.9,0.606110884808604,0.899805424112438,0.7766105876189,FALSE,curve,M0,F3A_iii,2000,42,2.1,1.55735208258174,2.82630104696229,conservative
k2016,ka_down_090,ka,down,0.9,0.606110884808604,0.899805424112438,0.7766105876189,FALSE,curve,M1,F3A_iii,2000,46,2.3,1.72876559780801,3.05412071282352,conservative
k2016,ka_down_090,ka,down,0.9,0.606110884808604,0.899805424112438,0.7766105876189,FALSE,curve,M0,G2A_iii,2000,42,2.1,1.55735208258174,2.82630104696229,conservative
k2016,ka_down_090,ka,down,0.9,0.606110884808604,0.899805424112438,0.7766105876189,FALSE,curve,M1,G2A_iii,2000,46,2.3,1.72876559780801,3.05412071282352,conservative
k2016,ka_down_090,ka,down,0.9,0.606110884808604,0.899805424112438,0.7766105876189,FALSE,curve,M0,F3B,2000,44,2.2,1.64289081143177,2.94037890865601,conservative
k2016,ka_down_090,ka,down,0.9,0.606110884808604,0.899805424112438,0.7766105876189,FALSE,curve,M1,F3B,2000,47,2.35,1.77182243616909,3.11087216973431,conservative
k2016,ka_down_090,ka,down,0.9,0.606110884808604,0.899805424112438,0.7766105876189,FALSE,curve,M0,G2B,2000,44,2.2,1.64289081143177,2.94037890865601,conservative
k2016,ka_down_090,ka,down,0.9,0.606110884808604,0.899805424112438,0.7766105876189,FALSE,curve,M1,G2B,2000,47,2.35,1.77182243616909,3.11087216973431,conservative
k2016,ka_down_090,ka,down,0.9,0.606110884808604,0.899805424112438,0.7766105876189,FALSE,curve,M0,G2_true,2000,44,2.2,1.64289081143177,2.94037890865601,conservative
k2016,ka_down_090,ka,down,0.9,0.606110884808604,0.899805424112438,0.7766105876189,FALSE,curve,M1,G2_true,2000,47,2.35,1.77182243616909,3.11087216973431,conservative
k2016,ka_down_090,ka,down,0.9,0.606110884808604,0.899805424112438,0.7766105876189,FALSE,curve,M0,AUClast_only,2000,1377,68.85,66.7858710538066,70.8418562636901,exceeding
k2016,ka_down_090,ka,down,0.9,0.606110884808604,0.899805424112438,0.7766105876189,FALSE,curve,M1,AUClast_only,2000,1410,70.5,68.4635717087826,72.4578293526861,exceeding
k2016,ka_down_090,ka,down,0.9,0.606110884808604,0.899805424112438,0.7766105876189,FALSE,curve,M0,AUCinf_Aiii_only,2000,1571,78.55,76.6972071970048,80.2933294032356,exceeding
k2016,ka_down_090,ka,down,0.9,0.606110884808604,0.899805424112438,0.7766105876189,FALSE,curve,M1,AUCinf_Aiii_only,2000,1575,78.75,76.9029316309502,80.4868381503778,exceeding
k2016,ka_down_095,ka,down,0.95,0.751019202887681,0.949908155007994,0.873047962827497,TRUE,curve,M0,P2,5000,3295,65.9,64.5742787383952,67.201308339752,exceeding
k2016,ka_down_095,ka,down,0.95,0.751019202887681,0.949908155007994,0.873047962827497,TRUE,curve,M1,P2,5000,3359,67.18,65.8657191298048,68.4679026313631,exceeding
k2016,ka_down_095,ka,down,0.95,0.751019202887681,0.949908155007994,0.873047962827497,TRUE,curve,M0,F3A_iii,5000,3141,62.82,61.4710620715065,64.1492540506223,exceeding
k2016,ka_down_095,ka,down,0.95,0.751019202887681,0.949908155007994,0.873047962827497,TRUE,curve,M1,F3A_iii,5000,3233,64.66,63.3242114572664,65.9732795217046,exceeding
k2016,ka_down_095,ka,down,0.95,0.751019202887681,0.949908155007994,0.873047962827497,TRUE,curve,M0,G2A_iii,5000,3146,62.92,61.5717227733297,64.24843980841,exceeding
k2016,ka_down_095,ka,down,0.95,0.751019202887681,0.949908155007994,0.873047962827497,TRUE,curve,M1,G2A_iii,5000,3238,64.76,63.424986900537,66.0723505380449,exceeding
k2016,ka_down_095,ka,down,0.95,0.751019202887681,0.949908155007994,0.873047962827497,TRUE,curve,M0,F3B,5000,3294,65.88,64.5541085055217,67.1815092807033,exceeding
k2016,ka_down_095,ka,down,0.95,0.751019202887681,0.949908155007994,0.873047962827497,TRUE,curve,M1,F3B,5000,3358,67.16,65.8455320338886,68.4481204353571,exceeding
k2016,ka_down_095,ka,down,0.95,0.751019202887681,0.949908155007994,0.873047962827497,TRUE,curve,M0,G2B,5000,3300,66,64.6751338029394,67.3002997348188,exceeding
k2016,ka_down_095,ka,down,0.95,0.751019202887681,0.949908155007994,0.873047962827497,TRUE,curve,M1,G2B,5000,3365,67.3,65.9868473246545,68.5865901880466,exceeding
k2016,ka_down_095,ka,down,0.95,0.751019202887681,0.949908155007994,0.873047962827497,TRUE,curve,M0,G2_true,5000,3298,65.96,64.634790996644,67.2607039572698,exceeding
k2016,ka_down_095,ka,down,0.95,0.751019202887681,0.949908155007994,0.873047962827497,TRUE,curve,M1,G2_true,5000,3363,67.26,65.9464701885155,68.5470287403412,exceeding
k2016,ka_down_095,ka,down,0.95,0.751019202887681,0.949908155007994,0.873047962827497,TRUE,curve,M0,AUClast_only,5000,4768,95.36,94.7413123077758,95.9090417717686,exceeding
k2016,ka_down_095,ka,down,0.95,0.751019202887681,0.949908155007994,0.873047962827497,TRUE,curve,M1,AUClast_only,5000,4798,95.96,95.3780296775435,96.4714031596669,exceeding
k2016,ka_down_095,ka,down,0.95,0.751019202887681,0.949908155007994,0.873047962827497,TRUE,curve,M0,AUCinf_Aiii_only,5000,4567,91.34,90.5283511291101,92.0881752740726,exceeding
k2016,ka_down_095,ka,down,0.95,0.751019202887681,0.949908155007994,0.873047962827497,TRUE,curve,M1,AUCinf_Aiii_only,5000,4627,92.54,91.7786113114372,93.2360726070773,exceeding
k2016,ka_up_105,ka,up,1.05,1.54918815118162,1.05006636245644,1.1868009360223,TRUE,curve,M0,P2,5000,2570,51.4,50.0140962307272,52.7837542038267,exceeding
k2016,ka_up_105,ka,up,1.05,1.54918815118162,1.05006636245644,1.1868009360223,TRUE,curve,M1,P2,5000,2637,52.74,51.3546048830741,54.121188110267,exceeding
k2016,ka_up_105,ka,up,1.05,1.54918815118162,1.05006636245644,1.1868009360223,TRUE,curve,M0,F3A_iii,5000,2512,50.24,48.8544599571763,51.6251715458901,exceeding
k2016,ka_up_105,ka,up,1.05,1.54918815118162,1.05006636245644,1.1868009360223,TRUE,curve,M1,F3A_iii,5000,2591,51.82,50.4341484210104,53.2030571439096,exceeding
k2016,ka_up_105,ka,up,1.05,1.54918815118162,1.05006636245644,1.1868009360223,TRUE,curve,M0,G2A_iii,5000,2513,50.26,48.8744473717884,51.6451534232002,exceeding
k2016,ka_up_105,ka,up,1.05,1.54918815118162,1.05006636245644,1.1868009360223,TRUE,curve,M1,G2A_iii,5000,2592,51.84,50.4541533468209,53.2230215100213,exceeding
k2016,ka_up_105,ka,up,1.05,1.54918815118162,1.05006636245644,1.1868009360223,TRUE,curve,M0,F3B,5000,2570,51.4,50.0140962307272,52.7837542038267,exceeding
k2016,ka_up_105,ka,up,1.05,1.54918815118162,1.05006636245644,1.1868009360223,TRUE,curve,M1,F3B,5000,2637,52.74,51.3546048830741,54.121188110267,exceeding
k2016,ka_up_105,ka,up,1.05,1.54918815118162,1.05006636245644,1.1868009360223,TRUE,curve,M0,G2B,5000,2570,51.4,50.0140962307272,52.7837542038267,exceeding
k2016,ka_up_105,ka,up,1.05,1.54918815118162,1.05006636245644,1.1868009360223,TRUE,curve,M1,G2B,5000,2637,52.74,51.3546048830741,54.121188110267,exceeding
k2016,ka_up_105,ka,up,1.05,1.54918815118162,1.05006636245644,1.1868009360223,TRUE,curve,M0,G2_true,5000,2571,51.42,50.0340964978927,52.8037232285833,exceeding
k2016,ka_up_105,ka,up,1.05,1.54918815118162,1.05006636245644,1.1868009360223,TRUE,curve,M1,G2_true,5000,2638,52.76,51.374620029948,54.1411422553153,exceeding
k2016,ka_up_105,ka,up,1.05,1.54918815118162,1.05006636245644,1.1868009360223,TRUE,curve,M0,AUClast_only,5000,4849,96.98,96.4683862661951,97.4194804590474,exceeding
k2016,ka_up_105,ka,up,1.05,1.54918815118162,1.05006636245644,1.1868009360223,TRUE,curve,M1,AUClast_only,5000,4870,97.4,96.9211891775009,97.8060326781077,exceeding
k2016,ka_up_105,ka,up,1.05,1.54918815118162,1.05006636245644,1.1868009360223,TRUE,curve,M0,AUCinf_Aiii_only,5000,4747,94.94,94.2972301781981,95.5137687709802,exceeding
k2016,ka_up_105,ka,up,1.05,1.54918815118162,1.05006636245644,1.1868009360223,TRUE,curve,M1,AUCinf_Aiii_only,5000,4770,95.4,94.7836713969266,95.9466212664622,exceeding
k2016,ka_up_111,ka,up,1.11,6.04296390238133,1.11032654787836,1.66159034945477,FALSE,curve,M0,P2,2000,0,0,1.0842021724855e-17,0.191704728125293,conservative
k2016,ka_up_111,ka,up,1.11,6.04296390238133,1.11032654787836,1.66159034945477,FALSE,curve,M1,P2,2000,0,0,1.0842021724855e-17,0.191704728125293,conservative
k2016,ka_up_111,ka,up,1.11,6.04296390238133,1.11032654787836,1.66159034945477,FALSE,curve,M0,F3A_iii,2000,0,0,1.0842021724855e-17,0.191704728125293,conservative
k2016,ka_up_111,ka,up,1.11,6.04296390238133,1.11032654787836,1.66159034945477,FALSE,curve,M1,F3A_iii,2000,0,0,1.0842021724855e-17,0.191704728125293,conservative
k2016,ka_up_111,ka,up,1.11,6.04296390238133,1.11032654787836,1.66159034945477,FALSE,curve,M0,G2A_iii,2000,0,0,1.0842021724855e-17,0.191704728125293,conservative
k2016,ka_up_111,ka,up,1.11,6.04296390238133,1.11032654787836,1.66159034945477,FALSE,curve,M1,G2A_iii,2000,0,0,1.0842021724855e-17,0.191704728125293,conservative
k2016,ka_up_111,ka,up,1.11,6.04296390238133,1.11032654787836,1.66159034945477,FALSE,curve,M0,F3B,2000,0,0,1.0842021724855e-17,0.191704728125293,conservative
k2016,ka_up_111,ka,up,1.11,6.04296390238133,1.11032654787836,1.66159034945477,FALSE,curve,M1,F3B,2000,0,0,1.0842021724855e-17,0.191704728125293,conservative
k2016,ka_up_111,ka,up,1.11,6.04296390238133,1.11032654787836,1.66159034945477,FALSE,curve,M0,G2B,2000,0,0,1.0842021724855e-17,0.191704728125293,conservative
k2016,ka_up_111,ka,up,1.11,6.04296390238133,1.11032654787836,1.66159034945477,FALSE,curve,M1,G2B,2000,0,0,1.0842021724855e-17,0.191704728125293,conservative
k2016,ka_up_111,ka,up,1.11,6.04296390238133,1.11032654787836,1.66159034945477,FALSE,curve,M0,G2_true,2000,0,0,1.0842021724855e-17,0.191704728125293,conservative
k2016,ka_up_111,ka,up,1.11,6.04296390238133,1.11032654787836,1.66159034945477,FALSE,curve,M1,G2_true,2000,0,0,1.0842021724855e-17,0.191704728125293,conservative
k2016,ka_up_111,ka,up,1.11,6.04296390238133,1.11032654787836,1.66159034945477,FALSE,curve,M0,AUClast_only,2000,1588,79.4,77.5719797572761,81.1152978625862,exceeding
k2016,ka_up_111,ka,up,1.11,6.04296390238133,1.11032654787836,1.66159034945477,FALSE,curve,M1,AUClast_only,2000,1617,80.85,79.0670206943439,82.5146974884029,exceeding
k2016,ka_up_111,ka,up,1.11,6.04296390238133,1.11032654787836,1.66159034945477,FALSE,curve,M0,AUCinf_Aiii_only,2000,1764,88.2,86.7123611659108,89.5411764218015,exceeding
k2016,ka_up_111,ka,up,1.11,6.04296390238133,1.11032654787836,1.66159034945477,FALSE,curve,M1,AUCinf_Aiii_only,2000,1773,88.65,87.1850863127177,89.9667259324414,exceeding
k2016,ke_down_105,ke,down,1.05,0.911245541985472,1.05008025202458,1.01506501555001,TRUE,curve,M0,P2,5000,4807,96.14,95.5696490775797,96.6395073869304,exceeding
k2016,ke_down_105,ke,down,1.05,0.911245541985472,1.05008025202458,1.01506501555001,TRUE,curve,M1,P2,5000,4831,96.62,96.0822200278832,97.0861994427597,exceeding
k2016,ke_down_105,ke,down,1.05,0.911245541985472,1.05008025202458,1.01506501555001,TRUE,curve,M0,F3A_iii,5000,4398,87.96,87.028707772988,88.8330082953433,exceeding
k2016,ke_down_105,ke,down,1.05,0.911245541985472,1.05008025202458,1.01506501555001,TRUE,curve,M1,F3A_iii,5000,4443,88.86,87.9579065540288,89.7024276508014,exceeding
k2016,ke_down_105,ke,down,1.05,0.911245541985472,1.05008025202458,1.01506501555001,TRUE,curve,M0,G2A_iii,5000,4450,89,88.1026055156636,89.8375137326219,exceeding
k2016,ke_down_105,ke,down,1.05,0.911245541985472,1.05008025202458,1.01506501555001,TRUE,curve,M1,G2A_iii,5000,4490,89.8,88.9303281565138,90.6085627686596,exceeding
k2016,ke_down_105,ke,down,1.05,0.911245541985472,1.05008025202458,1.01506501555001,TRUE,curve,M0,F3B,5000,4798,95.96,95.3780296775435,96.4714031596669,exceeding
k2016,ke_down_105,ke,down,1.05,0.911245541985472,1.05008025202458,1.01506501555001,TRUE,curve,M1,F3B,5000,4822,96.44,95.8897185251554,96.9189773181877,exceeding
k2016,ke_down_105,ke,down,1.05,0.911245541985472,1.05008025202458,1.01506501555001,TRUE,curve,M0,G2B,5000,4887,97.74,97.2899218570128,98.1167779612732,exceeding
k2016,ke_down_105,ke,down,1.05,0.911245541985472,1.05008025202458,1.01506501555001,TRUE,curve,M1,G2B,5000,4896,97.92,97.4860795077603,98.2803439378254,exceeding
k2016,ke_down_105,ke,down,1.05,0.911245541985472,1.05008025202458,1.01506501555001,TRUE,curve,M0,G2_true,5000,4897,97.94,97.5079201514317,98.2984725860763,exceeding
k2016,ke_down_105,ke,down,1.05,0.911245541985472,1.05008025202458,1.01506501555001,TRUE,curve,M1,G2_true,5000,4909,98.18,97.7707932044282,98.5152310361462,exceeding
k2016,ke_down_105,ke,down,1.05,0.911245541985472,1.05008025202458,1.01506501555001,TRUE,curve,M0,AUClast_only,5000,4807,96.14,95.5696490775797,96.6395073869304,exceeding
k2016,ke_down_105,ke,down,1.05,0.911245541985472,1.05008025202458,1.01506501555001,TRUE,curve,M1,AUClast_only,5000,4831,96.62,96.0822200278832,97.0861994427597,exceeding
k2016,ke_down_105,ke,down,1.05,0.911245541985472,1.05008025202458,1.01506501555001,TRUE,curve,M0,AUCinf_Aiii_only,5000,4450,89,88.1026055156636,89.8375137326219,exceeding
k2016,ke_down_105,ke,down,1.05,0.911245541985472,1.05008025202458,1.01506501555001,TRUE,curve,M1,AUCinf_Aiii_only,5000,4490,89.8,88.9303281565138,90.6085627686596,exceeding
k2016,ke_down_111,ke,down,1.11,0.816788049644061,1.10959794791165,1.03184779137821,TRUE,curve,M0,P2,2000,1521,76.05,74.1307832403593,77.8693385962874,exceeding
k2016,ke_down_111,ke,down,1.11,0.816788049644061,1.10959794791165,1.03184779137821,TRUE,curve,M1,P2,2000,1551,77.55,75.6695191000871,79.3248515947159,exceeding
k2016,ke_down_111,ke,down,1.11,0.816788049644061,1.10959794791165,1.03184779137821,TRUE,curve,M0,F3A_iii,2000,1155,57.75,55.5723446302164,59.8979411369242,exceeding
k2016,ke_down_111,ke,down,1.11,0.816788049644061,1.10959794791165,1.03184779137821,TRUE,curve,M1,F3A_iii,2000,1207,60.35,58.1882778476995,62.4720392735785,exceeding
k2016,ke_down_111,ke,down,1.11,0.816788049644061,1.10959794791165,1.03184779137821,TRUE,curve,M0,G2A_iii,2000,1247,62.35,60.2048188945345,64.4478300376186,exceeding
k2016,ke_down_111,ke,down,1.11,0.816788049644061,1.10959794791165,1.03184779137821,TRUE,curve,M1,G2A_iii,2000,1294,64.7,62.5791757176497,66.7644630922814,exceeding
k2016,ke_down_111,ke,down,1.11,0.816788049644061,1.10959794791165,1.03184779137821,TRUE,curve,M0,F3B,2000,1500,75,73.0555610784192,76.8485865575181,exceeding
k2016,ke_down_111,ke,down,1.11,0.816788049644061,1.10959794791165,1.03184779137821,TRUE,curve,M1,F3B,2000,1526,76.3,74.3870141332912,78.1121491797149,exceeding
k2016,ke_down_111,ke,down,1.11,0.816788049644061,1.10959794791165,1.03184779137821,TRUE,curve,M0,G2B,2000,1601,80.05,78.241724767193,81.7430606912037,exceeding
k2016,ke_down_111,ke,down,1.11,0.816788049644061,1.10959794791165,1.03184779137821,TRUE,curve,M1,G2B,2000,1623,81.15,79.3767991958299,82.803768758548,exceeding
k2016,ke_down_111,ke,down,1.11,0.816788049644061,1.10959794791165,1.03184779137821,TRUE,curve,M0,G2_true,2000,1632,81.6,79.8417755100699,83.2370671017549,exceeding
k2016,ke_down_111,ke,down,1.11,0.816788049644061,1.10959794791165,1.03184779137821,TRUE,curve,M1,G2_true,2000,1663,83.15,81.4463369506557,84.7265628145973,exceeding
k2016,ke_down_111,ke,down,1.11,0.816788049644061,1.10959794791165,1.03184779137821,TRUE,curve,M0,AUClast_only,2000,1521,76.05,74.1307832403593,77.8693385962874,exceeding
k2016,ke_down_111,ke,down,1.11,0.816788049644061,1.10959794791165,1.03184779137821,TRUE,curve,M1,AUClast_only,2000,1551,77.55,75.6695191000871,79.3248515947159,exceeding
k2016,ke_down_111,ke,down,1.11,0.816788049644061,1.10959794791165,1.03184779137821,TRUE,curve,M0,AUCinf_Aiii_only,2000,1248,62.4,60.2552811622246,64.4971760652003,exceeding
k2016,ke_down_111,ke,down,1.11,0.816788049644061,1.10959794791165,1.03184779137821,TRUE,curve,M1,AUCinf_Aiii_only,2000,1295,64.75,62.629753150927,66.813693954276,exceeding
k2016,ke_down_118,ke,down,1.18,0.719069442368983,1.17928173323279,1.05010396454253,TRUE,curve,M0,P2,2000,571,28.55,26.6131745411976,30.5690667871682,exceeding
k2016,ke_down_118,ke,down,1.18,0.719069442368983,1.17928173323279,1.05010396454253,TRUE,curve,M1,P2,2000,615,30.75,28.7661126680044,32.8076936523238,exceeding
k2016,ke_down_118,ke,down,1.18,0.719069442368983,1.17928173323279,1.05010396454253,TRUE,curve,M0,F3A_iii,2000,329,16.45,14.8898411257462,18.1387927468259,exceeding
k2016,ke_down_118,ke,down,1.18,0.719069442368983,1.17928173323279,1.05010396454253,TRUE,curve,M1,F3A_iii,2000,351,17.55,15.9455251065604,19.2788912619929,exceeding
k2016,ke_down_118,ke,down,1.18,0.719069442368983,1.17928173323279,1.05010396454253,TRUE,curve,M0,G2A_iii,2000,500,25,23.1514134424819,26.9444389215808,exceeding
k2016,ke_down_118,ke,down,1.18,0.719069442368983,1.17928173323279,1.05010396454253,TRUE,curve,M1,G2A_iii,2000,509,25.45,23.589336070016,27.4047909514935,exceeding
k2016,ke_down_118,ke,down,1.18,0.719069442368983,1.17928173323279,1.05010396454253,TRUE,curve,M0,F3B,2000,527,26.35,24.4659791879547,28.3246971484486,exceeding
k2016,ke_down_118,ke,down,1.18,0.719069442368983,1.17928173323279,1.05010396454253,TRUE,curve,M1,F3B,2000,569,28.45,26.5154471495893,30.4671775882327,exceeding
k2016,ke_down_118,ke,down,1.18,0.719069442368983,1.17928173323279,1.05010396454253,TRUE,curve,M0,G2B,2000,664,33.2,31.1700259874967,35.2943868011534,exceeding
k2016,ke_down_118,ke,down,1.18,0.719069442368983,1.17928173323279,1.05010396454253,TRUE,curve,M1,G2B,2000,708,35.4,33.3340061342548,37.5219716463578,exceeding
k2016,ke_down_118,ke,down,1.18,0.719069442368983,1.17928173323279,1.05010396454253,TRUE,curve,M0,G2_true,2000,671,33.55,31.513963204271,35.6491076512823,exceeding
k2016,ke_down_118,ke,down,1.18,0.719069442368983,1.17928173323279,1.05010396454253,TRUE,curve,M1,G2_true,2000,708,35.4,33.3340061342548,37.5219716463578,exceeding
k2016,ke_down_118,ke,down,1.18,0.719069442368983,1.17928173323279,1.05010396454253,TRUE,curve,M0,AUClast_only,2000,571,28.55,26.6131745411976,30.5690667871682,exceeding
k2016,ke_down_118,ke,down,1.18,0.719069442368983,1.17928173323279,1.05010396454253,TRUE,curve,M1,AUClast_only,2000,615,30.75,28.7661126680044,32.8076936523238,exceeding
k2016,ke_down_118,ke,down,1.18,0.719069442368983,1.17928173323279,1.05010396454253,TRUE,curve,M0,AUCinf_Aiii_only,2000,500,25,23.1514134424819,26.9444389215808,exceeding
k2016,ke_down_118,ke,down,1.18,0.719069442368983,1.17928173323279,1.05010396454253,TRUE,curve,M1,AUCinf_Aiii_only,2000,509,25.45,23.589336070016,27.4047909514935,exceeding
k2016,ke_down_125,ke,down,1.25,0.632567348266282,1.24933521039854,1.06710162104024,TRUE,boundary,M0,P2,10000,337,3.37,3.03383376227813,3.74197792577116,conservative
k2016,ke_down_125,ke,down,1.25,0.632567348266282,1.24933521039854,1.06710162104024,TRUE,boundary,M1,P2,10000,379,3.79,3.43313215024983,4.1823569791681,conservative
k2016,ke_down_125,ke,down,1.25,0.632567348266282,1.24933521039854,1.06710162104024,TRUE,boundary,M0,F3A_iii,10000,153,1.53,1.30736715154066,1.78985765051273,conservative
k2016,ke_down_125,ke,down,1.25,0.632567348266282,1.24933521039854,1.06710162104024,TRUE,boundary,M1,F3A_iii,10000,169,1.69,1.45528603070571,1.96181589186906,conservative
k2016,ke_down_125,ke,down,1.25,0.632567348266282,1.24933521039854,1.06710162104024,TRUE,boundary,M0,G2A_iii,10000,477,4.77,4.36935891355785,5.20537757905355,nominal
k2016,ke_down_125,ke,down,1.25,0.632567348266282,1.24933521039854,1.06710162104024,TRUE,boundary,M1,G2A_iii,10000,489,4.89,4.48436465885572,5.33027967414672,nominal
k2016,ke_down_125,ke,down,1.25,0.632567348266282,1.24933521039854,1.06710162104024,TRUE,boundary,M0,F3B,10000,294,2.94,2.62655482136773,3.28958710528035,conservative
k2016,ke_down_125,ke,down,1.25,0.632567348266282,1.24933521039854,1.06710162104024,TRUE,boundary,M1,F3B,10000,323,3.23,2.90104779296325,3.59487141462984,conservative
k2016,ke_down_125,ke,down,1.25,0.632567348266282,1.24933521039854,1.06710162104024,TRUE,boundary,M0,G2B,10000,409,4.09,3.71911609003269,4.49614264036283,conservative
k2016,ke_down_125,ke,down,1.25,0.632567348266282,1.24933521039854,1.06710162104024,TRUE,boundary,M1,G2B,10000,450,4.5,4.11086576753597,4.92407808419559,conservative
k2016,ke_down_125,ke,down,1.25,0.632567348266282,1.24933521039854,1.06710162104024,TRUE,boundary,M0,G2_true,10000,455,4.55,4.15870570145422,4.97619975044028,conservative
k2016,ke_down_125,ke,down,1.25,0.632567348266282,1.24933521039854,1.06710162104024,TRUE,boundary,M1,G2_true,10000,500,5,4.58984826905848,5.44471158430242,nominal
k2016,ke_down_125,ke,down,1.25,0.632567348266282,1.24933521039854,1.06710162104024,TRUE,boundary,M0,AUClast_only,10000,337,3.37,3.03383376227813,3.74197792577116,conservative
k2016,ke_down_125,ke,down,1.25,0.632567348266282,1.24933521039854,1.06710162104024,TRUE,boundary,M1,AUClast_only,10000,379,3.79,3.43313215024983,4.1823569791681,conservative
k2016,ke_down_125,ke,down,1.25,0.632567348266282,1.24933521039854,1.06710162104024,TRUE,boundary,M0,AUCinf_Aiii_only,10000,477,4.77,4.36935891355785,5.20537757905355,nominal
k2016,ke_down_125,ke,down,1.25,0.632567348266282,1.24933521039854,1.06710162104024,TRUE,boundary,M1,AUCinf_Aiii_only,10000,489,4.89,4.48436465885572,5.33027967414672,nominal
k2016,ke_up_080,ke,up,0.8,1.47110350143772,0.800334236753497,0.929468091140586,TRUE,boundary,M0,P2,10000,367,3.67,3.31891143201197,4.05666985701492,conservative
k2016,ke_up_080,ke,up,0.8,1.47110350143772,0.800334236753497,0.929468091140586,TRUE,boundary,M1,P2,10000,406,4.06,3.69049121928224,4.46479055101552,conservative
k2016,ke_up_080,ke,up,0.8,1.47110350143772,0.800334236753497,0.929468091140586,TRUE,boundary,M0,F3A_iii,10000,178,1.78,1.53875130242177,2.05828150044628,conservative
k2016,ke_up_080,ke,up,0.8,1.47110350143772,0.800334236753497,0.929468091140586,TRUE,boundary,M1,F3A_iii,10000,210,2.1,1.83681840466461,2.3999686392462,conservative
k2016,ke_up_080,ke,up,0.8,1.47110350143772,0.800334236753497,0.929468091140586,TRUE,boundary,M0,G2A_iii,10000,476,4.76,4.35977834550698,5.19496582707184,nominal
k2016,ke_up_080,ke,up,0.8,1.47110350143772,0.800334236753497,0.929468091140586,TRUE,boundary,M1,G2A_iii,10000,530,5.3,4.87781606143201,5.75651339290647,nominal
k2016,ke_up_080,ke,up,0.8,1.47110350143772,0.800334236753497,0.929468091140586,TRUE,boundary,M0,F3B,10000,326,3.26,2.92948772531078,3.62640844238006,conservative
k2016,ke_up_080,ke,up,0.8,1.47110350143772,0.800334236753497,0.929468091140586,TRUE,boundary,M1,F3B,10000,361,3.61,3.2618404148997,3.99378695393167,conservative
k2016,ke_up_080,ke,up,0.8,1.47110350143772,0.800334236753497,0.929468091140586,TRUE,boundary,M0,G2B,10000,493,4.93,4.52271561459742,5.37189799853536,nominal
k2016,ke_up_080,ke,up,0.8,1.47110350143772,0.800334236753497,0.929468091140586,TRUE,boundary,M1,G2B,10000,527,5.27,4.84900114917122,5.72535134506951,nominal
k2016,ke_up_080,ke,up,0.8,1.47110350143772,0.800334236753497,0.929468091140586,TRUE,boundary,M0,G2_true,10000,462,4.62,4.22570422586087,5.04914746626174,nominal
k2016,ke_up_080,ke,up,0.8,1.47110350143772,0.800334236753497,0.929468091140586,TRUE,boundary,M1,G2_true,10000,507,5.07,4.65700404698355,5.51750204660545,nominal
k2016,ke_up_080,ke,up,0.8,1.47110350143772,0.800334236753497,0.929468091140586,TRUE,boundary,M0,AUClast_only,10000,367,3.67,3.31891143201197,4.05666985701492,conservative
k2016,ke_up_080,ke,up,0.8,1.47110350143772,0.800334236753497,0.929468091140586,TRUE,boundary,M1,AUClast_only,10000,406,4.06,3.69049121928224,4.46479055101552,conservative
k2016,ke_up_080,ke,up,0.8,1.47110350143772,0.800334236753497,0.929468091140586,TRUE,boundary,M0,AUCinf_Aiii_only,10000,476,4.76,4.35977834550698,5.19496582707184,nominal
k2016,ke_up_080,ke,up,0.8,1.47110350143772,0.800334236753497,0.929468091140586,TRUE,boundary,M1,AUCinf_Aiii_only,10000,530,5.3,4.87781606143201,5.75651339290647,nominal
k2016,ke_up_085,ke,up,0.85,1.33152387602738,0.850272484687047,0.948898250132683,TRUE,curve,M0,P2,2000,569,28.45,26.5154471495893,30.4671775882327,exceeding
k2016,ke_up_085,ke,up,0.85,1.33152387602738,0.850272484687047,0.948898250132683,TRUE,curve,M1,P2,2000,594,29.7,27.7378821648661,31.7399499547527,exceeding
k2016,ke_up_085,ke,up,0.85,1.33152387602738,0.850272484687047,0.948898250132683,TRUE,curve,M0,F3A_iii,2000,353,17.65,16.0416179841371,19.38241497496,exceeding
k2016,ke_up_085,ke,up,0.85,1.33152387602738,0.850272484687047,0.948898250132683,TRUE,curve,M1,F3A_iii,2000,374,18.7,17.0517569402862,20.4682502195202,exceeding
k2016,ke_up_085,ke,up,0.85,1.33152387602738,0.850272484687047,0.948898250132683,TRUE,curve,M0,G2A_iii,2000,501,25.05,23.2000581572582,26.9956025020763,exceeding
k2016,ke_up_085,ke,up,0.85,1.33152387602738,0.850272484687047,0.948898250132683,TRUE,curve,M1,G2A_iii,2000,535,26.75,24.8559324098944,28.7332102886839,exceeding
k2016,ke_up_085,ke,up,0.85,1.33152387602738,0.850272484687047,0.948898250132683,TRUE,curve,M0,F3B,2000,535,26.75,24.8559324098944,28.7332102886839,exceeding
k2016,ke_up_085,ke,up,0.85,1.33152387602738,0.850272484687047,0.948898250132683,TRUE,curve,M1,F3B,2000,566,28.3,26.3688783636162,30.3143214883902,exceeding
k2016,ke_up_085,ke,up,0.85,1.33152387602738,0.850272484687047,0.948898250132683,TRUE,curve,M0,G2B,2000,685,34.25,32.2022179632917,36.3581690260678,exceeding
k2016,ke_up_085,ke,up,0.85,1.33152387602738,0.850272484687047,0.948898250132683,TRUE,curve,M1,G2B,2000,717,35.85,33.7772409755889,37.9770114624705,exceeding
k2016,ke_up_085,ke,up,0.85,1.33152387602738,0.850272484687047,0.948898250132683,TRUE,curve,M0,G2_true,2000,685,34.25,32.2022179632917,36.3581690260678,exceeding
k2016,ke_up_085,ke,up,0.85,1.33152387602738,0.850272484687047,0.948898250132683,TRUE,curve,M1,G2_true,2000,729,36.45,34.3685324488865,38.5834195324354,exceeding
k2016,ke_up_085,ke,up,0.85,1.33152387602738,0.850272484687047,0.948898250132683,TRUE,curve,M0,AUClast_only,2000,569,28.45,26.5154471495893,30.4671775882327,exceeding
k2016,ke_up_085,ke,up,0.85,1.33152387602738,0.850272484687047,0.948898250132683,TRUE,curve,M1,AUClast_only,2000,594,29.7,27.7378821648661,31.7399499547527,exceeding
k2016,ke_up_085,ke,up,0.85,1.33152387602738,0.850272484687047,0.948898250132683,TRUE,curve,M0,AUCinf_Aiii_only,2000,501,25.05,23.2000581572582,26.9956025020763,exceeding
k2016,ke_up_085,ke,up,0.85,1.33152387602738,0.850272484687047,0.948898250132683,TRUE,curve,M1,AUCinf_Aiii_only,2000,535,26.75,24.8559324098944,28.7332102886839,exceeding
k2016,ke_up_090,ke,up,0.9,1.20790074742528,0.900285812983383,0.967079967451048,TRUE,curve,M0,P2,2000,1476,73.8,71.828547790324,75.6802007590884,exceeding
k2016,ke_up_090,ke,up,0.9,1.20790074742528,0.900285812983383,0.967079967451048,TRUE,curve,M1,P2,2000,1511,75.55,73.6185837749682,77.3834551089597,exceeding
k2016,ke_up_090,ke,up,0.9,1.20790074742528,0.900285812983383,0.967079967451048,TRUE,curve,M0,F3A_iii,2000,1126,56.3,54.1161315302064,58.4597136740498,exceeding
k2016,ke_up_090,ke,up,0.9,1.20790074742528,0.900285812983383,0.967079967451048,TRUE,curve,M1,F3A_iii,2000,1160,58,55.8236077729506,60.1457194705494,exceeding
k2016,ke_up_090,ke,up,0.9,1.20790074742528,0.900285812983383,0.967079967451048,TRUE,curve,M0,G2A_iii,2000,1241,62.05,59.9020956423249,64.1517035181969,exceeding
k2016,ke_up_090,ke,up,0.9,1.20790074742528,0.900285812983383,0.967079967451048,TRUE,curve,M1,G2A_iii,2000,1273,63.65,61.5176238844034,65.7300407248184,exceeding
k2016,ke_up_090,ke,up,0.9,1.20790074742528,0.900285812983383,0.967079967451048,TRUE,curve,M0,F3B,2000,1447,72.35,70.3483671919822,74.2659407945458,exceeding
k2016,ke_up_090,ke,up,0.9,1.20790074742528,0.900285812983383,0.967079967451048,TRUE,curve,M1,F3B,2000,1481,74.05,72.0840202948706,75.9237697309012,exceeding
k2016,ke_up_090,ke,up,0.9,1.20790074742528,0.900285812983383,0.967079967451048,TRUE,curve,M0,G2B,2000,1586,79.3,77.4690045249541,81.0186565043645,exceeding
k2016,ke_up_090,ke,up,0.9,1.20790074742528,0.900285812983383,0.967079967451048,TRUE,curve,M1,G2B,2000,1612,80.6,78.8089951424919,82.2736815638954,exceeding
k2016,ke_up_090,ke,up,0.9,1.20790074742528,0.900285812983383,0.967079967451048,TRUE,curve,M0,G2_true,2000,1603,80.15,78.3448259037586,81.8395761451818,exceeding
k2016,ke_up_090,ke,up,0.9,1.20790074742528,0.900285812983383,0.967079967451048,TRUE,curve,M1,G2_true,2000,1630,81.5,79.7384150131126,83.1408110081684,exceeding
k2016,ke_up_090,ke,up,0.9,1.20790074742528,0.900285812983383,0.967079967451048,TRUE,curve,M0,AUClast_only,2000,1476,73.8,71.828547790324,75.6802007590884,exceeding
k2016,ke_up_090,ke,up,0.9,1.20790074742528,0.900285812983383,0.967079967451048,TRUE,curve,M1,AUClast_only,2000,1511,75.55,73.6185837749682,77.3834551089597,exceeding
k2016,ke_up_090,ke,up,0.9,1.20790074742528,0.900285812983383,0.967079967451048,TRUE,curve,M0,AUCinf_Aiii_only,2000,1242,62.1,59.9525435325056,64.2010639232881,exceeding
k2016,ke_up_090,ke,up,0.9,1.20790074742528,0.900285812983383,0.967079967451048,TRUE,curve,M1,AUCinf_Aiii_only,2000,1273,63.65,61.5176238844034,65.7300407248184,exceeding
k2016,ke_up_095,ke,up,0.95,1.09822191087231,0.950136838158432,0.98405615669767,TRUE,curve,M0,P2,5000,4829,96.58,96.0394103115057,97.0490705752928,exceeding
k2016,ke_up_095,ke,up,0.95,1.09822191087231,0.950136838158432,0.98405615669767,TRUE,curve,M1,P2,5000,4848,96.96,96.4468886658988,97.4010087674214,exceeding
k2016,ke_up_095,ke,up,0.95,1.09822191087231,0.950136838158432,0.98405615669767,TRUE,curve,M0,F3A_iii,5000,4371,87.42,86.4719790793236,88.3105661071084,exceeding
k2016,ke_up_095,ke,up,0.95,1.09822191087231,0.950136838158432,0.98405615669767,TRUE,curve,M1,F3A_iii,5000,4424,88.48,87.5653694047052,89.3355482536032,exceeding
k2016,ke_up_095,ke,up,0.95,1.09822191087231,0.950136838158432,0.98405615669767,TRUE,curve,M0,G2A_iii,5000,4427,88.54,87.6273282248659,89.3934973092091,exceeding
k2016,ke_up_095,ke,up,0.95,1.09822191087231,0.950136838158432,0.98405615669767,TRUE,curve,M1,G2A_iii,5000,4472,89.44,88.5576650216775,90.2617786488965,exceeding
k2016,ke_up_095,ke,up,0.95,1.09822191087231,0.950136838158432,0.98405615669767,TRUE,curve,M0,F3B,5000,4812,96.24,95.6762376884409,96.7327652356802,exceeding
k2016,ke_up_095,ke,up,0.95,1.09822191087231,0.950136838158432,0.98405615669767,TRUE,curve,M1,F3B,5000,4832,96.64,96.1036318497323,97.1047569128328,exceeding
k2016,ke_up_095,ke,up,0.95,1.09822191087231,0.950136838158432,0.98405615669767,TRUE,curve,M0,G2B,5000,4891,97.82,97.3770147773154,98.1895622086593,exceeding
k2016,ke_up_095,ke,up,0.95,1.09822191087231,0.950136838158432,0.98405615669767,TRUE,curve,M1,G2B,5000,4898,97.96,97.5297703310084,98.3165916984217,exceeding
k2016,ke_up_095,ke,up,0.95,1.09822191087231,0.950136838158432,0.98405615669767,TRUE,curve,M0,G2_true,5000,4896,97.92,97.4860795077603,98.2803439378254,exceeding
k2016,ke_up_095,ke,up,0.95,1.09822191087231,0.950136838158432,0.98405615669767,TRUE,curve,M1,G2_true,5000,4908,98.16,97.7488283377156,98.4972266109365,exceeding
k2016,ke_up_095,ke,up,0.95,1.09822191087231,0.950136838158432,0.98405615669767,TRUE,curve,M0,AUClast_only,5000,4829,96.58,96.0394103115057,97.0490705752928,exceeding
k2016,ke_up_095,ke,up,0.95,1.09822191087231,0.950136838158432,0.98405615669767,TRUE,curve,M1,AUClast_only,5000,4848,96.96,96.4468886658988,97.4010087674214,exceeding
k2016,ke_up_095,ke,up,0.95,1.09822191087231,0.950136838158432,0.98405615669767,TRUE,curve,M0,AUCinf_Aiii_only,5000,4427,88.54,87.6273282248659,89.3934973092091,exceeding
k2016,ke_up_095,ke,up,0.95,1.09822191087231,0.950136838158432,0.98405615669767,TRUE,curve,M1,AUCinf_Aiii_only,5000,4472,89.44,88.5576650216775,90.2617786488965,exceeding
