scenario,endpoint,gmr_geo,n_R_mean,n_T_mean,n_trials,mechanism,direction,target,multiplier,auc_ratio,cmax_ratio,truth,rel_bias_pct,model
F_down_070,AUCinf_A,0.721424420738821,94.0885,85.4275,2000,F,down,0.7,0.805238403585119,0.699807988054843,0.774767560437703,0.699807988054843,3.08890910834867,k2016
F_down_070,AUCinf_B,0.711855287378282,115.373,112.599,2000,F,down,0.7,0.805238403585119,0.699807988054843,0.774767560437703,0.699807988054843,1.72151497683319,k2016
F_down_070,AUCinf_C,0.693865490052646,117,117,2000,F,down,0.7,0.805238403585119,0.699807988054843,0.774767560437703,0.699807988054843,-0.849161213308669,k2016
F_down_070,AUCinf_true,0.699119733191684,117,117,2000,F,down,0.7,0.805238403585119,0.699807988054843,0.774767560437703,0.699807988054843,-0.0983491007400916,k2016
F_down_070,AUClast,0.692756519022043,117,117,2000,F,down,0.7,0.805238403585119,0.699807988054843,0.774767560437703,0.699807988054843,-1.00762911443745,k2016
F_down_070,Cmax,0.771074433466533,117,117,2000,F,down,0.7,0.805238403585119,0.699807988054843,0.774767560437703,0.774767560437703,-0.476675477879296,k2016
F_down_075,AUCinf_A,0.767857646935624,94.0885,87.4975,2000,F,down,0.75,0.838970605126325,0.749826891958083,0.813731535043091,0.749826891958083,2.40465568398802,k2016
F_down_075,AUCinf_B,0.759623535094546,115.373,113.323,2000,F,down,0.75,0.838970605126325,0.749826891958083,0.813731535043091,0.749826891958083,1.30652064383556,k2016
F_down_075,AUCinf_C,0.744954730944343,117,117,2000,F,down,0.75,0.838970605126325,0.749826891958083,0.813731535043091,0.749826891958083,-0.649771442714853,k2016
F_down_075,AUCinf_true,0.749103331077615,117,117,2000,F,down,0.75,0.838970605126325,0.749826891958083,0.813731535043091,0.749826891958083,-0.0964970566177614,k2016
F_down_075,AUClast,0.743786225327101,117,117,2000,F,down,0.75,0.838970605126325,0.749826891958083,0.813731535043091,0.749826891958083,-0.805608160465943,k2016
F_down_075,Cmax,0.810516699208218,117,117,2000,F,down,0.75,0.838970605126325,0.749826891958083,0.813731535043091,0.813731535043091,-0.395073276188385,k2016
F_down_080,AUCinf_A,0.815513433414935,94.1978,89.1771,10000,F,down,0.8,0.872152535936487,0.79988525403249,0.852080931927538,0.79988525403249,1.95380266152647,k2016
F_down_080,AUCinf_B,0.8085148127836,115.4059,113.8702,10000,F,down,0.8,0.872152535936487,0.79988525403249,0.852080931927538,0.79988525403249,1.07884958593814,k2016
F_down_080,AUCinf_C,0.796886472163858,117,117,10000,F,down,0.8,0.872152535936487,0.79988525403249,0.852080931927538,0.79988525403249,-0.374901506624092,k2016
F_down_080,AUCinf_true,0.800002512691051,117,117,10000,F,down,0.8,0.872152535936487,0.79988525403249,0.852080931927538,0.79988525403249,0.0146594349589524,k2016
F_down_080,AUClast,0.795838804699113,117,117,10000,F,down,0.8,0.872152535936487,0.79988525403249,0.852080931927538,0.79988525403249,-0.505878726101916,k2016
F_down_080,Cmax,0.850633627147917,117,117,10000,F,down,0.8,0.872152535936487,0.79988525403249,0.852080931927538,0.852080931927538,-0.169855318361278,k2016
F_down_085,AUCinf_A,0.861428079498168,94.0885,90.4775,2000,F,down,0.85,0.904779951517323,0.849895789156433,0.889807878836767,0.849895789156433,1.35690639827517,k2016
F_down_085,AUCinf_B,0.855397124079085,115.373,114.391,2000,F,down,0.85,0.904779951517323,0.849895789156433,0.889807878836767,0.849895789156433,0.647295232291034,k2016
F_down_085,AUCinf_C,0.846744825764542,117,117,2000,F,down,0.85,0.904779951517323,0.849895789156433,0.889807878836767,0.849895789156433,-0.37074702947032,k2016
F_down_085,AUCinf_true,0.849102969285693,117,117,2000,F,down,0.85,0.904779951517323,0.849895789156433,0.889807878836767,0.849895789156433,-0.0932843627248547,k2016
F_down_085,AUClast,0.845949041228181,117,117,2000,F,down,0.85,0.904779951517323,0.849895789156433,0.889807878836767,0.849895789156433,-0.464380219152405,k2016
F_down_085,Cmax,0.887553945347823,117,117,2000,F,down,0.85,0.904779951517323,0.849895789156433,0.889807878836767,0.889807878836767,-0.253305634008372,k2016
F_down_090,AUCinf_A,0.907452087408381,94.0885,91.873,2000,F,down,0.9,0.936870766022085,0.899812601831346,0.926930552456146,0.899812601831346,0.849008511493032,k2016
F_down_090,AUCinf_B,0.90320985980485,115.373,114.7875,2000,F,down,0.9,0.936870766022085,0.899812601831346,0.926930552456146,0.899812601831346,0.377551722057401,k2016
F_down_090,AUCinf_C,0.897548050382256,117,117,2000,F,down,0.9,0.936870766022085,0.899812601831346,0.926930552456146,0.899812601831346,-0.251669230291007,k2016
F_down_090,AUCinf_true,0.898986138519497,117,117,2000,F,down,0.9,0.936870766022085,0.899812601831346,0.926930552456146,0.899812601831346,-0.0918483815593452,k2016
F_down_090,AUClast,0.896934352253449,117,117,2000,F,down,0.9,0.936870766022085,0.899812601831346,0.926930552456146,0.899812601831346,-0.319872112486441,k2016
F_down_090,Cmax,0.925156575982435,117,117,2000,F,down,0.9,0.936870766022085,0.899812601831346,0.926930552456146,0.926930552456146,-0.191381810536995,k2016
F_down_095,AUCinf_A,0.953453743251664,94.0885,93.071,2000,F,down,0.95,0.968646613771892,0.949920923227653,0.96370327443162,0.949920923227653,0.371906749038375,k2016
F_down_095,AUCinf_B,0.95117745794966,115.373,115.1285,2000,F,down,0.95,0.968646613771892,0.949920923227653,0.96370327443162,0.949920923227653,0.132277823477978,k2016
F_down_095,AUCinf_C,0.948430941282871,117,117,2000,F,down,0.95,0.968646613771892,0.949920923227653,0.96370327443162,0.949920923227653,-0.156853260976642,k2016
F_down_095,AUCinf_true,0.949061316772675,117,117,2000,F,down,0.95,0.968646613771892,0.949920923227653,0.96370327443162,0.949920923227653,-0.0904924224699788,k2016
F_down_095,AUClast,0.948159326742502,117,117,2000,F,down,0.95,0.968646613771892,0.949920923227653,0.96370327443162,0.949920923227653,-0.185446645302378,k2016
F_down_095,Cmax,0.962409785678585,117,117,2000,F,down,0.95,0.968646613771892,0.949920923227653,0.96370327443162,0.96370327443162,-0.134220645228966,k2016
F_up_105,AUCinf_A,1.04534485406473,94.0885,95.126,2000,F,up,1.05,1.03102311106189,1.05014915104572,1.03592599365433,1.05014915104572,-0.457487108017651,k2016
F_up_105,AUCinf_B,1.04760183991947,115.373,115.631,2000,F,up,1.05,1.03102311106189,1.05014915104572,1.03592599365433,1.05014915104572,-0.242566603392913,k2016
F_up_105,AUCinf_C,1.05018746348336,117,117,2000,F,up,1.05,1.03102311106189,1.05014915104572,1.03592599365433,1.05014915104572,0.00364828535084349,k2016
F_up_105,AUCinf_true,1.04922501024778,117,117,2000,F,up,1.05,1.03102311106189,1.05014915104572,1.03592599365433,1.05014915104572,-0.0880009089206824,k2016
F_up_105,AUClast,1.05058752609163,117,117,2000,F,up,1.05,1.03102311106189,1.05014915104572,1.03592599365433,1.05014915104572,0.0417440746843134,k2016
F_up_105,Cmax,1.03559380357027,117,117,2000,F,up,1.05,1.03102311106189,1.05014915104572,1.03592599365433,1.03592599365433,-0.0320669706229793,k2016
F_up_111,AUCinf_A,1.10035379534089,94.0885,95.9945,2000,F,up,1.11,1.06768310109284,1.11014483266865,1.07839339714921,1.11014483266865,-0.881960356849987,k2016
F_up_111,AUCinf_B,1.10544013910681,115.373,115.8655,2000,F,up,1.11,1.06768310109284,1.11014483266865,1.07839339714921,1.11014483266865,-0.423790970636373,k2016
F_up_111,AUCinf_C,1.11086318066756,117,117,2000,F,up,1.11,1.06768310109284,1.11014483266865,1.07839339714921,1.11014483266865,0.0647075928985386,k2016
F_up_111,AUCinf_true,1.10918307144005,117,117,2000,F,up,1.11,1.06768310109284,1.11014483266865,1.07839339714921,1.11014483266865,-0.0866338517547027,k2016
F_up_111,AUClast,1.11191206184813,117,117,2000,F,up,1.11,1.06768310109284,1.11014483266865,1.07839339714921,1.11014483266865,0.159189065019061,k2016
F_up_111,Cmax,1.07863720070006,117,117,2000,F,up,1.11,1.06768310109284,1.11014483266865,1.07839339714921,1.07839339714921,0.0226080344606139,k2016
F_up_118,AUCinf_A,1.16433220039968,94.0885,96.8715,2000,F,up,1.18,1.10996727771422,1.18028837690496,1.12739272277036,1.18028837690496,-1.35188796378094,k2016
F_up_118,AUCinf_B,1.17342090111382,115.373,116.085,2000,F,up,1.18,1.10996727771422,1.18028837690496,1.12739272277036,1.18028837690496,-0.581847277793546,k2016
F_up_118,AUCinf_C,1.1818355385184,117,117,2000,F,up,1.18,1.10996727771422,1.18028837690496,1.12739272277036,1.18028837690496,0.131083355873796,k2016
F_up_118,AUCinf_true,1.1792834573106,117,117,2000,F,up,1.18,1.10996727771422,1.18028837690496,1.12739272277036,1.18028837690496,-0.0851418699042039,k2016
F_up_118,AUClast,1.18356465357547,117,117,2000,F,up,1.18,1.10996727771422,1.18028837690496,1.12739272277036,1.18028837690496,0.277582727629455,k2016
F_up_118,Cmax,1.1283080338706,117,117,2000,F,up,1.18,1.10996727771422,1.18028837690496,1.12739272277036,1.12739272277036,0.0811883101385469,k2016
F_up_125,AUCinf_A,1.22868191513699,94.1978,97.7817,10000,F,up,1.25,1.15149083830699,1.25010656509896,1.17552651005478,1.25010656509896,-1.71382588973691,k2016
F_up_125,AUCinf_B,1.24251725791763,115.4059,116.2792,10000,F,up,1.25,1.15149083830699,1.25010656509896,1.17552651005478,1.25010656509896,-0.607092818581367,k2016
F_up_125,AUCinf_C,1.25367481175841,117,117,10000,F,up,1.25,1.15149083830699,1.25010656509896,1.17552651005478,1.25010656509896,0.285435398794642,k2016
F_up_125,AUCinf_true,1.25021154543774,117,117,10000,F,up,1.25,1.15149083830699,1.25010656509896,1.17552651005478,1.25010656509896,0.00839771117993049,k2016
F_up_125,AUClast,1.25614699069581,117,117,10000,F,up,1.25,1.15149083830699,1.25010656509896,1.17552651005478,1.25010656509896,0.483192854552761,k2016
F_up_125,Cmax,1.17877806989268,117,117,10000,F,up,1.25,1.15149083830699,1.25010656509896,1.17552651005478,1.17552651005478,0.276604552095638,k2016
F_up_133,AUCinf_A,1.30072608604046,94.0885,98.229,2000,F,up,1.33,1.19845665111804,1.33013677489962,1.22998601511917,1.33013677489962,-2.21110260344307,k2016
F_up_133,AUCinf_B,1.31911186876437,115.373,116.421,2000,F,up,1.33,1.19845665111804,1.33013677489962,1.22998601511917,1.33013677489962,-0.828855072899293,k2016
F_up_133,AUCinf_C,1.33305062650872,117,117,2000,F,up,1.33,1.19845665111804,1.33013677489962,1.22998601511917,1.33013677489962,0.219064058981067,k2016
F_up_133,AUCinf_true,1.3290423076312,117,117,2000,F,up,1.33,1.19845665111804,1.33013677489962,1.22998601511917,1.33013677489962,-0.0822823102912373,k2016
F_up_133,AUClast,1.3365825983795,117,117,2000,F,up,1.33,1.19845665111804,1.33013677489962,1.22998601511917,1.33013677489962,0.484598546669313,k2016
F_up_133,Cmax,1.23233059224799,117,117,2000,F,up,1.33,1.19845665111804,1.33013677489962,1.22998601511917,1.22998601511917,0.190618194028258,k2016
F_up_143,AUCinf_A,1.39063345863299,94.0885,99.045,2000,F,up,1.43,1.25649313446745,1.43050167410425,1.29730502517664,1.43050167410425,-2.78700935433888,k2016
F_up_143,AUCinf_B,1.41699989454519,115.373,116.5805,2000,F,up,1.43,1.25649313446745,1.43050167410425,1.29730502517664,1.43050167410425,-0.943849266553232,k2016
F_up_143,AUCinf_C,1.4343187925817,117,117,2000,F,up,1.43,1.25649313446745,1.43050167410425,1.29730502517664,1.43050167410425,0.266837749759619,k2016
F_up_143,AUCinf_true,1.42934898764778,117,117,2000,F,up,1.43,1.25649313446745,1.43050167410425,1.29730502517664,1.43050167410425,-0.0805791756369301,k2016
F_up_143,AUClast,1.4389781256566,117,117,2000,F,up,1.43,1.25649313446745,1.43050167410425,1.29730502517664,1.43050167410425,0.592550970460071,k2016
F_up_143,Cmax,1.30060387945874,117,117,2000,F,up,1.43,1.25649313446745,1.43050167410425,1.29730502517664,1.29730502517664,0.254285169492174,k2016
Km_up_105,AUCinf_A,0.986976880787054,94.0885,115.23,2000,Km,up,1.05,84.0386692344027,1.05014765162093,1.0088716513308,1.05014765162093,-6.01541799730452,k2016
Km_up_105,AUCinf_B,1.01354411991329,115.373,116.998,2000,Km,up,1.05,84.0386692344027,1.05014765162093,1.0088716513308,1.05014765162093,-3.48556049724426,k2016
Km_up_105,AUCinf_C,1.03744251583846,117,117,2000,Km,up,1.05,84.0386692344027,1.05014765162093,1.0088716513308,1.05014765162093,-1.20984280285326,k2016
Km_up_105,AUCinf_true,1.04918854505793,117,117,2000,Km,up,1.05,84.0386692344027,1.05014765162093,1.0088716513308,1.05014765162093,-0.0913306392220758,k2016
Km_up_105,AUClast,1.06288350267069,117,117,2000,Km,up,1.05,84.0386692344027,1.05014765162093,1.0088716513308,1.05014765162093,1.21276765511067,k2016
Km_up_105,Cmax,1.00878645361568,117,117,2000,Km,up,1.05,84.0386692344027,1.05014765162093,1.0088716513308,1.0088716513308,-0.00844485173184806,k2016
V2_down_105,AUCinf_A,1.05662988190093,94.0885,90.6385,2000,V2,down,1.05,0.723394162736675,1.05025804840559,1.01840551193171,1.05025804840559,0.606692184364865,k2016
V2_down_105,AUCinf_B,1.05281207494077,115.373,115.069,2000,V2,down,1.05,0.723394162736675,1.05025804840559,1.01840551193171,1.05025804840559,0.243180858176073,k2016
V2_down_105,AUCinf_C,1.04847454322921,117,117,2000,V2,down,1.05,0.723394162736675,1.05025804840559,1.01840551193171,1.05025804840559,-0.169815901824033,k2016
V2_down_105,AUCinf_true,1.04931513104612,117,117,2000,V2,down,1.05,0.723394162736675,1.05025804840559,1.01840551193171,1.05025804840559,-0.0897795890166697,k2016
V2_down_105,AUClast,1.04820540518781,117,117,2000,V2,down,1.05,0.723394162736675,1.05025804840559,1.01840551193171,1.05025804840559,-0.19544179841281,k2016
V2_down_105,Cmax,1.02125505607962,117,117,2000,V2,down,1.05,0.723394162736675,1.05025804840559,1.01840551193171,1.01840551193171,0.279804470275002,k2016
V2_down_111,AUCinf_A,1.12822382942407,94.0885,86.387,2000,V2,down,1.11,0.439773612093738,1.11045945165552,1.05394819804994,1.11045945165552,1.59973223174095,k2016
V2_down_111,AUCinf_B,1.11859331108848,115.373,114.1685,2000,V2,down,1.11,0.439773612093738,1.11045945165552,1.05394819804994,1.11045945165552,0.732476941938942,k2016
V2_down_111,AUCinf_C,1.10582177369521,117,117,2000,V2,down,1.11,0.439773612093738,1.11045945165552,1.05394819804994,1.11045945165552,-0.417635957206453,k2016
V2_down_111,AUCinf_true,1.10946720424943,117,117,2000,V2,down,1.11,0.439773612093738,1.11045945165552,1.05394819804994,1.11045945165552,-0.0893546724831773,k2016
V2_down_111,AUClast,1.10587278204496,117,117,2000,V2,down,1.11,0.439773612093738,1.11045945165552,1.05394819804994,1.11045945165552,-0.413042511702488,k2016
V2_down_111,Cmax,1.06089796777252,117,117,2000,V2,down,1.11,0.439773612093738,1.11045945165552,1.05394819804994,1.05394819804994,0.65940334975092,k2016
V2_down_118,AUCinf_A,1.2115739197574,94.0885,82.4705,2000,V2,down,1.18,0.145030162417582,1.18027553007479,1.13573943241727,1.18027553007479,2.6517867129402,k2016
V2_down_118,AUCinf_B,1.1955990518934,115.373,112.5375,2000,V2,down,1.18,0.145030162417582,1.18027553007479,1.13573943241727,1.18027553007479,1.29830039072625,k2016
V2_down_118,AUCinf_C,1.17120756336211,117,117,2000,V2,down,1.18,0.145030162417582,1.18027553007479,1.13573943241727,1.18027553007479,-0.768292358997402,k2016
V2_down_118,AUCinf_true,1.1792391482735,117,117,2000,V2,down,1.18,0.145030162417582,1.18027553007479,1.13573943241727,1.18027553007479,-0.087808462929706,k2016
V2_down_118,AUClast,1.17219340736284,117,117,2000,V2,down,1.18,0.145030162417582,1.18027553007479,1.13573943241727,1.18027553007479,-0.684765760706863,k2016
V2_down_118,Cmax,1.14264005104488,117,117,2000,V2,down,1.18,0.145030162417582,1.18027553007479,1.13573943241727,1.13573943241727,0.607588187100916,k2016
V2_up_070,AUCinf_A,0.707902824542824,94.0885,88.1955,2000,V2,up,0.7,9.646616199112,0.699597927301349,0.951209777988548,0.699597927301349,1.18709574705445,k2016
V2_up_070,AUCinf_B,0.702704988819628,115.373,110.2375,2000,V2,up,0.7,9.646616199112,0.699597927301349,0.951209777988548,0.699597927301349,0.444121029669775,k2016
V2_up_070,AUCinf_C,0.686471121085531,117,117,2000,V2,up,0.7,9.646616199112,0.699597927301349,0.951209777988548,0.699597927301349,-1.87633577853127,k2016
V2_up_070,AUCinf_true,0.699145371371269,117,117,2000,V2,up,0.7,9.646616199112,0.699597927301349,0.951209777988548,0.699597927301349,-0.064688003268587,k2016
V2_up_070,AUClast,0.687070087195921,117,117,2000,V2,up,0.7,9.646616199112,0.699597927301349,0.951209777988548,0.699597927301349,-1.79072001453086,k2016
V2_up_070,Cmax,0.935360830841625,117,117,2000,V2,up,0.7,9.646616199112,0.699597927301349,0.951209777988548,0.951209777988548,-1.66618841749477,k2016
V2_up_075,AUCinf_A,0.752387936622355,94.0885,97.213,2000,V2,up,0.75,4.84056251502108,0.749527660769717,0.957058654679472,0.749527660769717,0.381610446464475,k2016
V2_up_075,AUCinf_B,0.746434066177058,115.373,113.106,2000,V2,up,0.75,4.84056251502108,0.749527660769717,0.957058654679472,0.749527660769717,-0.412739216252833,k2016
V2_up_075,AUCinf_C,0.740613021181992,117,117,2000,V2,up,0.75,4.84056251502108,0.749527660769717,0.957058654679472,0.749527660769717,-1.18936765836907,k2016
V2_up_075,AUCinf_true,0.748999722923294,117,117,2000,V2,up,0.75,4.84056251502108,0.749527660769717,0.957058654679472,0.749527660769717,-0.0704360724833708,k2016
V2_up_075,AUClast,0.742629541891898,117,117,2000,V2,up,0.75,4.84056251502108,0.749527660769717,0.957058654679472,0.749527660769717,-0.92032879356786,k2016
V2_up_075,Cmax,0.943341066544929,117,117,2000,V2,up,0.75,4.84056251502108,0.749527660769717,0.957058654679472,0.957058654679472,-1.43330694179213,k2016
V2_up_080,AUCinf_A,0.798077426873606,94.1978,100.5942,10000,V2,up,0.8,3.21003979693093,0.799717812019852,0.962983911224041,0.799717812019852,-0.205120496453948,k2016
V2_up_080,AUCinf_B,0.795029697493375,115.4059,114.3947,10000,V2,up,0.8,3.21003979693093,0.799717812019852,0.962983911224041,0.799717812019852,-0.586221096493511,k2016
V2_up_080,AUCinf_C,0.794513605611499,117,117,10000,V2,up,0.8,3.21003979693093,0.799717812019852,0.962983911224041,0.799717812019852,-0.65075534521466,k2016
V2_up_080,AUCinf_true,0.799852487517372,117,117,10000,V2,up,0.8,3.21003979693093,0.799717812019852,0.962983911224041,0.799717812019852,0.0168403773800563,k2016
V2_up_080,AUClast,0.797288153379596,117,117,10000,V2,up,0.8,3.21003979693093,0.799717812019852,0.962983911224041,0.799717812019852,-0.303814496030674,k2016
V2_up_080,Cmax,0.952760265179816,117,117,10000,V2,up,0.8,3.21003979693093,0.799717812019852,0.962983911224041,0.962983911224041,-1.06166322459422,k2016
V2_up_085,AUCinf_A,0.844110850576302,94.0885,100.9775,2000,V2,up,0.85,2.33609006981602,0.849579037742249,0.9695041481082,0.849579037742249,-0.643634897169609,k2016
V2_up_085,AUCinf_B,0.843645482992993,115.373,115.056,2000,V2,up,0.85,2.33609006981602,0.849579037742249,0.9695041481082,0.849579037742249,-0.698411152542589,k2016
V2_up_085,AUCinf_C,0.845945281561734,117,117,2000,V2,up,0.85,2.33609006981602,0.849579037742249,0.9695041481082,0.849579037742249,-0.427712551638693,k2016
V2_up_085,AUCinf_true,0.848887219259959,117,117,2000,V2,up,0.85,2.33609006981602,0.849579037742249,0.9695041481082,0.849579037742249,-0.0814307382311141,k2016
V2_up_085,AUClast,0.848415482070132,117,117,2000,V2,up,0.85,2.33609006981602,0.849579037742249,0.9695041481082,0.849579037742249,-0.13695673038373,k2016
V2_up_085,Cmax,0.960074072027042,117,117,2000,V2,up,0.85,2.33609006981602,0.849579037742249,0.9695041481082,0.9695041481082,-0.972670008638854,k2016
V2_up_090,AUCinf_A,0.893172848925823,94.0885,99.608,2000,V2,up,0.9,1.75708053104298,0.899763544323836,0.977285934955137,0.899763544323836,-0.732491935196844,k2016
V2_up_090,AUCinf_B,0.894711511572652,115.373,115.3965,2000,V2,up,0.9,1.75708053104298,0.899763544323836,0.977285934955137,0.899763544323836,-0.56148449034803,k2016
V2_up_090,AUCinf_C,0.897954216373873,117,117,2000,V2,up,0.9,1.75708053104298,0.899763544323836,0.977285934955137,0.899763544323836,-0.201089270773069,k2016
V2_up_090,AUCinf_true,0.898997714585745,117,117,2000,V2,up,0.9,1.75708053104298,0.899763544323836,0.977285934955137,0.899763544323836,-0.0851145551430954,k2016
V2_up_090,AUClast,0.899644218975623,117,117,2000,V2,up,0.9,1.75708053104298,0.899763544323836,0.977285934955137,0.899763544323836,-0.0132618562916353,k2016
V2_up_090,Cmax,0.970338712147603,117,117,2000,V2,up,0.9,1.75708053104298,0.899763544323836,0.977285934955137,0.977285934955137,-0.710869005584669,k2016
V2_up_095,AUCinf_A,0.944897899775331,94.0885,97.2,2000,V2,up,0.95,1.33352143216332,0.949844014998027,0.987033824746741,0.949844014998027,-0.520729208648674,k2016
V2_up_095,AUCinf_B,0.946510146450627,115.373,115.5105,2000,V2,up,0.95,1.33352143216332,0.949844014998027,0.987033824746741,0.949844014998027,-0.350991162207492,k2016
V2_up_095,AUCinf_C,0.949019418820059,117,117,2000,V2,up,0.95,1.33352143216332,0.949844014998027,0.987033824746741,0.949844014998027,-0.0868138520586315,k2016
V2_up_095,AUCinf_true,0.949011157408087,117,117,2000,V2,up,0.95,1.33352143216332,0.949844014998027,0.987033824746741,0.949844014998027,-0.0876836171823325,k2016
V2_up_095,AUClast,0.949863513814064,117,117,2000,V2,up,0.95,1.33352143216332,0.949844014998027,0.987033824746741,0.949844014998027,0.00205284401750827,k2016
V2_up_095,Cmax,0.982935762798591,117,117,2000,V2,up,0.95,1.33352143216332,0.949844014998027,0.987033824746741,0.987033824746741,-0.415189616141221,k2016
Vmax_down_105,AUCinf_A,1.03874764533735,94.0885,96.558,2000,Vmax,down,1.05,0.920858091018106,1.0501268585424,1.01254329055033,1.0501268585424,-1.08360367249799,k2016
Vmax_down_105,AUCinf_B,1.04504456097337,115.373,115.9645,2000,Vmax,down,1.05,0.920858091018106,1.0501268585424,1.01254329055033,1.0501268585424,-0.483969867800671,k2016
Vmax_down_105,AUCinf_C,1.05121641511894,117,117,2000,Vmax,down,1.05,0.920858091018106,1.0501268585424,1.01254329055033,1.0501268585424,0.103754757596652,k2016
Vmax_down_105,AUCinf_true,1.04922385150264,117,117,2000,Vmax,down,1.05,0.920858091018106,1.0501268585424,1.01254329055033,1.0501268585424,-0.0859902813086011,k2016
Vmax_down_105,AUClast,1.05233704552936,117,117,2000,Vmax,down,1.05,0.920858091018106,1.0501268585424,1.01254329055033,1.0501268585424,0.210468570438405,k2016
Vmax_down_105,Cmax,1.01303523610555,117,117,2000,Vmax,down,1.05,0.920858091018106,1.0501268585424,1.01254329055033,1.01254329055033,0.0485851380196412,k2016
Vmax_down_111,AUCinf_A,1.08568226737172,94.0885,98.4785,2000,Vmax,down,1.11,0.834111210802917,1.11021177044599,1.02637811247337,1.11021177044599,-2.20944361492582,k2016
Vmax_down_111,AUCinf_B,1.10118556820848,115.373,116.42,2000,Vmax,down,1.11,0.834111210802917,1.11021177044599,1.02637811247337,1.11021177044599,-0.81301626210315,k2016
Vmax_down_111,AUCinf_C,1.11274473846643,117,117,2000,Vmax,down,1.11,0.834111210802917,1.11021177044599,1.02637811247337,1.11021177044599,0.228151789403674,k2016
Vmax_down_111,AUCinf_true,1.10929827702514,117,117,2000,Vmax,down,1.11,0.834111210802917,1.11021177044599,1.02637811247337,1.11021177044599,-0.0822810066658852,k2016
Vmax_down_111,AUClast,1.11557464456499,117,117,2000,Vmax,down,1.11,0.834111210802917,1.11021177044599,1.02637811247337,1.11021177044599,0.483049654287293,k2016
Vmax_down_111,Cmax,1.02834160645097,117,117,2000,Vmax,down,1.11,0.834111210802917,1.11021177044599,1.02637811247337,1.02637811247337,0.191303180936475,k2016
Vmax_down_118,AUCinf_A,1.1386495198461,94.0885,100.0075,2000,Vmax,down,1.18,0.742622715127721,1.18042880851468,1.04107033396906,1.18042880851468,-3.53933150116447,k2016
Vmax_down_118,AUCinf_B,1.1683541617241,115.373,116.7525,2000,Vmax,down,1.18,0.742622715127721,1.18042880851468,1.04107033396906,1.18042880851468,-1.02290343165801,k2016
Vmax_down_118,AUCinf_C,1.18428357957702,117,117,2000,Vmax,down,1.18,0.742622715127721,1.18042880851468,1.04107033396906,1.18042880851468,0.326556843964831,k2016
Vmax_down_118,AUCinf_true,1.17950587913676,117,117,2000,Vmax,down,1.18,0.742622715127721,1.18042880851468,1.04107033396906,1.18042880851468,-0.0781859415208475,k2016
Vmax_down_118,AUClast,1.18885300725672,117,117,2000,Vmax,down,1.18,0.742622715127721,1.18042880851468,1.04107033396906,1.18042880851468,0.713655807218316,k2016
Vmax_down_118,Cmax,1.04464184967454,117,117,2000,Vmax,down,1.18,0.742622715127721,1.18042880851468,1.04107033396906,1.04107033396906,0.343061903595721,k2016
Vmax_down_125,AUCinf_A,1.1904558285463,94.1978,99.9247,10000,Vmax,down,1.25,0.660178624277622,1.25088393369916,1.0544021629266,1.25088393369916,-4.83083230385373,k2016
Vmax_down_125,AUCinf_B,1.23964383997547,115.4059,116.8917,10000,Vmax,down,1.25,0.660178624277622,1.25088393369916,1.0544021629266,1.25088393369916,-0.898572075384674,k2016
Vmax_down_125,AUCinf_C,1.25634552938441,117,117,10000,Vmax,down,1.25,0.660178624277622,1.25088393369916,1.0544021629266,1.25088393369916,0.436618901091457,k2016
Vmax_down_125,AUCinf_true,1.25093002733498,117,117,10000,Vmax,down,1.25,0.660178624277622,1.25088393369916,1.0544021629266,1.25088393369916,0.00368488511002241,k2016
Vmax_down_125,AUClast,1.26233377574068,117,117,10000,Vmax,down,1.25,0.660178624277622,1.25088393369916,1.0544021629266,1.25088393369916,0.915340083364868,k2016
Vmax_down_125,Cmax,1.06090743557022,117,117,10000,Vmax,down,1.25,0.660178624277622,1.25088393369916,1.0544021629266,1.0544021629266,0.616963135352688,k2016
Vmax_down_133,AUCinf_A,1.24445708689887,94.0885,98.211,2000,Vmax,down,1.33,0.576424176113221,1.33087858987313,1.06803815759157,1.33087858987313,-6.49356775530532,k2016
Vmax_down_133,AUCinf_B,1.32102958671728,115.373,116.9545,2000,Vmax,down,1.33,0.576424176113221,1.33087858987313,1.06803815759157,1.33087858987313,-0.74003768869636,k2016
Vmax_down_133,AUCinf_C,1.33477316083409,117,117,2000,Vmax,down,1.33,0.576424176113221,1.33087858987313,1.06803815759157,1.33087858987313,0.292631573653468,k2016
Vmax_down_133,AUCinf_true,1.32994360563472,117,117,2000,Vmax,down,1.33,0.576424176113221,1.33087858987313,1.06803815759157,1.33087858987313,-0.0702531579907628,k2016
Vmax_down_133,AUClast,1.34144869607911,117,117,2000,Vmax,down,1.33,0.576424176113221,1.33087858987313,1.06803815759157,1.33087858987313,0.794220170525462,k2016
Vmax_down_133,Cmax,1.07471084679344,117,117,2000,Vmax,down,1.33,0.576424176113221,1.33087858987313,1.06803815759157,1.06803815759157,0.624761311610578,k2016
Vmax_down_143,AUCinf_A,1.30584733623605,94.0885,93.4535,2000,Vmax,down,1.43,0.484056251502108,1.43124267718369,1.08318773319823,1.43124267718369,-8.76129135517267,k2016
Vmax_down_143,AUCinf_B,1.42964293907666,115.373,116.981,2000,Vmax,down,1.43,0.484056251502108,1.43124267718369,1.08318773319823,1.43124267718369,-0.111772666685905,k2016
Vmax_down_143,AUCinf_C,1.43204673856124,117,117,2000,Vmax,down,1.43,0.484056251502108,1.43124267718369,1.08318773319823,1.43124267718369,0.0561792483111168,k2016
Vmax_down_143,AUCinf_true,1.43030492826816,117,117,2000,Vmax,down,1.43,0.484056251502108,1.43124267718369,1.08318773319823,1.43124267718369,-0.0655199101087911,k2016
Vmax_down_143,AUClast,1.43757028415721,117,117,2000,Vmax,down,1.43,0.484056251502108,1.43124267718369,1.08318773319823,1.43124267718369,0.442105805981896,k2016
Vmax_down_143,Cmax,1.09168578509099,117,117,2000,Vmax,down,1.43,0.484056251502108,1.43124267718369,1.08318773319823,1.08318773319823,0.784541001740258,k2016
Vmax_up_070,AUCinf_A,0.759843267712354,94.0885,68.5835,2000,Vmax,up,0.7,1.65357721402644,0.699429518190212,0.898977266613688,0.699429518190212,8.63757504522591,k2016
Vmax_up_070,AUCinf_B,0.743209126283442,115.373,105.0805,2000,Vmax,up,0.7,1.65357721402644,0.699429518190212,0.898977266613688,0.699429518190212,6.25933091964865,k2016
Vmax_up_070,AUCinf_C,0.679941494016368,117,116.9995,2000,Vmax,up,0.7,1.65357721402644,0.699429518190212,0.898977266613688,0.699429518190212,-2.78627419447068,k2016
Vmax_up_070,AUCinf_true,0.698632529048366,117,117,2000,Vmax,up,0.7,1.65357721402644,0.699429518190212,0.898977266613688,0.699429518190212,-0.113948456723534,k2016
Vmax_up_070,AUClast,0.680491362420623,117,116.9995,2000,Vmax,up,0.7,1.65357721402644,0.699429518190212,0.898977266613688,0.699429518190212,-2.70765749472394,k2016
Vmax_up_070,Cmax,0.888597206679911,117,116.9995,2000,Vmax,up,0.7,1.65357721402644,0.699429518190212,0.898977266613688,0.898977266613688,-1.1546521051502,k2016
Vmax_up_075,AUCinf_A,0.799879393171279,94.0885,74.0045,2000,Vmax,up,0.75,1.5181514690658,0.749345508151061,0.919563308404305,0.749345508151061,6.74373629661236,k2016
Vmax_up_075,AUCinf_B,0.783661547530165,115.373,107.811,2000,Vmax,up,0.75,1.5181514690658,0.749345508151061,0.919563308404305,0.749345508151061,4.57946821670754,k2016
Vmax_up_075,AUCinf_C,0.733573373971208,117,117,2000,Vmax,up,0.75,1.5181514690658,0.749345508151061,0.919563308404305,0.749345508151061,-2.10478797941543,k2016
Vmax_up_075,AUCinf_true,0.748533156397781,117,117,2000,Vmax,up,0.75,1.5181514690658,0.749345508151061,0.919563308404305,0.749345508151061,-0.108408170122221,k2016
Vmax_up_075,AUClast,0.733216045075831,117,117,2000,Vmax,up,0.75,1.5181514690658,0.749345508151061,0.919563308404305,0.749345508151061,-2.15247344513058,k2016
Vmax_up_075,Cmax,0.91099828806429,117,117,2000,Vmax,up,0.75,1.5181514690658,0.749345508151061,0.919563308404305,0.919563308404305,-0.931422585235364,k2016
Vmax_up_080,AUCinf_A,0.841191905899189,94.1978,79.0581,10000,Vmax,up,0.8,1.39486202241965,0.799417254503779,0.93845337546823,0.799417254503779,5.22563794564837,k2016
Vmax_up_080,AUCinf_B,0.826178221637248,115.4059,110.1275,10000,Vmax,up,0.8,1.39486202241965,0.799417254503779,0.93845337546823,0.799417254503779,3.34755936060955,k2016
Vmax_up_080,AUCinf_C,0.788365039238462,117,117,10000,Vmax,up,0.8,1.39486202241965,0.799417254503779,0.93845337546823,0.799417254503779,-1.38253398998469,k2016
Vmax_up_080,AUCinf_true,0.799580537201807,117,117,10000,Vmax,up,0.8,1.39486202241965,0.799417254503779,0.93845337546823,0.799417254503779,0.0204252156315254,k2016
Vmax_up_080,AUClast,0.787409961096479,117,117,10000,Vmax,up,0.8,1.39486202241965,0.799417254503779,0.93845337546823,0.799417254503779,-1.50200578479553,k2016
Vmax_up_080,Cmax,0.933115305294108,117,117,10000,Vmax,up,0.8,1.39486202241965,0.799417254503779,0.93845337546823,0.93845337546823,-0.568815703972392,k2016
Vmax_up_085,AUCinf_A,0.879743373468824,94.0885,83.484,2000,Vmax,up,0.85,1.28254589997052,0.849537336749722,0.955792809548142,0.849537336749722,3.55558671908041,k2016
Vmax_up_085,AUCinf_B,0.867185274322637,115.373,111.992,2000,Vmax,up,0.85,1.28254589997052,0.849537336749722,0.955792809548142,0.849537336749722,2.07735867624548,k2016
Vmax_up_085,AUCinf_C,0.840809506775939,117,117,2000,Vmax,up,0.85,1.28254589997052,0.849537336749722,0.955792809548142,0.849537336749722,-1.02736272983304,k2016
Vmax_up_085,AUCinf_true,0.848691734973495,117,117,2000,Vmax,up,0.85,1.28254589997052,0.849537336749722,0.955792809548142,0.849537336749722,-0.0995367407231273,k2016
Vmax_up_085,AUClast,0.839576270768696,117,117,2000,Vmax,up,0.85,1.28254589997052,0.849537336749722,0.955792809548142,0.849537336749722,-1.17252833396779,k2016
Vmax_up_085,Cmax,0.950596668740736,117,117,2000,Vmax,up,0.85,1.28254589997052,0.849537336749722,0.955792809548142,0.955792809548142,-0.54364719586687,k2016
Vmax_up_090,AUCinf_A,0.919805470995382,94.0885,87.7605,2000,Vmax,up,0.9,1.18015786265738,0.899596810492939,0.971712808191971,0.899596810492939,2.24641308936715,k2016
Vmax_up_090,AUCinf_B,0.910509881685576,115.373,113.455,2000,Vmax,up,0.9,1.18015786265738,0.899596810492939,0.971712808191971,0.899596810492939,1.21310692360694,k2016
Vmax_up_090,AUCinf_C,0.894079710157169,117,117,2000,Vmax,up,0.9,1.18015786265738,0.899596810492939,0.971712808191971,0.899596810492939,-0.613285893348958,k2016
Vmax_up_090,AUCinf_true,0.898733837507024,117,117,2000,Vmax,up,0.9,1.18015786265738,0.899596810492939,0.971712808191971,0.899596810492939,-0.0959288623358034,k2016
Vmax_up_090,AUClast,0.892777911871422,117,117,2000,Vmax,up,0.9,1.18015786265738,0.899596810492939,0.971712808191971,0.899596810492939,-0.757994975302345,k2016
Vmax_up_090,Cmax,0.968058726650121,117,117,2000,Vmax,up,0.9,1.18015786265738,0.899596810492939,0.971712808191971,0.971712808191971,-0.376045423199567,k2016
Vmax_up_095,AUCinf_A,0.960368359338822,94.0885,91.0905,2000,Vmax,up,0.95,1.08594365380924,0.949938537515853,0.986460696182769,0.949938537515853,1.09794701562946,k2016
Vmax_up_095,AUCinf_B,0.954701776917431,115.373,114.603,2000,Vmax,up,0.95,1.08594365380924,0.949938537515853,0.986460696182769,0.949938537515853,0.50142606215704,k2016
Vmax_up_095,AUCinf_C,0.946942060648015,117,117,2000,Vmax,up,0.95,1.08594365380924,0.949938537515853,0.986460696182769,0.949938537515853,-0.315439025736786,k2016
Vmax_up_095,AUCinf_true,0.949059642195897,117,117,2000,Vmax,up,0.95,1.08594365380924,0.949938537515853,0.986460696182769,0.949938537515853,-0.092521282719471,k2016
Vmax_up_095,AUClast,0.946245955753506,117,117,2000,Vmax,up,0.95,1.08594365380924,0.949938537515853,0.986460696182769,0.949938537515853,-0.388717966112084,k2016
Vmax_up_095,Cmax,0.98427232743411,117,117,2000,Vmax,up,0.95,1.08594365380924,0.949938537515853,0.986460696182769,0.986460696182769,-0.221840439981769,k2016
ka_down_070,AUCinf_A,0.79025311844987,94.0885,69.505,2000,ka,down,0.7,0.34702805275494,0.700016985892441,0.523767519932033,0.700016985892441,12.8905632828878,k2016
ka_down_070,AUCinf_B,0.745427490301094,115.373,110.6195,2000,ka,down,0.7,0.34702805275494,0.700016985892441,0.523767519932033,0.700016985892441,6.48705750343475,k2016
ka_down_070,AUCinf_C,0.690817807816858,117,116.977,2000,ka,down,0.7,0.34702805275494,0.700016985892441,0.523767519932033,0.700016985892441,-1.31413640825512,k2016
ka_down_070,AUCinf_true,0.698465051290969,117,117,2000,ka,down,0.7,0.34702805275494,0.700016985892441,0.523767519932033,0.700016985892441,-0.22169956340321,k2016
ka_down_070,AUClast,0.695317811371189,117,116.977,2000,ka,down,0.7,0.34702805275494,0.700016985892441,0.523767519932033,0.700016985892441,-0.671294356559293,k2016
ka_down_070,Cmax,0.529194916781931,117,116.977,2000,ka,down,0.7,0.34702805275494,0.700016985892441,0.523767519932033,0.523767519932033,1.03622249249096,k2016
ka_down_075,AUCinf_A,0.827045373905091,94.0885,72.623,2000,ka,down,0.75,0.388905199928032,0.750257601010362,0.575478930890891,0.750257601010362,10.2348543741936,k2016
ka_down_075,AUCinf_B,0.786684492211224,115.373,111.4445,2000,ka,down,0.75,0.388905199928032,0.750257601010362,0.575478930890891,0.750257601010362,4.8552512032942,k2016
ka_down_075,AUCinf_C,0.742094788464554,117,116.989,2000,ka,down,0.75,0.388905199928032,0.750257601010362,0.575478930890891,0.750257601010362,-1.08800131245794,k2016
ka_down_075,AUCinf_true,0.748884667037471,117,117,2000,ka,down,0.75,0.388905199928032,0.750257601010362,0.575478930890891,0.750257601010362,-0.182995010119469,k2016
ka_down_075,AUClast,0.746247874547446,117,116.989,2000,ka,down,0.75,0.388905199928032,0.750257601010362,0.575478930890891,0.750257601010362,-0.534446629733076,k2016
ka_down_075,Cmax,0.581348920610731,117,116.989,2000,ka,down,0.75,0.388905199928032,0.750257601010362,0.575478930890891,0.575478930890891,1.02001818046622,k2016
ka_down_080,AUCinf_A,0.862946162197998,94.1978,76.011,10000,ka,down,0.8,0.440433361793372,0.799297411482507,0.631952944916229,0.799297411482507,7.96308730656805,k2016
ka_down_080,AUCinf_B,0.829147024524803,115.4059,112.2972,10000,ka,down,0.8,0.440433361793372,0.799297411482507,0.631952944916229,0.799297411482507,3.7344813849618,k2016
ka_down_080,AUCinf_C,0.793802628870887,117,116.9938,10000,ka,down,0.8,0.440433361793372,0.799297411482507,0.631952944916229,0.799297411482507,-0.687451570927544,k2016
ka_down_080,AUCinf_true,0.799417399792577,117,117,10000,ka,down,0.8,0.440433361793372,0.799297411482507,0.631952944916229,0.799297411482507,0.0150117225886648,k2016
ka_down_080,AUClast,0.797478090821039,117,116.9938,10000,ka,down,0.8,0.440433361793372,0.799297411482507,0.631952944916229,0.799297411482507,-0.227614982274704,k2016
ka_down_080,Cmax,0.639658842277266,117,116.9938,10000,ka,down,0.8,0.440433361793372,0.799297411482507,0.631952944916229,0.631952944916229,1.21937834502199,k2016
ka_down_085,AUCinf_A,0.897851843912581,94.0885,79.6865,2000,ka,down,0.85,0.50974945583338,0.849560255474036,0.698251617539185,0.849560255474036,5.68430410054903,k2016
ka_down_085,AUCinf_B,0.870166468080868,115.373,113.027,2000,ka,down,0.85,0.50974945583338,0.849560255474036,0.698251617539185,0.849560255474036,2.42551513845646,k2016
ka_down_085,AUCinf_C,0.843960934063018,117,116.998,2000,ka,down,0.85,0.50974945583338,0.849560255474036,0.698251617539185,0.849560255474036,-0.659084670562138,k2016
ka_down_085,AUCinf_true,0.848480418054897,117,117,2000,ka,down,0.85,0.50974945583338,0.849560255474036,0.698251617539185,0.849560255474036,-0.127105453931131,k2016
ka_down_085,AUClast,0.846935678945042,117,116.998,2000,ka,down,0.85,0.50974945583338,0.849560255474036,0.698251617539185,0.849560255474036,-0.308933534976863,k2016
ka_down_085,Cmax,0.704923667101732,117,116.998,2000,ka,down,0.85,0.50974945583338,0.849560255474036,0.698251617539185,0.698251617539185,0.955536570908433,k2016
ka_down_090,AUCinf_A,0.932669683580109,94.0885,83.9365,2000,ka,down,0.9,0.606110884808604,0.899805424112438,0.7766105876189,0.899805424112438,3.65237401186904,k2016
ka_down_090,AUCinf_B,0.913408764695844,115.373,113.7495,2000,ka,down,0.9,0.606110884808604,0.899805424112438,0.7766105876189,0.899805424112438,1.51180913327171,k2016
ka_down_090,AUCinf_C,0.895628085382674,117,117,2000,ka,down,0.9,0.606110884808604,0.899805424112438,0.7766105876189,0.899805424112438,-0.464249116289217,k2016
ka_down_090,AUCinf_true,0.898798464083844,117,117,2000,ka,down,0.9,0.606110884808604,0.899805424112438,0.7766105876189,0.899805424112438,-0.111908641758551,k2016
ka_down_090,AUClast,0.897761935463085,117,117,2000,ka,down,0.9,0.606110884808604,0.899805424112438,0.7766105876189,0.899805424112438,-0.227103393088468,k2016
ka_down_090,Cmax,0.783038185958776,117,117,2000,ka,down,0.9,0.606110884808604,0.899805424112438,0.7766105876189,0.7766105876189,0.827647529192555,k2016
ka_down_095,AUCinf_A,0.966974548955841,94.0885,88.4965,2000,ka,down,0.95,0.751019202887681,0.949908155007994,0.873047962827497,0.949908155007994,1.79663621770925,k2016
ka_down_095,AUCinf_B,0.956227174818384,115.373,114.5515,2000,ka,down,0.95,0.751019202887681,0.949908155007994,0.873047962827497,0.949908155007994,0.66522429321989,k2016
ka_down_095,AUCinf_C,0.947336515118686,117,117,2000,ka,down,0.95,0.751019202887681,0.949908155007994,0.873047962827497,0.949908155007994,-0.270725109132941,k2016
ka_down_095,AUCinf_true,0.948959651832706,117,117,2000,ka,down,0.95,0.751019202887681,0.949908155007994,0.873047962827497,0.949908155007994,-0.0998520930984403,k2016
ka_down_095,AUClast,0.94859240273451,117,117,2000,ka,down,0.95,0.751019202887681,0.949908155007994,0.873047962827497,0.949908155007994,-0.138513630664994,k2016
ka_down_095,Cmax,0.877857552473144,117,117,2000,ka,down,0.95,0.751019202887681,0.949908155007994,0.873047962827497,0.873047962827497,0.550896382607657,k2016
ka_up_105,AUCinf_A,1.0312472640636,94.0885,100.1455,2000,ka,up,1.05,1.54918815118162,1.05006636245644,1.1868009360223,1.05006636245644,-1.79218181494892,k2016
ka_up_105,AUCinf_B,1.04146508884426,115.373,116.287,2000,ka,up,1.05,1.54918815118162,1.05006636245644,1.1868009360223,1.05006636245644,-0.819117145325776,k2016
ka_up_105,AUCinf_C,1.05080024965921,117,117,2000,ka,up,1.05,1.54918815118162,1.05006636245644,1.1868009360223,1.05006636245644,0.0698896021250839,k2016
ka_up_105,AUCinf_true,1.04925383978729,117,117,2000,ka,up,1.05,1.54918815118162,1.05006636245644,1.1868009360223,1.05006636245644,-0.0773782208633334,k2016
ka_up_105,AUClast,1.04983524146847,117,117,2000,ka,up,1.05,1.54918815118162,1.05006636245644,1.1868009360223,1.05006636245644,-0.0220101315723809,k2016
ka_up_105,Cmax,1.16649298750307,117,117,2000,ka,up,1.05,1.54918815118162,1.05006636245644,1.1868009360223,1.1868009360223,-1.71115036252798,k2016
ka_up_111,AUCinf_A,1.07363247295993,94.0885,106.0055,2000,ka,up,1.11,6.04296390238133,1.11032654787836,1.66159034945477,1.11032654787836,-3.3048002849747,k2016
ka_up_111,AUCinf_B,1.09372531316785,115.373,116.9755,2000,ka,up,1.11,6.04296390238133,1.11032654787836,1.66159034945477,1.11032654787836,-1.49516687160464,k2016
ka_up_111,AUCinf_C,1.11207892760871,117,117,2000,ka,up,1.11,6.04296390238133,1.11032654787836,1.66159034945477,1.11032654787836,0.157825617490692,k2016
ka_up_111,AUCinf_true,1.10962629126189,117,117,2000,ka,up,1.11,6.04296390238133,1.11032654787836,1.66159034945477,1.11032654787836,-0.0630676279704368,k2016
ka_up_111,AUClast,1.11069098198447,117,117,2000,ka,up,1.11,6.04296390238133,1.11032654787836,1.66159034945477,1.11032654787836,0.0328222455639793,k2016
ka_up_111,Cmax,1.5266681582977,117,117,2000,ka,up,1.11,6.04296390238133,1.11032654787836,1.66159034945477,1.66159034945477,-8.12006348022783,k2016
ke_down_105,AUCinf_A,1.0482579343527,94.0885,93.8955,2000,ke,down,1.05,0.911245541985472,1.05008025202458,1.01506501555001,1.05008025202458,-0.17354080017884,k2016
ke_down_105,AUCinf_B,1.04899293831477,115.373,115.5785,2000,ke,down,1.05,0.911245541985472,1.05008025202458,1.01506501555001,1.05008025202458,-0.103545772593039,k2016
ke_down_105,AUCinf_C,1.05022113228535,117,117,2000,ke,down,1.05,0.911245541985472,1.05008025202458,1.01506501555001,1.05008025202458,0.0134161422902901,k2016
ke_down_105,AUCinf_true,1.049130288356,117,117,2000,ke,down,1.05,0.911245541985472,1.05008025202458,1.01506501555001,1.05008025202458,-0.0904658159930238,k2016
ke_down_105,AUClast,1.05061194948556,117,117,2000,ke,down,1.05,0.911245541985472,1.05008025202458,1.01506501555001,1.05008025202458,0.0506339834463354,k2016
ke_down_105,Cmax,1.01613531133628,117,117,2000,ke,down,1.05,0.911245541985472,1.05008025202458,1.01506501555001,1.01506501555001,0.105441106714621,k2016
ke_down_111,AUCinf_A,1.10487460461759,94.0885,93.5675,2000,ke,down,1.11,0.816788049644061,1.10959794791165,1.03184779137821,1.10959794791165,-0.425680608273371,k2016
ke_down_111,AUCinf_B,1.10852748280785,115.373,115.741,2000,ke,down,1.11,0.816788049644061,1.10959794791165,1.03184779137821,1.10959794791165,-0.096473241124051,k2016
ke_down_111,AUCinf_C,1.11072935835669,117,117,2000,ke,down,1.11,0.816788049644061,1.10959794791165,1.03184779137821,1.10959794791165,0.101965801863013,k2016
ke_down_111,AUCinf_true,1.10857736390223,117,117,2000,ke,down,1.11,0.816788049644061,1.10959794791165,1.03184779137821,1.10959794791165,-0.0919778205553445,k2016
ke_down_111,AUClast,1.11150275705378,117,117,2000,ke,down,1.11,0.816788049644061,1.10959794791165,1.03184779137821,1.10959794791165,0.171666606423604,k2016
ke_down_111,Cmax,1.03505613794102,117,117,2000,ke,down,1.11,0.816788049644061,1.10959794791165,1.03184779137821,1.03184779137821,0.310932153910115,k2016
ke_down_118,AUCinf_A,1.17033333425114,94.0885,92.845,2000,ke,down,1.18,0.719069442368983,1.17928173323279,1.05010396454253,1.17928173323279,-0.758800779277691,k2016
ke_down_118,AUCinf_B,1.17823126382621,115.373,115.9245,2000,ke,down,1.18,0.719069442368983,1.17928173323279,1.05010396454253,1.17928173323279,-0.089077052325548,k2016
ke_down_118,AUCinf_C,1.18138828522857,117,117,2000,ke,down,1.18,0.719069442368983,1.17928173323279,1.05010396454253,1.17928173323279,0.178630087825393,k2016
ke_down_118,AUCinf_true,1.17817584422785,117,117,2000,ke,down,1.18,0.719069442368983,1.17928173323279,1.05010396454253,1.17928173323279,-0.0937764890084791,k2016
ke_down_118,AUClast,1.18270479693991,117,117,2000,ke,down,1.18,0.719069442368983,1.17928173323279,1.05010396454253,1.17928173323279,0.290266830279307,k2016
ke_down_118,Cmax,1.05571333128424,117,117,2000,ke,down,1.18,0.719069442368983,1.17928173323279,1.05010396454253,1.05010396454253,0.534172513495479,k2016
ke_down_125,AUCinf_A,1.2361291277411,94.1978,91.9033,10000,ke,down,1.25,0.632567348266282,1.24933521039854,1.06710162104024,1.24933521039854,-1.05704878462709,k2016
ke_down_125,AUCinf_B,1.25061328501682,115.4059,116.0852,10000,ke,down,1.25,0.632567348266282,1.24933521039854,1.06710162104024,1.24933521039854,0.102300376043596,k2016
ke_down_125,AUCinf_C,1.253826261603,117,117,10000,ke,down,1.25,0.632567348266282,1.24933521039854,1.06710162104024,1.24933521039854,0.359475276697374,k2016
ke_down_125,AUCinf_true,1.24954593899665,117,117,10000,ke,down,1.25,0.632567348266282,1.24933521039854,1.06710162104024,1.24933521039854,0.0168672583910956,k2016
ke_down_125,AUClast,1.25555316172648,117,117,10000,ke,down,1.25,0.632567348266282,1.24933521039854,1.06710162104024,1.24933521039854,0.497700799288192,k2016
ke_down_125,Cmax,1.07652566978345,117,117,10000,ke,down,1.25,0.632567348266282,1.24933521039854,1.06710162104024,1.06710162104024,0.883144450105999,k2016
ke_down_133,AUCinf_A,1.30660435281178,94.0885,90.441,2000,ke,down,1.33,0.546140882173227,1.32896073842499,1.08495408323507,1.32896073842499,-1.68224575540904,k2016
ke_down_133,AUCinf_B,1.33012473753258,115.373,116.2095,2000,ke,down,1.33,0.546140882173227,1.32896073842499,1.08495408323507,1.32896073842499,0.0875871704811848,k2016
ke_down_133,AUCinf_C,1.33272629310218,117,117,2000,ke,down,1.33,0.546140882173227,1.32896073842499,1.08495408323507,1.32896073842499,0.283345818150327,k2016
ke_down_133,AUCinf_true,1.32766226645116,117,117,2000,ke,down,1.33,0.546140882173227,1.32896073842499,1.08495408323507,1.32896073842499,-0.0977058190124835,k2016
ke_down_133,AUClast,1.33471423262712,117,117,2000,ke,down,1.33,0.546140882173227,1.32896073842499,1.08495408323507,1.32896073842499,0.432931841834927,k2016
ke_down_133,Cmax,1.09536016386053,117,117,2000,ke,down,1.33,0.546140882173227,1.32896073842499,1.08495408323507,1.08495408323507,0.95912636177482,k2016
ke_down_143,AUCinf_A,1.38995613187379,94.0885,87.938,2000,ke,down,1.43,0.452479552570213,1.42880724339599,1.1053943362912,1.42880724339599,-2.71912895891097,k2016
ke_down_143,AUCinf_B,1.43276163372385,115.373,116.3735,2000,ke,down,1.43,0.452479552570213,1.42880724339599,1.1053943362912,1.42880724339599,0.276761637802037,k2016
ke_down_143,AUCinf_C,1.43257408624314,117,117,2000,ke,down,1.43,0.452479552570213,1.42880724339599,1.1053943362912,1.42880724339599,0.263635480892366,k2016
ke_down_143,AUCinf_true,1.42737335987693,117,117,2000,ke,down,1.43,0.452479552570213,1.42880724339599,1.1053943362912,1.42880724339599,-0.100355280650255,k2016
ke_down_143,AUClast,1.43513973453486,117,117,2000,ke,down,1.43,0.452479552570213,1.42880724339599,1.1053943362912,1.42880724339599,0.443201220328215,k2016
ke_down_143,Cmax,1.11876187458874,117,117,2000,ke,down,1.43,0.452479552570213,1.42880724339599,1.1053943362912,1.1053943362912,1.20930041512477,k2016
ke_up_070,AUCinf_A,0.704790789939706,94.0885,93.3385,2000,ke,up,0.7,1.81191583652074,0.700620455359482,0.886245464660751,0.700620455359482,0.595234487991703,k2016
ke_up_070,AUCinf_B,0.701410979985449,115.373,113.8125,2000,ke,up,0.7,1.81191583652074,0.700620455359482,0.886245464660751,0.700620455359482,0.112832079040759,k2016
ke_up_070,AUCinf_C,0.694203253952186,117,117,2000,ke,up,0.7,1.81191583652074,0.700620455359482,0.886245464660751,0.700620455359482,-0.915931209002885,k2016
ke_up_070,AUCinf_true,0.700043012593484,117,117,2000,ke,up,0.7,1.81191583652074,0.700620455359482,0.886245464660751,0.700620455359482,-0.0824187706168877,k2016
ke_up_070,AUClast,0.693113918542135,117,117,2000,ke,up,0.7,1.81191583652074,0.700620455359482,0.886245464660751,0.700620455359482,-1.07141273993994,k2016
ke_up_070,Cmax,0.872129171462797,117,117,2000,ke,up,0.7,1.81191583652074,0.700620455359482,0.886245464660751,0.886245464660751,-1.59281979551316,k2016
ke_up_075,AUCinf_A,0.753450371005086,94.0885,93.791,2000,ke,up,0.75,1.63019509970504,0.750355682962533,0.908598631111101,0.750355682962533,0.412429480154652,k2016
ke_up_075,AUCinf_B,0.750908779342508,115.373,114.1565,2000,ke,up,0.75,1.63019509970504,0.750355682962533,0.908598631111101,0.750355682962533,0.0737112268933027,k2016
ke_up_075,AUCinf_C,0.744968063863217,117,117,2000,ke,up,0.75,1.63019509970504,0.750355682962533,0.908598631111101,0.750355682962533,-0.718008701959205,k2016
ke_up_075,AUCinf_true,0.749729674395433,117,117,2000,ke,up,0.75,1.63019509970504,0.750355682962533,0.908598631111101,0.750355682962533,-0.0834282436068534,k2016
ke_up_075,AUClast,0.743867583975067,117,117,2000,ke,up,0.75,1.63019509970504,0.750355682962533,0.908598631111101,0.750355682962533,-0.864669800573781,k2016
ke_up_075,Cmax,0.896986141044937,117,117,2000,ke,up,0.75,1.63019509970504,0.750355682962533,0.908598631111101,0.908598631111101,-1.27806598739465,k2016
ke_up_080,AUCinf_A,0.803944107559554,94.1978,94.1935,10000,ke,up,0.8,1.47110350143772,0.800334236753497,0.929468091140586,0.800334236753497,0.45104540581693,k2016
ke_up_080,AUCinf_B,0.801487890450098,115.4059,114.4422,10000,ke,up,0.8,1.47110350143772,0.800334236753497,0.929468091140586,0.800334236753497,0.144146488257269,k2016
ke_up_080,AUCinf_C,0.796728266157734,117,117,10000,ke,up,0.8,1.47110350143772,0.800334236753497,0.929468091140586,0.800334236753497,-0.450558083131636,k2016
ke_up_080,AUCinf_true,0.800387539905343,117,117,10000,ke,up,0.8,1.47110350143772,0.800334236753497,0.929468091140586,0.800334236753497,0.00666011141323697,k2016
ke_up_080,AUClast,0.795763738847954,117,117,10000,ke,up,0.8,1.47110350143772,0.800334236753497,0.929468091140586,0.800334236753497,-0.5710736459411,k2016
ke_up_080,Cmax,0.921614601870737,117,117,10000,ke,up,0.8,1.47110350143772,0.800334236753497,0.929468091140586,0.929468091140586,-0.84494447358725,k2016
ke_up_085,AUCinf_A,0.852583034536912,94.0885,94.33,2000,ke,up,0.85,1.33152387602738,0.850272484687047,0.948898250132683,0.850272484687047,0.271742281618725,k2016
ke_up_085,AUCinf_B,0.850310124764473,115.373,114.7435,2000,ke,up,0.85,1.33152387602738,0.850272484687047,0.948898250132683,0.850272484687047,0.00442682529464555,k2016
ke_up_085,AUCinf_C,0.846813564004842,117,117,2000,ke,up,0.85,1.33152387602738,0.850272484687047,0.948898250132683,0.850272484687047,-0.406801436539284,k2016
ke_up_085,AUCinf_true,0.849544421018706,117,117,2000,ke,up,0.85,1.33152387602738,0.850272484687047,0.948898250132683,0.850272484687047,-0.0856270997184438,k2016
ke_up_085,AUClast,0.846040947151075,117,117,2000,ke,up,0.85,1.33152387602738,0.850272484687047,0.948898250132683,0.850272484687047,-0.497668407737439,k2016
ke_up_085,Cmax,0.941924660212415,117,117,2000,ke,up,0.85,1.33152387602738,0.850272484687047,0.948898250132683,0.948898250132683,-0.734914404077824,k2016
ke_up_090,AUCinf_A,0.901980258372799,94.0885,94.321,2000,ke,up,0.9,1.20790074742528,0.900285812983383,0.967079967451048,0.900285812983383,0.188211939473004,k2016
ke_up_090,AUCinf_B,0.900174561296059,115.373,114.9945,2000,ke,up,0.9,1.20790074742528,0.900285812983383,0.967079967451048,0.900285812983383,-0.0123573742604521,k2016
ke_up_090,AUCinf_C,0.897737313749802,117,117,2000,ke,up,0.9,1.20790074742528,0.900285812983383,0.967079967451048,0.900285812983383,-0.283076684851469,k2016
ke_up_090,AUCinf_true,0.899504426601748,117,117,2000,ke,up,0.9,1.20790074742528,0.900285812983383,0.967079967451048,0.900285812983383,-0.0867931461727145,k2016
ke_up_090,AUClast,0.897233331348007,117,117,2000,ke,up,0.9,1.20790074742528,0.900285812983383,0.967079967451048,0.900285812983383,-0.339056951842953,k2016
ke_up_090,Cmax,0.962267723348718,117,117,2000,ke,up,0.9,1.20790074742528,0.900285812983383,0.967079967451048,0.967079967451048,-0.497605602876217,k2016
ke_up_095,AUCinf_A,0.95095918723098,94.0885,94.2335,2000,ke,up,0.95,1.09822191087231,0.950136838158432,0.98405615669767,0.950136838158432,0.0865505935062849,k2016
ke_up_095,AUCinf_B,0.949618908101014,115.373,115.222,2000,ke,up,0.95,1.09822191087231,0.950136838158432,0.98405615669767,0.950136838158432,-0.054511101624255,k2016
ke_up_095,AUCinf_C,0.94849418236504,117,117,2000,ke,up,0.95,1.09822191087231,0.950136838158432,0.98405615669767,0.950136838158432,-0.172886233584646,k2016
ke_up_095,AUCinf_true,0.949300819346416,117,117,2000,ke,up,0.95,1.09822191087231,0.950136838158432,0.98405615669767,0.950136838158432,-0.0879893062178616,k2016
ke_up_095,AUClast,0.948287830182783,117,117,2000,ke,up,0.95,1.09822191087231,0.950136838158432,0.98405615669767,0.950136838158432,-0.194604387640895,k2016
ke_up_095,Cmax,0.981288993325279,117,117,2000,ke,up,0.95,1.09822191087231,0.950136838158432,0.98405615669767,0.98405615669767,-0.281199741859928,k2016
S00,AUCinf_A,0.999883845280434,94.1978,94.2222,10000,동일,-,1,1,1,1,1,-0.011615471956572,k2016
S00,AUCinf_B,1.00035260370739,115.4059,115.4213,10000,동일,-,1,1,1,1,1,0.0352603707393762,k2016
S00,AUCinf_C,1.0003695179755,117,117,10000,동일,-,1,1,1,1,1,0.0369517975503886,k2016
S00,AUCinf_true,1.00011305720342,117,117,10000,동일,-,1,1,1,1,1,0.0113057203424027,k2016
S00,AUClast,1.00044762874656,117,117,10000,동일,-,1,1,1,1,1,0.0447628746564677,k2016
S00,Cmax,1.00065149210885,117,117,10000,동일,-,1,1,1,1,1,0.0651492108850738,k2016
F_down_070,AUCinf_A,0.723224084560549,98.059,91.375,2000,F,down,0.7,0.804333575446786,0.69965847781589,0.775278894294739,0.69965847781589,3.36815853617949,k2020
F_down_070,AUCinf_B,0.709275676202098,116.2375,114.8535,2000,F,down,0.7,0.804333575446786,0.69965847781589,0.775278894294739,0.69965847781589,1.37455611432453,k2020
F_down_070,AUCinf_C,0.695389097819417,117,117,2000,F,down,0.7,0.804333575446786,0.69965847781589,0.775278894294739,0.69965847781589,-0.610209142294782,k2020
F_down_070,AUCinf_true,0.699021355214783,117,117,2000,F,down,0.7,0.804333575446786,0.69965847781589,0.775278894294739,0.69965847781589,-0.0910619425488424,k2020
F_down_070,AUClast,0.693331133634091,117,117,2000,F,down,0.7,0.804333575446786,0.69965847781589,0.775278894294739,0.69965847781589,-0.904347532749217,k2020
F_down_070,Cmax,0.772237396897366,117,117,2000,F,down,0.7,0.804333575446786,0.69965847781589,0.775278894294739,0.775278894294739,-0.392310098953419,k2020
F_down_075,AUCinf_A,0.769951188398638,98.059,92.875,2000,F,down,0.75,0.83818492132275,0.749753565013548,0.814098977327149,0.749753565013548,2.69390161348881,k2020
F_down_075,AUCinf_B,0.75757205608617,116.2375,115.2,2000,F,down,0.75,0.83818492132275,0.749753565013548,0.814098977327149,0.749753565013548,1.04280812222353,k2020
F_down_075,AUCinf_C,0.74623162489161,117,117,2000,F,down,0.75,0.83818492132275,0.749753565013548,0.814098977327149,0.749753565013548,-0.469746365510659,k2020
F_down_075,AUCinf_true,0.749080525408512,117,117,2000,F,down,0.75,0.83818492132275,0.749753565013548,0.814098977327149,0.749753565013548,-0.0897681100087144,k2020
F_down_075,AUClast,0.744275219928777,117,117,2000,F,down,0.75,0.83818492132275,0.749753565013548,0.814098977327149,0.749753565013548,-0.730686100128375,k2020
F_down_075,Cmax,0.811429446300942,117,117,2000,F,down,0.75,0.83818492132275,0.749753565013548,0.814098977327149,0.814098977327149,-0.327912342424463,k2020
F_down_080,AUCinf_A,0.816267133743138,98.0494,94.2343,10000,F,down,0.8,0.871335777735966,0.799619025640266,0.852142118063974,0.799619025640266,2.08200500101177,k2020
F_down_080,AUCinf_B,0.806323450402924,116.2395,115.5033,10000,F,down,0.8,0.871335777735966,0.799619025640266,0.852142118063974,0.799619025640266,0.838452381406163,k2020
F_down_080,AUCinf_C,0.797642455349279,117,117,10000,F,down,0.8,0.871335777735966,0.799619025640266,0.852142118063974,0.799619025640266,-0.247189002213222,k2020
F_down_080,AUCinf_true,0.799693597947088,117,117,10000,F,down,0.8,0.871335777735966,0.799619025640266,0.852142118063974,0.799619025640266,0.00932597955156655,k2020
F_down_080,AUClast,0.795924068789152,117,117,10000,F,down,0.8,0.871335777735966,0.799619025640266,0.852142118063974,0.799619025640266,-0.462089661780563,k2020
F_down_080,Cmax,0.8509541142295,117,117,10000,F,down,0.8,0.871335777735966,0.799619025640266,0.852142118063974,0.852142118063974,-0.139413814819189,k2020
F_down_085,AUCinf_A,0.862238299043874,98.059,95.27,2000,F,down,0.85,0.904102037372205,0.849650500184827,0.889767195822651,0.849650500184827,1.4815266814189,k2020
F_down_085,AUCinf_B,0.853894370223615,116.2375,115.7405,2000,F,down,0.85,0.904102037372205,0.849650500184827,0.889767195822651,0.849650500184827,0.499484204136258,k2020
F_down_085,AUCinf_C,0.847282535834038,117,117,2000,F,down,0.85,0.904102037372205,0.849650500184827,0.889767195822651,0.849650500184827,-0.278698635530061,k2020
F_down_085,AUCinf_true,0.848907212612395,117,117,2000,F,down,0.85,0.904102037372205,0.849650500184827,0.889767195822651,0.849650500184827,-0.0874815670997009,k2020
F_down_085,AUClast,0.846009211392475,117,117,2000,F,down,0.85,0.904102037372205,0.849650500184827,0.889767195822651,0.849650500184827,-0.428563131730109,k2020
F_down_085,Cmax,0.887837861495011,117,117,2000,F,down,0.85,0.904102037372205,0.849650500184827,0.889767195822651,0.889767195822651,-0.216835857367859,k2020
F_down_090,AUCinf_A,0.908278345981954,98.059,96.3085,2000,F,down,0.9,0.936519721022221,0.899842309255108,0.92701274636435,0.899842309255108,0.937501675580177,k2020
F_down_090,AUCinf_B,0.902310611041152,116.2375,115.94,2000,F,down,0.9,0.936519721022221,0.899842309255108,0.92701274636435,0.899842309255108,0.274303815308175,k2020
F_down_090,AUCinf_C,0.898018497992574,117,117,2000,F,down,0.9,0.936519721022221,0.899842309255108,0.92701274636435,0.899842309255108,-0.202681208004474,k2020
F_down_090,AUCinf_true,0.899064319060989,117,117,2000,F,down,0.9,0.936519721022221,0.899842309255108,0.92701274636435,0.899842309255108,-0.0864585034640708,k2020
F_down_090,AUClast,0.897151307373805,117,117,2000,F,down,0.9,0.936519721022221,0.899842309255108,0.92701274636435,0.899842309255108,-0.299052606620687,k2020
F_down_090,Cmax,0.925457368882357,117,117,2000,F,down,0.9,0.936519721022221,0.899842309255108,0.92701274636435,0.92701274636435,-0.167783829088941,k2020
F_down_095,AUCinf_A,0.954119699511421,98.059,97.343,2000,F,down,0.95,0.968465121072061,0.949944849803286,0.963734069940012,0.949944849803286,0.439483377271777,k2020
F_down_095,AUCinf_B,0.950701497863848,116.2375,116.116,2000,F,down,0.95,0.968465121072061,0.949944849803286,0.963734069940012,0.949944849803286,0.0796517882820647,k2020
F_down_095,AUCinf_C,0.948696182627948,117,117,2000,F,down,0.95,0.968465121072061,0.949944849803286,0.963734069940012,0.949944849803286,-0.131446280865288,k2020
F_down_095,AUCinf_true,0.949132553231489,117,117,2000,F,down,0.95,0.968465121072061,0.949944849803286,0.963734069940012,0.949944849803286,-0.0855098663849252,k2020
F_down_095,AUClast,0.948215972030333,117,117,2000,F,down,0.95,0.968465121072061,0.949944849803286,0.963734069940012,0.949944849803286,-0.181997699478131,k2020
F_down_095,Cmax,0.962550884477908,117,117,2000,F,down,0.95,0.968465121072061,0.949944849803286,0.963734069940012,0.963734069940012,-0.122770948854933,k2020
F_up_105,AUCinf_A,1.04519924338937,98.059,98.6075,2000,F,up,1.05,1.03124131332539,1.05014776017276,1.03594311005938,1.05014776017276,-0.47122100061231,k2020
F_up_105,AUCinf_B,1.04787851487323,116.2375,116.3675,2000,F,up,1.05,1.03124131332539,1.05014776017276,1.03594311005938,1.05014776017276,-0.216088191165942,k2020
F_up_105,AUCinf_C,1.0497796777551,117,117,2000,F,up,1.05,1.03124131332539,1.05014776017276,1.03594311005938,1.05014776017276,-0.0350505358982622,k2020
F_up_105,AUCinf_true,1.04926773405491,117,117,2000,F,up,1.05,1.03124131332539,1.05014776017276,1.03594311005938,1.05014776017276,-0.0838002185240994,k2020
F_up_105,AUClast,1.05033986542062,117,117,2000,F,up,1.05,1.03124131332539,1.05014776017276,1.03594311005938,1.05014776017276,0.018293163605132,k2020
F_up_105,Cmax,1.03550165901973,117,117,2000,F,up,1.05,1.03124131332539,1.05014776017276,1.03594311005938,1.03594311005938,-0.0426134442484516,k2020
F_up_111,AUCinf_A,1.09959924217126,98.059,99.222,2000,F,up,1.11,1.06820837253561,1.11017197506889,1.07849114473373,1.11017197506889,-0.952350909143951,k2020
F_up_111,AUCinf_B,1.10640845693006,116.2375,116.4815,2000,F,up,1.11,1.06820837253561,1.11017197506889,1.07849114473373,1.11017197506889,-0.339003165577245,k2020
F_up_111,AUCinf_C,1.11015163464265,117,117,2000,F,up,1.11,1.06820837253561,1.11017197506889,1.07849114473373,1.11017197506889,-0.00183218696747645,k2020
F_up_111,AUCinf_true,1.10925186890528,117,117,2000,F,up,1.11,1.06820837253561,1.11017197506889,1.07849114473373,1.11017197506889,-0.0828796064277437,k2020
F_up_111,AUClast,1.11150339590264,117,117,2000,F,up,1.11,1.06820837253561,1.11017197506889,1.07849114473373,1.11017197506889,0.119929241923722,k2020
F_up_111,Cmax,1.07849567508609,117,117,2000,F,up,1.11,1.06820837253561,1.11017197506889,1.07849114473373,1.07849114473373,0.00042006393707883,k2020
F_up_118,AUCinf_A,1.16343271420948,98.059,99.8325,2000,F,up,1.18,1.11096334216204,1.18047557392408,1.12772253970127,1.18047557392408,-1.44372828130167,k2020
F_up_118,AUCinf_B,1.17504468990368,116.2375,116.573,2000,F,up,1.18,1.11096334216204,1.18047557392408,1.12772253970127,1.18047557392408,-0.460058991508583,k2020
F_up_118,AUCinf_C,1.1808125963812,117,117,2000,F,up,1.18,1.11096334216204,1.18047557392408,1.12772253970127,1.18047557392408,0.0285497188225348,k2020
F_up_118,AUCinf_true,1.17950894808898,117,117,2000,F,up,1.18,1.11096334216204,1.18047557392408,1.12772253970127,1.18047557392408,-0.0818844418685627,k2020
F_up_118,AUClast,1.18311527872194,117,117,2000,F,up,1.18,1.11096334216204,1.18047557392408,1.12772253970127,1.18047557392408,0.223613673689749,k2020
F_up_118,Cmax,1.12824911213527,117,117,2000,F,up,1.18,1.11096334216204,1.18047557392408,1.12772253970127,1.12772253970127,0.0466934388082985,k2020
F_up_125,AUCinf_A,1.22680522617556,98.0494,100.2315,10000,F,up,1.25,1.15294080629446,1.25037238459433,1.17607904174935,1.25037238459433,-1.88481117378629,k2020
F_up_125,AUCinf_B,1.24410360258809,116.2395,116.6688,10000,F,up,1.25,1.15294080629446,1.25037238459433,1.17607904174935,1.25037238459433,-0.501353203531374,k2020
F_up_125,AUCinf_C,1.25208175210053,117,117,10000,F,up,1.25,1.15294080629446,1.25037238459433,1.17607904174935,1.25037238459433,0.136708673933006,k2020
F_up_125,AUCinf_true,1.2503392208369,117,117,10000,F,up,1.25,1.15294080629446,1.25037238459433,1.17607904174935,1.25037238459433,-0.00265231045069037,k2020
F_up_125,AUClast,1.25537998963629,117,117,10000,F,up,1.25,1.15294080629446,1.25037238459433,1.17607904174935,1.25037238459433,0.400489094581769,k2020
F_up_125,Cmax,1.17854313493191,117,117,10000,F,up,1.25,1.15294080629446,1.25037238459433,1.17607904174935,1.17607904174935,0.209517651032387,k2020
F_up_133,AUCinf_A,1.29886761477805,98.059,100.5985,2000,F,up,1.33,1.20063954610321,1.33078610246947,1.23104834195462,1.33078610246947,-2.39846866691734,k2020
F_up_133,AUCinf_B,1.32212031069853,116.2375,116.7375,2000,F,up,1.33,1.20063954610321,1.33078610246947,1.23104834195462,1.33078610246947,-0.651178409126907,k2020
F_up_133,AUCinf_C,1.33167025980554,117,117,2000,F,up,1.33,1.20063954610321,1.33078610246947,1.23104834195462,1.33078610246947,0.0664387262859334,k2020
F_up_133,AUCinf_true,1.32972129773768,117,117,2000,F,up,1.33,1.20063954610321,1.33078610246947,1.23104834195462,1.33078610246947,-0.0800132139802678,k2020
F_up_133,AUClast,1.33608464016953,117,117,2000,F,up,1.33,1.20063954610321,1.33078610246947,1.23104834195462,1.33078610246947,0.398150964323096,k2020
F_up_133,Cmax,1.23268715215636,117,117,2000,F,up,1.33,1.20063954610321,1.33078610246947,1.23104834195462,1.23104834195462,0.133123139513303,k2020
F_up_143,AUCinf_A,1.38809355181996,98.059,100.761,2000,F,up,1.43,1.25896883831092,1.43046807360462,1.29829725138482,1.43046807360462,-2.96228364453337,k2020
F_up_143,AUCinf_B,1.4200551324834,116.2375,116.8015,2000,F,up,1.43,1.25896883831092,1.43046807360462,1.29829725138482,1.43046807360462,-0.727939428594326,k2020
F_up_143,AUCinf_C,1.43154147128774,117,117,2000,F,up,1.43,1.25896883831092,1.43046807360462,1.29829725138482,1.43046807360462,0.0750382132201466,k2020
F_up_143,AUCinf_true,1.42933898773394,117,117,2000,F,up,1.43,1.25896883831092,1.43046807360462,1.29829725138482,1.43046807360462,-0.0789312177963741,k2020
F_up_143,AUClast,1.437402480289,117,117,2000,F,up,1.43,1.25896883831092,1.43046807360462,1.29829725138482,1.43046807360462,0.484764869089527,k2020
F_up_143,Cmax,1.30066966139609,117,117,2000,F,up,1.43,1.25896883831092,1.43046807360462,1.29829725138482,1.29829725138482,0.182732421927079,k2020
Km_up_105,AUCinf_A,0.988164940837173,98.059,115.054,2000,Km,up,1.05,91.947868631888,1.05009893346047,1.00969253810531,1.05009893346047,-5.89791977211147,k2020
Km_up_105,AUCinf_B,1.01766293527951,116.2375,116.9985,2000,Km,up,1.05,91.947868631888,1.05009893346047,1.00969253810531,1.05009893346047,-3.08885164506101,k2020
Km_up_105,AUCinf_C,1.03482419700133,117,117,2000,Km,up,1.05,91.947868631888,1.05009893346047,1.00969253810531,1.05009893346047,-1.45459974983552,k2020
Km_up_105,AUCinf_true,1.04917717082204,117,117,2000,Km,up,1.05,91.947868631888,1.05009893346047,1.00969253810531,1.05009893346047,-0.0877786472362141,k2020
Km_up_105,AUClast,1.06131461367313,117,117,2000,Km,up,1.05,91.947868631888,1.05009893346047,1.00969253810531,1.05009893346047,1.06805938519516,k2020
Km_up_105,Cmax,1.00949117869828,117,117,2000,Km,up,1.05,91.947868631888,1.05009893346047,1.00969253810531,1.00969253810531,-0.0199426458482477,k2020
V2_down_105,AUCinf_A,1.0576942448765,98.059,96.8385,2000,V2,down,1.05,0.76579862694241,1.05022165749121,1.05122064045794,1.05022165749121,0.711524784504691,k2020
V2_down_105,AUCinf_B,1.05174946351407,116.2375,115.822,2000,V2,down,1.05,0.76579862694241,1.05022165749121,1.05122064045794,1.05022165749121,0.145474625472208,k2020
V2_down_105,AUCinf_C,1.04793644869592,117,117,2000,V2,down,1.05,0.76579862694241,1.05022165749121,1.05122064045794,1.05022165749121,-0.217592998486782,k2020
V2_down_105,AUCinf_true,1.04933406757779,117,117,2000,V2,down,1.05,0.76579862694241,1.05022165749121,1.05122064045794,1.05022165749121,-0.0845145314889884,k2020
V2_down_105,AUClast,1.04786278098842,117,117,2000,V2,down,1.05,0.76579862694241,1.05022165749121,1.05122064045794,1.05022165749121,-0.224607489853756,k2020
V2_down_105,Cmax,1.05251569451866,117,117,2000,V2,down,1.05,0.76579862694241,1.05022165749121,1.05122064045794,1.05122064045794,0.123195265663578,k2020
V2_down_111,AUCinf_A,1.12701485644853,98.059,95.261,2000,V2,down,1.11,0.513969680077151,1.11028539721267,1.13294478452615,1.11028539721267,1.50677107686523,k2020
V2_down_111,AUCinf_B,1.11564298233261,116.2375,115.098,2000,V2,down,1.11,0.513969680077151,1.11028539721267,1.13294478452615,1.11028539721267,0.482541257715741,k2020
V2_down_111,AUCinf_C,1.10576264791547,117,117,2000,V2,down,1.11,0.513969680077151,1.11028539721267,1.13294478452615,1.11028539721267,-0.407350155965058,k2020
V2_down_111,AUCinf_true,1.10934925944709,117,117,2000,V2,down,1.11,0.513969680077151,1.11028539721267,1.13294478452615,1.11028539721267,-0.0843150570048024,k2020
V2_down_111,AUClast,1.10561278095791,117,117,2000,V2,down,1.11,0.513969680077151,1.11028539721267,1.13294478452615,1.11028539721267,-0.420848213124891,k2020
V2_down_111,Cmax,1.13394480289759,117,117,2000,V2,down,1.11,0.513969680077151,1.11028539721267,1.13294478452615,1.13294478452615,0.0882671763967391,k2020
V2_down_118,AUCinf_A,1.2061373751155,98.059,93.9075,2000,V2,down,1.18,0.250286543117461,1.18021614822259,1.26117780305349,1.18021614822259,2.19631183084104,k2020
V2_down_118,AUCinf_B,1.19034686679937,116.2375,114.1575,2000,V2,down,1.18,0.250286543117461,1.18021614822259,1.26117780305349,1.18021614822259,0.858378237921409,k2020
V2_down_118,AUCinf_C,1.17293541680847,117,117,2000,V2,down,1.18,0.250286543117461,1.18021614822259,1.26117780305349,1.18021614822259,-0.616898135573263,k2020
V2_down_118,AUCinf_true,1.1792238562336,117,117,2000,V2,down,1.18,0.250286543117461,1.18021614822259,1.26117780305349,1.18021614822259,-0.0840771404867269,k2020
V2_down_118,AUClast,1.17227494665278,117,117,2000,V2,down,1.18,0.250286543117461,1.18021614822259,1.26117780305349,1.18021614822259,-0.672859931781877,k2020
V2_down_118,Cmax,1.2579437499099,117,117,2000,V2,down,1.18,0.250286543117461,1.18021614822259,1.26117780305349,1.26117780305349,-0.256431181690964,k2020
V2_up_070,AUCinf_A,0.667846154237977,98.059,104.9365,2000,V2,up,0.7,3.28303899863467,0.699618657239434,0.865151021643915,0.699618657239434,-4.54140304474225,k2020
V2_up_070,AUCinf_B,0.69398078978564,116.2375,116.874,2000,V2,up,0.7,3.28303899863467,0.699618657239434,0.865151021643915,0.699618657239434,-0.805848642750673,k2020
V2_up_070,AUCinf_C,0.700190603489628,117,117,2000,V2,up,0.7,3.28303899863467,0.699618657239434,0.865151021643915,0.699618657239434,0.0817511431800977,k2020
V2_up_070,AUCinf_true,0.699048804954543,117,117,2000,V2,up,0.7,3.28303899863467,0.699618657239434,0.865151021643915,0.699618657239434,-0.0814518422277422,k2020
V2_up_070,AUClast,0.702216193714514,117,117,2000,V2,up,0.7,3.28303899863467,0.699618657239434,0.865151021643915,0.699618657239434,0.371278902899674,k2020
V2_up_070,Cmax,0.84198663368516,117,117,2000,V2,up,0.7,3.28303899863467,0.699618657239434,0.865151021643915,0.865151021643915,-2.67749645775588,k2020
V2_up_075,AUCinf_A,0.719999281097228,98.059,103.7105,2000,V2,up,0.75,2.73431760274745,0.749711838114947,0.876690049922751,0.749711838114947,-3.96319699211735,k2020
V2_up_075,AUCinf_B,0.744826265481361,116.2375,116.8625,2000,V2,up,0.75,2.73431760274745,0.749711838114947,0.876690049922751,0.749711838114947,-0.651660062600845,k2020
V2_up_075,AUCinf_C,0.751080274385773,117,117,2000,V2,up,0.75,2.73431760274745,0.749711838114947,0.876690049922751,0.749711838114947,0.182528299708618,k2020
V2_up_075,AUCinf_true,0.749091353950492,117,117,2000,V2,up,0.75,2.73431760274745,0.749711838114947,0.876690049922751,0.749711838114947,-0.0827630207914543,k2020
V2_up_075,AUClast,0.752390242971623,117,117,2000,V2,up,0.75,2.73431760274745,0.749711838114947,0.876690049922751,0.749711838114947,0.357257911707864,k2020
V2_up_075,Cmax,0.856663834959197,117,117,2000,V2,up,0.75,2.73431760274745,0.749711838114947,0.876690049922751,0.876690049922751,-2.28429819242489,k2020
V2_up_080,AUCinf_A,0.773775897540138,98.04985,102.5793,20000,V2,up,0.8,2.27730854120339,0.79979742585522,0.890882568755657,0.79979742585522,-3.25351488687989,k2020
V2_up_080,AUCinf_B,0.796024314559787,116.24435,116.8406,20000,V2,up,0.8,2.27730854120339,0.79979742585522,0.890882568755657,0.79979742585522,-0.471758369489428,k2020
V2_up_080,AUCinf_C,0.802300971690342,117,117,20000,V2,up,0.8,2.27730854120339,0.79979742585522,0.890882568755657,0.79979742585522,0.313022492219872,k2020
V2_up_080,AUCinf_true,0.799932784286017,117,117,20000,V2,up,0.8,2.27730854120339,0.79979742585522,0.890882568755657,0.79979742585522,0.0169240893282963,k2020
V2_up_080,AUClast,0.803092969114231,117,117,20000,V2,up,0.8,2.27730854120339,0.79979742585522,0.890882568755657,0.79979742585522,0.412047245024261,k2020
V2_up_080,Cmax,0.875344760333217,117,117,20000,V2,up,0.8,2.27730854120339,0.79979742585522,0.890882568755657,0.890882568755657,-1.74409164208285,k2020
V2_up_085,AUCinf_A,0.828739795953628,98.059,101.3515,2000,V2,up,0.85,1.8895882838913,0.84979201720798,0.908672900227592,0.84979201720798,-2.47733808132482,k2020
V2_up_085,AUCinf_B,0.846007070792933,116.2375,116.7765,2000,V2,up,0.85,1.8895882838913,0.84979201720798,0.908672900227592,0.84979201720798,-0.445396795733888,k2020
V2_up_085,AUCinf_C,0.851503735190752,117,117,2000,V2,up,0.85,1.8895882838913,0.84979201720798,0.908672900227592,0.84979201720798,0.201427872715954,k2020
V2_up_085,AUCinf_true,0.849076372281773,117,117,2000,V2,up,0.85,1.8895882838913,0.84979201720798,0.908672900227592,0.84979201720798,-0.0842141267175522,k2020
V2_up_085,AUClast,0.851936083871682,117,117,2000,V2,up,0.85,1.8895882838913,0.84979201720798,0.908672900227592,0.84979201720798,0.252304872284692,k2020
V2_up_085,Cmax,0.896119397009287,117,117,2000,V2,up,0.85,1.8895882838913,0.84979201720798,0.908672900227592,0.908672900227592,-1.3815205906505,k2020
V2_up_090,AUCinf_A,0.884842895855606,98.059,100.2985,2000,V2,up,0.9,1.55383983127497,0.899912094401934,0.9315026094201,0.899912094401934,-1.67451894913607,k2020
V2_up_090,AUCinf_B,0.896722962105848,116.2375,116.689,2000,V2,up,0.9,1.55383983127497,0.899912094401934,0.9315026094201,0.899912094401934,-0.354382646474583,k2020
V2_up_090,AUCinf_C,0.901215652218827,117,117,2000,V2,up,0.9,1.55383983127497,0.899912094401934,0.9315026094201,0.899912094401934,0.144853905731646,k2020
V2_up_090,AUCinf_true,0.89915144841861,117,117,2000,V2,up,0.9,1.55383983127497,0.899912094401934,0.9315026094201,0.899912094401934,-0.0845244761189523,k2020
V2_up_090,AUClast,0.901385863643042,117,117,2000,V2,up,0.9,1.55383983127497,0.899912094401934,0.9315026094201,0.899912094401934,0.163768133607278,k2020
V2_up_090,Cmax,0.923114906072731,117,117,2000,V2,up,0.9,1.55383983127497,0.899912094401934,0.9315026094201,0.9315026094201,-0.900448722584968,k2020
V2_up_095,AUCinf_A,0.942428213449315,98.059,99.242,2000,V2,up,0.95,1.25968052954441,0.950063392008423,0.961206351944925,0.950063392008423,-0.80364937996058,k2020
V2_up_095,AUCinf_B,0.947831102789151,116.2375,116.518,2000,V2,up,0.95,1.25968052954441,0.950063392008423,0.961206351944925,0.950063392008423,-0.234962133900674,k2020
V2_up_095,AUCinf_C,0.950531140181821,117,117,2000,V2,up,0.95,1.25968052954441,0.950063392008423,0.961206351944925,0.950063392008423,0.0492333645662368,k2020
V2_up_095,AUCinf_true,0.949259218754301,117,117,2000,V2,up,0.95,1.25968052954441,0.950063392008423,0.961206351944925,0.950063392008423,-0.0846441680509846,k2020
V2_up_095,AUClast,0.950568249673614,117,117,2000,V2,up,0.95,1.25968052954441,0.950063392008423,0.961206351944925,0.950063392008423,0.0531393662189128,k2020
V2_up_095,Cmax,0.956928145225722,117,117,2000,V2,up,0.95,1.25968052954441,0.950063392008423,0.961206351944925,0.961206351944925,-0.445087229245489,k2020
Vmax_down_105,AUCinf_A,1.03745639133978,98.059,99.68,2000,Vmax,down,1.05,0.919478686318879,1.05001990379714,1.01217086359975,1.05001990379714,-1.19650231504449,k2020
Vmax_down_105,AUCinf_B,1.04590942161093,116.2375,116.5245,2000,Vmax,down,1.05,0.919478686318879,1.05001990379714,1.01217086359975,1.05001990379714,-0.391467073276464,k2020
Vmax_down_105,AUCinf_C,1.0502263912663,117,117,2000,Vmax,down,1.05,0.919478686318879,1.05001990379714,1.01217086359975,1.05001990379714,0.0196651004813697,k2020
Vmax_down_105,AUCinf_true,1.0491544410157,117,117,2000,Vmax,down,1.05,0.919478686318879,1.05001990379714,1.01217086359975,1.05001990379714,-0.0824234643852617,k2020
Vmax_down_105,AUClast,1.05178863261397,117,117,2000,Vmax,down,1.05,0.919478686318879,1.05001990379714,1.01217086359975,1.05001990379714,0.168447170423147,k2020
Vmax_down_105,Cmax,1.01239301874754,117,117,2000,Vmax,down,1.05,0.919478686318879,1.05001990379714,1.01217086359975,1.01217086359975,0.0219483839914769,k2020
Vmax_down_111,AUCinf_A,1.08329305351969,98.059,100.9325,2000,Vmax,down,1.11,0.830368437788396,1.11032156549658,1.02575418827004,1.11032156549658,-2.43429586678344,k2020
Vmax_down_111,AUCinf_B,1.10322945623711,116.2375,116.7365,2000,Vmax,down,1.11,0.830368437788396,1.11032156549658,1.02575418827004,1.11032156549658,-0.638743718924217,k2020
Vmax_down_111,AUCinf_C,1.11117619589029,117,117,2000,Vmax,down,1.11,0.830368437788396,1.11032156549658,1.02575418827004,1.11032156549658,0.076971430643602,k2020
Vmax_down_111,AUCinf_true,1.10943385991748,117,117,2000,Vmax,down,1.11,0.830368437788396,1.11032156549658,1.02575418827004,1.11032156549658,-0.0799503140965219,k2020
Vmax_down_111,AUClast,1.11479113570166,117,117,2000,Vmax,down,1.11,0.830368437788396,1.11032156549658,1.02575418827004,1.11032156549658,0.402547365013484,k2020
Vmax_down_111,Cmax,1.02715538379448,117,117,2000,Vmax,down,1.11,0.830368437788396,1.11032156549658,1.02575418827004,1.02575418827004,0.136601491903754,k2020
Vmax_down_118,AUCinf_A,1.13424941930395,98.059,101.0805,2000,Vmax,down,1.18,0.735973164583606,1.1808257680927,1.040278756686,1.1808257680927,-3.94438790609905,k2020
Vmax_down_118,AUCinf_B,1.17147635074527,116.2375,116.8885,2000,Vmax,down,1.18,0.735973164583606,1.1808257680927,1.040278756686,1.1808257680927,-0.791769421032129,k2020
Vmax_down_118,AUCinf_C,1.18179185988823,117,117,2000,Vmax,down,1.18,0.735973164583606,1.1808257680927,1.040278756686,1.1808257680927,0.081814931688573,k2020
Vmax_down_118,AUCinf_true,1.17991307035126,117,117,2000,Vmax,down,1.18,0.735973164583606,1.1808257680927,1.040278756686,1.1808257680927,-0.0772931761910733,k2020
Vmax_down_118,AUClast,1.18780072617094,117,117,2000,Vmax,down,1.18,0.735973164583606,1.1808257680927,1.040278756686,1.1808257680927,0.590684778966844,k2020
Vmax_down_118,Cmax,1.04296317138916,117,117,2000,Vmax,down,1.18,0.735973164583606,1.1808257680927,1.040278756686,1.040278756686,0.258047632512315,k2020
Vmax_down_125,AUCinf_A,1.18292257404726,98.0494,100.0104,10000,Vmax,down,1.25,0.651331501646086,1.25092658233271,1.05342570107931,1.25092658233271,-5.4362909259342,k2020
Vmax_down_125,AUCinf_B,1.2424886955854,116.2395,116.9539,10000,Vmax,down,1.25,0.651331501646086,1.25092658233271,1.05342570107931,1.25092658233271,-0.674530933028872,k2020
Vmax_down_125,AUCinf_C,1.25240533639604,117,117,10000,Vmax,down,1.25,0.651331501646086,1.25092658233271,1.05342570107931,1.25092658233271,0.118212698028253,k2020
Vmax_down_125,AUCinf_true,1.25076534170421,117,117,10000,Vmax,down,1.25,0.651331501646086,1.25092658233271,1.05342570107931,1.25092658233271,-0.0128896955883917,k2020
Vmax_down_125,AUClast,1.26009099509576,117,117,10000,Vmax,down,1.25,0.651331501646086,1.25092658233271,1.05342570107931,1.25092658233271,0.732609962286079,k2020
Vmax_down_125,Cmax,1.05848878103239,117,117,10000,Vmax,down,1.25,0.651331501646086,1.25092658233271,1.05342570107931,1.05342570107931,0.480630000567506,k2020
Vmax_down_133,AUCinf_A,1.23527744968165,98.059,96.996,2000,Vmax,down,1.33,0.565723431061283,1.32979650336999,1.06684559148656,1.32979650336999,-7.10778329231605,k2020
Vmax_down_133,AUCinf_B,1.32364199425693,116.2375,116.9845,2000,Vmax,down,1.33,0.565723431061283,1.32979650336999,1.06684559148656,1.32979650336999,-0.462815859227983,k2020
Vmax_down_133,AUCinf_C,1.32907260420068,117,117,2000,Vmax,down,1.33,0.565723431061283,1.32979650336999,1.06684559148656,1.32979650336999,-0.0544368380781424,k2020
Vmax_down_133,AUCinf_true,1.32883389873414,117,117,2000,Vmax,down,1.33,0.565723431061283,1.32979650336999,1.06684559148656,1.32979650336999,-0.0723873640374739,k2020
Vmax_down_133,AUClast,1.3374387972319,117,117,2000,Vmax,down,1.33,0.565723431061283,1.32979650336999,1.06684559148656,1.32979650336999,0.574696492473903,k2020
Vmax_down_133,Cmax,1.07196322501483,117,117,2000,Vmax,down,1.33,0.565723431061283,1.32979650336999,1.06684559148656,1.06684559148656,0.47969767781828,k2020
Vmax_down_143,AUCinf_A,1.29781670088901,98.059,90.5395,2000,Vmax,down,1.43,0.469758881670649,1.42995080505789,1.08204126176088,1.42995080505789,-9.24046503568543,k2020
Vmax_down_143,AUCinf_B,1.43239627176722,116.2375,116.996,2000,Vmax,down,1.43,0.469758881670649,1.42995080505789,1.08204126176088,1.42995080505789,0.171017541350715,k2020
Vmax_down_143,AUCinf_C,1.42533107026088,117,117,2000,Vmax,down,1.43,0.469758881670649,1.42995080505789,1.08204126176088,1.42995080505789,-0.323069491668526,k2020
Vmax_down_143,AUCinf_true,1.4289565310692,117,117,2000,Vmax,down,1.43,0.469758881670649,1.42995080505789,1.08204126176088,1.42995080505789,-0.0695320416038814,k2020
Vmax_down_143,AUClast,1.43211631517816,117,117,2000,Vmax,down,1.43,0.469758881670649,1.42995080505789,1.08204126176088,1.42995080505789,0.151439483974869,k2020
Vmax_down_143,Cmax,1.08860819753384,117,117,2000,Vmax,down,1.43,0.469758881670649,1.42995080505789,1.08204126176088,1.08204126176088,0.606902528122943,k2020
Vmax_up_070,AUCinf_A,0.763147264677839,98.059,77.298,2000,Vmax,up,0.7,1.65481709994318,0.700155713034782,0.904259678778729,0.700155713034782,8.99679178079176,k2020
Vmax_up_070,AUCinf_B,0.734285119463501,116.2375,110.7855,2000,Vmax,up,0.7,1.65481709994318,0.700155713034782,0.904259678778729,0.700155713034782,4.87454516093095,k2020
Vmax_up_070,AUCinf_C,0.685032222742953,117,117,2000,Vmax,up,0.7,1.65481709994318,0.700155713034782,0.904259678778729,0.700155713034782,-2.16001812315104,k2020
Vmax_up_070,AUCinf_true,0.699449318742922,117,117,2000,Vmax,up,0.7,1.65481709994318,0.700155713034782,0.904259678778729,0.700155713034782,-0.100891027339867,k2020
Vmax_up_070,AUClast,0.683338095257795,117,117,2000,Vmax,up,0.7,1.65481709994318,0.700155713034782,0.904259678778729,0.700155713034782,-2.40198251101775,k2020
Vmax_up_070,Cmax,0.895851783327368,117,117,2000,Vmax,up,0.7,1.65481709994318,0.700155713034782,0.904259678778729,0.904259678778729,-0.929809837669293,k2020
Vmax_up_075,AUCinf_A,0.803744161651283,98.059,81.6545,2000,Vmax,up,0.75,1.52156905315377,0.749455160050071,0.923315640421006,0.749455160050071,7.24379582596844,k2020
Vmax_up_075,AUCinf_B,0.776673376834279,116.2375,112.2185,2000,Vmax,up,0.75,1.52156905315377,0.749455160050071,0.923315640421006,0.749455160050071,3.63173385615083,k2020
Vmax_up_075,AUCinf_C,0.737377373292452,117,117,2000,Vmax,up,0.75,1.52156905315377,0.749455160050071,0.923315640421006,0.749455160050071,-1.61154227783448,k2020
Vmax_up_075,AUCinf_true,0.748723142512734,117,117,2000,Vmax,up,0.75,1.52156905315377,0.749455160050071,0.923315640421006,0.749455160050071,-0.0976732933946067,k2020
Vmax_up_075,AUClast,0.735050924968532,117,117,2000,Vmax,up,0.75,1.52156905315377,0.749455160050071,0.923315640421006,0.749455160050071,-1.92196089230693,k2020
Vmax_up_075,Cmax,0.916351661643128,117,117,2000,Vmax,up,0.75,1.52156905315377,0.749455160050071,0.923315640421006,0.923315640421006,-0.754235980959062,k2020
Vmax_up_080,AUCinf_A,0.844292442626413,98.0494,86.0393,10000,Vmax,up,0.8,1.3969545986339,0.80009024618209,0.941322121145971,0.80009024618209,5.52465133217779,k2020
Vmax_up_080,AUCinf_B,0.82122968154628,116.2395,113.5228,10000,Vmax,up,0.8,1.3969545986339,0.80009024618209,0.941322121145971,0.80009024618209,2.64213136768809,k2020
Vmax_up_080,AUCinf_C,0.792116682740331,117,117,10000,Vmax,up,0.8,1.3969545986339,0.80009024618209,0.941322121145971,0.80009024618209,-0.996583007955332,k2020
Vmax_up_080,AUCinf_true,0.800246406942091,117,117,10000,Vmax,up,0.8,1.3969545986339,0.80009024618209,0.941322121145971,0.80009024618209,0.0195178932309803,k2020
Vmax_up_080,AUClast,0.78939873788312,117,117,10000,Vmax,up,0.8,1.3969545986339,0.80009024618209,0.941322121145971,0.80009024618209,-1.33628779378181,k2020
Vmax_up_080,Cmax,0.937063260864353,117,117,10000,Vmax,up,0.8,1.3969545986339,0.80009024618209,0.941322121145971,0.941322121145971,-0.452433889095627,k2020
Vmax_up_085,AUCinf_A,0.882625237959334,98.059,89.7,2000,Vmax,up,0.85,1.28639694493697,0.849254708729738,0.957455687594177,0.849254708729738,3.92938995646068,k2020
Vmax_up_085,AUCinf_B,0.863116787352519,116.2375,114.5615,2000,Vmax,up,0.85,1.28639694493697,0.849254708729738,0.957455687594177,0.849254708729738,1.63226396984191,k2020
Vmax_up_085,AUCinf_C,0.842835539672655,117,117,2000,Vmax,up,0.85,1.28639694493697,0.849254708729738,0.957455687594177,0.849254708729738,-0.755859106943835,k2020
Vmax_up_085,AUCinf_true,0.848472544201152,117,117,2000,Vmax,up,0.85,1.28639694493697,0.849254708729738,0.957455687594177,0.849254708729738,-0.0921001109026154,k2020
Vmax_up_085,AUClast,0.840277334417776,117,117,2000,Vmax,up,0.85,1.28639694493697,0.849254708729738,0.957455687594177,0.849254708729738,-1.0570885530196,k2020
Vmax_up_085,Cmax,0.953163857498353,117,117,2000,Vmax,up,0.85,1.28639694493697,0.849254708729738,0.957455687594177,0.957455687594177,-0.44825365303417,k2020
Vmax_up_090,AUCinf_A,0.921836053366278,98.059,92.927,2000,Vmax,up,0.9,1.18281457301527,0.899492371275158,0.97271371320533,0.899492371275158,2.48403241702257,k2020
Vmax_up_090,AUCinf_B,0.908014658048462,116.2375,115.282,2000,Vmax,up,0.9,1.18281457301527,0.899492371275158,0.97271371320533,0.899492371275158,0.947455147532028,k2020
Vmax_up_090,AUCinf_C,0.895470998674609,117,117,2000,Vmax,up,0.9,1.18281457301527,0.899492371275158,0.97271371320533,0.899492371275158,-0.447071340343741,k2020
Vmax_up_090,AUCinf_true,0.898687503714059,117,117,2000,Vmax,up,0.9,1.18281457301527,0.899492371275158,0.97271371320533,0.899492371275158,-0.0894801986989213,k2020
Vmax_up_090,AUClast,0.893269075947438,117,117,2000,Vmax,up,0.9,1.18281457301527,0.899492371275158,0.97271371320533,0.899492371275158,-0.691867493984111,k2020
Vmax_up_090,Cmax,0.969648111009914,117,117,2000,Vmax,up,0.9,1.18281457301527,0.899492371275158,0.97271371320533,0.97271371320533,-0.315159759114914,k2020
Vmax_up_095,AUCinf_A,0.961466307579767,98.059,95.626,2000,Vmax,up,0.95,1.08757278975491,0.949782982372421,0.986870590587944,0.949782982372421,1.23010471067433,k2020
Vmax_up_095,AUCinf_B,0.953285989482016,116.2375,115.8425,2000,Vmax,up,0.95,1.08757278975491,0.949782982372421,0.986870590587944,0.949782982372421,0.368821844001177,k2020
Vmax_up_095,AUCinf_C,0.947439188722333,117,117,2000,Vmax,up,0.95,1.08757278975491,0.949782982372421,0.986870590587944,0.949782982372421,-0.246771493445142,k2020
Vmax_up_095,AUCinf_true,0.948956843979271,117,117,2000,Vmax,up,0.95,1.08757278975491,0.949782982372421,0.986870590587944,0.949782982372421,-0.0869818062107175,k2020
Vmax_up_095,AUClast,0.94632557447205,117,117,2000,Vmax,up,0.95,1.08757278975491,0.949782982372421,0.986870590587944,0.949782982372421,-0.364020830499068,k2020
Vmax_up_095,Cmax,0.984963003597556,117,117,2000,Vmax,up,0.95,1.08757278975491,0.949782982372421,0.986870590587944,0.986870590587944,-0.193296568828882,k2020
ka_down_070,AUCinf_A,0.793169963477575,98.059,71.5825,2000,ka,down,0.7,0.331767112784286,0.700552060312564,0.525880777076938,0.700552060312564,13.2207024162756,k2020
ka_down_070,AUCinf_B,0.748594205152482,116.2375,111.716,2000,ka,down,0.7,0.331767112784286,0.700552060312564,0.525880777076938,0.700552060312564,6.85775512793203,k2020
ka_down_070,AUCinf_C,0.68981828331387,117,116.975,2000,ka,down,0.7,0.331767112784286,0.700552060312564,0.525880777076938,0.700552060312564,-1.53218834213475,k2020
ka_down_070,AUCinf_true,0.699434166888552,117,117,2000,ka,down,0.7,0.331767112784286,0.700552060312564,0.525880777076938,0.700552060312564,-0.159573211948438,k2020
ka_down_070,AUClast,0.696000845110017,117,116.975,2000,ka,down,0.7,0.331767112784286,0.700552060312564,0.525880777076938,0.700552060312564,-0.649661240096344,k2020
ka_down_070,Cmax,0.527542204536524,117,116.975,2000,ka,down,0.7,0.331767112784286,0.700552060312564,0.525880777076938,0.525880777076938,0.315932342844039,k2020
ka_down_075,AUCinf_A,0.82924433380926,98.059,75.0125,2000,ka,down,0.75,0.371802666391447,0.74981686337192,0.575457851090309,0.74981686337192,10.5929159928673,k2020
ka_down_075,AUCinf_B,0.788816516566946,116.2375,112.53,2000,ka,down,0.75,0.371802666391447,0.74981686337192,0.575457851090309,0.74981686337192,5.20122380545629,k2020
ka_down_075,AUCinf_C,0.740041641069053,117,116.9875,2000,ka,down,0.75,0.371802666391447,0.74981686337192,0.575457851090309,0.74981686337192,-1.30368130944778,k2020
ka_down_075,AUCinf_true,0.748763120845735,117,117,2000,ka,down,0.75,0.371802666391447,0.74981686337192,0.575457851090309,0.74981686337192,-0.140533319222291,k2020
ka_down_075,AUClast,0.745874622669163,117,116.9875,2000,ka,down,0.75,0.371802666391447,0.74981686337192,0.575457851090309,0.74981686337192,-0.525760475035098,k2020
ka_down_075,Cmax,0.577678206484707,117,116.9875,2000,ka,down,0.75,0.371802666391447,0.74981686337192,0.575457851090309,0.575457851090309,0.3858415329969,k2020
ka_down_080,AUCinf_A,0.866414889811144,98.0494,79.0581,10000,ka,down,0.8,0.424232725036545,0.800570249731887,0.632507704543837,0.800570249731887,8.22471733134076,k2020
ka_down_080,AUCinf_B,0.831718324526884,116.2395,113.361,10000,ka,down,0.8,0.424232725036545,0.800570249731887,0.632507704543837,0.800570249731887,3.89073598543395,k2020
ka_down_080,AUCinf_C,0.793476963086988,117,116.9943,10000,ka,down,0.8,0.424232725036545,0.800570249731887,0.632507704543837,0.800570249731887,-0.8860292581787,k2020
ka_down_080,AUCinf_true,0.800837505992146,117,117,10000,ka,down,0.8,0.424232725036545,0.800570249731887,0.632507704543837,0.800570249731887,0.0333832365552844,k2020
ka_down_080,AUClast,0.798635501046484,117,116.9943,10000,ka,down,0.8,0.424232725036545,0.800570249731887,0.632507704543837,0.800570249731887,-0.241671319418979,k2020
ka_down_080,Cmax,0.636768913395045,117,116.9943,10000,ka,down,0.8,0.424232725036545,0.800570249731887,0.632507704543837,0.632507704543837,0.673700702868296,k2020
ka_down_085,AUCinf_A,0.901221034205833,98.059,82.8885,2000,ka,down,0.85,0.492842705875321,0.850521201585854,0.696946296833461,0.850521201585854,5.96103101550505,k2020
ka_down_085,AUCinf_B,0.871850467044372,116.2375,114.105,2000,ka,down,0.85,0.492842705875321,0.850521201585854,0.696946296833461,0.850521201585854,2.50778762701605,k2020
ka_down_085,AUCinf_C,0.84345819087012,117,116.9985,2000,ka,down,0.85,0.492842705875321,0.850521201585854,0.696946296833461,0.850521201585854,-0.830433233476624,k2020
ka_down_085,AUCinf_true,0.849556170092225,117,117,2000,ka,down,0.85,0.492842705875321,0.850521201585854,0.696946296833461,0.850521201585854,-0.113463543510706,k2020
ka_down_085,AUClast,0.84786673570376,117,116.9985,2000,ka,down,0.85,0.492842705875321,0.850521201585854,0.696946296833461,0.850521201585854,-0.312098731594745,k2020
ka_down_085,Cmax,0.700919970257412,117,116.9985,2000,ka,down,0.85,0.492842705875321,0.850521201585854,0.696946296833461,0.696946296833461,0.570154894574393,k2020
ka_down_090,AUCinf_A,0.935798856927264,98.059,87.5415,2000,ka,down,0.9,0.589974625592356,0.900683300135716,0.773924982179518,0.900683300135716,3.89876850012172,k2020
ka_down_090,AUCinf_B,0.914358749708749,116.2375,114.8535,2000,ka,down,0.9,0.589974625592356,0.900683300135716,0.773924982179518,0.900683300135716,1.51834163806215,k2020
ka_down_090,AUCinf_C,0.895407095682163,117,117,2000,ka,down,0.9,0.589974625592356,0.900683300135716,0.773924982179518,0.900683300135716,-0.585800186675789,k2020
ka_down_090,AUCinf_true,0.899755760167051,117,117,2000,ka,down,0.9,0.589974625592356,0.900683300135716,0.773924982179518,0.900683300135716,-0.102981810423852,k2020
ka_down_090,AUClast,0.898646344702933,117,117,2000,ka,down,0.9,0.589974625592356,0.900683300135716,0.773924982179518,0.900683300135716,-0.226156678210421,k2020
ka_down_090,Cmax,0.778621428632492,117,117,2000,ka,down,0.9,0.589974625592356,0.900683300135716,0.773924982179518,0.773924982179518,0.606834843313542,k2020
ka_down_095,AUCinf_A,0.968596521017378,98.059,92.3215,2000,ka,down,0.95,0.73432010114147,0.949415940898201,0.867451625298813,0.949415940898201,2.02025048168357,k2020
ka_down_095,AUCinf_B,0.956195674499305,116.2375,115.511,2000,ka,down,0.95,0.73432010114147,0.949415940898201,0.867451625298813,0.949415940898201,0.714095193587139,k2020
ka_down_095,AUCinf_C,0.946219511813684,117,117,2000,ka,down,0.95,0.73432010114147,0.949415940898201,0.867451625298813,0.949415940898201,-0.336673205791471,k2020
ka_down_095,AUCinf_true,0.948522237757728,117,117,2000,ka,down,0.95,0.73432010114147,0.949415940898201,0.867451625298813,0.949415940898201,-0.0941318869817187,k2020
ka_down_095,AUClast,0.948046986682037,117,117,2000,ka,down,0.95,0.73432010114147,0.949415940898201,0.867451625298813,0.949415940898201,-0.144189091123592,k2020
ka_down_095,Cmax,0.871731970159237,117,117,2000,ka,down,0.95,0.73432010114147,0.949415940898201,0.867451625298813,0.867451625298813,0.493439027098441,k2020
ka_up_105,AUCinf_A,1.03151717148573,98.059,103.4085,2000,ka,up,1.05,1.6350900158505,1.05040473267516,1.2139493066922,1.05040473267516,-1.79812224772906,k2020
ka_up_105,AUCinf_B,1.04297167567703,116.2375,116.7985,2000,ka,up,1.05,1.6350900158505,1.05040473267516,1.2139493066922,1.05040473267516,-0.707637424595253,k2020
ka_up_105,AUCinf_C,1.05124335749248,117,117,2000,ka,up,1.05,1.6350900158505,1.05040473267516,1.2139493066922,1.05040473267516,0.0798382557914534,k2020
ka_up_105,AUCinf_true,1.04961684146547,117,117,2000,ka,up,1.05,1.6350900158505,1.05040473267516,1.2139493066922,1.05040473267516,-0.0750083453725958,k2020
ka_up_105,AUClast,1.04957352991388,117,117,2000,ka,up,1.05,1.6350900158505,1.05040473267516,1.2139493066922,1.05040473267516,-0.0791316656740482,k2020
ka_up_105,Cmax,1.18732413351954,117,117,2000,ka,up,1.05,1.6350900158505,1.05040473267516,1.2139493066922,1.2139493066922,-2.19326894672449,k2020
ke_down_105,AUCinf_A,1.04698602965201,98.059,97.275,2000,ke,down,1.05,0.91398169946549,1.04999149514318,1.01419709970028,1.04999149514318,-0.286237127165023,k2020
ke_down_105,AUCinf_B,1.04933020810391,116.2375,116.3205,2000,ke,down,1.05,0.91398169946549,1.04999149514318,1.01419709970028,1.04999149514318,-0.0629802281567171,k2020
ke_down_105,AUCinf_C,1.04960597270163,117,117,2000,ke,down,1.05,0.91398169946549,1.04999149514318,1.01419709970028,1.04999149514318,-0.0367167204053276,k2020
ke_down_105,AUCinf_true,1.04910190627885,117,117,2000,ke,down,1.05,0.91398169946549,1.04999149514318,1.01419709970028,1.04999149514318,-0.0847234352321591,k2020
ke_down_105,AUClast,1.05024176311658,117,117,2000,ke,down,1.05,0.91398169946549,1.04999149514318,1.01419709970028,1.04999149514318,0.0238352381475071,k2020
ke_down_105,Cmax,1.0148581329327,117,117,2000,ke,down,1.05,0.91398169946549,1.04999149514318,1.01419709970028,1.01419709970028,0.0651779848924505,k2020
ke_down_111,AUCinf_A,1.1020190474228,98.059,96.2125,2000,ke,down,1.11,0.821700481888082,1.10985160054726,1.03014681071801,1.10985160054726,-0.705729767889796,k2020
ke_down_111,AUCinf_B,1.10979698017078,116.2375,116.3715,2000,ke,down,1.11,0.821700481888082,1.10985160054726,1.03014681071801,1.10985160054726,-0.00492141259731405,k2020
ke_down_111,AUCinf_C,1.10979543871368,117,117,2000,ke,down,1.11,0.821700481888082,1.10985160054726,1.03014681071801,1.10985160054726,-0.00506030117454204,k2020
ke_down_111,AUCinf_true,1.10891006408219,117,117,2000,ke,down,1.11,0.821700481888082,1.10985160054726,1.03014681071801,1.10985160054726,-0.0848344467498707,k2020
ke_down_111,AUClast,1.11117390346115,117,117,2000,ke,down,1.11,0.821700481888082,1.10985160054726,1.03014681071801,1.10985160054726,0.119142317156795,k2020
ke_down_111,Cmax,1.03249410053333,117,117,2000,ke,down,1.11,0.821700481888082,1.10985160054726,1.03014681071801,1.03014681071801,0.227859737165681,k2020
ke_down_118,AUCinf_A,1.16399209382459,98.059,94.738,2000,ke,down,1.18,0.726654763727681,1.1795949331385,1.04743304615673,1.1795949331385,-1.32272858042829,k2020
ke_down_118,AUCinf_B,1.18038975237427,116.2375,116.439,2000,ke,down,1.18,0.726654763727681,1.1795949331385,1.04743304615673,1.1795949331385,0.0673806925954423,k2020
ke_down_118,AUCinf_C,1.17983419818405,117,117,2000,ke,down,1.18,0.726654763727681,1.1795949331385,1.04743304615673,1.1795949331385,0.0202836616902902,k2020
ke_down_118,AUCinf_true,1.1785929056262,117,117,2000,ke,down,1.18,0.726654763727681,1.1795949331385,1.04743304615673,1.1795949331385,-0.084946746052661,k2020
ke_down_118,AUClast,1.18194168781213,117,117,2000,ke,down,1.18,0.726654763727681,1.1795949331385,1.04743304615673,1.1795949331385,0.198945808234807,k2020
ke_down_118,Cmax,1.05164986977972,117,117,2000,ke,down,1.18,0.726654763727681,1.1795949331385,1.04743304615673,1.04743304615673,0.40258646015241,k2020
ke_down_125,AUCinf_A,1.22287243502323,98.0494,92.6446,10000,ke,down,1.25,0.642602940228105,1.2495748835008,1.06352537123811,1.2495748835008,-2.13692263105983,k2020
ke_down_125,AUCinf_B,1.25328586245462,116.2395,116.5051,10000,ke,down,1.25,0.642602940228105,1.2495748835008,1.06352537123811,1.2495748835008,0.296979316951762,k2020
ke_down_125,AUCinf_C,1.25099263950779,117,117,10000,ke,down,1.25,0.642602940228105,1.2495748835008,1.06352537123811,1.2495748835008,0.113459067216715,k2020
ke_down_125,AUCinf_true,1.24977083896416,117,117,10000,ke,down,1.25,0.642602940228105,1.2495748835008,1.06352537123811,1.2495748835008,0.0156817703319989,k2020
ke_down_125,AUClast,1.25384460933722,117,117,10000,ke,down,1.25,0.642602940228105,1.2495748835008,1.06352537123811,1.2495748835008,0.341694274812432,k2020
ke_down_125,Cmax,1.07081083056625,117,117,10000,ke,down,1.25,0.642602940228105,1.2495748835008,1.06352537123811,1.06352537123811,0.685029198659826,k2020
ke_down_133,AUCinf_A,1.28400811440647,98.059,89.854,2000,ke,down,1.33,0.558142112330146,1.32951528017153,1.08054500915374,1.32951528017153,-3.42283886795095,k2020
ke_down_133,AUCinf_B,1.33527669338114,116.2375,116.548,2000,ke,down,1.33,0.558142112330146,1.32951528017153,1.08054500915374,1.32951528017153,0.433346896838005,k2020
ke_down_133,AUCinf_C,1.32877648870442,117,117,2000,ke,down,1.33,0.558142112330146,1.32951528017153,1.08054500915374,1.32951528017153,-0.0555684825986558,k2020
ke_down_133,AUCinf_true,1.32838361561088,117,117,2000,ke,down,1.33,0.558142112330146,1.32951528017153,1.08054500915374,1.32951528017153,-0.0851185825038625,k2020
ke_down_133,AUClast,1.33231028349252,117,117,2000,ke,down,1.33,0.558142112330146,1.32951528017153,1.08054500915374,1.32951528017153,0.210227243166949,k2020
ke_down_133,Cmax,1.08849486909373,117,117,2000,ke,down,1.33,0.558142112330146,1.32951528017153,1.08054500915374,1.08054500915374,0.735726866779229,k2020
ke_down_143,AUCinf_A,1.35320489115639,98.059,85.373,2000,ke,down,1.43,0.467300616700441,1.42888208108213,1.09991641922697,1.42888208108213,-5.29625158910453,k2020
ke_down_143,AUCinf_B,1.44103705732569,116.2375,116.6085,2000,ke,down,1.43,0.467300616700441,1.42888208108213,1.09991641922697,1.42888208108213,0.850663354554704,k2020
ke_down_143,AUCinf_C,1.42568668787836,117,117,2000,ke,down,1.43,0.467300616700441,1.42888208108213,1.09991641922697,1.42888208108213,-0.223628894649919,k2020
ke_down_143,AUCinf_true,1.42766525713362,117,117,2000,ke,down,1.43,0.467300616700441,1.42888208108213,1.09991641922697,1.42888208108213,-0.0851591579612121,k2020
ke_down_143,AUClast,1.42995286122193,117,117,2000,ke,down,1.43,0.467300616700441,1.42888208108213,1.09991641922697,1.42888208108213,0.0749383139430737,k2020
ke_down_143,Cmax,1.11016196296552,117,117,2000,ke,down,1.43,0.467300616700441,1.42888208108213,1.09991641922697,1.09991641922697,0.931483843631109,k2020
ke_up_070,AUCinf_A,0.705309820162296,98.059,99.852,2000,ke,up,0.7,1.7869643377153,0.700335003873731,0.892683454564335,0.700335003873731,0.710348084994683,k2020
ke_up_070,AUCinf_B,0.699867248580624,116.2375,115.746,2000,ke,up,0.7,1.7869643377153,0.700335003873731,0.892683454564335,0.700335003873731,-0.0667902204686821,k2020
ke_up_070,AUCinf_C,0.696159964271878,117,117,2000,ke,up,0.7,1.7869643377153,0.700335003873731,0.892683454564335,0.700335003873731,-0.59614892569414,k2020
ke_up_070,AUCinf_true,0.699745740480598,117,117,2000,ke,up,0.7,1.7869643377153,0.700335003873731,0.892683454564335,0.700335003873731,-0.0841402171637418,k2020
ke_up_070,AUClast,0.693231558130511,117,117,2000,ke,up,0.7,1.7869643377153,0.700335003873731,0.892683454564335,0.700335003873731,-1.0142925462713,k2020
ke_up_070,Cmax,0.88138999695145,117,117,2000,ke,up,0.7,1.7869643377153,0.700335003873731,0.892683454564335,0.892683454564335,-1.26511335626764,k2020
ke_up_075,AUCinf_A,0.755299750523332,98.059,99.7305,2000,ke,up,0.75,1.61076153461771,0.750217685353932,0.913812693974581,0.750217685353932,0.677412072337669,k2020
ke_up_075,AUCinf_B,0.749791083276839,116.2375,115.8335,2000,ke,up,0.75,1.61076153461771,0.750217685353932,0.913812693974581,0.750217685353932,-0.0568637723984744,k2020
ke_up_075,AUCinf_C,0.746668051240071,117,117,2000,ke,up,0.75,1.61076153461771,0.750217685353932,0.913812693974581,0.750217685353932,-0.473147218888392,k2020
ke_up_075,AUCinf_true,0.749586099466096,117,117,2000,ke,up,0.75,1.61076153461771,0.750217685353932,0.913812693974581,0.750217685353932,-0.0841870166708447,k2020
ke_up_075,AUClast,0.744094491848228,117,117,2000,ke,up,0.75,1.61076153461771,0.750217685353932,0.913812693974581,0.750217685353932,-0.816188904266524,k2020
ke_up_075,Cmax,0.904499891058641,117,117,2000,ke,up,0.75,1.61076153461771,0.750217685353932,0.913812693974581,0.913812693974581,-1.01911507438515,k2020
ke_up_080,AUCinf_A,0.804909065508792,98.0494,99.735,10000,ke,up,0.8,1.45683866187482,0.800201954152666,0.933475925199342,0.800201954152666,0.588240422520614,k2020
ke_up_080,AUCinf_B,0.800333385589585,116.2395,115.9132,10000,ke,up,0.8,1.45683866187482,0.800201954152666,0.933475925199342,0.800201954152666,0.01642478329833,k2020
ke_up_080,AUCinf_C,0.798073638264462,117,117,10000,ke,up,0.8,1.45683866187482,0.800201954152666,0.933475925199342,0.800201954152666,-0.265972343251519,k2020
ke_up_080,AUCinf_true,0.800148137519862,117,117,10000,ke,up,0.8,1.45683866187482,0.800201954152666,0.933475925199342,0.800201954152666,-0.00672538132711065,k2020
ke_up_080,AUClast,0.79581364414567,117,117,10000,ke,up,0.8,1.45683866187482,0.800201954152666,0.933475925199342,0.800201954152666,-0.548400311224329,k2020
ke_up_080,Cmax,0.927242796474977,117,117,10000,ke,up,0.8,1.45683866187482,0.800201954152666,0.933475925199342,0.933475925199342,-0.667733206192078,k2020
ke_up_085,AUCinf_A,0.854101589368514,98.059,99.3525,2000,ke,up,0.85,1.32158088956451,0.850186052409823,0.951797338861368,0.850186052409823,0.46055059920036,k2020
ke_up_085,AUCinf_B,0.849614730131559,116.2375,116.015,2000,ke,up,0.85,1.32158088956451,0.850186052409823,0.951797338861368,0.850186052409823,-0.0671996766642091,k2020
ke_up_085,AUCinf_C,0.847906267784123,117,117,2000,ke,up,0.85,1.32158088956451,0.850186052409823,0.951797338861368,0.850186052409823,-0.268151261625371,k2020
ke_up_085,AUCinf_true,0.849469022491235,117,117,2000,ke,up,0.85,1.32158088956451,0.850186052409823,0.951797338861368,0.850186052409823,-0.0843380006711803,k2020
ke_up_085,AUClast,0.846170233525991,117,117,2000,ke,up,0.85,1.32158088956451,0.850186052409823,0.951797338861368,0.850186052409823,-0.472345890931669,k2020
ke_up_085,Cmax,0.946146473704636,117,117,2000,ke,up,0.85,1.32158088956451,0.850186052409823,0.951797338861368,0.951797338861368,-0.593704660226568,k2020
ke_up_090,AUCinf_A,0.903410395229109,98.059,98.964,2000,ke,up,0.9,1.20157975976386,0.900299954696658,0.968963230311483,0.900299954696658,0.345489357877349,k2020
ke_up_090,AUCinf_B,0.899626310132586,116.2375,116.108,2000,ke,up,0.9,1.20157975976386,0.900299954696658,0.968963230311483,0.900299954696658,-0.0748244582883029,k2020
ke_up_090,AUCinf_C,0.898488885917296,117,117,2000,ke,up,0.9,1.20157975976386,0.900299954696658,0.968963230311483,0.900299954696658,-0.20116282022612,k2020
ke_up_090,AUCinf_true,0.899539825571362,117,117,2000,ke,up,0.9,1.20157975976386,0.900299954696658,0.968963230311483,0.900299954696658,-0.0844306523987148,k2020
ke_up_090,AUClast,0.897369321725089,117,117,2000,ke,up,0.9,1.20157975976386,0.900299954696658,0.968963230311483,0.900299954696658,-0.325517396316755,k2020
ke_up_090,Cmax,0.965013244844283,117,117,2000,ke,up,0.9,1.20157975976386,0.900299954696658,0.968963230311483,0.968963230311483,-0.407650707852958,k2020
ke_up_095,AUCinf_A,0.951819742802554,98.059,98.5715,2000,ke,up,0.95,1.09575520341669,0.949904907376391,0.984888718038693,0.949904907376391,0.201581801640716,k2020
ke_up_095,AUCinf_B,0.949127925488308,116.2375,116.183,2000,ke,up,0.95,1.09575520341669,0.949904907376391,0.984888718038693,0.949904907376391,-0.0817957547170956,k2020
ke_up_095,AUCinf_C,0.948637032559727,117,117,2000,ke,up,0.95,1.09575520341669,0.949904907376391,0.984888718038693,0.949904907376391,-0.133473867417533,k2020
ke_up_095,AUCinf_true,0.949101978453726,117,117,2000,ke,up,0.95,1.09575520341669,0.949904907376391,0.984888718038693,0.949904907376391,-0.0845272949355325,k2020
ke_up_095,AUClast,0.948067544115228,117,117,2000,ke,up,0.95,1.09575520341669,0.949904907376391,0.984888718038693,0.949904907376391,-0.193426020530618,k2020
ke_up_095,Cmax,0.982536954681165,117,117,2000,ke,up,0.95,1.09575520341669,0.949904907376391,0.984888718038693,0.984888718038693,-0.238784678355519,k2020
S00,AUCinf_A,0.999753710841878,98.0494,98.0922,10000,동일,-,1,1,1,1,1,-0.024628915812186,k2020
S00,AUCinf_B,1.00011308220899,116.2395,116.2505,10000,동일,-,1,1,1,1,1,0.0113082208985205,k2020
S00,AUCinf_C,1.0001968259644,117,117,10000,동일,-,1,1,1,1,1,0.0196825964399627,k2020
S00,AUCinf_true,1.00003148198121,117,117,10000,동일,-,1,1,1,1,1,0.00314819812081701,k2020
S00,AUClast,1.00022168947427,117,117,10000,동일,-,1,1,1,1,1,0.0221689474273923,k2020
S00,Cmax,1.00044508065537,117,117,10000,동일,-,1,1,1,1,1,0.0445080655369745,k2020
