model,config,ratio,pass_pct
k2016,P2,0.407315350700749,2.22044604925031e-14
k2016,P2,0.410521840884767,2.22044604925031e-14
k2016,P2,0.413753573376208,2.22044604925031e-14
k2016,P2,0.417010746888944,2.22044604925031e-14
k2016,P2,0.420293561701175,2.22044604925031e-14
k2016,P2,0.423602219667742,2.22044604925031e-14
k2016,P2,0.426936924232538,2.22044604925031e-14
k2016,P2,0.430297880441017,2.22044604925031e-14
k2016,P2,0.433685294952806,2.22044604925031e-14
k2016,P2,0.437099376054406,2.22044604925031e-14
k2016,P2,0.440540333672006,2.22044604925031e-14
k2016,P2,0.444008379384384,2.22044604925031e-14
k2016,P2,0.447503726435922,2.22044604925031e-14
k2016,P2,0.451026589749715,2.22044604925031e-14
k2016,P2,0.454577185940788,2.22044604925031e-14
k2016,P2,0.458155733329415,2.22044604925031e-14
k2016,P2,0.461762451954542,2.22044604925031e-14
k2016,P2,0.465397563587318,2.22044604925031e-14
k2016,P2,0.469061291744731,2.22044604925031e-14
k2016,P2,0.472753861703351,2.22044604925031e-14
k2016,P2,0.476475500513184,2.22044604925031e-14
k2016,P2,0.48022643701163,2.22044604925031e-14
k2016,P2,0.484006901837556,2.22044604925031e-14
k2016,P2,0.487817127445477,2.22044604925031e-14
k2016,P2,0.491657348119849,2.22044604925031e-14
k2016,P2,0.495527799989474,2.22044604925031e-14
k2016,P2,0.499428721042022,2.22044604925031e-14
k2016,P2,0.503360351138661,2.22044604925031e-14
k2016,P2,0.507322932028807,2.22044604925031e-14
k2016,P2,0.511316707364991,2.22044604925031e-14
k2016,P2,0.515341922717837,2.22044604925031e-14
k2016,P2,0.519398825591164,2.22044604925031e-14
k2016,P2,0.523487665437203,2.22044604925031e-14
k2016,P2,0.527608693671939,2.22044604925031e-14
k2016,P2,0.531762163690565,2.22044604925031e-14
k2016,P2,0.535948330883068,2.22044604925031e-14
k2016,P2,0.540167452649928,2.22044604925031e-14
k2016,P2,0.544419788417947,2.22044604925031e-14
k2016,P2,0.548705599656203,2.22044604925031e-14
k2016,P2,0.553025149892124,2.22044604925031e-14
k2016,P2,0.557378704727692,2.22044604925031e-14
k2016,P2,0.561766531855777,2.22044604925031e-14
k2016,P2,0.566188901076595,2.22044604925031e-14
k2016,P2,0.570646084314297,2.22044604925031e-14
k2016,P2,0.575138355633693,2.22044604925031e-14
k2016,P2,0.579665991257096,2.22044604925031e-14
k2016,P2,0.584229269581317,2.22044604925031e-14
k2016,P2,0.588828471194774,2.22044604925031e-14
k2016,P2,0.59346387889475,2.22044604925031e-14
k2016,P2,0.598135777704779,2.22044604925031e-14
k2016,P2,0.602844454892175,2.22044604925031e-14
k2016,P2,0.60759019998569,2.22044604925031e-14
k2016,P2,0.612373304793325,2.22044604925031e-14
k2016,P2,0.617194063420262,2.22044604925031e-14
k2016,P2,0.622052772286959,2.22044604925031e-14
k2016,P2,0.626949730147369,2.22044604925031e-14
k2016,P2,0.631885238107312,2.22044604925031e-14
k2016,P2,0.63685959964299,2.22044604925031e-14
k2016,P2,0.641873120619648,2.22044604925031e-14
k2016,P2,0.64692610931038,2.22044604925031e-14
k2016,P2,0.652018876415082,2.22044604925031e-14
k2016,P2,0.657151735079561,2.2131293274222e-11
k2016,P2,0.662325000914787,1.05652261269787e-10
k2016,P2,0.667538992016299,4.83455857786829e-10
k2016,P2,0.672794028983768,2.11906464889257e-09
k2016,P2,0.678090434940703,8.89086997415777e-09
k2016,P2,0.683428535554327,3.56829134805745e-08
k2016,P2,0.688808659055597,1.36897549237991e-07
k2016,P2,0.694231136259387,5.01711066325811e-07
k2016,P2,0.699696300584832,1.7552446111989e-06
k2016,P2,0.705204488075824,5.85802056129089e-06
k2016,P2,0.710756037421683,1.86378884500153e-05
k2016,P2,0.716351289977973,5.64908812074993e-05
k2016,P2,0.721990589787497,0.00016300425803601
k2016,P2,0.727674283601454,0.000447467354313766
k2016,P2,0.733402720900751,0.00116779812302852
k2016,P2,0.739176253917503,0.00289546980606735
k2016,P2,0.744995237656683,0.00681574500355477
k2016,P2,0.750860029917954,0.0152255010199779
k2016,P2,0.756770991317669,0.0323243749461036
k2016,P2,0.762728485311046,0.065364077465525
k2016,P2,0.768732878214514,0.126162322357994
k2016,P2,0.774784539228238,0.232918963294839
k2016,P2,0.780883840458821,0.412126965330653
k2016,P2,0.787031156942185,0.700212350983914
k2016,P2,0.793226866666629,1.1443847977626
k2016,P2,0.799471350596071,1.80209303976701
k2016,P2,0.805764992693478,2.73853020310324
k2016,P2,0.812108179944468,4.02189411800038
k2016,P2,0.818501302381108,5.71660245327905
k2016,P2,0.824944753105899,7.87531920267216
k2016,P2,0.831438928315944,10.5312640510687
k2016,P2,0.83798422732731,13.6925593929252
k2016,P2,0.844581052599583,17.3400857169018
k2016,P2,0.851229809760611,21.4294572313778
k2016,P2,0.857930907631451,25.8965868546218
k2016,P2,0.864684758251502,30.6653461817691
k2016,P2,0.87149177690384,35.6554188650766
k2016,P2,0.878352382140758,40.7798424667303
k2016,P2,0.8852669958095,45.9106255990528
k2016,P2,0.892236043078195,50.9123202632393
k2016,P2,0.899259952462007,55.6677732795295
k2016,P2,0.906339155849479,60.0868773400931
k2016,P2,0.913474088529092,64.1098864899636
k2016,P2,0.920665189216028,67.7059321296256
k2016,P2,0.927912900079146,70.8683017446167
k2016,P2,0.935217666768173,73.6082301377769
k2016,P2,0.9425799384411,75.9486163019465
k2016,P2,0.950000167791809,77.9185375456866
k2016,P2,0.957478811077901,79.5489282357934
k2016,P2,0.965016328148753,80.8694352986913
k2016,P2,0.972613182473793,81.9062671723714
k2016,P2,0.980269841171001,82.6807787706429
k2016,P2,0.987986775035626,83.2085339811904
k2016,P2,0.995764458569137,83.5006924661734
k2016,P2,1.0036033700084,83.5691217809895
k2016,P2,1.01150399135509,83.4202479960703
k2016,P2,1.01946680840531,83.0536191547941
k2016,P2,1.02749231077948,82.4622600302248
k2016,P2,1.03558099195243,81.6329316953093
k2016,P2,1.04373334928377,80.5463772652175
k2016,P2,1.05194988404843,79.1776779610242
k2016,P2,1.0602311014675,77.4968958222134
k2016,P2,1.06857751073933,75.4702399293581
k2016,P2,1.07698962507078,73.0620517471134
k2016,P2,1.08546796170881,70.2379371953676
k2016,P2,1.09401304197229,66.9693327635248
k2016,P2,1.10262539128404,63.239614237918
k2016,P2,1.11130553920314,59.0514692974599
k2016,P2,1.12005401945749,54.4345359764573
k2016,P2,1.12887136997664,49.4489345960336
k2016,P2,1.13775813292487,44.1878375854414
k2016,P2,1.14671485473448,38.7789320177667
k2016,P2,1.15574208613945,33.3760289477075
k2016,P2,1.16484038220928,28.1436799063258
k2016,P2,1.17401030238312,23.237677801084
k2016,P2,1.18325241050414,18.7860441957196
k2016,P2,1.19256727485425,14.875309494721
k2016,P2,1.20195546818903,11.5451136432589
k2016,P2,1.21141756777292,8.79129981836602
k2016,P2,1.22095415541473,6.5751913961439
k2016,P2,1.23056581750342,4.83563172482796
k2016,P2,1.24025314504417,3.50068823205719
k2016,P2,1.25001673369468,2.49706234053204
k2016,P2,1.25985718380184,1.75648534210497
k2016,P2,1.26977510043861,1.21927781971578
k2016,P2,1.27977109344124,0.835701027525097
k2016,P2,1.28984577744676,0.565838477258758
k2016,P2,1.2999997719308,0.378648192229253
k2016,P2,1.31023370124565,0.250539889656382
k2016,P2,1.32054819465864,0.163977325077049
k2016,P2,1.33094388639089,0.106194900550275
k2016,P2,1.34142141565623,0.0680718239553852
k2016,P2,1.35198142670058,0.0432010161617938
k2016,P2,1.36262456884151,0.0271514940672488
k2016,P2,1.37335149650819,0.0169032762110453
k2016,P2,1.3841628692816,0.0104261821607297
k2016,P2,1.39505935193515,0.00637314648150564
k2016,P2,1.40604161447548,0.0038614601104809
k2016,P2,1.41711033218372,0.00231959306511794
k2016,P2,1.42826618565695,0.00138174305135081
k2016,P2,1.43950986085013,0.000816375710302317
k2016,P2,1.4508420491182,0.000478510906573713
k2016,P2,1.46226344725862,0.000278306937227574
k2016,P2,1.47377475755423,0.000160648968093316
k2016,P2,1.48537668781643,9.20544451904575e-05
k2016,P2,1.49706995142866,5.23739882792606e-05
k2016,P2,1.50885526739033,2.95925023894288e-05
k2016,P2,1.52073336036096,1.66086366149656e-05
k2016,P2,1.53270496070482,9.26112174942978e-06
k2016,P2,1.54477080453575,5.13170386551753e-06
k2016,P2,1.55693163376249,2.82630496743742e-06
k2016,P2,1.56918819613427,1.54748680998257e-06
k2016,P2,1.58154124528679,8.42512677635546e-07
k2016,P2,1.59399154078856,4.56203425758436e-07
k2016,P2,1.60653984818762,2.45733464041785e-07
k2016,P2,1.61918693905858,1.31699698375071e-07
k2016,P2,1.63193359105008,7.02442901776554e-08
k2016,P2,1.64478058793265,3.72935821297151e-08
k2016,P2,1.6577287196468,1.97126517611083e-08
k2016,P2,1.6707787823517,1.03761186780531e-08
k2016,P2,1.68393157847407,5.43994859002947e-09
k2016,P2,1.69718791675753,2.8412908871012e-09
k2016,P2,1.71054861231235,1.47872934964376e-09
k2016,P2,1.72401448666555,7.67016721530686e-10
k2016,P2,1.73758636781142,3.96602246143143e-10
k2016,P2,1.75126509026243,2.04470546955307e-10
k2016,P2,1.76505149510054,1.05129028991292e-10
k2016,P2,1.77894643002895,5.39165265738332e-11
k2016,P2,1.79295074942415,2.75879589632167e-11
k2016,P2,1.80706531438854,1.40866168443143e-11
k2016,P2,1.8212909928033,2.22044604925031e-14
k2016,P2,1.83562865938183,2.22044604925031e-14
k2016,P2,1.85007919572348,2.22044604925031e-14
k2016,P2,1.86464349036776,2.22044604925031e-14
k2016,P2,1.87932243884901,2.22044604925031e-14
k2016,P2,1.89411694375143,2.22044604925031e-14
k2016,P2,1.90902791476461,2.22044604925031e-14
k2016,P2,1.92405626873943,2.22044604925031e-14
k2016,P2,1.93920292974447,2.22044604925031e-14
k2016,F3A,0.407315350700749,2.22044604925031e-14
k2016,F3A,0.410521840884767,2.22044604925031e-14
k2016,F3A,0.413753573376208,2.22044604925031e-14
k2016,F3A,0.417010746888944,2.22044604925031e-14
k2016,F3A,0.420293561701175,2.22044604925031e-14
k2016,F3A,0.423602219667742,2.22044604925031e-14
k2016,F3A,0.426936924232538,2.22044604925031e-14
k2016,F3A,0.430297880441017,2.22044604925031e-14
k2016,F3A,0.433685294952806,2.22044604925031e-14
k2016,F3A,0.437099376054406,2.22044604925031e-14
k2016,F3A,0.440540333672006,2.22044604925031e-14
k2016,F3A,0.444008379384384,2.22044604925031e-14
k2016,F3A,0.447503726435922,2.22044604925031e-14
k2016,F3A,0.451026589749715,2.22044604925031e-14
k2016,F3A,0.454577185940788,2.22044604925031e-14
k2016,F3A,0.458155733329415,2.22044604925031e-14
k2016,F3A,0.461762451954542,2.22044604925031e-14
k2016,F3A,0.465397563587318,2.22044604925031e-14
k2016,F3A,0.469061291744731,2.22044604925031e-14
k2016,F3A,0.472753861703351,2.22044604925031e-14
k2016,F3A,0.476475500513184,2.22044604925031e-14
k2016,F3A,0.48022643701163,2.22044604925031e-14
k2016,F3A,0.484006901837556,2.22044604925031e-14
k2016,F3A,0.487817127445477,2.22044604925031e-14
k2016,F3A,0.491657348119849,2.22044604925031e-14
k2016,F3A,0.495527799989474,2.22044604925031e-14
k2016,F3A,0.499428721042022,2.22044604925031e-14
k2016,F3A,0.503360351138661,2.22044604925031e-14
k2016,F3A,0.507322932028807,2.22044604925031e-14
k2016,F3A,0.511316707364991,2.22044604925031e-14
k2016,F3A,0.515341922717837,2.22044604925031e-14
k2016,F3A,0.519398825591164,2.22044604925031e-14
k2016,F3A,0.523487665437203,2.22044604925031e-14
k2016,F3A,0.527608693671939,2.22044604925031e-14
k2016,F3A,0.531762163690565,2.22044604925031e-14
k2016,F3A,0.535948330883068,2.22044604925031e-14
k2016,F3A,0.540167452649928,2.22044604925031e-14
k2016,F3A,0.544419788417947,2.22044604925031e-14
k2016,F3A,0.548705599656203,2.22044604925031e-14
k2016,F3A,0.553025149892124,2.22044604925031e-14
k2016,F3A,0.557378704727692,2.22044604925031e-14
k2016,F3A,0.561766531855777,2.22044604925031e-14
k2016,F3A,0.566188901076595,2.22044604925031e-14
k2016,F3A,0.570646084314297,2.22044604925031e-14
k2016,F3A,0.575138355633693,2.22044604925031e-14
k2016,F3A,0.579665991257096,2.22044604925031e-14
k2016,F3A,0.584229269581317,2.22044604925031e-14
k2016,F3A,0.588828471194774,2.22044604925031e-14
k2016,F3A,0.59346387889475,2.22044604925031e-14
k2016,F3A,0.598135777704779,2.22044604925031e-14
k2016,F3A,0.602844454892175,2.22044604925031e-14
k2016,F3A,0.60759019998569,2.22044604925031e-14
k2016,F3A,0.612373304793325,2.22044604925031e-14
k2016,F3A,0.617194063420262,2.22044604925031e-14
k2016,F3A,0.622052772286959,2.22044604925031e-14
k2016,F3A,0.626949730147369,2.22044604925031e-14
k2016,F3A,0.631885238107312,2.22044604925031e-14
k2016,F3A,0.63685959964299,2.22044604925031e-14
k2016,F3A,0.641873120619648,2.22044604925031e-14
k2016,F3A,0.64692610931038,2.22044604925031e-14
k2016,F3A,0.652018876415082,1.84049958450204e-11
k2016,F3A,0.657151735079561,8.29567390441573e-11
k2016,F3A,0.662325000914787,3.5961375353143e-10
k2016,F3A,0.667538992016299,1.49834569480502e-09
k2016,F3A,0.672794028983768,5.99654784183904e-09
k2016,F3A,0.678090434940703,2.3037034151122e-08
k2016,F3A,0.683428535554327,8.49005006086352e-08
k2016,F3A,0.688808659055597,2.99967908091351e-07
k2016,F3A,0.694231136259387,1.01541279626813e-06
k2016,F3A,0.699696300584832,3.29106300531751e-06
k2016,F3A,0.705204488075824,1.02065251964484e-05
k2016,F3A,0.710756037421683,3.02684497577389e-05
k2016,F3A,0.716351289977973,8.57818358465247e-05
k2016,F3A,0.721990589787497,0.000232175068582263
k2016,F3A,0.727674283601454,0.00059975349563324
k2016,F3A,0.733402720900751,0.00147770633103003
k2016,F3A,0.739176253917503,0.00347041517017629
k2016,F3A,0.744995237656683,0.00776372192484536
k2016,F3A,0.750860029917954,0.0165382507295251
k2016,F3A,0.756770991317669,0.0335940286561361
k2016,F3A,0.762728485311046,0.0652099067907544
k2016,F3A,0.768732878214514,0.121214733253356
k2016,F3A,0.774784539228238,0.216211112643244
k2016,F3A,0.780883840458821,0.370804714236158
k2016,F3A,0.787031156942185,0.612617476509053
k2016,F3A,0.793226866666629,0.976804457400678
k2016,F3A,0.799471350596071,1.50577899625434
k2016,F3A,0.805764992693478,2.24790388483662
k2016,F3A,0.812108179944468,3.25504288088198
k2016,F3A,0.818501302381108,4.5790817176974
k2016,F3A,0.824944753105899,6.26778341623969
k2016,F3A,0.831438928315944,8.36056831375386
k2016,F3A,0.83798422732731,10.8849173216237
k2016,F3A,0.844581052599583,13.8540195355432
k2016,F3A,0.851229809760611,17.266014159404
k2016,F3A,0.857930907631451,21.1047817741856
k2016,F3A,0.864684758251502,25.3418484096547
k2016,F3A,0.87149177690384,29.9387083522007
k2016,F3A,0.878352382140758,34.8398460193246
k2016,F3A,0.8852669958095,39.9326085171257
k2016,F3A,0.892236043078195,45.0754446565111
k2016,F3A,0.899259952462007,50.1256001350564
k2016,F3A,0.906339155849479,54.9542975571779
k2016,F3A,0.913474088529092,59.4580898574421
k2016,F3A,0.920665189216028,63.5645767795163
k2016,F3A,0.927912900079146,67.2325112397357
k2016,F3A,0.935217666768173,70.4476906275096
k2016,F3A,0.9425799384411,73.2165580037351
k2016,F3A,0.950000167791809,75.559246047528
k2016,F3A,0.957478811077901,77.5032333880106
k2016,F3A,0.965016328148753,79.0781766854821
k2016,F3A,0.972613182473793,80.3120168763988
k2016,F3A,0.980269841171001,81.2281810556562
k2016,F3A,0.987986775035626,81.843580476811
k2016,F3A,0.995764458569137,82.1707620080156
k2016,F3A,1.0036033700084,82.2267634293162
k2016,F3A,1.01150399135509,82.022187009559
k2016,F3A,1.01946680840531,81.5587988616402
k2016,F3A,1.02749231077948,80.8304012654842
k2016,F3A,1.03558099195243,79.8236293749451
k2016,F3A,1.04373334928377,78.5188109252303
k2016,F3A,1.05194988404843,76.89107871304
k2016,F3A,1.0602311014675,74.911972845493
k2016,F3A,1.06857751073933,72.5518023730432
k2016,F3A,1.07698962507078,69.7830285683546
k2016,F3A,1.08546796170881,66.5848437883647
k2016,F3A,1.09401304197229,62.9489006325795
k2016,F3A,1.10262539128404,58.8857597177343
k2016,F3A,1.11130553920314,54.4310918355097
k2016,F3A,1.12005401945749,49.6498413806988
k2016,F3A,1.12887136997664,44.6287796992686
k2016,F3A,1.13775813292487,39.4724116120647
k2016,F3A,1.14671485473448,34.3065679740594
k2016,F3A,1.15574208613945,29.2684330345315
k2016,F3A,1.16484038220928,24.4925023922187
k2016,F3A,1.17401030238312,20.0958176474204
k2016,F3A,1.18325241050414,16.1657893591948
k2016,F3A,1.19256727485425,12.7532511980915
k2016,F3A,1.20195546818903,9.87177492334652
k2016,F3A,1.21141756777292,7.50246965538894
k2016,F3A,1.22095415541473,5.60225061748342
k2016,F3A,1.23056581750342,4.11323590330936
k2016,F3A,1.24025314504417,2.97136762320599
k2016,F3A,1.25001673369468,2.11314840340546
k2016,F3A,1.25985718380184,1.4801521176897
k2016,F3A,1.26977510043861,1.02150022162904
k2016,F3A,1.27977109344124,0.694757008372879
k2016,F3A,1.28984577744676,0.465770234184766
k2016,F3A,1.2999997719308,0.307912619635077
k2016,F3A,1.31023370124565,0.200817259973577
k2016,F3A,1.32054819465864,0.129261822778438
k2016,F3A,1.33094388639089,0.0821475786466817
k2016,F3A,1.34142141565623,0.0515608459645674
k2016,F3A,1.35198142670058,0.0319728352167524
k2016,F3A,1.36262456884151,0.019593209892782
k2016,F3A,1.37335149650819,0.0118690359401127
k2016,F3A,1.3841628692816,0.0071093360992916
k2016,F3A,1.39505935193515,0.00421174598449662
k2016,F3A,1.40604161447548,0.00246847582242336
k2016,F3A,1.41711033218372,0.00143166728027141
k2016,F3A,1.42826618565695,0.000821890640978207
k2016,F3A,1.43950986085013,0.00046715006881441
k2016,F3A,1.4508420491182,0.000262954547237136
k2016,F3A,1.46226344725862,0.000146621648429382
k2016,F3A,1.47377475755423,8.10064875665661e-05
k2016,F3A,1.48537668781643,4.43564598208924e-05
k2016,F3A,1.49706995142866,2.40779974602728e-05
k2016,F3A,1.50885526739033,1.29604858079264e-05
k2016,F3A,1.52073336036096,6.91943493711223e-06
k2016,F3A,1.53270496070482,3.66504581293695e-06
k2016,F3A,1.54477080453575,1.9264538299835e-06
k2016,F3A,1.55693163376249,1.00512299993958e-06
k2016,F3A,1.56918819613427,5.20681578556125e-07
k2016,F3A,1.58154124528679,2.6787278774817e-07
k2016,F3A,1.59399154078856,1.36898708464235e-07
k2016,F3A,1.60653984818762,6.9517710308884e-08
k2016,F3A,1.61918693905858,3.50855192923029e-08
k2016,F3A,1.63193359105008,1.76038510383701e-08
k2016,F3A,1.64478058793265,8.78305846576076e-09
k2016,F3A,1.6577287196468,4.35866168537067e-09
k2016,F3A,1.6707787823517,2.15199289036744e-09
k2016,F3A,1.68393157847407,1.05735244416169e-09
k2016,F3A,1.69718791675753,5.17131473709407e-10
k2016,F3A,1.71054861231235,2.51823009226772e-10
k2016,F3A,1.72401448666555,1.22127671087106e-10
k2016,F3A,1.73758636781142,5.90021659326285e-11
k2016,F3A,1.75126509026243,2.84032497628402e-11
k2016,F3A,1.76505149510054,1.3627785702793e-11
k2016,F3A,1.77894643002895,2.22044604925031e-14
k2016,F3A,1.79295074942415,2.22044604925031e-14
k2016,F3A,1.80706531438854,2.22044604925031e-14
k2016,F3A,1.8212909928033,2.22044604925031e-14
k2016,F3A,1.83562865938183,2.22044604925031e-14
k2016,F3A,1.85007919572348,2.22044604925031e-14
k2016,F3A,1.86464349036776,2.22044604925031e-14
k2016,F3A,1.87932243884901,2.22044604925031e-14
k2016,F3A,1.89411694375143,2.22044604925031e-14
k2016,F3A,1.90902791476461,2.22044604925031e-14
k2016,F3A,1.92405626873943,2.22044604925031e-14
k2016,F3A,1.93920292974447,2.22044604925031e-14
k2016,F3B,0.407315350700749,2.22044604925031e-14
k2016,F3B,0.410521840884767,2.22044604925031e-14
k2016,F3B,0.413753573376208,2.22044604925031e-14
k2016,F3B,0.417010746888944,2.22044604925031e-14
k2016,F3B,0.420293561701175,2.22044604925031e-14
k2016,F3B,0.423602219667742,2.22044604925031e-14
k2016,F3B,0.426936924232538,2.22044604925031e-14
k2016,F3B,0.430297880441017,2.22044604925031e-14
k2016,F3B,0.433685294952806,2.22044604925031e-14
k2016,F3B,0.437099376054406,2.22044604925031e-14
k2016,F3B,0.440540333672006,2.22044604925031e-14
k2016,F3B,0.444008379384384,2.22044604925031e-14
k2016,F3B,0.447503726435922,2.22044604925031e-14
k2016,F3B,0.451026589749715,2.22044604925031e-14
k2016,F3B,0.454577185940788,2.22044604925031e-14
k2016,F3B,0.458155733329415,2.22044604925031e-14
k2016,F3B,0.461762451954542,2.22044604925031e-14
k2016,F3B,0.465397563587318,2.22044604925031e-14
k2016,F3B,0.469061291744731,2.22044604925031e-14
k2016,F3B,0.472753861703351,2.22044604925031e-14
k2016,F3B,0.476475500513184,2.22044604925031e-14
k2016,F3B,0.48022643701163,2.22044604925031e-14
k2016,F3B,0.484006901837556,2.22044604925031e-14
k2016,F3B,0.487817127445477,2.22044604925031e-14
k2016,F3B,0.491657348119849,2.22044604925031e-14
k2016,F3B,0.495527799989474,2.22044604925031e-14
k2016,F3B,0.499428721042022,2.22044604925031e-14
k2016,F3B,0.503360351138661,2.22044604925031e-14
k2016,F3B,0.507322932028807,2.22044604925031e-14
k2016,F3B,0.511316707364991,2.22044604925031e-14
k2016,F3B,0.515341922717837,2.22044604925031e-14
k2016,F3B,0.519398825591164,2.22044604925031e-14
k2016,F3B,0.523487665437203,2.22044604925031e-14
k2016,F3B,0.527608693671939,2.22044604925031e-14
k2016,F3B,0.531762163690565,2.22044604925031e-14
k2016,F3B,0.535948330883068,2.22044604925031e-14
k2016,F3B,0.540167452649928,2.22044604925031e-14
k2016,F3B,0.544419788417947,2.22044604925031e-14
k2016,F3B,0.548705599656203,2.22044604925031e-14
k2016,F3B,0.553025149892124,2.22044604925031e-14
k2016,F3B,0.557378704727692,2.22044604925031e-14
k2016,F3B,0.561766531855777,2.22044604925031e-14
k2016,F3B,0.566188901076595,2.22044604925031e-14
k2016,F3B,0.570646084314297,2.22044604925031e-14
k2016,F3B,0.575138355633693,2.22044604925031e-14
k2016,F3B,0.579665991257096,2.22044604925031e-14
k2016,F3B,0.584229269581317,2.22044604925031e-14
k2016,F3B,0.588828471194774,2.22044604925031e-14
k2016,F3B,0.59346387889475,2.22044604925031e-14
k2016,F3B,0.598135777704779,2.22044604925031e-14
k2016,F3B,0.602844454892175,2.22044604925031e-14
k2016,F3B,0.60759019998569,2.22044604925031e-14
k2016,F3B,0.612373304793325,2.22044604925031e-14
k2016,F3B,0.617194063420262,2.22044604925031e-14
k2016,F3B,0.622052772286959,2.22044604925031e-14
k2016,F3B,0.626949730147369,2.22044604925031e-14
k2016,F3B,0.631885238107312,2.22044604925031e-14
k2016,F3B,0.63685959964299,2.22044604925031e-14
k2016,F3B,0.641873120619648,2.22044604925031e-14
k2016,F3B,0.64692610931038,2.22044604925031e-14
k2016,F3B,0.652018876415082,2.22044604925031e-14
k2016,F3B,0.657151735079561,1.07205143157834e-11
k2016,F3B,0.662325000914787,5.40839250282933e-11
k2016,F3B,0.667538992016299,2.60983129573343e-10
k2016,F3B,0.672794028983768,1.2037516455006e-09
k2016,F3B,0.678090434940703,5.30310412617373e-09
k2016,F3B,0.683428535554327,2.22987640366106e-08
k2016,F3B,0.688808659055597,8.94287953568828e-08
k2016,F3B,0.694231136259387,3.41828677938282e-07
k2016,F3B,0.699696300584832,1.24440775491867e-06
k2016,F3B,0.705204488075824,4.31150197906362e-06
k2016,F3B,0.710756037421683,1.42067485169963e-05
k2016,F3B,0.716351289977973,4.4488681417968e-05
k2016,F3B,0.721990589787497,0.000132306605524205
k2016,F3B,0.727674283601454,0.000373403884540096
k2016,F3B,0.733402720900751,0.00099937623169932
k2016,F3B,0.739176253917503,0.00253465222381923
k2016,F3B,0.744995237656683,0.00608738375416777
k2016,F3B,0.750860029917954,0.013838258033072
k2016,F3B,0.756770991317669,0.0298234947970961
k2016,F3B,0.762728485311046,0.0610782516911757
k2016,F3B,0.768732878214514,0.119143796552237
k2016,F3B,0.774784539228238,0.221866246383971
k2016,F3B,0.780883840458821,0.395264698509079
k2016,F3B,0.787031156942185,0.675087372102
k2016,F3B,0.793226866666629,1.10753225900785
k2016,F3B,0.799471350596071,1.74854664555814
k2016,F3B,0.805764992693478,2.66120915245427
k2016,F3B,0.812108179944468,3.91099617035141
k2016,F3B,0.818501302381108,5.55924322377056
k2016,F3B,0.824944753105899,7.65573031628945
k2016,F3B,0.831438928315944,10.2318341049635
k2016,F3B,0.83798422732731,13.2958352827005
k2016,F3B,0.844581052599583,16.8315765023929
k2016,F3B,0.851229809760611,20.8007974660154
k2016,F3B,0.857930907631451,25.1484438027472
k2016,F3B,0.864684758251502,29.8094686303431
k2016,F3B,0.87149177690384,34.715404201371
k2016,F3B,0.878352382140758,39.7897283679764
k2016,F3B,0.8852669958095,44.9085636799099
k2016,F3B,0.892236043078195,49.9349374817443
k2016,F3B,0.899259952462007,54.7461760222085
k2016,F3B,0.906339155849479,59.2441451515662
k2016,F3B,0.913474088529092,63.3602620337954
k2016,F3B,0.920665189216028,67.0554304095519
k2016,F3B,0.927912900079146,70.3162073157712
k2016,F3B,0.935217666768173,73.1489347343846
k2016,F3B,0.9425799384411,75.5733818675763
k2016,F3B,0.950000167791809,77.6169464097006
k2016,F3B,0.957478811077901,79.3099329031816
k2016,F3B,0.965016328148753,80.6820179747406
k2016,F3B,0.972613182473793,81.759766066238
k2016,F3B,0.980269841171001,82.5649489718264
k2016,F3B,0.987986775035626,83.1134006652413
k2016,F3B,0.995764458569137,83.4165632361544
k2016,F3B,1.0036033700084,83.4873531306414
k2016,F3B,1.01150399135509,83.333011145489
k2016,F3B,1.01946680840531,82.9534477604069
k2016,F3B,1.02749231077948,82.3416757162102
k2016,F3B,1.03558099195243,81.4841417199781
k2016,F3B,1.04373334928377,80.3610497797731
k2016,F3B,1.05194988404843,78.9468150473026
k2016,F3B,1.0602311014675,77.2108423084402
k2016,F3B,1.06857751073933,75.1188851915184
k2016,F3B,1.07698962507078,72.6352978311962
k2016,F3B,1.08546796170881,69.72651053445
k2016,F3B,1.09401304197229,66.3659936212688
k2016,F3B,1.10262539128404,62.540748902445
k2016,F3B,1.11130553920314,58.2589203788323
k2016,F3B,1.12005401945749,53.5573037269375
k2016,F3B,1.12887136997664,48.5031070176394
k2016,F3B,1.13775813292487,43.1953041876223
k2016,F3B,1.14671485473448,37.7663394662521
k2016,F3B,1.15574208613945,32.3727187038631
k2016,F3B,1.16484038220928,27.178796262288
k2016,F3B,1.17401030238312,22.3370476226208
k2016,F3B,1.18325241050414,17.9695715337891
k2016,F3B,1.19256727485425,14.1554776018399
k2016,F3B,1.20195546818903,10.9268110391506
k2016,F3B,1.21141756777292,8.27277909181166
k2016,F3B,1.22095415541473,6.14971226050975
k2016,F3B,1.23056581750342,4.49329814052081
k2016,F3B,1.24025314504417,3.23010782651564
k2016,F3B,1.25001673369468,2.2866319330268
k2016,F3B,1.25985718380184,1.59525802661393
k2016,F3B,1.26977510043861,1.09746092203403
k2016,F3B,1.27977109344124,0.744873177124414
k2016,F3B,1.28984577744676,0.498978922270074
k2016,F3B,1.2999997719308,0.330056876320276
k2016,F3B,1.31023370124565,0.215675311598112
k2016,F3B,1.32054819465864,0.139280113210269
k2016,F3B,1.33094388639089,0.0889213991515156
k2016,F3B,1.34142141565623,0.0561420194911038
k2016,F3B,1.35198142670058,0.0350638095187457
k2016,F3B,1.36262456884151,0.0216688628741977
k2016,F3B,1.37335149650819,0.0132534822576594
k2016,F3B,1.3841628692816,0.00802504864612829
k2016,F3B,1.39505935193515,0.00481164276153983
k2016,F3B,1.40604161447548,0.00285739010063451
k2016,F3B,1.41711033218372,0.00168103744929974
k2016,F3B,1.42826618565695,0.00097998040744396
k2016,F3B,1.43950986085013,0.000566225612601843
k2016,F3B,1.4508420491182,0.000324334678217735
k2016,F3B,1.46226344725862,0.000184216476055597
k2016,F3B,1.47377475755423,0.000103775321940252
k2016,F3B,1.48537668781643,5.79948590013319e-05
k2016,F3B,1.49706995142866,3.21598416301244e-05
k2016,F3B,1.50885526739033,1.76997236111215e-05
k2016,F3B,1.52073336036096,9.6704439674183e-06
k2016,F3B,1.53270496070482,5.24629663549765e-06
k2016,F3B,1.54477080453575,2.82673389144435e-06
k2016,F3B,1.55693163376249,1.5130100435257e-06
k2016,F3B,1.56918819613427,8.04678957243367e-07
k2016,F3B,1.58154124528679,4.25330544779293e-07
k2016,F3B,1.59399154078856,2.2348724397564e-07
k2016,F3B,1.60653984818762,1.16761668398044e-07
k2016,F3B,1.61918693905858,6.06692146910043e-08
k2016,F3B,1.63193359105008,3.13585612640308e-08
k2016,F3B,1.64478058793265,1.6127338563143e-08
k2016,F3B,1.6577287196468,8.25443288783235e-09
k2016,F3B,1.6707787823517,4.20560893305861e-09
k2016,F3B,1.68393157847407,2.13347120023515e-09
k2016,F3B,1.69718791675753,1.07785435319374e-09
k2016,F3B,1.71054861231235,5.42435266205007e-10
k2016,F3B,1.72401448666555,2.71987810405262e-10
k2016,F3B,1.73758636781142,1.35913875220888e-10
k2016,F3B,1.75126509026243,6.77002271051244e-11
k2016,F3B,1.76505149510054,3.36223121565383e-11
k2016,F3B,1.77894643002895,1.66523408258438e-11
k2016,F3B,1.79295074942415,2.22044604925031e-14
k2016,F3B,1.80706531438854,2.22044604925031e-14
k2016,F3B,1.8212909928033,2.22044604925031e-14
k2016,F3B,1.83562865938183,2.22044604925031e-14
k2016,F3B,1.85007919572348,2.22044604925031e-14
k2016,F3B,1.86464349036776,2.22044604925031e-14
k2016,F3B,1.87932243884901,2.22044604925031e-14
k2016,F3B,1.89411694375143,2.22044604925031e-14
k2016,F3B,1.90902791476461,2.22044604925031e-14
k2016,F3B,1.92405626873943,2.22044604925031e-14
k2016,F3B,1.93920292974447,2.22044604925031e-14
k2016,F3C,0.407315350700749,2.22044604925031e-14
k2016,F3C,0.410521840884767,2.22044604925031e-14
k2016,F3C,0.413753573376208,2.22044604925031e-14
k2016,F3C,0.417010746888944,2.22044604925031e-14
k2016,F3C,0.420293561701175,2.22044604925031e-14
k2016,F3C,0.423602219667742,2.22044604925031e-14
k2016,F3C,0.426936924232538,2.22044604925031e-14
k2016,F3C,0.430297880441017,2.22044604925031e-14
k2016,F3C,0.433685294952806,2.22044604925031e-14
k2016,F3C,0.437099376054406,2.22044604925031e-14
k2016,F3C,0.440540333672006,2.22044604925031e-14
k2016,F3C,0.444008379384384,2.22044604925031e-14
k2016,F3C,0.447503726435922,2.22044604925031e-14
k2016,F3C,0.451026589749715,2.22044604925031e-14
k2016,F3C,0.454577185940788,2.22044604925031e-14
k2016,F3C,0.458155733329415,2.22044604925031e-14
k2016,F3C,0.461762451954542,2.22044604925031e-14
k2016,F3C,0.465397563587318,2.22044604925031e-14
k2016,F3C,0.469061291744731,2.22044604925031e-14
k2016,F3C,0.472753861703351,2.22044604925031e-14
k2016,F3C,0.476475500513184,2.22044604925031e-14
k2016,F3C,0.48022643701163,2.22044604925031e-14
k2016,F3C,0.484006901837556,2.22044604925031e-14
k2016,F3C,0.487817127445477,2.22044604925031e-14
k2016,F3C,0.491657348119849,2.22044604925031e-14
k2016,F3C,0.495527799989474,2.22044604925031e-14
k2016,F3C,0.499428721042022,2.22044604925031e-14
k2016,F3C,0.503360351138661,2.22044604925031e-14
k2016,F3C,0.507322932028807,2.22044604925031e-14
k2016,F3C,0.511316707364991,2.22044604925031e-14
k2016,F3C,0.515341922717837,2.22044604925031e-14
k2016,F3C,0.519398825591164,2.22044604925031e-14
k2016,F3C,0.523487665437203,2.22044604925031e-14
k2016,F3C,0.527608693671939,2.22044604925031e-14
k2016,F3C,0.531762163690565,2.22044604925031e-14
k2016,F3C,0.535948330883068,2.22044604925031e-14
k2016,F3C,0.540167452649928,2.22044604925031e-14
k2016,F3C,0.544419788417947,2.22044604925031e-14
k2016,F3C,0.548705599656203,2.22044604925031e-14
k2016,F3C,0.553025149892124,2.22044604925031e-14
k2016,F3C,0.557378704727692,2.22044604925031e-14
k2016,F3C,0.561766531855777,2.22044604925031e-14
k2016,F3C,0.566188901076595,2.22044604925031e-14
k2016,F3C,0.570646084314297,2.22044604925031e-14
k2016,F3C,0.575138355633693,2.22044604925031e-14
k2016,F3C,0.579665991257096,2.22044604925031e-14
k2016,F3C,0.584229269581317,2.22044604925031e-14
k2016,F3C,0.588828471194774,2.22044604925031e-14
k2016,F3C,0.59346387889475,2.22044604925031e-14
k2016,F3C,0.598135777704779,2.22044604925031e-14
k2016,F3C,0.602844454892175,2.22044604925031e-14
k2016,F3C,0.60759019998569,2.22044604925031e-14
k2016,F3C,0.612373304793325,2.22044604925031e-14
k2016,F3C,0.617194063420262,2.22044604925031e-14
k2016,F3C,0.622052772286959,2.22044604925031e-14
k2016,F3C,0.626949730147369,2.22044604925031e-14
k2016,F3C,0.631885238107312,2.22044604925031e-14
k2016,F3C,0.63685959964299,2.22044604925031e-14
k2016,F3C,0.641873120619648,2.22044604925031e-14
k2016,F3C,0.64692610931038,2.22044604925031e-14
k2016,F3C,0.652018876415082,2.22044604925031e-14
k2016,F3C,0.657151735079561,2.22044604925031e-14
k2016,F3C,0.662325000914787,2.6407113575807e-11
k2016,F3C,0.667538992016299,1.3491370040852e-10
k2016,F3C,0.672794028983768,6.5740117481169e-10
k2016,F3C,0.678090434940703,3.05293696790835e-09
k2016,F3C,0.683428535554327,1.35018033934462e-08
k2016,F3C,0.688808659055597,5.68232332156985e-08
k2016,F3C,0.694231136259387,2.27401833312912e-07
k2016,F3C,0.699696300584832,8.64708004369464e-07
k2016,F3C,0.705204488075824,3.12195133083378e-06
k2016,F3C,0.710756037421683,1.06939348294237e-05
k2016,F3C,0.716351289977973,3.47278010244151e-05
k2016,F3C,0.721990589787497,0.00010683631133678
k2016,F3C,0.727674283601454,0.0003111255010782
k2016,F3C,0.733402720900751,0.0008570382136971
k2016,F3C,0.739176253917503,0.0022314344990898
k2016,F3C,0.744995237656683,0.00548727271409934
k2016,F3C,0.750860029917954,0.0127387319645466
k2016,F3C,0.756770991317669,0.0279656958792312
k2016,F3C,0.762728485311046,0.0582028392692519
k2016,F3C,0.768732878214514,0.115120291393731
k2016,F3C,0.774784539228238,0.216915317794988
k2016,F3C,0.780883840458821,0.390268180107794
k2016,F3C,0.787031156942185,0.671937960802109
k2016,F3C,0.793226866666629,1.10942154808757
k2016,F3C,0.799471350596071,1.7600450228324
k2016,F3C,0.805764992693478,2.68798213822913
k2016,F3C,0.812108179944468,3.95905726093944
k2016,F3C,0.818501302381108,5.63377460425343
k2016,F3C,0.824944753105899,7.75968480250911
k2016,F3C,0.831438928315944,10.3646961501768
k2016,F3C,0.83798422732731,13.4529771890439
k2016,F3C,0.844581052599583,17.0045395392676
k2016,F3C,0.851229809760611,20.978575086066
k2016,F3C,0.857930907631451,25.3195434573202
k2016,F3C,0.864684758251502,29.9643028979475
k2016,F3C,0.87149177690384,34.8484877293392
k2016,F3C,0.878352382140758,39.9006754100296
k2016,F3C,0.8852669958095,44.9997741210844
k2016,F3C,0.892236043078195,50.0102536896647
k2016,F3C,0.899259952462007,54.8101680091909
k2016,F3C,0.906339155849479,59.3014104598819
k2016,F3C,0.913474088529092,63.4148888622212
k2016,F3C,0.920665189216028,67.110690037989
k2016,F3C,0.927912900079146,70.3744638013986
k2016,F3C,0.935217666768173,73.211713038635
k2016,F3C,0.9425799384411,75.6415233252236
k2016,F3C,0.950000167791809,77.6907914907462
k2016,F3C,0.957478811077901,79.389491390122
k2016,F3C,0.965016328148753,80.7671059170212
k2016,F3C,0.972613182473793,81.8501026201532
k2016,F3C,0.980269841171001,82.6602138656013
k2016,F3C,0.987986775035626,83.2132557676044
k2016,F3C,0.995764458569137,83.5207598824269
k2016,F3C,1.0036033700084,83.5961304272237
k2016,F3C,1.01150399135509,83.4471443884281
k2016,F3C,1.01946680840531,83.0742331271783
k2016,F3C,1.02749231077948,82.4709574929834
k2016,F3C,1.03558099195243,81.6243766484504
k2016,F3C,1.04373334928377,80.5154023335068
k2016,F3C,1.05194988404843,79.1192740626341
k2016,F3C,1.0602311014675,77.4063422244879
k2016,F3C,1.06857751073933,75.3434030590322
k2016,F3C,1.07698962507078,72.8958797572559
k2016,F3C,1.08546796170881,70.0311598760898
k2016,F3C,1.09401304197229,66.7233337175378
k2016,F3C,1.10262539128404,62.9593676306302
k2016,F3C,1.11130553920314,58.7463314929532
k2016,F3C,1.12005401945749,54.1185252221381
k2016,F3C,1.12887136997664,49.1385282289178
k2016,F3C,1.13775813292487,43.898571337645
k2016,F3C,1.14671485473448,38.5235371351765
k2016,F3C,1.15574208613945,33.1628868598033
k2016,F3C,1.16484038220928,27.9759599159394
k2016,F3C,1.17401030238312,23.1134691727114
k2016,F3C,1.18325241050414,18.6994611254561
k2016,F3C,1.19256727485425,14.8182069978084
k2016,F3C,1.20195546818903,11.5088824711035
k2016,F3C,1.21141756777292,8.76827768966992
k2016,F3C,1.22095415541473,6.55945912952764
k2016,F3C,1.23056581750342,4.82321127739656
k2016,F3C,1.24025314504417,3.489317064625
k2016,F3C,1.25001673369468,2.48575955550703
k2016,F3C,1.25985718380184,1.7450849785041
k2016,F3C,1.26977510043861,1.20803440054365
k2016,F3C,1.27977109344124,0.82500836890743
k2016,F3C,1.28984577744676,0.556064584156705
k2016,F3C,1.2999997719308,0.370070461698459
k2016,F3C,1.31023370124565,0.243298819614413
k2016,F3C,1.32054819465864,0.158077023731076
k2016,F3C,1.33094388639089,0.101537387290302
k2016,F3C,1.34142141565623,0.0644986649052464
k2016,F3C,1.35198142670058,0.0405293762328981
k2016,F3C,1.36262456884151,0.0252000707536844
k2016,F3C,1.37335149650819,0.0155080864969778
k2016,F3C,1.3841628692816,0.00944815281024467
k2016,F3C,1.39505935193515,0.00569996892988835
k2016,F3C,1.40604161447548,0.00340594466524732
k2016,F3C,1.41711033218372,0.0020162459331887
k2016,F3C,1.42826618565695,0.00118274374148776
k2016,F3C,1.43950986085013,0.00068766814216815
k2016,F3C,1.4508420491182,0.000396376352768311
k2016,F3C,1.46226344725862,0.000226556444887417
k2016,F3C,1.47377475755423,0.000128435204541688
k2016,F3C,1.48537668781643,7.22320194405566e-05
k2016,F3C,1.49706995142866,4.03099660157609e-05
k2016,F3C,1.50885526739033,2.23270353817559e-05
k2016,F3C,1.52073336036096,1.22767829424488e-05
k2016,F3C,1.53270496070482,6.70304146874828e-06
k2016,F3C,1.54477080453575,3.6348957869209e-06
k2016,F3C,1.55693163376249,1.95813966423487e-06
k2016,F3C,1.56918819613427,1.04815598657692e-06
k2016,F3C,1.58154124528679,5.57619095866664e-07
k2016,F3C,1.59399154078856,2.94902008456361e-07
k2016,F3C,1.60653984818762,1.55076183985165e-07
k2016,F3C,1.61918693905858,8.11033274723521e-08
k2016,F3C,1.63193359105008,4.2194645272248e-08
k2016,F3C,1.64478058793265,2.18423829435553e-08
k2016,F3C,1.6577287196468,1.12529298550308e-08
k2016,F3C,1.6707787823517,5.7710260293843e-09
k2016,F3C,1.68393157847407,2.94687144090125e-09
k2016,F3C,1.69718791675753,1.49861125746081e-09
k2016,F3C,1.71054861231235,7.59163543231068e-10
k2016,F3C,1.72401448666555,3.83176758253284e-10
k2016,F3C,1.73758636781142,1.92743323666152e-10
k2016,F3C,1.75126509026243,9.66439800809189e-11
k2016,F3C,1.76505149510054,4.83152752425749e-11
k2016,F3C,1.77894643002895,2.40883584314259e-11
k2016,F3C,1.79295074942415,1.19795900457482e-11
k2016,F3C,1.80706531438854,2.22044604925031e-14
k2016,F3C,1.8212909928033,2.22044604925031e-14
k2016,F3C,1.83562865938183,2.22044604925031e-14
k2016,F3C,1.85007919572348,2.22044604925031e-14
k2016,F3C,1.86464349036776,2.22044604925031e-14
k2016,F3C,1.87932243884901,2.22044604925031e-14
k2016,F3C,1.89411694375143,2.22044604925031e-14
k2016,F3C,1.90902791476461,2.22044604925031e-14
k2016,F3C,1.92405626873943,2.22044604925031e-14
k2016,F3C,1.93920292974447,2.22044604925031e-14
k2016,G2,0.407315350700749,2.22044604925031e-14
k2016,G2,0.410521840884767,2.22044604925031e-14
k2016,G2,0.413753573376208,2.22044604925031e-14
k2016,G2,0.417010746888944,2.22044604925031e-14
k2016,G2,0.420293561701175,2.22044604925031e-14
k2016,G2,0.423602219667742,2.22044604925031e-14
k2016,G2,0.426936924232538,2.22044604925031e-14
k2016,G2,0.430297880441017,2.22044604925031e-14
k2016,G2,0.433685294952806,2.22044604925031e-14
k2016,G2,0.437099376054406,2.22044604925031e-14
k2016,G2,0.440540333672006,2.22044604925031e-14
k2016,G2,0.444008379384384,2.22044604925031e-14
k2016,G2,0.447503726435922,2.22044604925031e-14
k2016,G2,0.451026589749715,2.22044604925031e-14
k2016,G2,0.454577185940788,2.22044604925031e-14
k2016,G2,0.458155733329415,2.22044604925031e-14
k2016,G2,0.461762451954542,2.22044604925031e-14
k2016,G2,0.465397563587318,2.22044604925031e-14
k2016,G2,0.469061291744731,2.22044604925031e-14
k2016,G2,0.472753861703351,2.22044604925031e-14
k2016,G2,0.476475500513184,2.22044604925031e-14
k2016,G2,0.48022643701163,2.22044604925031e-14
k2016,G2,0.484006901837556,2.22044604925031e-14
k2016,G2,0.487817127445477,2.22044604925031e-14
k2016,G2,0.491657348119849,2.22044604925031e-14
k2016,G2,0.495527799989474,2.22044604925031e-14
k2016,G2,0.499428721042022,2.22044604925031e-14
k2016,G2,0.503360351138661,2.22044604925031e-14
k2016,G2,0.507322932028807,2.22044604925031e-14
k2016,G2,0.511316707364991,2.22044604925031e-14
k2016,G2,0.515341922717837,2.22044604925031e-14
k2016,G2,0.519398825591164,2.22044604925031e-14
k2016,G2,0.523487665437203,1.86638924228573e-11
k2016,G2,0.527608693671939,3.7135473849023e-11
k2016,G2,0.531762163690565,7.35353601958004e-11
k2016,G2,0.535948330883068,1.44897525922208e-10
k2016,G2,0.540167452649928,2.84066612992272e-10
k2016,G2,0.544419788417947,5.54001420210789e-10
k2016,G2,0.548705599656203,1.07465734196354e-09
k2016,G2,0.553025149892124,2.07316836987916e-09
k2016,G2,0.557378704727692,3.97687147399602e-09
k2016,G2,0.561766531855777,7.58451717327976e-09
k2016,G2,0.566188901076595,1.43790670811533e-08
k2016,G2,0.570646084314297,2.70948563506584e-08
k2016,G2,0.575138355633693,5.07380010658089e-08
k2016,G2,0.579665991257096,9.44076518927116e-08
k2016,G2,0.584229269581317,1.7452006500461e-07
k2016,G2,0.588828471194774,3.20468131666996e-07
k2016,G2,0.59346387889475,5.84470543036347e-07
k2016,G2,0.598135777704779,1.05856051151127e-06
k2016,G2,0.602844454892175,1.90362331975516e-06
k2016,G2,0.60759019998569,3.39856510220923e-06
k2016,G2,0.612373304793325,6.02277173744788e-06
k2016,G2,0.617194063420262,1.05930355154607e-05
k2016,G2,0.622052772286959,1.84886263872176e-05
k2016,G2,0.626949730147369,3.20173978838614e-05
k2016,G2,0.631885238107312,5.5004922441481e-05
k2016,G2,0.63685959964299,9.37320628336348e-05
k2016,G2,0.641873120619648,0.000158410085646166
k2016,G2,0.64692610931038,0.000265474267827271
k2016,G2,0.652018876415082,0.000441106903894007
k2016,G2,0.657151735079561,0.000726580778930936
k2016,G2,0.662325000914787,0.0011862583605844
k2016,G2,0.667538992016299,0.00191940469834486
k2016,G2,0.672794028983768,0.0030773864283881
k2016,G2,0.678090434940703,0.00488834357297306
k2016,G2,0.683428535554327,0.0076920327958789
k2016,G2,0.688808659055597,0.0119882298994947
k2016,G2,0.694231136259387,0.0185027959945587
k2016,G2,0.699696300584832,0.0282761634504781
k2016,G2,0.705204488075824,0.0427794326995152
k2016,G2,0.710756037421683,0.0640632604497788
k2016,G2,0.716351289977973,0.0949439416859722
k2016,G2,0.721990589787497,0.139229116764051
k2016,G2,0.727674283601454,0.201981848956018
k2016,G2,0.733402720900751,0.289815835659654
k2016,G2,0.739176253917503,0.41120568855361
k2016,G2,0.744995237656683,0.576784200850464
k2016,G2,0.750860029917954,0.799621057839818
k2016,G2,0.756770991317669,1.09569652559936
k2016,G2,0.762728485311046,1.48418257722611
k2016,G2,0.768732878214514,1.98753301773644
k2016,G2,0.774784539228238,2.6314323839313
k2016,G2,0.780883840458821,3.44447499285591
k2016,G2,0.787031156942185,4.45749052547328
k2016,G2,0.793226866666629,5.70244166827342
k2016,G2,0.799471350596071,7.21084744820874
k2016,G2,0.805764992693478,9.01173836770154
k2016,G2,0.812108179944468,11.1292274217921
k2016,G2,0.818501302381108,13.5798781499865
k2016,G2,0.824944753105899,16.370150410601
k2016,G2,0.831438928315944,19.4942800587379
k2016,G2,0.83798422732731,22.9329691837723
k2016,G2,0.844581052599583,26.6532042770282
k2016,G2,0.851229809760611,30.6093750366983
k2016,G2,0.857930907631451,34.7456587425138
k2016,G2,0.864684758251502,38.9994125003575
k2016,G2,0.87149177690384,43.3051377394436
k2016,G2,0.878352382140758,47.5953785555682
k2016,G2,0.8852669958095,51.7915599908615
k2016,G2,0.892236043078195,55.8188615410051
k2016,G2,0.899259952462007,59.6155752427121
k2016,G2,0.906339155849479,63.1356126726202
k2016,G2,0.913474088529092,66.3489205657891
k2016,G2,0.920665189216028,69.2401827437899
k2016,G2,0.927912900079146,71.8063861634599
k2016,G2,0.935217666768173,74.0538463805064
k2016,G2,0.9425799384411,75.9951785106834
k2016,G2,0.950000167791809,77.6465362790149
k2016,G2,0.957478811077901,79.0252812871859
k2016,G2,0.965016328148753,80.1481186837376
k2016,G2,0.972613182473793,81.0296528159647
k2016,G2,0.980269841171001,81.6812721182664
k2016,G2,0.987986775035626,82.1102559160766
k2016,G2,0.995764458569137,82.3219946207509
k2016,G2,1.0036033700084,82.3275911740197
k2016,G2,1.01150399135509,82.1351274935385
k2016,G2,1.01946680840531,81.7476098015322
k2016,G2,1.02749231077948,81.1635930748536
k2016,G2,1.03558099195243,80.3777590520509
k2016,G2,1.04373334928377,79.3814992437788
k2016,G2,1.05194988404843,78.1635642592292
k2016,G2,1.0602311014675,76.7108470720422
k2016,G2,1.06857751073933,75.0093690423184
k2016,G2,1.07698962507078,73.0455300128773
k2016,G2,1.08546796170881,70.8076624640964
k2016,G2,1.09401304197229,68.287888909082
k2016,G2,1.10262539128404,65.4842174861842
k2016,G2,1.11130553920314,62.4027242319954
k2016,G2,1.12005401945749,59.0593377838081
k2016,G2,1.12887136997664,55.4741717090559
k2016,G2,1.13775813292487,51.6705339144606
k2016,G2,1.14671485473448,47.6835305314812
k2016,G2,1.15574208613945,43.5608429751641
k2016,G2,1.16484038220928,39.3617733842324
k2016,G2,1.17401030238312,35.1548141328421
k2016,G2,1.18325241050414,31.0137788733523
k2016,G2,1.19256727485425,27.0128418696728
k2016,G2,1.20195546818903,23.2211208695502
k2016,G2,1.21141756777292,19.6976064154588
k2016,G2,1.22095415541473,16.4872155071533
k2016,G2,1.23056581750342,13.6185244309192
k2016,G2,1.24025314504417,11.1033830461705
k2016,G2,1.25001673369468,8.93824383625861
k2016,G2,1.25985718380184,7.10676043428697
k2016,G2,1.26977510043861,5.58308128898365
k2016,G2,1.27977109344124,4.33528362409239
k2016,G2,1.28984577744676,3.32859820653597
k2016,G2,1.2999997719308,2.52830440956797
k2016,G2,1.31023370124565,1.9009218895854
k2016,G2,1.32054819465864,1.41543249002546
k2016,G2,1.33094388639089,1.04425328750449
k2016,G2,1.34142141565623,0.763651644983638
k2016,G2,1.35198142670058,0.553756728440335
k2016,G2,1.36262456884151,0.39831003146046
k2016,G2,1.37335149650819,0.284270143651776
k2016,G2,1.3841628692816,0.20135654183883
k2016,G2,1.39505935193515,0.141589525382301
k2016,G2,1.40604161447548,0.0988611100354258
k2016,G2,1.41711033218372,0.0685551874868163
k2016,G2,1.42826618565695,0.0472239195018434
k2016,G2,1.43950986085013,0.0323201261354973
k2016,G2,1.4508420491182,0.0219812724882945
k2016,G2,1.46226344725862,0.0148586240981253
k2016,G2,1.47377475755423,0.00998449038527144
k2016,G2,1.48537668781643,0.00667066444488137
k2016,G2,1.49706995142866,0.00443181509177444
k2016,G2,1.50885526739033,0.00292844007941491
k2016,G2,1.52073336036096,0.00192488860251404
k2016,G2,1.53270496070482,0.00125881371637423
k2016,G2,1.54477080453575,0.000819173271134485
k2016,G2,1.55693163376249,0.000530542526766966
k2016,G2,1.56918819613427,0.000342031672908961
k2016,G2,1.58154124528679,0.000219525837827243
k2016,G2,1.59399154078856,0.000140297395535224
k2016,G2,1.60653984818762,8.92955135289347e-05
k2016,G2,1.61918693905858,5.66105181207809e-05
k2016,G2,1.63193359105008,3.57539032985159e-05
k2016,G2,1.64478058793265,2.24998697730193e-05
k2016,G2,1.6577287196468,1.41103609683714e-05
k2016,G2,1.6707787823517,8.82001207628114e-06
k2016,G2,1.68393157847407,5.49597222673508e-06
k2016,G2,1.69718791675753,3.41456613280782e-06
k2016,G2,1.71054861231235,2.11550244464686e-06
k2016,G2,1.72401448666555,1.30722363763936e-06
k2016,G2,1.73758636781142,8.05779035996704e-07
k2016,G2,1.75126509026243,4.95545001709072e-07
k2016,G2,1.76505149510054,3.04104364203512e-07
k2016,G2,1.77894643002895,1.86254157233959e-07
k2016,G2,1.79295074942415,1.13868714978085e-07
k2016,G2,1.80706531438854,6.95007256346991e-08
k2016,G2,1.8212909928033,4.23576722520328e-08
k2016,G2,1.83562865938183,2.57812524907282e-08
k2016,G2,1.85007919572348,1.56738783290536e-08
k2016,G2,1.86464349036776,9.51964635461535e-09
k2016,G2,1.87932243884901,5.77708019709986e-09
k2016,G2,1.89411694375143,3.50356813482659e-09
k2016,G2,1.90902791476461,2.12372696604183e-09
k2016,G2,1.92405626873943,1.28689789445135e-09
k2016,G2,1.93920292974447,7.79683146294276e-10
k2016,AUClast_only,0.407315350700749,2.22044604925031e-14
k2016,AUClast_only,0.410521840884767,2.22044604925031e-14
k2016,AUClast_only,0.413753573376208,2.22044604925031e-14
k2016,AUClast_only,0.417010746888944,2.22044604925031e-14
k2016,AUClast_only,0.420293561701175,2.22044604925031e-14
k2016,AUClast_only,0.423602219667742,2.22044604925031e-14
k2016,AUClast_only,0.426936924232538,2.22044604925031e-14
k2016,AUClast_only,0.430297880441017,2.22044604925031e-14
k2016,AUClast_only,0.433685294952806,2.22044604925031e-14
k2016,AUClast_only,0.437099376054406,2.22044604925031e-14
k2016,AUClast_only,0.440540333672006,2.22044604925031e-14
k2016,AUClast_only,0.444008379384384,2.22044604925031e-14
k2016,AUClast_only,0.447503726435922,2.22044604925031e-14
k2016,AUClast_only,0.451026589749715,2.22044604925031e-14
k2016,AUClast_only,0.454577185940788,2.22044604925031e-14
k2016,AUClast_only,0.458155733329415,2.22044604925031e-14
k2016,AUClast_only,0.461762451954542,2.22044604925031e-14
k2016,AUClast_only,0.465397563587318,2.22044604925031e-14
k2016,AUClast_only,0.469061291744731,2.22044604925031e-14
k2016,AUClast_only,0.472753861703351,2.22044604925031e-14
k2016,AUClast_only,0.476475500513184,2.22044604925031e-14
k2016,AUClast_only,0.48022643701163,2.22044604925031e-14
k2016,AUClast_only,0.484006901837556,2.22044604925031e-14
k2016,AUClast_only,0.487817127445477,2.22044604925031e-14
k2016,AUClast_only,0.491657348119849,2.22044604925031e-14
k2016,AUClast_only,0.495527799989474,2.22044604925031e-14
k2016,AUClast_only,0.499428721042022,2.22044604925031e-14
k2016,AUClast_only,0.503360351138661,2.22044604925031e-14
k2016,AUClast_only,0.507322932028807,2.22044604925031e-14
k2016,AUClast_only,0.511316707364991,2.22044604925031e-14
k2016,AUClast_only,0.515341922717837,2.22044604925031e-14
k2016,AUClast_only,0.519398825591164,2.22044604925031e-14
k2016,AUClast_only,0.523487665437203,2.22044604925031e-14
k2016,AUClast_only,0.527608693671939,2.22044604925031e-14
k2016,AUClast_only,0.531762163690565,2.22044604925031e-14
k2016,AUClast_only,0.535948330883068,2.22044604925031e-14
k2016,AUClast_only,0.540167452649928,2.22044604925031e-14
k2016,AUClast_only,0.544419788417947,2.22044604925031e-14
k2016,AUClast_only,0.548705599656203,2.22044604925031e-14
k2016,AUClast_only,0.553025149892124,2.22044604925031e-14
k2016,AUClast_only,0.557378704727692,2.22044604925031e-14
k2016,AUClast_only,0.561766531855777,2.22044604925031e-14
k2016,AUClast_only,0.566188901076595,2.22044604925031e-14
k2016,AUClast_only,0.570646084314297,2.22044604925031e-14
k2016,AUClast_only,0.575138355633693,2.22044604925031e-14
k2016,AUClast_only,0.579665991257096,2.22044604925031e-14
k2016,AUClast_only,0.584229269581317,2.22044604925031e-14
k2016,AUClast_only,0.588828471194774,2.22044604925031e-14
k2016,AUClast_only,0.59346387889475,2.22044604925031e-14
k2016,AUClast_only,0.598135777704779,2.22044604925031e-14
k2016,AUClast_only,0.602844454892175,2.22044604925031e-14
k2016,AUClast_only,0.60759019998569,2.22044604925031e-14
k2016,AUClast_only,0.612373304793325,2.22044604925031e-14
k2016,AUClast_only,0.617194063420262,2.22044604925031e-14
k2016,AUClast_only,0.622052772286959,2.22044604925031e-14
k2016,AUClast_only,0.626949730147369,2.22044604925031e-14
k2016,AUClast_only,0.631885238107312,2.22044604925031e-14
k2016,AUClast_only,0.63685959964299,2.22044604925031e-14
k2016,AUClast_only,0.641873120619648,2.22044604925031e-14
k2016,AUClast_only,0.64692610931038,2.22044604925031e-14
k2016,AUClast_only,0.652018876415082,2.22044604925031e-14
k2016,AUClast_only,0.657151735079561,2.22044604925031e-14
k2016,AUClast_only,0.662325000914787,2.22044604925031e-14
k2016,AUClast_only,0.667538992016299,2.22044604925031e-14
k2016,AUClast_only,0.672794028983768,2.22044604925031e-14
k2016,AUClast_only,0.678090434940703,2.22044604925031e-14
k2016,AUClast_only,0.683428535554327,2.22044604925031e-14
k2016,AUClast_only,0.688808659055597,2.22044604925031e-14
k2016,AUClast_only,0.694231136259387,2.22044604925031e-14
k2016,AUClast_only,0.699696300584832,2.22044604925031e-14
k2016,AUClast_only,0.705204488075824,2.22044604925031e-14
k2016,AUClast_only,0.710756037421683,8.18124947665468e-11
k2016,AUClast_only,0.716351289977973,1.32585675205612e-09
k2016,AUClast_only,0.721990589787497,1.8091828073652e-08
k2016,AUClast_only,0.727674283601454,2.07367074522134e-07
k2016,AUClast_only,0.733402720900751,1.99173368415325e-06
k2016,AUClast_only,0.739176253917503,1.59926131240419e-05
k2016,AUClast_only,0.744995237656683,0.000107094367907216
k2016,AUClast_only,0.750860029917954,0.000597457152323903
k2016,AUClast_only,0.756770991317669,0.00279747459590367
k2016,AUClast_only,0.762728485311046,0.0111128623109689
k2016,AUClast_only,0.768732878214514,0.0378561649299306
k2016,AUClast_only,0.774784539228238,0.111757643790739
k2016,AUClast_only,0.780883840458821,0.288873204892398
k2016,AUClast_only,0.787031156942185,0.660283251848347
k2016,AUClast_only,0.793226866666629,1.34743074268208
k2016,AUClast_only,0.799471350596071,2.47822812801222
k2016,AUClast_only,0.805764992693478,4.14798843609778
k2016,AUClast_only,0.812108179944468,6.38329924829241
k2016,AUClast_only,0.818501302381108,9.13114916271809
k2016,AUClast_only,0.824944753105899,12.2823849976703
k2016,AUClast_only,0.831438928315944,15.7176916754026
k2016,AUClast_only,0.83798422732731,19.3538509662823
k2016,AUClast_only,0.844581052599583,23.174055570555
k2016,AUClast_only,0.851229809760611,27.2387707853578
k2016,AUClast_only,0.857930907631451,31.6815184514135
k2016,AUClast_only,0.864684758251502,36.6934047114559
k2016,AUClast_only,0.87149177690384,42.493484352983
k2016,AUClast_only,0.878352382140758,49.2198287876308
k2016,AUClast_only,0.8852669958095,56.6237997369737
k2016,AUClast_only,0.892236043078195,64.2242926540804
k2016,AUClast_only,0.899259952462007,71.4847985685514
k2016,AUClast_only,0.906339155849479,77.9507505648072
k2016,AUClast_only,0.913474088529092,83.3528109020215
k2016,AUClast_only,0.920665189216028,87.6278335437773
k2016,AUClast_only,0.927912900079146,90.8686285871391
k2016,AUClast_only,0.935217666768173,93.2482567217217
k2016,AUClast_only,0.9425799384411,94.9569926562951
k2016,AUClast_only,0.950000167791809,96.1655474799934
k2016,AUClast_only,0.957478811077901,97.0107772498429
k2016,AUClast_only,0.965016328148753,97.5947950192151
k2016,AUClast_only,0.972613182473793,97.9898618517862
k2016,AUClast_only,0.980269841171001,98.2444875020518
k2016,AUClast_only,0.987986775035626,98.3885297212398
k2016,AUClast_only,0.995764458569137,98.4389892655704
k2016,AUClast_only,1.0036033700084,98.4084810840124
k2016,AUClast_only,1.01150399135509,98.2994957346885
k2016,AUClast_only,1.01946680840531,98.1041900968445
k2016,AUClast_only,1.02749231077948,97.8046282221767
k2016,AUClast_only,1.03558099195243,97.3714903226298
k2016,AUClast_only,1.04373334928377,96.7616427999177
k2016,AUClast_only,1.05194988404843,95.9149872468645
k2016,AUClast_only,1.0602311014675,94.7513632676751
k2016,AUClast_only,1.06857751073933,93.1690294520613
k2016,AUClast_only,1.07698962507078,91.047368108715
k2016,AUClast_only,1.08546796170881,88.2575816116252
k2016,AUClast_only,1.09401304197229,84.6851813107607
k2016,AUClast_only,1.10262539128404,80.2651403902347
k2016,AUClast_only,1.11130553920314,75.0232334202929
k2016,AUClast_only,1.12005401945749,69.1053987059708
k2016,AUClast_only,1.12887136997664,62.7145517521819
k2016,AUClast_only,1.13775813292487,56.0420249251414
k2016,AUClast_only,1.14671485473448,49.2925295134155
k2016,AUClast_only,1.15574208613945,42.6658050010195
k2016,AUClast_only,1.16484038220928,36.3382564327521
k2016,AUClast_only,1.17401030238312,30.4507415671687
k2016,AUClast_only,1.18325241050414,25.1031159388574
k2016,AUClast_only,1.19256727485425,20.3545042438254
k2016,AUClast_only,1.20195546818903,16.2274914636984
k2016,AUClast_only,1.21141756777292,12.7144130028593
k2016,AUClast_only,1.22095415541473,9.78433282664826
k2016,AUClast_only,1.23056581750342,7.38981019075343
k2016,AUClast_only,1.24025314504417,5.47297846879104
k2016,AUClast_only,1.25001673369468,3.9707344666272
k2016,AUClast_only,1.25985718380184,2.81898379981649
k2016,AUClast_only,1.26977510043861,1.95595526961699
k2016,AUClast_only,1.27977109344124,1.32462788744272
k2016,AUClast_only,1.28984577744676,0.874513944682737
k2016,AUClast_only,1.2999997719308,0.562951634568756
k2016,AUClast_only,1.31023370124565,0.353645865154578
k2016,AUClast_only,1.32054819465864,0.216965264813103
k2016,AUClast_only,1.33094388639089,0.13008753450454
k2016,AUClast_only,1.34142141565623,0.0762741686514843
k2016,AUClast_only,1.35198142670058,0.0437588730309619
k2016,AUClast_only,1.36262456884151,0.0245773734521295
k2016,AUClast_only,1.37335149650819,0.0135209535408068
k2016,AUClast_only,1.3841628692816,0.00728945718274555
k2016,AUClast_only,1.39505935193515,0.00385307137753709
k2016,AUClast_only,1.40604161447548,0.00199777856430218
k2016,AUClast_only,1.41711033218372,0.00101652556155235
k2016,AUClast_only,1.42826618565695,0.000507832887393248
k2016,AUClast_only,1.43950986085013,0.000249204012450002
k2016,AUClast_only,1.4508420491182,0.000120176793216
k2016,AUClast_only,1.46226344725862,5.69792857040793e-05
k2016,AUClast_only,1.47377475755423,2.65731783281809e-05
k2016,AUClast_only,1.48537668781643,1.2195492622803e-05
k2016,AUClast_only,1.49706995142866,5.51040771944085e-06
k2016,AUClast_only,1.50885526739033,2.45242557948745e-06
k2016,AUClast_only,1.52073336036096,1.07556045514833e-06
k2016,AUClast_only,1.53270496070482,4.65050230843066e-07
k2016,AUClast_only,1.54477080453575,1.98330776777959e-07
k2016,AUClast_only,1.55693163376249,8.34650643056981e-08
k2016,AUClast_only,1.56918819613427,3.46771089328239e-08
k2016,AUClast_only,1.58154124528679,1.42299614584129e-08
k2016,AUClast_only,1.59399154078856,5.77014086013498e-09
k2016,AUClast_only,1.60653984818762,2.31307714070955e-09
k2016,AUClast_only,1.61918693905858,9.17094286214928e-10
k2016,AUClast_only,1.63193359105008,3.59796710044365e-10
k2016,AUClast_only,1.64478058793265,1.39739400864756e-10
k2016,AUClast_only,1.6577287196468,5.37524438610467e-11
k2016,AUClast_only,1.6707787823517,2.0487754417616e-11
k2016,AUClast_only,1.68393157847407,2.22044604925031e-14
k2016,AUClast_only,1.69718791675753,2.22044604925031e-14
k2016,AUClast_only,1.71054861231235,2.22044604925031e-14
k2016,AUClast_only,1.72401448666555,2.22044604925031e-14
k2016,AUClast_only,1.73758636781142,2.22044604925031e-14
k2016,AUClast_only,1.75126509026243,2.22044604925031e-14
k2016,AUClast_only,1.76505149510054,2.22044604925031e-14
k2016,AUClast_only,1.77894643002895,2.22044604925031e-14
k2016,AUClast_only,1.79295074942415,2.22044604925031e-14
k2016,AUClast_only,1.80706531438854,2.22044604925031e-14
k2016,AUClast_only,1.8212909928033,2.22044604925031e-14
k2016,AUClast_only,1.83562865938183,2.22044604925031e-14
k2016,AUClast_only,1.85007919572348,2.22044604925031e-14
k2016,AUClast_only,1.86464349036776,2.22044604925031e-14
k2016,AUClast_only,1.87932243884901,2.22044604925031e-14
k2016,AUClast_only,1.89411694375143,2.22044604925031e-14
k2016,AUClast_only,1.90902791476461,2.22044604925031e-14
k2016,AUClast_only,1.92405626873943,2.22044604925031e-14
k2016,AUClast_only,1.93920292974447,2.22044604925031e-14
k2016,AUCinf_only,0.407315350700749,2.22044604925031e-14
k2016,AUCinf_only,0.410521840884767,2.22044604925031e-14
k2016,AUCinf_only,0.413753573376208,2.22044604925031e-14
k2016,AUCinf_only,0.417010746888944,2.22044604925031e-14
k2016,AUCinf_only,0.420293561701175,2.22044604925031e-14
k2016,AUCinf_only,0.423602219667742,2.22044604925031e-14
k2016,AUCinf_only,0.426936924232538,2.22044604925031e-14
k2016,AUCinf_only,0.430297880441017,2.22044604925031e-14
k2016,AUCinf_only,0.433685294952806,2.22044604925031e-14
k2016,AUCinf_only,0.437099376054406,2.22044604925031e-14
k2016,AUCinf_only,0.440540333672006,2.22044604925031e-14
k2016,AUCinf_only,0.444008379384384,2.22044604925031e-14
k2016,AUCinf_only,0.447503726435922,2.22044604925031e-14
k2016,AUCinf_only,0.451026589749715,2.22044604925031e-14
k2016,AUCinf_only,0.454577185940788,2.22044604925031e-14
k2016,AUCinf_only,0.458155733329415,2.22044604925031e-14
k2016,AUCinf_only,0.461762451954542,2.22044604925031e-14
k2016,AUCinf_only,0.465397563587318,2.22044604925031e-14
k2016,AUCinf_only,0.469061291744731,2.22044604925031e-14
k2016,AUCinf_only,0.472753861703351,2.22044604925031e-14
k2016,AUCinf_only,0.476475500513184,2.22044604925031e-14
k2016,AUCinf_only,0.48022643701163,2.22044604925031e-14
k2016,AUCinf_only,0.484006901837556,2.22044604925031e-14
k2016,AUCinf_only,0.487817127445477,2.22044604925031e-14
k2016,AUCinf_only,0.491657348119849,2.22044604925031e-14
k2016,AUCinf_only,0.495527799989474,2.22044604925031e-14
k2016,AUCinf_only,0.499428721042022,2.22044604925031e-14
k2016,AUCinf_only,0.503360351138661,2.22044604925031e-14
k2016,AUCinf_only,0.507322932028807,2.22044604925031e-14
k2016,AUCinf_only,0.511316707364991,2.22044604925031e-14
k2016,AUCinf_only,0.515341922717837,2.22044604925031e-14
k2016,AUCinf_only,0.519398825591164,2.22044604925031e-14
k2016,AUCinf_only,0.523487665437203,2.22044604925031e-14
k2016,AUCinf_only,0.527608693671939,2.22044604925031e-14
k2016,AUCinf_only,0.531762163690565,2.22044604925031e-14
k2016,AUCinf_only,0.535948330883068,2.22044604925031e-14
k2016,AUCinf_only,0.540167452649928,2.22044604925031e-14
k2016,AUCinf_only,0.544419788417947,2.22044604925031e-14
k2016,AUCinf_only,0.548705599656203,2.22044604925031e-14
k2016,AUCinf_only,0.553025149892124,2.22044604925031e-14
k2016,AUCinf_only,0.557378704727692,2.22044604925031e-14
k2016,AUCinf_only,0.561766531855777,2.22044604925031e-14
k2016,AUCinf_only,0.566188901076595,2.22044604925031e-14
k2016,AUCinf_only,0.570646084314297,2.22044604925031e-14
k2016,AUCinf_only,0.575138355633693,2.22044604925031e-14
k2016,AUCinf_only,0.579665991257096,1.94303819399317e-11
k2016,AUCinf_only,0.584229269581317,5.85433584400784e-11
k2016,AUCinf_only,0.588828471194774,1.73362649406973e-10
k2016,AUCinf_only,0.59346387889475,5.04372735249329e-10
k2016,AUCinf_only,0.598135777704779,1.44112744547381e-09
k2016,AUCinf_only,0.602844454892175,4.04244810754644e-09
k2016,AUCinf_only,0.60759019998569,1.11279291542596e-08
k2016,AUCinf_only,0.612373304793325,3.00502881741288e-08
k2016,AUCinf_only,0.617194063420262,7.95763247709195e-08
k2016,AUCinf_only,0.622052772286959,2.06564942936492e-07
k2016,AUCinf_only,0.626949730147369,5.25416149296711e-07
k2016,AUCinf_only,0.631885238107312,1.30906385758944e-06
k2016,AUCinf_only,0.63685959964299,3.19348894392893e-06
k2016,AUCinf_only,0.641873120619648,7.62524357706348e-06
k2016,AUCinf_only,0.64692610931038,1.78140344459107e-05
k2016,AUCinf_only,0.652018876415082,4.07031146593289e-05
k2016,AUCinf_only,0.657151735079561,9.09256220689373e-05
k2016,AUCinf_only,0.662325000914787,0.00019850645195483
k2016,AUCinf_only,0.667538992016299,0.000423378673373492
k2016,AUCinf_only,0.672794028983768,0.00088183104651945
k2016,AUCinf_only,0.678090434940703,0.00179299654801794
k2016,AUCinf_only,0.683428535554327,0.00355750893847737
k2016,AUCinf_only,0.688808659055597,0.00688523072106232
k2016,AUCinf_only,0.694231136259387,0.0129935617710214
k2016,AUCinf_only,0.699696300584832,0.0239002774157933
k2016,AUCinf_only,0.705204488075824,0.0428316899276567
k2016,AUCinf_only,0.710756037421683,0.0747532322515757
k2016,AUCinf_only,0.716351289977973,0.126999452753321
k2016,AUCinf_only,0.721990589787497,0.209928871002442
k2016,AUCinf_only,0.727674283601454,0.337455517029318
k2016,AUCinf_only,0.733402720900751,0.527222244533346
k2016,AUCinf_only,0.739176253917503,0.800105689439755
k2016,AUCinf_only,0.744995237656683,1.17872254362149
k2016,AUCinf_only,0.750860029917954,1.68512857634059
k2016,AUCinf_only,0.756770991317669,2.34091089089643
k2016,AUCinf_only,0.762728485311046,3.1661451639025
k2016,AUCinf_only,0.768732878214514,4.17774968138398
k2016,AUCinf_only,0.774784539228238,5.38889501947813
k2016,AUCinf_only,0.780883840458821,6.80910187513503
k2016,AUCinf_only,0.787031156942185,8.4450479793407
k2016,AUCinf_only,0.793226866666629,10.3019727339017
k2016,AUCinf_only,0.799471350596071,12.3854625132576
k2016,AUCinf_only,0.805764992693478,14.7033405237714
k2016,AUCinf_only,0.812108179944468,17.2673700652303
k2016,AUCinf_only,0.818501302381108,20.0944889927664
k2016,AUCinf_only,0.824944753105899,23.2072986743637
k2016,AUCinf_only,0.831438928315944,26.6335098978572
k2016,AUCinf_only,0.83798422732731,30.4039944669474
k2016,AUCinf_only,0.844581052599583,34.5490268226489
k2016,AUCinf_only,0.851229809760611,39.0922907175348
k2016,AUCinf_only,0.857930907631451,44.0423953390441
k2016,AUCinf_only,0.864684758251502,49.3821701227807
k2016,AUCinf_only,0.87149177690384,55.0570527432737
k2016,AUCinf_only,0.878352382140758,60.9477213212193
k2016,AUCinf_only,0.8852669958095,66.805744459267
k2016,AUCinf_only,0.892236043078195,72.3598334716818
k2016,AUCinf_only,0.899259952462007,77.391242432479
k2016,AUCinf_only,0.906339155849479,81.7632765129784
k2016,AUCinf_only,0.913474088529092,85.4265903975391
k2016,AUCinf_only,0.920665189216028,88.4039678900162
k2016,AUCinf_only,0.927912900079146,90.7651398668638
k2016,AUCinf_only,0.935217666768173,92.6018585882215
k2016,AUCinf_only,0.9425799384411,94.0090405467385
k2016,AUCinf_only,0.950000167791809,95.0733080498742
k2016,AUCinf_only,0.957478811077901,95.8676309008037
k2016,AUCinf_only,0.965016328148753,96.4499557074065
k2016,AUCinf_only,0.972613182473793,96.8639224200105
k2016,AUCinf_only,0.980269841171001,97.1403054145075
k2016,AUCinf_only,0.987986775035626,97.298298490443
k2016,AUCinf_only,0.995764458569137,97.3489828261262
k2016,AUCinf_only,1.0036033700084,97.3032155429488
k2016,AUCinf_only,1.01150399135509,97.1642880252871
k2016,AUCinf_only,1.01946680840531,96.9271227811576
k2016,AUCinf_only,1.02749231077948,96.5790641885528
k2016,AUCinf_only,1.03558099195243,96.0999143497073
k2016,AUCinf_only,1.04373334928377,95.4615698502689
k2016,AUCinf_only,1.05194988404843,94.6276140687698
k2016,AUCinf_only,1.0602311014675,93.5533132557689
k2016,AUCinf_only,1.06857751073933,92.1866227261925
k2016,AUCinf_only,1.07698962507078,90.470971700654
k2016,AUCinf_only,1.08546796170881,88.3506398801289
k2016,AUCinf_only,1.09401304197229,85.779271770708
k2016,AUCinf_only,1.10262539128404,82.731284930335
k2016,AUCinf_only,1.11130553920314,79.214558373896
k2016,AUCinf_only,1.12005401945749,75.2800948546713
k2016,AUCinf_only,1.12887136997664,70.9898430443689
k2016,AUCinf_only,1.13775813292487,66.3900139217849
k2016,AUCinf_only,1.14671485473448,61.5371745529526
k2016,AUCinf_only,1.15574208613945,56.4983537606889
k2016,AUCinf_only,1.16484038220928,51.3486289433404
k2016,AUCinf_only,1.17401030238312,46.1682840882819
k2016,AUCinf_only,1.18325241050414,41.0396429331356
k2016,AUCinf_only,1.19256727485425,36.0436866811089
k2016,AUCinf_only,1.20195546818903,31.2565936805078
k2016,AUCinf_only,1.21141756777292,26.7463860655474
k2016,AUCinf_only,1.22095415541473,22.5699191213197
k2016,AUCinf_only,1.23056581750342,18.7704784908796
k2016,AUCinf_only,1.24025314504417,15.3762352148454
k2016,AUCinf_only,1.25001673369468,12.39973788767
k2016,AUCinf_only,1.25985718380184,9.83850228891296
k2016,AUCinf_only,1.26977510043861,7.67661654763725
k2016,AUCinf_only,1.27977109344124,5.88714809615374
k2016,AUCinf_only,1.28984577744676,4.43555888539859
k2016,AUCinf_only,1.2999997719308,3.28459501134436
k2016,AUCinf_only,1.31023370124565,2.39252933682397
k2016,AUCinf_only,1.32054819465864,1.71560498682583
k2016,AUCinf_only,1.33094388639089,1.21194456813155
k2016,AUCinf_only,1.34142141565623,0.844007941282501
k2016,AUCinf_only,1.35198142670058,0.57979135993412
k2016,AUCinf_only,1.36262456884151,0.393090795521717
k2016,AUCinf_only,1.37335149650819,0.263159341364973
k2016,AUCinf_only,1.3841628692816,0.174034959482191
k2016,AUCinf_only,1.39505935193515,0.113740501118984
k2016,AUCinf_only,1.40604161447548,0.0734868668639007
k2016,AUCinf_only,1.41711033218372,0.046953118254531
k2016,AUCinf_only,1.42826618565695,0.0296766782099463
k2016,AUCinf_only,1.43950986085013,0.0185606139658095
k2016,AUCinf_only,1.4508420491182,0.0114900356703302
k2016,AUCinf_only,1.46226344725862,0.00704247276820177
k2016,AUCinf_only,1.47377475755423,0.00427488488063067
k2016,AUCinf_only,1.48537668781643,0.00257062300088959
k2016,AUCinf_only,1.49706995142866,0.0015317411881488
k2016,AUCinf_only,1.50885526739033,0.000904655275733877
k2016,AUCinf_only,1.52073336036096,0.000529723038880644
k2016,AUCinf_only,1.53270496070482,0.000307609424475529
k2016,AUCinf_only,1.54477080453575,0.000177195342354018
k2016,AUCinf_only,1.55693163376249,0.00010127998040048
k2016,AUCinf_only,1.56918819613427,5.74553195545353e-05
k2016,AUCinf_only,1.58154124528679,3.23585355109999e-05
k2016,AUCinf_only,1.59399154078856,1.80973953504598e-05
k2016,AUCinf_only,1.60653984818762,1.00537597483427e-05
k2016,AUCinf_only,1.61918693905858,5.54935804677552e-06
k2016,AUCinf_only,1.63193359105008,3.04421556618856e-06
k2016,AUCinf_only,1.64478058793265,1.66013369492025e-06
k2016,AUCinf_only,1.6577287196468,9.0024833142849e-07
k2016,AUCinf_only,1.6707787823517,4.85567684963745e-07
k2016,AUCinf_only,1.68393157847407,2.60568557623486e-07
k2016,AUCinf_only,1.69718791675753,1.39153974100183e-07
k2016,AUCinf_only,1.71054861231235,7.39753760700499e-08
k2016,AUCinf_only,1.72401448666555,3.91573508931865e-08
k2016,AUCinf_only,1.73758636781142,2.06438439688785e-08
k2016,AUCinf_only,1.75126509026243,1.08426532018326e-08
k2016,AUCinf_only,1.76505149510054,5.6749872653319e-09
k2016,AUCinf_only,1.77894643002895,2.96070495484022e-09
k2016,AUCinf_only,1.79295074942415,1.54007856106826e-09
k2016,AUCinf_only,1.80706531438854,7.98959409544477e-10
k2016,AUCinf_only,1.8212909928033,4.13482604255861e-10
k2016,AUCinf_only,1.83562865938183,2.13529088779242e-10
k2016,AUCinf_only,1.85007919572348,1.10062840707323e-10
k2016,AUCinf_only,1.86464349036776,5.66402088723759e-11
k2016,AUCinf_only,1.87932243884901,2.91089153223297e-11
k2016,AUCinf_only,1.89411694375143,1.49437928110323e-11
k2016,AUCinf_only,1.90902791476461,2.22044604925031e-14
k2016,AUCinf_only,1.92405626873943,2.22044604925031e-14
k2016,AUCinf_only,1.93920292974447,2.22044604925031e-14
k2020,P2,0.41166181844509,2.22044604925031e-14
k2020,P2,0.414862098959848,2.22044604925031e-14
k2020,P2,0.418087258622766,2.22044604925031e-14
k2020,P2,0.421337490845644,2.22044604925031e-14
k2020,P2,0.424612990543876,2.22044604925031e-14
k2020,P2,0.427913954148135,2.22044604925031e-14
k2020,P2,0.431240579616161,2.22044604925031e-14
k2020,P2,0.434593066444625,2.22044604925031e-14
k2020,P2,0.437971615681095,2.22044604925031e-14
k2020,P2,0.441376429936095,2.22044604925031e-14
k2020,P2,0.444807713395254,2.22044604925031e-14
k2020,P2,0.448265671831549,2.22044604925031e-14
k2020,P2,0.451750512617648,2.22044604925031e-14
k2020,P2,0.455262444738346,2.22044604925031e-14
k2020,P2,0.458801678803094,2.22044604925031e-14
k2020,P2,0.462368427058635,2.22044604925031e-14
k2020,P2,0.465962903401727,2.22044604925031e-14
k2020,P2,0.469585323391973,2.22044604925031e-14
k2020,P2,0.473235904264748,2.22044604925031e-14
k2020,P2,0.476914864944227,2.22044604925031e-14
k2020,P2,0.480622426056511,2.22044604925031e-14
k2020,P2,0.484358809942863,2.22044604925031e-14
k2020,P2,0.488124240673034,2.22044604925031e-14
k2020,P2,0.491918944058709,2.22044604925031e-14
k2020,P2,0.495743147667044,2.22044604925031e-14
k2020,P2,0.499597080834313,2.22044604925031e-14
k2020,P2,0.503480974679661,2.22044604925031e-14
k2020,P2,0.507395062118969,2.22044604925031e-14
k2020,P2,0.511339577878815,2.22044604925031e-14
k2020,P2,0.515314758510556,2.22044604925031e-14
k2020,P2,0.519320842404509,2.22044604925031e-14
k2020,P2,0.523358069804253,2.22044604925031e-14
k2020,P2,0.52742668282103,2.22044604925031e-14
k2020,P2,0.531526925448269,2.22044604925031e-14
k2020,P2,0.535659043576218,2.22044604925031e-14
k2020,P2,0.539823285006686,2.22044604925031e-14
k2020,P2,0.544019899467907,2.22044604925031e-14
k2020,P2,0.548249138629518,2.22044604925031e-14
k2020,P2,0.552511256117644,2.22044604925031e-14
k2020,P2,0.556806507530117,2.22044604925031e-14
k2020,P2,0.561135150451799,2.22044604925031e-14
k2020,P2,0.565497444470029,2.22044604925031e-14
k2020,P2,0.569893651190192,2.22044604925031e-14
k2020,P2,0.574324034251407,2.22044604925031e-14
k2020,P2,0.578788859342338,2.22044604925031e-14
k2020,P2,0.583288394217125,2.22044604925031e-14
k2020,P2,0.587822908711445,2.22044604925031e-14
k2020,P2,0.59239267475869,2.22044604925031e-14
k2020,P2,0.596997966406277,2.22044604925031e-14
k2020,P2,0.601639059832081,2.22044604925031e-14
k2020,P2,0.606316233360999,2.22044604925031e-14
k2020,P2,0.611029767481642,2.22044604925031e-14
k2020,P2,0.61577994486315,2.22044604925031e-14
k2020,P2,0.620567050372152,2.22044604925031e-14
k2020,P2,0.625391371089842,2.22044604925031e-14
k2020,P2,0.6302531963292,2.22044604925031e-14
k2020,P2,0.63515281765234,2.22044604925031e-14
k2020,P2,0.640090528887995,2.22044604925031e-14
k2020,P2,0.645066626149137,2.22044604925031e-14
k2020,P2,0.650081407850736,2.22044604925031e-14
k2020,P2,0.655135174727658,2.22044604925031e-14
k2020,P2,0.660228229852693,2.22044604925031e-14
k2020,P2,0.66536087865474,2.22044604925031e-14
k2020,P2,0.670533428937115,2.22044604925031e-14
k2020,P2,0.675746190896012,2.46951476499976e-11
k2020,P2,0.68099947713911,1.64693121595395e-10
k2020,P2,0.686293602704314,1.02750050258422e-09
k2020,P2,0.691628885078651,5.99081455259613e-09
k2020,P2,0.697005644217308,3.26092991057688e-08
k2020,P2,0.702424202562822,1.65540137311837e-07
k2020,P2,0.707884885064412,7.82935379652881e-07
k2020,P2,0.713388019197473,3.44638494025297e-06
k2020,P2,0.718933934983209,1.41049446048149e-05
k2020,P2,0.724522965008426,5.36170770738861e-05
k2020,P2,0.730155444445477,0.000189109456279206
k2020,P2,0.735831711072363,0.000618237527800611
k2020,P2,0.741552105292989,0.00187146490848643
k2020,P2,0.747316970157578,0.00524011857450044
k2020,P2,0.753126651383242,0.0135676084934395
k2020,P2,0.758981497374717,0.0325802678689568
k2020,P2,0.764881859245256,0.0728367085110439
k2020,P2,0.770828090837683,0.152164630409124
k2020,P2,0.776820548745617,0.298143547662881
k2020,P2,0.782859592334853,0.549812691255916
k2020,P2,0.788945583764915,0.957543464346141
k2020,P2,0.795078888010773,1.58011935903712
k2020,P2,0.801259872884734,2.47867577629349
k2020,P2,0.807488909058494,3.70822912968192
k2020,P2,0.813766370085372,5.308720787225
k2020,P2,0.820092632422711,7.29821799143955
k2020,P2,0.82646807545445,9.67061434246396
k2020,P2,0.832893081513881,12.3988038820762
k2020,P2,0.839368035906575,15.4424575912454
k2020,P2,0.845893326933488,18.7581084664723
k2020,P2,0.852469345914247,22.3088520308794
k2020,P2,0.859096487210621,26.0715453223047
k2020,P2,0.865775148250165,30.040403991111
k2020,P2,0.872505729550058,34.226770302685
k2020,P2,0.879288634741121,38.6365048725245
k2020,P2,0.886124270592021,43.1959896078701
k2020,P2,0.893013047033667,47.7995288333939
k2020,P2,0.899955377183791,52.3379743151354
k2020,P2,0.906951677371725,56.7088926435365
k2020,P2,0.914002367163367,60.8251446470518
k2020,P2,0.921107869386342,64.6203947690049
k2020,P2,0.928268610155359,68.0510118139887
k2020,P2,0.935485018897764,71.0947447780356
k2020,P2,0.942757528379295,73.7471437160109
k2020,P2,0.950086574730033,76.0168529132749
k2020,P2,0.957472597470559,77.920729369874
k2020,P2,0.964916039538306,79.4794079858817
k2020,P2,0.97241734731413,80.7135964417611
k2020,P2,0.979976970649071,81.6411210449545
k2020,P2,0.987595362891338,82.2745811604812
k2020,P2,0.995272980913491,82.6239077959183
k2020,P2,1.00301028513984,82.707334759985
k2020,P2,1.01080773957406,82.5375867637444
k2020,P2,1.01866581182702,82.1186931936077
k2020,P2,1.02658497314481,81.446995321553
k2020,P2,1.03456569843701,80.5120430220774
k2020,P2,1.04260846630518,79.2975057343451
k2020,P2,1.05071375907156,77.7822602704534
k2020,P2,1.05888206280798,75.9418498039917
k2020,P2,1.06711386736501,73.7505267754953
k2020,P2,1.07540966640135,71.1840797801705
k2020,P2,1.08376995741344,68.2235729596034
k2020,P2,1.09219524176527,64.8599635664154
k2020,P2,1.10068602471846,61.099287175182
k2020,P2,1.10924281546256,56.9677258171211
k2020,P2,1.1178661271456,52.515388734511
k2020,P2,1.12655647690484,47.8108099460284
k2020,P2,1.13531438589779,42.9348766602645
k2020,P2,1.14414037933346,37.9877504366322
k2020,P2,1.15303498650388,33.0833904946865
k2020,P2,1.1619987408158,28.3398616888798
k2020,P2,1.17103217982273,23.8679979431273
k2020,P2,1.18013584525713,19.7606089521276
k2020,P2,1.18931028306293,16.0844138693067
k2020,P2,1.19855604342823,12.8761536378853
k2020,P2,1.20787368081835,10.1431750956408
k2020,P2,1.21726375400904,7.86767676527423
k2020,P2,1.22672682612,6.01314623925429
k2020,P2,1.23626346464866,4.53142148922921
k2020,P2,1.2458742415042,3.36913976255834
k2020,P2,1.25555973304185,2.47285329825791
k2020,P2,1.26532052009747,1.7925774204558
k2020,P2,1.27515718802233,1.28387940031026
k2020,P2,1.2850703267183,0.908815963609198
k2020,P2,1.29506053067315,0.636092336227554
k2020,P2,1.30512839899623,0.440409131849311
k2020,P2,1.31527453545441,0.301758301847929
k2020,P2,1.32549954850825,0.204683517450283
k2020,P2,1.33580405134856,0.137487848117103
k2020,P2,1.34618866193307,0.0914802333910925
k2020,P2,1.35665400302359,0.0603094143863121
k2020,P2,1.3672007022233,0.0394042841149247
k2020,P2,1.37782939201439,0.0255212556228998
k2020,P2,1.38854070979601,0.0163891503914224
k2020,P2,1.39933529792247,0.0104375637548088
k2020,P2,1.41021380374181,0.00659356764775332
k2020,P2,1.42117687963455,0.00413246541770066
k2020,P2,1.43222518305287,0.00257011876882124
k2020,P2,1.44335937656002,0.00158649758760451
k2020,P2,1.45458012787002,0.00097219743300278
k2020,P2,1.46588810988779,0.000591540669123838
k2020,P2,1.47728400074939,0.000357450470324909
k2020,P2,1.48876848386278,0.000214552790893345
k2020,P2,1.50034224794877,0.000127945586608879
k2020,P2,1.5120059870823,7.58184770028243e-05
k2020,P2,1.5237604007341,4.46549009480634e-05
k2020,P2,1.53560619381262,2.6145276069841e-05
k2020,P2,1.54754407670631,1.52206446563329e-05
k2020,P2,1.5595747653262,8.81199521594983e-06
k2020,P2,1.57169898114888,5.07460824867942e-06
k2020,P2,1.58391745125969,2.90739152918853e-06
k2020,P2,1.59623090839642,1.65753580512213e-06
k2020,P2,1.60864009099317,9.40516415523698e-07
k2020,P2,1.62114574322467,5.31250766953742e-07
k2020,P2,1.63374861505092,2.98777681693313e-07
k2020,P2,1.64644946226213,1.67339240487927e-07
k2020,P2,1.65924904652407,9.33542631270199e-08
k2020,P2,1.67214813542374,5.18851291980035e-08
k2020,P2,1.68514750251539,2.87349005978693e-08
k2020,P2,1.69824792736694,1.58606217895267e-08
k2020,P2,1.71145019560671,8.72690194738082e-09
k2020,P2,1.72475509897051,4.78756876524667e-09
k2020,P2,1.73816343534917,2.6192120408997e-09
k2020,P2,1.75167600883637,1.42926467925108e-09
k2020,P2,1.76529362977683,7.78084380164851e-10
k2020,P2,1.77901711481496,4.2266708600207e-10
k2020,P2,1.79284728694379,2.29146655638932e-10
k2020,P2,1.80678497555435,1.24010266662895e-10
k2020,P2,1.82083101648538,6.70064251001075e-11
k2020,P2,1.83498625207351,3.61556028872802e-11
k2020,P2,1.84925153120369,1.9485914097265e-11
k2020,P2,1.8636277093602,1.04915013298173e-11
k2020,P2,1.87811564867785,2.22044604925031e-14
k2020,P2,1.89271621799377,2.22044604925031e-14
k2020,P2,1.90743029289946,2.22044604925031e-14
k2020,P2,1.9222587557933,2.22044604925031e-14
k2020,F3A,0.41166181844509,2.22044604925031e-14
k2020,F3A,0.414862098959848,2.22044604925031e-14
k2020,F3A,0.418087258622766,2.22044604925031e-14
k2020,F3A,0.421337490845644,2.22044604925031e-14
k2020,F3A,0.424612990543876,2.22044604925031e-14
k2020,F3A,0.427913954148135,2.22044604925031e-14
k2020,F3A,0.431240579616161,2.22044604925031e-14
k2020,F3A,0.434593066444625,2.22044604925031e-14
k2020,F3A,0.437971615681095,2.22044604925031e-14
k2020,F3A,0.441376429936095,2.22044604925031e-14
k2020,F3A,0.444807713395254,2.22044604925031e-14
k2020,F3A,0.448265671831549,2.22044604925031e-14
k2020,F3A,0.451750512617648,2.22044604925031e-14
k2020,F3A,0.455262444738346,2.22044604925031e-14
k2020,F3A,0.458801678803094,2.22044604925031e-14
k2020,F3A,0.462368427058635,2.22044604925031e-14
k2020,F3A,0.465962903401727,2.22044604925031e-14
k2020,F3A,0.469585323391973,2.22044604925031e-14
k2020,F3A,0.473235904264748,2.22044604925031e-14
k2020,F3A,0.476914864944227,2.22044604925031e-14
k2020,F3A,0.480622426056511,2.22044604925031e-14
k2020,F3A,0.484358809942863,2.22044604925031e-14
k2020,F3A,0.488124240673034,2.22044604925031e-14
k2020,F3A,0.491918944058709,2.22044604925031e-14
k2020,F3A,0.495743147667044,2.22044604925031e-14
k2020,F3A,0.499597080834313,2.22044604925031e-14
k2020,F3A,0.503480974679661,2.22044604925031e-14
k2020,F3A,0.507395062118969,2.22044604925031e-14
k2020,F3A,0.511339577878815,2.22044604925031e-14
k2020,F3A,0.515314758510556,2.22044604925031e-14
k2020,F3A,0.519320842404509,2.22044604925031e-14
k2020,F3A,0.523358069804253,2.22044604925031e-14
k2020,F3A,0.52742668282103,2.22044604925031e-14
k2020,F3A,0.531526925448269,2.22044604925031e-14
k2020,F3A,0.535659043576218,2.22044604925031e-14
k2020,F3A,0.539823285006686,2.22044604925031e-14
k2020,F3A,0.544019899467907,2.22044604925031e-14
k2020,F3A,0.548249138629518,2.22044604925031e-14
k2020,F3A,0.552511256117644,2.22044604925031e-14
k2020,F3A,0.556806507530117,2.22044604925031e-14
k2020,F3A,0.561135150451799,2.22044604925031e-14
k2020,F3A,0.565497444470029,2.22044604925031e-14
k2020,F3A,0.569893651190192,2.22044604925031e-14
k2020,F3A,0.574324034251407,2.22044604925031e-14
k2020,F3A,0.578788859342338,2.22044604925031e-14
k2020,F3A,0.583288394217125,2.22044604925031e-14
k2020,F3A,0.587822908711445,2.22044604925031e-14
k2020,F3A,0.59239267475869,2.22044604925031e-14
k2020,F3A,0.596997966406277,2.22044604925031e-14
k2020,F3A,0.601639059832081,2.22044604925031e-14
k2020,F3A,0.606316233360999,2.22044604925031e-14
k2020,F3A,0.611029767481642,2.22044604925031e-14
k2020,F3A,0.61577994486315,2.22044604925031e-14
k2020,F3A,0.620567050372152,2.22044604925031e-14
k2020,F3A,0.625391371089842,2.22044604925031e-14
k2020,F3A,0.6302531963292,2.22044604925031e-14
k2020,F3A,0.63515281765234,2.22044604925031e-14
k2020,F3A,0.640090528887995,2.22044604925031e-14
k2020,F3A,0.645066626149137,2.22044604925031e-14
k2020,F3A,0.650081407850736,2.22044604925031e-14
k2020,F3A,0.655135174727658,2.22044604925031e-14
k2020,F3A,0.660228229852693,2.22044604925031e-14
k2020,F3A,0.66536087865474,2.22044604925031e-14
k2020,F3A,0.670533428937115,2.22044604925031e-14
k2020,F3A,0.675746190896012,1.96012941170092e-11
k2020,F3A,0.68099947713911,1.32938672987311e-10
k2020,F3A,0.686293602704314,8.42343250704946e-10
k2020,F3A,0.691628885078651,4.98131194000216e-09
k2020,F3A,0.697005644217308,2.74638213393975e-08
k2020,F3A,0.702424202562822,1.41021876402883e-07
k2020,F3A,0.707884885064412,6.73699180709088e-07
k2020,F3A,0.713388019197473,2.99119867772017e-06
k2020,F3A,0.718933934983209,1.23301937067941e-05
k2020,F3A,0.724522965008426,4.71395646170001e-05
k2020,F3A,0.730155444445477,0.000166969718412833
k2020,F3A,0.735831711072363,0.000547357773706389
k2020,F3A,0.741552105292989,0.00165893725526697
k2020,F3A,0.747316970157578,0.00464359650142817
k2020,F3A,0.753126651383242,0.012001065000851
k2020,F3A,0.758981497374717,0.0287259386794895
k2020,F3A,0.764881859245256,0.0639371038201967
k2020,F3A,0.770828090837683,0.13285091398068
k2020,F3A,0.776820548745617,0.258691638202733
k2020,F3A,0.782859592334853,0.473848011319181
k2020,F3A,0.788945583764915,0.819458086632978
k2020,F3A,0.795078888010773,1.34278431613683
k2020,F3A,0.801259872884734,2.092304579649
k2020,F3A,0.807488909058494,3.1112884908152
k2020,F3A,0.813766370085372,4.43143478437024
k2020,F3A,0.820092632422711,6.06849185410074
k2020,F3A,0.82646807545445,8.02138446113017
k2020,F3A,0.832893081513881,10.275312238604
k2020,F3A,0.839368035906575,12.808037029654
k2020,F3A,0.845893326933488,15.5977042976647
k2020,F3A,0.852469345914247,18.6303582139488
k2020,F3A,0.859096487210621,21.9057106869904
k2020,F3A,0.865775148250165,25.4403424589191
k2020,F3A,0.872505729550058,29.2679735243896
k2020,F3A,0.879288634741121,33.4175385786659
k2020,F3A,0.886124270592021,37.8354012883693
k2020,F3A,0.893013047033667,42.4255942195836
k2020,F3A,0.899955377183791,47.0758632174009
k2020,F3A,0.906951677371725,51.6683774053554
k2020,F3A,0.914002367163367,56.0913270706316
k2020,F3A,0.921107869386342,60.2489289550439
k2020,F3A,0.928268610155359,64.0679505861629
k2020,F3A,0.935485018897764,67.5000077368075
k2020,F3A,0.942757528379295,70.5200456875684
k2020,F3A,0.950086574730033,73.1221580308045
k2020,F3A,0.957472597470559,75.3140928843298
k2020,F3A,0.964916039538306,77.1115708634932
k2020,F3A,0.97241734731413,78.5331204296609
k2020,F3A,0.979976970649071,79.595718149161
k2020,F3A,0.987595362891338,80.3112067890991
k2020,F3A,0.995272980913491,80.6894946930942
k2020,F3A,1.00301028513984,80.7534759928898
k2020,F3A,1.01080773957406,80.5200558261866
k2020,F3A,1.01866581182702,79.9958846495315
k2020,F3A,1.02658497314481,79.1789589173854
k2020,F3A,1.03456569843701,78.0601658842198
k2020,F3A,1.04260846630518,76.6249339522367
k2020,F3A,1.05071375907156,74.8551819720497
k2020,F3A,1.05888206280798,72.7317636781618
k2020,F3A,1.06711386736501,70.2375643707211
k2020,F3A,1.07540966640135,67.361304927364
k2020,F3A,1.08376995741344,64.1019233984656
k2020,F3A,1.09219524176527,60.4731354251103
k2020,F3A,1.10068602471846,56.5074616116697
k2020,F3A,1.10924281546256,52.2587520178641
k2020,F3A,1.1178661271456,47.8019843380228
k2020,F3A,1.12655647690484,43.2162398113747
k2020,F3A,1.13531438589779,38.5718096472456
k2020,F3A,1.14414037933346,33.9484346774737
k2020,F3A,1.15303498650388,29.4329668882283
k2020,F3A,1.1619987408158,25.1131331164376
k2020,F3A,1.17103217982273,21.0703708772763
k2020,F3A,1.18013584525713,17.3728778205375
k2020,F3A,1.18931028306293,14.0700926507773
k2020,F3A,1.19855604342823,11.1895570435513
k2020,F3A,1.20787368081835,8.73657024303204
k2020,F3A,1.21726375400904,6.69642772848203
k2020,F3A,1.22672682612,5.03854029824823
k2020,F3A,1.23626346464866,3.72149269574224
k2020,F3A,1.2458742415042,2.69813573488422
k2020,F3A,1.25555973304185,1.92003177483251
k2020,F3A,1.26532052009747,1.34087348730111
k2020,F3A,1.27515718802233,0.918771770936211
k2020,F3A,1.2850703267183,0.617552038637374
k2020,F3A,1.29506053067315,0.407316988808586
k2020,F3A,1.30512839899623,0.263780042737417
k2020,F3A,1.31527453545441,0.167817170120386
k2020,F3A,1.32549954850825,0.104937242513214
k2020,F3A,1.33580405134856,0.0645235498468519
k2020,F3A,1.34618866193307,0.0390288055924534
k2020,F3A,1.35665400302359,0.0232329062982783
k2020,F3A,1.3672007022233,0.0136156552464447
k2020,F3A,1.37782939201439,0.00785869614578775
k2020,F3A,1.38854070979601,0.00446885253888234
k2020,F3A,1.39933529792247,0.00250454800715802
k2020,F3A,1.41021380374181,0.00138389511653627
k2020,F3A,1.42117687963455,0.000754169817346914
k2020,F3A,1.43222518305287,0.000405488299637911
k2020,F3A,1.44335937656002,0.00021516983727362
k2020,F3A,1.45458012787002,0.000112727218018106
k2020,F3A,1.46588810988779,5.83271607595421e-05
k2020,F3A,1.47728400074939,2.98165761694938e-05
k2020,F3A,1.48876848386278,1.50639821228475e-05
k2020,F3A,1.50034224794877,7.52431669260212e-06
k2020,F3A,1.5120059870823,3.71697597749441e-06
k2020,F3A,1.5237604007341,1.81659454667535e-06
k2020,F3A,1.53560619381262,8.78662251226863e-07
k2020,F3A,1.54754407670631,4.20757423686048e-07
k2020,F3A,1.5595747653262,1.99543509126432e-07
k2020,F3A,1.57169898114888,9.37539483148304e-08
k2020,F3A,1.58391745125969,4.36553841031256e-08
k2020,F3A,1.59623090839642,2.01526652047753e-08
k2020,F3A,1.60864009099317,9.22621855826735e-09
k2020,F3A,1.62114574322467,4.1904600190036e-09
k2020,F3A,1.63374861505092,1.88884587569459e-09
k2020,F3A,1.64644946226213,8.45236695589265e-10
k2020,F3A,1.65924904652407,3.75627438004518e-10
k2020,F3A,1.67214813542374,1.65837811904118e-10
k2020,F3A,1.68514750251539,7.27624374233742e-11
k2020,F3A,1.69824792736694,3.1737922146525e-11
k2020,F3A,1.71145019560671,1.37672581781613e-11
k2020,F3A,1.72475509897051,2.22044604925031e-14
k2020,F3A,1.73816343534917,2.22044604925031e-14
k2020,F3A,1.75167600883637,2.22044604925031e-14
k2020,F3A,1.76529362977683,2.22044604925031e-14
k2020,F3A,1.77901711481496,2.22044604925031e-14
k2020,F3A,1.79284728694379,2.22044604925031e-14
k2020,F3A,1.80678497555435,2.22044604925031e-14
k2020,F3A,1.82083101648538,2.22044604925031e-14
k2020,F3A,1.83498625207351,2.22044604925031e-14
k2020,F3A,1.84925153120369,2.22044604925031e-14
k2020,F3A,1.8636277093602,2.22044604925031e-14
k2020,F3A,1.87811564867785,2.22044604925031e-14
k2020,F3A,1.89271621799377,2.22044604925031e-14
k2020,F3A,1.90743029289946,2.22044604925031e-14
k2020,F3A,1.9222587557933,2.22044604925031e-14
k2020,F3B,0.41166181844509,2.22044604925031e-14
k2020,F3B,0.414862098959848,2.22044604925031e-14
k2020,F3B,0.418087258622766,2.22044604925031e-14
k2020,F3B,0.421337490845644,2.22044604925031e-14
k2020,F3B,0.424612990543876,2.22044604925031e-14
k2020,F3B,0.427913954148135,2.22044604925031e-14
k2020,F3B,0.431240579616161,2.22044604925031e-14
k2020,F3B,0.434593066444625,2.22044604925031e-14
k2020,F3B,0.437971615681095,2.22044604925031e-14
k2020,F3B,0.441376429936095,2.22044604925031e-14
k2020,F3B,0.444807713395254,2.22044604925031e-14
k2020,F3B,0.448265671831549,2.22044604925031e-14
k2020,F3B,0.451750512617648,2.22044604925031e-14
k2020,F3B,0.455262444738346,2.22044604925031e-14
k2020,F3B,0.458801678803094,2.22044604925031e-14
k2020,F3B,0.462368427058635,2.22044604925031e-14
k2020,F3B,0.465962903401727,2.22044604925031e-14
k2020,F3B,0.469585323391973,2.22044604925031e-14
k2020,F3B,0.473235904264748,2.22044604925031e-14
k2020,F3B,0.476914864944227,2.22044604925031e-14
k2020,F3B,0.480622426056511,2.22044604925031e-14
k2020,F3B,0.484358809942863,2.22044604925031e-14
k2020,F3B,0.488124240673034,2.22044604925031e-14
k2020,F3B,0.491918944058709,2.22044604925031e-14
k2020,F3B,0.495743147667044,2.22044604925031e-14
k2020,F3B,0.499597080834313,2.22044604925031e-14
k2020,F3B,0.503480974679661,2.22044604925031e-14
k2020,F3B,0.507395062118969,2.22044604925031e-14
k2020,F3B,0.511339577878815,2.22044604925031e-14
k2020,F3B,0.515314758510556,2.22044604925031e-14
k2020,F3B,0.519320842404509,2.22044604925031e-14
k2020,F3B,0.523358069804253,2.22044604925031e-14
k2020,F3B,0.52742668282103,2.22044604925031e-14
k2020,F3B,0.531526925448269,2.22044604925031e-14
k2020,F3B,0.535659043576218,2.22044604925031e-14
k2020,F3B,0.539823285006686,2.22044604925031e-14
k2020,F3B,0.544019899467907,2.22044604925031e-14
k2020,F3B,0.548249138629518,2.22044604925031e-14
k2020,F3B,0.552511256117644,2.22044604925031e-14
k2020,F3B,0.556806507530117,2.22044604925031e-14
k2020,F3B,0.561135150451799,2.22044604925031e-14
k2020,F3B,0.565497444470029,2.22044604925031e-14
k2020,F3B,0.569893651190192,2.22044604925031e-14
k2020,F3B,0.574324034251407,2.22044604925031e-14
k2020,F3B,0.578788859342338,2.22044604925031e-14
k2020,F3B,0.583288394217125,2.22044604925031e-14
k2020,F3B,0.587822908711445,2.22044604925031e-14
k2020,F3B,0.59239267475869,2.22044604925031e-14
k2020,F3B,0.596997966406277,2.22044604925031e-14
k2020,F3B,0.601639059832081,2.22044604925031e-14
k2020,F3B,0.606316233360999,2.22044604925031e-14
k2020,F3B,0.611029767481642,2.22044604925031e-14
k2020,F3B,0.61577994486315,2.22044604925031e-14
k2020,F3B,0.620567050372152,2.22044604925031e-14
k2020,F3B,0.625391371089842,2.22044604925031e-14
k2020,F3B,0.6302531963292,2.22044604925031e-14
k2020,F3B,0.63515281765234,2.22044604925031e-14
k2020,F3B,0.640090528887995,2.22044604925031e-14
k2020,F3B,0.645066626149137,2.22044604925031e-14
k2020,F3B,0.650081407850736,2.22044604925031e-14
k2020,F3B,0.655135174727658,2.22044604925031e-14
k2020,F3B,0.660228229852693,2.22044604925031e-14
k2020,F3B,0.66536087865474,2.22044604925031e-14
k2020,F3B,0.670533428937115,2.22044604925031e-14
k2020,F3B,0.675746190896012,3.11985784054987e-11
k2020,F3B,0.68099947713911,2.01650107781846e-10
k2020,F3B,0.686293602704314,1.22118417178959e-09
k2020,F3B,0.691628885078651,6.92225890008509e-09
k2020,F3B,0.697005644217308,3.66913238870174e-08
k2020,F3B,0.702424202562822,1.816739697847e-07
k2020,F3B,0.707884885064412,8.39461372661122e-07
k2020,F3B,0.713388019197473,3.61619895779107e-06
k2020,F3B,0.718933934983209,1.45081616993005e-05
k2020,F3B,0.724522965008426,5.41558962956942e-05
k2020,F3B,0.730155444445477,0.000187895778707992
k2020,F3B,0.735831711072363,0.000605327352513947
k2020,F3B,0.741552105292989,0.00180895723416455
k2020,F3B,0.747316970157578,0.00500945727939936
k2020,F3B,0.753126651383242,0.0128513617013279
k2020,F3B,0.758981497374717,0.0306304205667798
k2020,F3B,0.764881859245256,0.0680786422724016
k2020,F3B,0.770828090837683,0.141612806540245
k2020,F3B,0.776820548745617,0.276673687623624
k2020,F3B,0.782859592334853,0.509446927404922
k2020,F3B,0.788945583764915,0.887028496189923
k2020,F3B,0.795078888010773,1.46514961867471
k2020,F3B,0.801259872884734,2.30305494411349
k2020,F3B,0.807488909058494,3.45602554297149
k2020,F3B,0.813766370085372,4.967096210815
k2020,F3B,0.820092632422711,6.86024914841993
k2020,F3B,0.82646807545445,9.13728756851502
k2020,F3B,0.832893081513881,11.7795637100848
k2020,F3B,0.839368035906575,14.7541553848482
k2020,F3B,0.845893326933488,18.0226945015646
k2020,F3B,0.852469345914247,21.5504520207459
k2020,F3B,0.859096487210621,25.313574385296
k2020,F3B,0.865775148250165,29.3031743844579
k2020,F3B,0.872505729550058,33.5257935028525
k2020,F3B,0.879288634741121,37.9821156566497
k2020,F3B,0.886124270592021,42.5953423140136
k2020,F3B,0.893013047033667,47.2566602407119
k2020,F3B,0.899955377183791,51.853572932759
k2020,F3B,0.906951677371725,56.2805597334477
k2020,F3B,0.914002367163367,60.448035903603
k2020,F3B,0.921107869386342,64.2880537802521
k2020,F3B,0.928268610155359,67.7562008111042
k2020,F3B,0.935485018897764,70.8301297761841
k2020,F3B,0.942757528379295,73.5057654814443
k2020,F3B,0.950086574730033,75.7923806039483
k2020,F3B,0.957472597470559,77.7075340708046
k2020,F3B,0.964916039538306,79.2725080091044
k2020,F3B,0.97241734731413,80.5085229815759
k2020,F3B,0.979976970649071,81.4337408866566
k2020,F3B,0.987595362891338,82.0608996664423
k2020,F3B,0.995272980913491,82.3998827160215
k2020,F3B,1.00301028513984,82.4687649593768
k2020,F3B,1.01080773957406,82.2799944784223
k2020,F3B,1.01866581182702,81.8372097343749
k2020,F3B,1.02658497314481,81.1362696898342
k2020,F3B,1.03456569843701,80.1661859323669
k2020,F3B,1.04260846630518,78.9100883678479
k2020,F3B,1.05071375907156,77.3463953154333
k2020,F3B,1.05888206280798,75.4503904962252
k2020,F3B,1.06711386736501,73.1964248265855
k2020,F3B,1.07540966640135,70.5609403392858
k2020,F3B,1.08376995741344,67.5264271655623
k2020,F3B,1.09219524176527,64.0862394364133
k2020,F3B,1.10068602471846,60.2498938304269
k2020,F3B,1.10924281546256,56.0480810945758
k2020,F3B,1.1178661271456,51.5361348386479
k2020,F3B,1.12655647690484,46.7875979234072
k2020,F3B,1.13531438589779,41.8873205860783
k2020,F3B,1.14414037933346,36.93834267563
k2020,F3B,1.15303498650388,32.0558768638963
k2020,F3B,1.1619987408158,27.3572304684099
k2020,F3B,1.17103217982273,22.9504372844213
k2020,F3B,1.18013584525713,18.9238280584366
k2020,F3B,1.18931028306293,15.3386364218737
k2020,F3B,1.19855604342823,12.2259094611138
k2020,F3B,1.20787368081835,9.58781398279553
k2020,F3B,1.21726375400904,7.40238258015482
k2020,F3B,1.22672682612,5.63017734289635
k2020,F3B,1.23626346464866,4.22133589437444
k2020,F3B,1.2458742415042,3.121842764286
k2020,F3B,1.25555973304185,2.27839199477603
k2020,F3B,1.26532052009747,1.64167490143902
k2020,F3B,1.27515718802233,1.16824274801024
k2020,F3B,1.2850703267183,0.821270088861147
k2020,F3B,1.29506053067315,0.570592271658976
k2020,F3B,1.30512839899623,0.39196873589997
k2020,F3B,1.31527453545441,0.266340666964905
k2020,F3B,1.32549954850825,0.179076556439353
k2020,F3B,1.33580405134856,0.119177315211953
k2020,F3B,1.34618866193307,0.0785285726277538
k2020,F3B,1.35665400302359,0.0512456343226647
k2020,F3B,1.3672007022233,0.0331275678838515
k2020,F3B,1.37782939201439,0.0212191873873057
k2020,F3B,1.38854070979601,0.0134701838305549
k2020,F3B,1.39933529792247,0.00847656948096941
k2020,F3B,1.41021380374181,0.0052888692649546
k2020,F3B,1.42117687963455,0.00327261218922353
k2020,F3B,1.43222518305287,0.0020086636934289
k2020,F3B,1.44335937656002,0.00122318522723612
k2020,F3B,1.45458012787002,0.000739163397139214
k2020,F3B,1.46588810988779,0.000443345745957783
k2020,F3B,1.47728400074939,0.000263990905157219
k2020,F3B,1.48876848386278,0.000156088193505006
k2020,F3B,1.50034224794877,9.16592042266148e-05
k2020,F3B,1.5120059870823,5.34684102910557e-05
k2020,F3B,1.5237604007341,3.09901598408333e-05
k2020,F3B,1.53560619381262,1.78503152555923e-05
k2020,F3B,1.54754407670631,1.02200650333556e-05
k2020,F3B,1.5595747653262,5.81751189566358e-06
k2020,F3B,1.57169898114888,3.29296341786769e-06
k2020,F3B,1.58391745125969,1.85392725292403e-06
k2020,F3B,1.59623090839642,1.03835241522941e-06
k2020,F3B,1.60864009099317,5.78673135668153e-07
k2020,F3B,1.62114574322467,3.20958194387533e-07
k2020,F3B,1.63374861505092,1.77206793183229e-07
k2020,F3B,1.64644946226213,9.74135036813006e-08
k2020,F3B,1.65924904652407,5.33279646421736e-08
k2020,F3B,1.67214813542374,2.90789049210206e-08
k2020,F3B,1.68514750251539,1.57971386117287e-08
k2020,F3B,1.69824792736694,8.55157876734909e-09
k2020,F3B,1.71145019560671,4.61393858452679e-09
k2020,F3B,1.72475509897051,2.48167613192908e-09
k2020,F3B,1.73816343534917,1.33093342228798e-09
k2020,F3B,1.75167600883637,7.11861719249464e-10
k2020,F3B,1.76529362977683,3.79798438961698e-10
k2020,F3B,1.77901711481496,2.02171106260649e-10
k2020,F3B,1.79284728694379,1.07394866677808e-10
k2020,F3B,1.80678497555435,5.69425130603821e-11
k2020,F3B,1.82083101648538,3.01417564114077e-11
k2020,F3B,1.83498625207351,1.59319688273798e-11
k2020,F3B,1.84925153120369,2.22044604925031e-14
k2020,F3B,1.8636277093602,2.22044604925031e-14
k2020,F3B,1.87811564867785,2.22044604925031e-14
k2020,F3B,1.89271621799377,2.22044604925031e-14
k2020,F3B,1.90743029289946,2.22044604925031e-14
k2020,F3B,1.9222587557933,2.22044604925031e-14
k2020,F3C,0.41166181844509,2.22044604925031e-14
k2020,F3C,0.414862098959848,2.22044604925031e-14
k2020,F3C,0.418087258622766,2.22044604925031e-14
k2020,F3C,0.421337490845644,2.22044604925031e-14
k2020,F3C,0.424612990543876,2.22044604925031e-14
k2020,F3C,0.427913954148135,2.22044604925031e-14
k2020,F3C,0.431240579616161,2.22044604925031e-14
k2020,F3C,0.434593066444625,2.22044604925031e-14
k2020,F3C,0.437971615681095,2.22044604925031e-14
k2020,F3C,0.441376429936095,2.22044604925031e-14
k2020,F3C,0.444807713395254,2.22044604925031e-14
k2020,F3C,0.448265671831549,2.22044604925031e-14
k2020,F3C,0.451750512617648,2.22044604925031e-14
k2020,F3C,0.455262444738346,2.22044604925031e-14
k2020,F3C,0.458801678803094,2.22044604925031e-14
k2020,F3C,0.462368427058635,2.22044604925031e-14
k2020,F3C,0.465962903401727,2.22044604925031e-14
k2020,F3C,0.469585323391973,2.22044604925031e-14
k2020,F3C,0.473235904264748,2.22044604925031e-14
k2020,F3C,0.476914864944227,2.22044604925031e-14
k2020,F3C,0.480622426056511,2.22044604925031e-14
k2020,F3C,0.484358809942863,2.22044604925031e-14
k2020,F3C,0.488124240673034,2.22044604925031e-14
k2020,F3C,0.491918944058709,2.22044604925031e-14
k2020,F3C,0.495743147667044,2.22044604925031e-14
k2020,F3C,0.499597080834313,2.22044604925031e-14
k2020,F3C,0.503480974679661,2.22044604925031e-14
k2020,F3C,0.507395062118969,2.22044604925031e-14
k2020,F3C,0.511339577878815,2.22044604925031e-14
k2020,F3C,0.515314758510556,2.22044604925031e-14
k2020,F3C,0.519320842404509,2.22044604925031e-14
k2020,F3C,0.523358069804253,2.22044604925031e-14
k2020,F3C,0.52742668282103,2.22044604925031e-14
k2020,F3C,0.531526925448269,2.22044604925031e-14
k2020,F3C,0.535659043576218,2.22044604925031e-14
k2020,F3C,0.539823285006686,2.22044604925031e-14
k2020,F3C,0.544019899467907,2.22044604925031e-14
k2020,F3C,0.548249138629518,2.22044604925031e-14
k2020,F3C,0.552511256117644,2.22044604925031e-14
k2020,F3C,0.556806507530117,2.22044604925031e-14
k2020,F3C,0.561135150451799,2.22044604925031e-14
k2020,F3C,0.565497444470029,2.22044604925031e-14
k2020,F3C,0.569893651190192,2.22044604925031e-14
k2020,F3C,0.574324034251407,2.22044604925031e-14
k2020,F3C,0.578788859342338,2.22044604925031e-14
k2020,F3C,0.583288394217125,2.22044604925031e-14
k2020,F3C,0.587822908711445,2.22044604925031e-14
k2020,F3C,0.59239267475869,2.22044604925031e-14
k2020,F3C,0.596997966406277,2.22044604925031e-14
k2020,F3C,0.601639059832081,2.22044604925031e-14
k2020,F3C,0.606316233360999,2.22044604925031e-14
k2020,F3C,0.611029767481642,2.22044604925031e-14
k2020,F3C,0.61577994486315,2.22044604925031e-14
k2020,F3C,0.620567050372152,2.22044604925031e-14
k2020,F3C,0.625391371089842,2.22044604925031e-14
k2020,F3C,0.6302531963292,2.22044604925031e-14
k2020,F3C,0.63515281765234,2.22044604925031e-14
k2020,F3C,0.640090528887995,2.22044604925031e-14
k2020,F3C,0.645066626149137,2.22044604925031e-14
k2020,F3C,0.650081407850736,2.22044604925031e-14
k2020,F3C,0.655135174727658,2.22044604925031e-14
k2020,F3C,0.660228229852693,2.22044604925031e-14
k2020,F3C,0.66536087865474,2.22044604925031e-14
k2020,F3C,0.670533428937115,2.22044604925031e-14
k2020,F3C,0.675746190896012,5.24877924678047e-11
k2020,F3C,0.68099947713911,3.28527854155108e-10
k2020,F3C,0.686293602704314,1.92862491849398e-09
k2020,F3C,0.691628885078651,1.06085677891596e-08
k2020,F3C,0.697005644217308,5.46224104973005e-08
k2020,F3C,0.702424202562822,2.63003670098217e-07
k2020,F3C,0.707884885064412,1.18304513337166e-06
k2020,F3C,0.713388019197473,4.9666217256515e-06
k2020,F3C,0.718933934983209,1.94407405784544e-05
k2020,F3C,0.724522965008426,7.08807135013047e-05
k2020,F3C,0.730155444445477,0.000240479619715768
k2020,F3C,0.735831711072363,0.00075846249608581
k2020,F3C,0.741552105292989,0.00222159408577256
k2020,F3C,0.747316970157578,0.00603720163696152
k2020,F3C,0.753126651383242,0.0152166886963055
k2020,F3C,0.758981497374717,0.0356739446275331
k2020,F3C,0.764881859245256,0.078075581511978
k2020,F3C,0.770828090837683,0.160091571850321
k2020,F3C,0.776820548745617,0.308621567028519
k2020,F3C,0.782859592334853,0.561249843728305
k2020,F3C,0.788945583764915,0.966000469685317
k2020,F3C,0.795078888010773,1.57858729635377
k2020,F3C,0.801259872884734,2.45690347007903
k2020,F3C,0.807488909058494,3.65342298752417
k2020,F3C,0.813766370085372,5.20719371593805
k2020,F3C,0.820092632422711,7.13769648980651
k2020,F3C,0.82646807545445,9.4425968537705
k2020,F3C,0.832893081513881,12.1002806286777
k2020,F3C,0.839368035906575,15.0765113231886
k2020,F3C,0.845893326933488,18.3333031488432
k2020,F3C,0.852469345914247,21.8376800562893
k2020,F3C,0.859096487210621,25.5683924462718
k2020,F3C,0.865775148250165,29.5194817670458
k2020,F3C,0.872505729550058,33.7003364969806
k2020,F3C,0.879288634741121,38.1142364137011
k2020,F3C,0.886124270592021,42.6870147119758
k2020,F3C,0.893013047033667,47.3123701587087
k2020,F3C,0.899955377183791,51.8797852052291
k2020,F3C,0.906951677371725,56.2849177497185
k2020,F3C,0.914002367163367,60.4384868617792
k2020,F3C,0.921107869386342,64.2720865296184
k2020,F3C,0.928268610155359,67.7403195376924
k2020,F3C,0.935485018897764,70.8196018073663
k2020,F3C,0.942757528379295,73.5046108773072
k2020,F3C,0.950086574730033,75.8035332924928
k2020,F3C,0.957472597470559,77.7330983726968
k2020,F3C,0.964916039538306,79.3140490357179
k2020,F3C,0.97241734731413,80.5673517193382
k2020,F3C,0.979976970649071,81.511175818058
k2020,F3C,0.987595362891338,82.1585023547906
k2020,F3C,0.995272980913491,82.5196400776885
k2020,F3C,1.00301028513984,82.6131259623884
k2020,F3C,1.01080773957406,82.4519260972271
k2020,F3C,1.01866581182702,82.0402513124847
k2020,F3C,1.02658497314481,81.3745574905885
k2020,F3C,1.03456569843701,80.4444356188039
k2020,F3C,1.04260846630518,79.233515151327
k2020,F3C,1.05071375907156,77.7205437065867
k2020,F3C,1.05888206280798,75.8808396217025
k2020,F3C,1.06711386736501,73.6883343944304
k2020,F3C,1.07540966640135,71.1184116910293
k2020,F3C,1.08376995741344,68.1516799281508
k2020,F3C,1.09219524176527,64.7786526133044
k2020,F3C,1.10068602471846,61.0050305496692
k2020,F3C,1.10924281546256,56.8568960596098
k2020,F3C,1.1178661271456,52.3846269909346
k2020,F3C,1.12655647690484,47.657423314289
k2020,F3C,1.13531438589779,42.7572503124495
k2020,F3C,1.14414037933346,37.7858685179635
k2020,F3C,1.15303498650388,32.8592243130828
k2020,F3C,1.1619987408158,28.0974808469873
k2020,F3C,1.17103217982273,23.6133266359897
k2020,F3C,1.18013584525713,19.5008443503137
k2020,F3C,1.18931028306293,15.8272226335826
k2020,F3C,1.19855604342823,12.6288233645923
k2020,F3C,1.20787368081835,9.91189579092434
k2020,F3C,1.21726375400904,7.65707080564884
k2020,F3C,1.22672682612,5.82608450937568
k2020,F3C,1.23626346464866,4.36909213635694
k2020,F3C,1.2458742415042,3.23129421427354
k2020,F3C,1.25555973304185,2.35814416452005
k2020,F3C,1.26532052009747,1.69891535321815
k2020,F3C,1.27515718802233,1.20875856371537
k2020,F3C,1.2850703267183,0.849581265522173
k2020,F3C,1.29506053067315,0.590139260474953
k2020,F3C,1.30512839899623,0.405313297113072
k2020,F3C,1.31527453545441,0.27535419514736
k2020,F3C,1.32549954850825,0.185103165729874
k2020,F3C,1.33580405134856,0.123167807632266
k2020,F3C,1.34618866193307,0.0811462479944502
k2020,F3C,1.35665400302359,0.0529473251648739
k2020,F3C,1.3672007022233,0.0342241596258198
k2020,F3C,1.37782939201439,0.0219198688910436
k2020,F3C,1.38854070979601,0.0139142122951855
k2020,F3C,1.39933529792247,0.0087557030394179
k2020,F3C,1.41021380374181,0.00546297626371633
k2020,F3C,1.42117687963455,0.00338038562531505
k2020,F3C,1.43222518305287,0.00207488296574037
k2020,F3C,1.44335937656002,0.00126357935567791
k2020,F3C,1.45458012787002,0.000763631249785936
k2020,F3C,1.46588810988779,0.000458065441675022
k2020,F3C,1.47728400074939,0.00027278736621132
k2020,F3C,1.48876848386278,0.00016131099528341
k2020,F3C,1.50034224794877,9.47407264413042e-05
k2020,F3C,1.5120059870823,5.52754709464679e-05
k2020,F3C,1.5237604007341,3.20435883258345e-05
k2020,F3C,1.53560619381262,1.84608935453302e-05
k2020,F3C,1.54754407670631,1.05719985344904e-05
k2020,F3C,1.5595747653262,6.01927500105571e-06
k2020,F3C,1.57169898114888,3.40803384910516e-06
k2020,F3C,1.58391745125969,1.9192261098199e-06
k2020,F3C,1.59623090839642,1.07522863297076e-06
k2020,F3C,1.60864009099317,5.99401515106003e-07
k2020,F3C,1.62114574322467,3.32557764952454e-07
k2020,F3C,1.63374861505092,1.83670112880516e-07
k2020,F3C,1.64644946226213,1.01000131612353e-07
k2020,F3C,1.65924904652407,5.5310468329633e-08
k2020,F3C,1.67214813542374,3.0170644230797e-08
k2020,F3C,1.68514750251539,1.63962143055959e-08
k2020,F3C,1.69824792736694,8.87920832268094e-09
k2020,F3C,1.71145019560671,4.79254792366656e-09
k2020,F3C,1.72475509897051,2.5787553697012e-09
k2020,F3C,1.73816343534917,1.38355105818597e-09
k2020,F3C,1.75167600883637,7.40306399365342e-10
k2020,F3C,1.76529362977683,3.95138171537691e-10
k2020,F3C,1.77901711481496,2.10425099099946e-10
k2020,F3C,1.79284728694379,1.11827101822118e-10
k2020,F3C,1.80678497555435,5.93181333618726e-11
k2020,F3C,1.82083101648538,3.14129456081289e-11
k2020,F3C,1.83498625207351,1.6611181781031e-11
k2020,F3C,1.84925153120369,2.22044604925031e-14
k2020,F3C,1.8636277093602,2.22044604925031e-14
k2020,F3C,1.87811564867785,2.22044604925031e-14
k2020,F3C,1.89271621799377,2.22044604925031e-14
k2020,F3C,1.90743029289946,2.22044604925031e-14
k2020,F3C,1.9222587557933,2.22044604925031e-14
k2020,G2,0.41166181844509,2.22044604925031e-14
k2020,G2,0.414862098959848,2.22044604925031e-14
k2020,G2,0.418087258622766,2.22044604925031e-14
k2020,G2,0.421337490845644,2.22044604925031e-14
k2020,G2,0.424612990543876,2.22044604925031e-14
k2020,G2,0.427913954148135,2.22044604925031e-14
k2020,G2,0.431240579616161,2.22044604925031e-14
k2020,G2,0.434593066444625,2.22044604925031e-14
k2020,G2,0.437971615681095,2.22044604925031e-14
k2020,G2,0.441376429936095,2.22044604925031e-14
k2020,G2,0.444807713395254,2.22044604925031e-14
k2020,G2,0.448265671831549,2.22044604925031e-14
k2020,G2,0.451750512617648,2.22044604925031e-14
k2020,G2,0.455262444738346,2.22044604925031e-14
k2020,G2,0.458801678803094,2.22044604925031e-14
k2020,G2,0.462368427058635,2.22044604925031e-14
k2020,G2,0.465962903401727,2.22044604925031e-14
k2020,G2,0.469585323391973,2.22044604925031e-14
k2020,G2,0.473235904264748,2.22044604925031e-14
k2020,G2,0.476914864944227,2.22044604925031e-14
k2020,G2,0.480622426056511,2.22044604925031e-14
k2020,G2,0.484358809942863,2.22044604925031e-14
k2020,G2,0.488124240673034,2.22044604925031e-14
k2020,G2,0.491918944058709,2.22044604925031e-14
k2020,G2,0.495743147667044,2.22044604925031e-14
k2020,G2,0.499597080834313,2.22044604925031e-14
k2020,G2,0.503480974679661,2.22044604925031e-14
k2020,G2,0.507395062118969,2.22044604925031e-14
k2020,G2,0.511339577878815,2.22044604925031e-14
k2020,G2,0.515314758510556,2.22044604925031e-14
k2020,G2,0.519320842404509,2.22044604925031e-14
k2020,G2,0.523358069804253,2.22044604925031e-14
k2020,G2,0.52742668282103,2.22044604925031e-14
k2020,G2,0.531526925448269,2.22044604925031e-14
k2020,G2,0.535659043576218,2.22044604925031e-14
k2020,G2,0.539823285006686,2.22044604925031e-14
k2020,G2,0.544019899467907,2.22044604925031e-14
k2020,G2,0.548249138629518,2.22044604925031e-14
k2020,G2,0.552511256117644,2.22044604925031e-14
k2020,G2,0.556806507530117,1.5491440525961e-11
k2020,G2,0.561135150451799,3.74571607495714e-11
k2020,G2,0.565497444470029,8.96957126883781e-11
k2020,G2,0.569893651190192,2.12665547751205e-10
k2020,G2,0.574324034251407,4.99121251356733e-10
k2020,G2,0.578788859342338,1.15929322213592e-09
k2020,G2,0.583288394217125,2.66411942654037e-09
k2020,G2,0.587822908711445,6.05594725341244e-09
k2020,G2,0.59239267475869,1.36136106192834e-08
k2020,G2,0.596997966406277,3.02567485569283e-08
k2020,G2,0.601639059832081,6.64697006462213e-08
k2020,G2,0.606316233360999,1.44302072710834e-07
k2020,G2,0.611029767481642,3.09502128024552e-07
k2020,G2,0.61577994486315,6.55679759739683e-07
k2020,G2,0.620567050372152,1.37167690788369e-06
k2020,G2,0.625391371089842,2.83294818727124e-06
k2020,G2,0.6302531963292,5.77493408646298e-06
k2020,G2,0.63515281765234,1.16164082291607e-05
k2020,G2,0.640090528887995,2.30519658114373e-05
k2020,G2,0.645066626149137,4.5118032972864e-05
k2020,G2,0.650081407850736,8.70749515620722e-05
k2020,G2,0.655135174727658,0.000165665467852516
k2020,G2,0.660228229852693,0.000310642678250453
k2020,G2,0.66536087865474,0.000573951575207522
k2020,G2,0.670533428937115,0.00104464526427912
k2020,G2,0.675746190896012,0.00187256145079262
k2020,G2,0.68099947713911,0.00330499448376844
k2020,G2,0.686293602704314,0.0057420362191244
k2020,G2,0.691628885078651,0.00981778991098097
k2020,G2,0.697005644217308,0.0165159945265373
k2020,G2,0.702424202562822,0.0273292223005134
k2020,G2,0.707884885064412,0.0444699446977758
k2020,G2,0.713388019197473,0.0711383194111196
k2020,G2,0.718933934983209,0.111844211527623
k2020,G2,0.724522965008426,0.172768357437895
k2020,G2,0.730155444445477,0.262128702785826
k2020,G2,0.735831711072363,0.390492838501331
k2020,G2,0.741552105292989,0.57094820904083
k2020,G2,0.747316970157578,0.819013680403989
k2020,G2,0.753126651383242,1.15235222223579
k2020,G2,0.758981497374717,1.59102683737621
k2020,G2,0.764881859245256,2.15696498256363
k2020,G2,0.770828090837683,2.87308430255761
k2020,G2,0.776820548745617,3.76230118211876
k2020,G2,0.782859592334853,4.84636353037814
k2020,G2,0.788945583764915,6.14459961580227
k2020,G2,0.795078888010773,7.67270273772436
k2020,G2,0.801259872884734,9.44168406154465
k2020,G2,0.807488909058494,11.4571171714475
k2020,G2,0.813766370085372,13.7187661832812
k2020,G2,0.820092632422711,16.2206386489041
k2020,G2,0.82646807545445,18.9514442816784
k2020,G2,0.832893081513881,21.8953830048539
k2020,G2,0.839368035906575,25.0331426924803
k2020,G2,0.845893326933488,28.342966095565
k2020,G2,0.852469345914247,31.8016499603284
k2020,G2,0.859096487210621,35.3853638421426
k2020,G2,0.865775148250165,39.0702145149886
k2020,G2,0.872505729550058,42.8325259909653
k2020,G2,0.879288634741121,46.6420465607334
k2020,G2,0.886124270592021,50.4392676844253
k2020,G2,0.893013047033667,54.1581210981793
k2020,G2,0.899955377183791,57.7377603134838
k2020,G2,0.906951677371725,61.1260914119566
k2020,G2,0.914002367163367,64.282028299979
k2020,G2,0.921107869386342,67.1763304685665
k2020,G2,0.928268610155359,69.7911484074005
k2020,G2,0.935485018897764,72.1185837357103
k2020,G2,0.942757528379295,74.1586430645025
k2020,G2,0.950086574730033,75.9169412155989
k2020,G2,0.957472597470559,77.4024266460647
k2020,G2,0.964916039538306,78.6252978485583
k2020,G2,0.97241734731413,79.5951822458797
k2020,G2,0.979976970649071,80.3195733673454
k2020,G2,0.987595362891338,80.8024715594565
k2020,G2,0.995272980913491,81.0473017280958
k2020,G2,1.00301028513984,81.0675621945466
k2020,G2,1.01080773957406,80.8744282487113
k2020,G2,1.01866581182702,80.473716206916
k2020,G2,1.02658497314481,79.8667397537274
k2020,G2,1.03456569843701,79.0511210620413
k2020,G2,1.04260846630518,78.0216061427011
k2020,G2,1.05071375907156,76.7709389664487
k2020,G2,1.05888206280798,75.2908467010037
k2020,G2,1.06711386736501,73.5731780593846
k2020,G2,1.07540966640135,71.6112161646813
k2020,G2,1.08376995741344,69.4011543715472
k2020,G2,1.09219524176527,66.9436775989928
k2020,G2,1.10068602471846,64.2455359320551
k2020,G2,1.10924281546256,61.3209399416395
k2020,G2,1.1178661271456,58.1924468666082
k2020,G2,1.12655647690484,54.8830578158508
k2020,G2,1.13531438589779,51.4099472866155
k2020,G2,1.14414037933346,47.7966597732345
k2020,G2,1.15303498650388,44.0746971852647
k2020,G2,1.1619987408158,40.2832839649493
k2020,G2,1.17103217982273,36.4684086660259
k2020,G2,1.18013584525713,32.6810834039473
k2020,G2,1.18931028306293,28.9748788172809
k2020,G2,1.19855604342823,25.4029273766979
k2020,G2,1.20787368081835,22.0147103887513
k2020,G2,1.21726375400904,18.8530180505718
k2020,G2,1.22672682612,15.9514704404069
k2020,G2,1.23626346464866,13.3329041692952
k2020,G2,1.2458742415042,11.0087835934426
k2020,G2,1.25555973304185,8.97962512202447
k2020,G2,1.26532052009747,7.23627136769869
k2020,G2,1.27515718802233,5.76175161040581
k2020,G2,1.2850703267183,4.53356843844907
k2020,G2,1.29506053067315,3.52652249196497
k2020,G2,1.30512839899623,2.71333346357723
k2020,G2,1.31527453545441,2.06600601296486
k2020,G2,1.32549954850825,1.55754716821271
k2020,G2,1.33580405134856,1.1631242594381
k2020,G2,1.34618866193307,0.860724341075933
k2020,G2,1.35665400302359,0.631417837128736
k2020,G2,1.3672007022233,0.459336674605812
k2020,G2,1.37782939201439,0.331466911764667
k2020,G2,1.38854070979601,0.237337091411205
k2020,G2,1.39933529792247,0.168662735023966
k2020,G2,1.41021380374181,0.118988312925508
k2020,G2,1.42117687963455,0.0833523919543296
k2020,G2,1.43222518305287,0.0579898657632164
k2020,G2,1.44335937656002,0.0400768865853327
k2020,G2,1.45458012787002,0.0275187091498825
k2020,G2,1.46588810988779,0.0187774362990845
k2020,G2,1.47728400074939,0.0127349959475997
k2020,G2,1.48876848386278,0.00858606864726674
k2020,G2,1.50034224794877,0.00575573364978341
k2020,G2,1.5120059870823,0.00383702679833218
k2020,G2,1.5237604007341,0.0025442119402614
k2020,G2,1.53560619381262,0.00167823267506017
k2020,G2,1.54754407670631,0.00110145648798885
k2020,G2,1.5595747653262,0.000719406690880751
k2020,G2,1.57169898114888,0.000467680315647377
k2020,G2,1.58391745125969,0.000302668097791359
k2020,G2,1.59623090839642,0.000195030496237954
k2020,G2,1.60864009099317,0.000125150350111157
k2020,G2,1.62114574322467,7.99890594930155e-05
k2020,G2,1.63374861505092,5.09299658400852e-05
k2020,G2,1.64644946226213,3.2309908942125e-05
k2020,G2,1.65924904652407,2.04264507461519e-05
k2020,G2,1.67214813542374,1.28712339376369e-05
k2020,G2,1.68514750251539,8.08523813694669e-06
k2020,G2,1.69824792736694,5.0639110539714e-06
k2020,G2,1.71145019560671,3.162825289508e-06
k2020,G2,1.72475509897051,1.97031415041624e-06
k2020,G2,1.73816343534917,1.22445308041597e-06
k2020,G2,1.75167600883637,7.59224957342154e-07
k2020,G2,1.76529362977683,4.69781291047491e-07
k2020,G2,1.77901711481496,2.90130328213305e-07
k2020,G2,1.79284728694379,1.78870190624208e-07
k2020,G2,1.80678497555435,1.10104608208904e-07
k2020,G2,1.82083101648538,6.76816541987873e-08
k2020,G2,1.83498625207351,4.15536936295549e-08
k2020,G2,1.84925153120369,2.54857113102019e-08
k2020,G2,1.8636277093602,1.56173592089414e-08
k2020,G2,1.87811564867785,9.56351208511639e-09
k2020,G2,1.89271621799377,5.85330899622472e-09
k2020,G2,1.90743029289946,3.58125278429181e-09
k2020,G2,1.9222587557933,2.19075214528171e-09
k2020,AUClast_only,0.41166181844509,2.22044604925031e-14
k2020,AUClast_only,0.414862098959848,2.22044604925031e-14
k2020,AUClast_only,0.418087258622766,2.22044604925031e-14
k2020,AUClast_only,0.421337490845644,2.22044604925031e-14
k2020,AUClast_only,0.424612990543876,2.22044604925031e-14
k2020,AUClast_only,0.427913954148135,2.22044604925031e-14
k2020,AUClast_only,0.431240579616161,2.22044604925031e-14
k2020,AUClast_only,0.434593066444625,2.22044604925031e-14
k2020,AUClast_only,0.437971615681095,2.22044604925031e-14
k2020,AUClast_only,0.441376429936095,2.22044604925031e-14
k2020,AUClast_only,0.444807713395254,2.22044604925031e-14
k2020,AUClast_only,0.448265671831549,2.22044604925031e-14
k2020,AUClast_only,0.451750512617648,2.22044604925031e-14
k2020,AUClast_only,0.455262444738346,2.22044604925031e-14
k2020,AUClast_only,0.458801678803094,2.22044604925031e-14
k2020,AUClast_only,0.462368427058635,2.22044604925031e-14
k2020,AUClast_only,0.465962903401727,2.22044604925031e-14
k2020,AUClast_only,0.469585323391973,2.22044604925031e-14
k2020,AUClast_only,0.473235904264748,2.22044604925031e-14
k2020,AUClast_only,0.476914864944227,2.22044604925031e-14
k2020,AUClast_only,0.480622426056511,2.22044604925031e-14
k2020,AUClast_only,0.484358809942863,2.22044604925031e-14
k2020,AUClast_only,0.488124240673034,2.22044604925031e-14
k2020,AUClast_only,0.491918944058709,2.22044604925031e-14
k2020,AUClast_only,0.495743147667044,2.22044604925031e-14
k2020,AUClast_only,0.499597080834313,2.22044604925031e-14
k2020,AUClast_only,0.503480974679661,2.22044604925031e-14
k2020,AUClast_only,0.507395062118969,2.22044604925031e-14
k2020,AUClast_only,0.511339577878815,2.22044604925031e-14
k2020,AUClast_only,0.515314758510556,2.22044604925031e-14
k2020,AUClast_only,0.519320842404509,2.22044604925031e-14
k2020,AUClast_only,0.523358069804253,2.22044604925031e-14
k2020,AUClast_only,0.52742668282103,2.22044604925031e-14
k2020,AUClast_only,0.531526925448269,2.22044604925031e-14
k2020,AUClast_only,0.535659043576218,2.22044604925031e-14
k2020,AUClast_only,0.539823285006686,2.22044604925031e-14
k2020,AUClast_only,0.544019899467907,2.22044604925031e-14
k2020,AUClast_only,0.548249138629518,2.22044604925031e-14
k2020,AUClast_only,0.552511256117644,2.22044604925031e-14
k2020,AUClast_only,0.556806507530117,2.22044604925031e-14
k2020,AUClast_only,0.561135150451799,2.22044604925031e-14
k2020,AUClast_only,0.565497444470029,2.22044604925031e-14
k2020,AUClast_only,0.569893651190192,2.22044604925031e-14
k2020,AUClast_only,0.574324034251407,2.22044604925031e-14
k2020,AUClast_only,0.578788859342338,2.22044604925031e-14
k2020,AUClast_only,0.583288394217125,2.22044604925031e-14
k2020,AUClast_only,0.587822908711445,2.22044604925031e-14
k2020,AUClast_only,0.59239267475869,2.22044604925031e-14
k2020,AUClast_only,0.596997966406277,2.22044604925031e-14
k2020,AUClast_only,0.601639059832081,2.22044604925031e-14
k2020,AUClast_only,0.606316233360999,2.22044604925031e-14
k2020,AUClast_only,0.611029767481642,2.22044604925031e-14
k2020,AUClast_only,0.61577994486315,2.22044604925031e-14
k2020,AUClast_only,0.620567050372152,2.22044604925031e-14
k2020,AUClast_only,0.625391371089842,2.22044604925031e-14
k2020,AUClast_only,0.6302531963292,2.22044604925031e-14
k2020,AUClast_only,0.63515281765234,2.22044604925031e-14
k2020,AUClast_only,0.640090528887995,2.22044604925031e-14
k2020,AUClast_only,0.645066626149137,2.22044604925031e-14
k2020,AUClast_only,0.650081407850736,2.22044604925031e-14
k2020,AUClast_only,0.655135174727658,2.22044604925031e-14
k2020,AUClast_only,0.660228229852693,2.22044604925031e-14
k2020,AUClast_only,0.66536087865474,2.22044604925031e-14
k2020,AUClast_only,0.670533428937115,2.22044604925031e-14
k2020,AUClast_only,0.675746190896012,2.22044604925031e-14
k2020,AUClast_only,0.68099947713911,2.22044604925031e-14
k2020,AUClast_only,0.686293602704314,2.22044604925031e-14
k2020,AUClast_only,0.691628885078651,2.22044604925031e-14
k2020,AUClast_only,0.697005644217308,2.22044604925031e-14
k2020,AUClast_only,0.702424202562822,1.5233807990323e-11
k2020,AUClast_only,0.707884885064412,2.32818659643714e-10
k2020,AUClast_only,0.713388019197473,3.06885469022395e-09
k2020,AUClast_only,0.718933934983209,3.48149864658808e-08
k2020,AUClast_only,0.724522965008426,3.39210769504421e-07
k2020,AUClast_only,0.730155444445477,2.8324917458308e-06
k2020,AUClast_only,0.735831711072363,2.02276471851459e-05
k2020,AUClast_only,0.741552105292989,0.000123276872454857
k2020,AUClast_only,0.747316970157578,0.000639820387388471
k2020,AUClast_only,0.753126651383242,0.00282702875965327
k2020,AUClast_only,0.758981497374717,0.0107137165038389
k2020,AUClast_only,0.764881859245256,0.0351582408792311
k2020,AUClast_only,0.770828090837683,0.100848701462761
k2020,AUClast_only,0.776820548745617,0.255181677299999
k2020,AUClast_only,0.782859592334853,0.574665732077509
k2020,AUClast_only,0.788945583764915,1.16170943656734
k2020,AUClast_only,0.795078888010773,2.12605684447644
k2020,AUClast_only,0.801259872884734,3.55303733096724
k2020,AUClast_only,0.807488909058494,5.47180286638551
k2020,AUClast_only,0.813766370085372,7.8415679565589
k2020,AUClast_only,0.820092632422711,10.5656964977669
k2020,AUClast_only,0.82646807545445,13.5273528405797
k2020,AUClast_only,0.832893081513881,16.6297465504638
k2020,AUClast_only,0.839368035906575,19.8260100819147
k2020,AUClast_only,0.845893326933488,23.1334290361281
k2020,AUClast_only,0.852469345914247,26.6349665708973
k2020,AUClast_only,0.859096487210621,30.4733994706046
k2020,AUClast_only,0.865775148250165,34.8406556950152
k2020,AUClast_only,0.872505729550058,39.9591075252448
k2020,AUClast_only,0.879288634741121,45.9867837389256
k2020,AUClast_only,0.886124270592021,52.755698215272
k2020,AUClast_only,0.893013047033667,59.9014371039578
k2020,AUClast_only,0.899955377183791,66.9753839262411
k2020,AUClast_only,0.906951677371725,73.5432309060531
k2020,AUClast_only,0.914002367163367,79.283740236442
k2020,AUClast_only,0.921107869386342,84.0401199541849
k2020,AUClast_only,0.928268610155359,87.8099349191136
k2020,AUClast_only,0.935485018897764,90.695515730709
k2020,AUClast_only,0.942757528379295,92.8473666885494
k2020,AUClast_only,0.950086574730033,94.4214210750717
k2020,AUClast_only,0.957472597470559,95.5552031792754
k2020,AUClast_only,0.964916039538306,96.3588174971878
k2020,AUClast_only,0.97241734731413,96.9145169465864
k2020,AUClast_only,0.979976970649071,97.2798579824352
k2020,AUClast_only,0.987595362891338,97.4913443596049
k2020,AUClast_only,0.995272980913491,97.570515380744
k2020,AUClast_only,1.00301028513984,97.535005535961
k2020,AUClast_only,1.01080773957406,97.389865470378
k2020,AUClast_only,1.01866581182702,97.1271576093788
k2020,AUClast_only,1.02658497314481,96.7268715035942
k2020,AUClast_only,1.03456569843701,96.1562467399869
k2020,AUClast_only,1.04260846630518,95.3681424778208
k2020,AUClast_only,1.05071375907156,94.2991477597999
k2020,AUClast_only,1.05888206280798,92.8684926331857
k2020,AUClast_only,1.06711386736501,90.9794610371656
k2020,AUClast_only,1.07540966640135,88.5257410559768
k2020,AUClast_only,1.08376995741344,85.4054455567065
k2020,AUClast_only,1.09219524176527,81.5443930226679
k2020,AUClast_only,1.10068602471846,76.9265442747282
k2020,AUClast_only,1.10924281546256,71.6233568145566
k2020,AUClast_only,1.1178661271456,65.8077284002214
k2020,AUClast_only,1.12655647690484,59.6922738559331
k2020,AUClast_only,1.13531438589779,53.4464643572435
k2020,AUClast_only,1.14414037933346,47.2311692180402
k2020,AUClast_only,1.15303498650388,41.1920512729071
k2020,AUClast_only,1.1619987408158,35.4509287287271
k2020,AUClast_only,1.17103217982273,30.1017158747099
k2020,AUClast_only,1.18013584525713,25.2100977127177
k2020,AUClast_only,1.18931028306293,20.8156612015208
k2020,AUClast_only,1.19855604342823,16.9352748091148
k2020,AUClast_only,1.20787368081835,13.5668445930278
k2020,AUClast_only,1.21726375400904,10.6929619392635
k2020,AUClast_only,1.22672682612,8.28426259053474
k2020,AUClast_only,1.23626346464866,6.30249222935954
k2020,AUClast_only,1.2458742415042,4.70333293541869
k2020,AUClast_only,1.25555973304185,3.43902742029571
k2020,AUClast_only,1.26532052009747,2.46078872730537
k2020,AUClast_only,1.27515718802233,1.72093743477582
k2020,AUClast_only,1.2850703267183,1.17487980756087
k2020,AUClast_only,1.29506053067315,0.78311137242915
k2020,AUClast_only,1.30512839899623,0.510038899387647
k2020,AUClast_only,1.31527453545441,0.324831532430283
k2020,AUClast_only,1.32549954850825,0.202435251306586
k2020,AUClast_only,1.33580405134856,0.123526177676261
k2020,AUClast_only,1.34618866193307,0.0738458287549026
k2020,AUClast_only,1.35665400302359,0.0432730975600047
k2020,AUClast_only,1.3672007022233,0.0248686407699394
k2020,AUClast_only,1.37782939201439,0.0140228082381252
k2020,AUClast_only,1.38854070979601,0.00776187291645073
k2020,AUClast_only,1.39933529792247,0.00421931098711676
k2020,AUClast_only,1.41021380374181,0.00225346989025014
k2020,AUClast_only,1.42117687963455,0.00118300596805873
k2020,AUClast_only,1.43222518305287,0.000610710755396683
k2020,AUClast_only,1.44335937656002,0.000310159737814089
k2020,AUClast_only,1.45458012787002,0.000155032881885728
k2020,AUClast_only,1.46588810988779,7.63023379324934e-05
k2020,AUClast_only,1.47728400074939,3.69925641230786e-05
k2020,AUClast_only,1.48876848386278,1.76742280358548e-05
k2020,AUClast_only,1.50034224794877,8.32535428272115e-06
k2020,AUClast_only,1.5120059870823,3.86801407462256e-06
k2020,AUClast_only,1.5237604007341,1.77330406474506e-06
k2020,AUClast_only,1.53560619381262,8.02555360301015e-07
k2020,AUClast_only,1.54754407670631,3.58715545456941e-07
k2020,AUClast_only,1.5595747653262,1.58414738235695e-07
k2020,AUClast_only,1.57169898114888,6.91509160860346e-08
k2020,AUClast_only,1.58391745125969,2.9849979589565e-08
k2020,AUClast_only,1.59623090839642,1.2747372155506e-08
k2020,AUClast_only,1.60864009099317,5.3878388385726e-09
k2020,AUClast_only,1.62114574322467,2.2548238094233e-09
k2020,AUClast_only,1.63374861505092,9.34762949709558e-10
k2020,AUClast_only,1.64644946226213,3.84032527432835e-10
k2020,AUClast_only,1.65924904652407,1.56422402343782e-10
k2020,AUClast_only,1.67214813542374,6.31947634135072e-11
k2020,AUClast_only,1.68514750251539,2.5333850991469e-11
k2020,AUClast_only,1.69824792736694,1.00819859756063e-11
k2020,AUClast_only,1.71145019560671,2.22044604925031e-14
k2020,AUClast_only,1.72475509897051,2.22044604925031e-14
k2020,AUClast_only,1.73816343534917,2.22044604925031e-14
k2020,AUClast_only,1.75167600883637,2.22044604925031e-14
k2020,AUClast_only,1.76529362977683,2.22044604925031e-14
k2020,AUClast_only,1.77901711481496,2.22044604925031e-14
k2020,AUClast_only,1.79284728694379,2.22044604925031e-14
k2020,AUClast_only,1.80678497555435,2.22044604925031e-14
k2020,AUClast_only,1.82083101648538,2.22044604925031e-14
k2020,AUClast_only,1.83498625207351,2.22044604925031e-14
k2020,AUClast_only,1.84925153120369,2.22044604925031e-14
k2020,AUClast_only,1.8636277093602,2.22044604925031e-14
k2020,AUClast_only,1.87811564867785,2.22044604925031e-14
k2020,AUClast_only,1.89271621799377,2.22044604925031e-14
k2020,AUClast_only,1.90743029289946,2.22044604925031e-14
k2020,AUClast_only,1.9222587557933,2.22044604925031e-14
k2020,AUCinf_only,0.41166181844509,2.22044604925031e-14
k2020,AUCinf_only,0.414862098959848,2.22044604925031e-14
k2020,AUCinf_only,0.418087258622766,2.22044604925031e-14
k2020,AUCinf_only,0.421337490845644,2.22044604925031e-14
k2020,AUCinf_only,0.424612990543876,2.22044604925031e-14
k2020,AUCinf_only,0.427913954148135,2.22044604925031e-14
k2020,AUCinf_only,0.431240579616161,2.22044604925031e-14
k2020,AUCinf_only,0.434593066444625,2.22044604925031e-14
k2020,AUCinf_only,0.437971615681095,2.22044604925031e-14
k2020,AUCinf_only,0.441376429936095,2.22044604925031e-14
k2020,AUCinf_only,0.444807713395254,2.22044604925031e-14
k2020,AUCinf_only,0.448265671831549,2.22044604925031e-14
k2020,AUCinf_only,0.451750512617648,2.22044604925031e-14
k2020,AUCinf_only,0.455262444738346,2.22044604925031e-14
k2020,AUCinf_only,0.458801678803094,2.22044604925031e-14
k2020,AUCinf_only,0.462368427058635,2.22044604925031e-14
k2020,AUCinf_only,0.465962903401727,2.22044604925031e-14
k2020,AUCinf_only,0.469585323391973,2.22044604925031e-14
k2020,AUCinf_only,0.473235904264748,2.22044604925031e-14
k2020,AUCinf_only,0.476914864944227,2.22044604925031e-14
k2020,AUCinf_only,0.480622426056511,2.22044604925031e-14
k2020,AUCinf_only,0.484358809942863,2.22044604925031e-14
k2020,AUCinf_only,0.488124240673034,2.22044604925031e-14
k2020,AUCinf_only,0.491918944058709,2.22044604925031e-14
k2020,AUCinf_only,0.495743147667044,2.22044604925031e-14
k2020,AUCinf_only,0.499597080834313,2.22044604925031e-14
k2020,AUCinf_only,0.503480974679661,2.22044604925031e-14
k2020,AUCinf_only,0.507395062118969,2.22044604925031e-14
k2020,AUCinf_only,0.511339577878815,2.22044604925031e-14
k2020,AUCinf_only,0.515314758510556,2.22044604925031e-14
k2020,AUCinf_only,0.519320842404509,2.22044604925031e-14
k2020,AUCinf_only,0.523358069804253,2.22044604925031e-14
k2020,AUCinf_only,0.52742668282103,2.22044604925031e-14
k2020,AUCinf_only,0.531526925448269,1.36682855954643e-11
k2020,AUCinf_only,0.535659043576218,3.1161166398264e-11
k2020,AUCinf_only,0.539823285006686,7.04922122488368e-11
k2020,AUCinf_only,0.544019899467907,1.58196607476904e-10
k2020,AUCinf_only,0.548249138629518,3.52113437585866e-10
k2020,AUCinf_only,0.552511256117644,7.77138200282373e-10
k2020,AUCinf_only,0.556806507530117,1.70037596221929e-09
k2020,AUCinf_only,0.561135150451799,3.68742770863369e-09
k2020,AUCinf_only,0.565497444470029,7.92382267575954e-09
k2020,AUCinf_only,0.569893651190192,1.68686168346602e-08
k2020,AUCinf_only,0.574324034251407,3.5567923224897e-08
k2020,AUCinf_only,0.578788859342338,7.42630305693915e-08
k2020,AUCinf_only,0.583288394217125,1.53505086649241e-07
k2020,AUCinf_only,0.587822908711445,3.14057835666003e-07
k2020,AUCinf_only,0.59239267475869,6.35819834376459e-07
k2020,AUCinf_only,0.596997966406277,1.27349399623104e-06
k2020,AUCinf_only,0.601639059832081,2.52289362774384e-06
k2020,AUCinf_only,0.606316233360999,4.94243538144628e-06
k2020,AUCinf_only,0.611029767481642,9.57246736929453e-06
k2020,AUCinf_only,0.61577994486315,1.83251877267096e-05
k2020,AUCinf_only,0.620567050372152,3.46669325109437e-05
k2020,AUCinf_only,0.625391371089842,6.47926335485158e-05
k2020,AUCinf_only,0.6302531963292,0.000119613405280127
k2020,AUCinf_only,0.63515281765234,0.000218061409793993
k2020,AUCinf_only,0.640090528887995,0.000392485116104224
k2020,AUCinf_only,0.645066626149137,0.000697290204843988
k2020,AUCinf_only,0.650081407850736,0.00122250419752975
k2020,AUCinf_only,0.655135174727658,0.00211462691678434
k2020,AUCinf_only,0.660228229852693,0.00360797529163623
k2020,AUCinf_only,0.66536087865474,0.00607070281545763
k2020,AUCinf_only,0.670533428937115,0.0100706699044075
k2020,AUCinf_only,0.675746190896012,0.0164671636755525
k2020,AUCinf_only,0.68099947713911,0.026534785099882
k2020,AUCinf_only,0.686293602704314,0.0421251485877941
k2020,AUCinf_only,0.691628885078651,0.0658697151467005
k2020,AUCinf_only,0.697005644217308,0.101422310706998
k2020,AUCinf_only,0.702424202562822,0.15373184133465
k2020,AUCinf_only,0.707884885064412,0.229323767505395
k2020,AUCinf_only,0.713388019197473,0.336552947687948
k2020,AUCinf_only,0.718933934983209,0.485771483042203
k2020,AUCinf_only,0.724522965008426,0.689335870974922
k2020,AUCinf_only,0.730155444445477,0.961363071611704
k2020,AUCinf_only,0.735831711072363,1.31714241875208
k2020,AUCinf_only,0.741552105292989,1.77212868955641
k2020,AUCinf_only,0.747316970157578,2.3404892763828
k2020,AUCinf_only,0.753126651383242,3.03401946350877
k2020,AUCinf_only,0.758981497374717,3.86428744217614
k2020,AUCinf_only,0.764881859245256,4.8420749387934
k2020,AUCinf_only,0.770828090837683,5.97690610718785
k2020,AUCinf_only,0.776820548745617,7.27735969712368
k2020,AUCinf_only,0.782859592334853,8.75160236544084
k2020,AUCinf_only,0.788945583764915,10.4080858735369
k2020,AUCinf_only,0.795078888010773,12.2563271356921
k2020,AUCinf_only,0.801259872884734,14.3076738512956
k2020,AUCinf_only,0.807488909058494,16.5759470568107
k2020,AUCinf_only,0.813766370085372,19.0778406168387
k2020,AUCinf_only,0.820092632422711,21.8329414525271
k2020,AUCinf_only,0.82646807545445,24.8632103129959
k2020,AUCinf_only,0.832893081513881,28.1917333618693
k2020,AUCinf_only,0.839368035906575,31.8405309481353
k2020,AUCinf_only,0.845893326933488,35.8272163493781
k2020,AUCinf_only,0.852469345914247,40.1603758870998
k2020,AUCinf_only,0.859096487210621,44.8337495391118
k2020,AUCinf_only,0.865775148250165,49.8196827258126
k2020,AUCinf_only,0.872505729550058,55.0629041706221
k2020,AUCinf_only,0.879288634741121,60.4600413666953
k2020,AUCinf_only,0.886124270592021,65.814435304616
k2020,AUCinf_only,0.893013047033667,70.9179874176577
k2020,AUCinf_only,0.899955377183791,75.6000086370671
k2020,AUCinf_only,0.906951677371725,79.7467548515115
k2020,AUCinf_only,0.914002367163367,83.30645045277
k2020,AUCinf_only,0.921107869386342,86.2813650204673
k2020,AUCinf_only,0.928268610155359,88.7124806065402
k2020,AUCinf_only,0.935485018897764,90.6627436514066
k2020,AUCinf_only,0.942757528379295,92.2029666848889
k2020,AUCinf_only,0.950086574730033,93.4019922269997
k2020,AUCinf_only,0.957472597470559,94.3209481549487
k2020,AUCinf_only,0.964916039538306,95.0105793002287
k2020,AUCinf_only,0.97241734731413,95.5104806444937
k2020,AUCinf_only,0.979976970649071,95.8492272632656
k2020,AUCinf_only,0.987595362891338,96.0446354044568
k2020,AUCinf_only,0.995272980913491,96.1070666318708
k2020,AUCinf_only,1.00301028513984,96.0486928750345
k2020,AUCinf_only,1.01080773957406,95.8742349163932
k2020,AUCinf_only,1.01866581182702,95.5796857089673
k2020,AUCinf_only,1.02658497314481,95.1534265939409
k2020,AUCinf_only,1.03456569843701,94.5767273955048
k2020,AUCinf_only,1.04260846630518,93.8239904769354
k2020,AUCinf_only,1.05071375907156,92.8630881820534
k2020,AUCinf_only,1.05888206280798,91.6561875851172
k2020,AUCinf_only,1.06711386736501,90.161519767098
k2020,AUCinf_only,1.07540966640135,88.3365761473764
k2020,AUCinf_only,1.08376995741344,86.1431165632469
k2020,AUCinf_only,1.09219524176527,83.5540521638149
k2020,AUCinf_only,1.10068602471846,80.5616569035441
k2020,AUCinf_only,1.10924281546256,77.1857322870921
k2020,AUCinf_only,1.1178661271456,73.4792517121354
k2020,AUCinf_only,1.12655647690484,69.503782341769
k2020,AUCinf_only,1.13531438589779,65.2978322727589
k2020,AUCinf_only,1.14414037933346,60.9030647553697
k2020,AUCinf_only,1.15303498650388,56.3666499037598
k2020,AUCinf_only,1.1619987408158,51.7401802109261
k2020,AUCinf_only,1.17103217982273,47.0785042503562
k2020,AUCinf_only,1.18013584525713,42.4384460719019
k2020,AUCinf_only,1.18931028306293,37.8773644135302
k2020,AUCinf_only,1.19855604342823,33.4515180623872
k2020,AUCinf_only,1.20787368081835,29.2142424127269
k2020,AUCinf_only,1.21726375400904,25.2140008207561
k2020,AUCinf_only,1.22672682612,21.4924389856861
k2020,AUCinf_only,1.23626346464866,18.0826231157569
k2020,AUCinf_only,1.2458742415042,15.0076653014847
k2020,AUCinf_only,1.25555973304185,12.279920783958
k2020,AUCinf_only,1.26532052009747,9.90088106579307
k2020,AUCinf_only,1.27515718802233,7.86179569065441
k2020,AUCinf_only,1.2850703267183,6.14545816669131
k2020,AUCinf_only,1.29506053067315,4.73037588048258
k2020,AUCinf_only,1.30512839899623,3.58788580554354
k2020,AUCinf_only,1.31527453545441,2.68338460199984
k2020,AUCinf_only,1.32549954850825,1.98025478886988
k2020,AUCinf_only,1.33580405134856,1.44287692437866
k2020,AUCinf_only,1.34618866193307,1.03863379329884
k2020,AUCinf_only,1.35665400302359,0.73901306916936
k2020,AUCinf_only,1.3672007022233,0.520004205418105
k2020,AUCinf_only,1.37782939201439,0.362004516996877
k2020,AUCinf_only,1.38854070979601,0.249426274501319
k2020,AUCinf_only,1.39933529792247,0.17015487750936
k2020,AUCinf_only,1.41021380374181,0.114963664912937
k2020,AUCinf_only,1.42117687963455,0.0769521036432512
k2020,AUCinf_only,1.43222518305287,0.0510441260037009
k2020,AUCinf_only,1.44335937656002,0.033562320586143
k2020,AUCinf_only,1.45458012787002,0.0218801397372107
k2020,AUCinf_only,1.46588810988779,0.0141464571574463
k2020,AUCinf_only,1.47728400074939,0.00907297910552567
k2020,AUCinf_only,1.48876848386278,0.00577377884215795
k2020,AUCinf_only,1.50034224794877,0.00364653633231025
k2020,AUCinf_only,1.5120059870823,0.00228619046349167
k2020,AUCinf_only,1.5237604007341,0.00142316890001128
k2020,AUCinf_only,1.53560619381262,0.000879858758917108
k2020,AUCinf_only,1.54754407670631,0.000540358516929764
k2020,AUCinf_only,1.5595747653262,0.000329733768165562
k2020,AUCinf_only,1.57169898114888,0.000199966378750508
k2020,AUCinf_only,1.58391745125969,0.000120548646867559
k2020,AUCinf_only,1.59623090839642,7.22568659652838e-05
k2020,AUCinf_only,1.60864009099317,4.30731778626513e-05
k2020,AUCinf_only,1.62114574322467,2.5541434838145e-05
k2020,AUCinf_only,1.63374861505092,1.50693252941637e-05
k2020,AUCinf_only,1.64644946226213,8.84814060151926e-06
k2020,AUCinf_only,1.65924904652407,5.17153487664085e-06
k2020,AUCinf_only,1.67214813542374,3.0095092200479e-06
k2020,AUCinf_only,1.68514750251539,1.74413547842459e-06
k2020,AUCinf_only,1.69824792736694,1.0068681701275e-06
k2020,AUCinf_only,1.71145019560671,5.79125119854052e-07
k2020,AUCinf_only,1.72475509897051,3.31954934207586e-07
k2020,AUCinf_only,1.73816343534917,1.89667240589424e-07
k2020,AUCinf_only,1.75167600883637,1.08046706500924e-07
k2020,AUCinf_only,1.76529362977683,6.13813291300949e-08
k2020,AUCinf_only,1.77901711481496,3.47829272819966e-08
k2020,AUCinf_only,1.79284728694379,1.96653007456562e-08
k2020,AUCinf_only,1.80678497555435,1.10953042867349e-08
k2020,AUCinf_only,1.82083101648538,6.24858296319135e-09
k2020,AUCinf_only,1.83498625207351,3.51339597827215e-09
k2020,AUCinf_only,1.84925153120369,1.97276535875731e-09
k2020,AUCinf_only,1.8636277093602,1.10643544027477e-09
k2020,AUCinf_only,1.87811564867785,6.19981274455655e-10
k2020,AUCinf_only,1.89271621799377,3.47162217524868e-10
k2020,AUCinf_only,1.90743029289946,1.94306469001215e-10
k2020,AUCinf_only,1.9222587557933,1.08728282522056e-10
