model,id,time_after_dose,study_day,conc,auc
k2016,8070,0.05,1.05,0.792761766090704,0.0199265878822212
k2016,8070,0.1,1.1,1.56737590764859,0.078996109353335
k2016,8070,0.15,1.15,2.32638042335646,0.176404198994019
k2016,8070,0.2,1.2,3.07013476382307,0.31138001482792
k2016,8070,0.25,1.25,3.79891720022297,0.483168155244859
k2016,8070,0.3,1.3,4.51298256694583,0.691026456507153
k2016,8070,0.35,1.35,5.21257467121218,0.934225194903426
k2016,8070,0.4,1.4,5.897930357692,1.21204665319047
k2016,8070,0.45,1.45,6.56928121024632,1.5237848196894
k2016,8070,0.5,1.5,7.22685436613095,1.86874514848345
k2016,8070,0.55,1.55,7.870872963904,2.24624434925274
k2016,8070,0.6,1.6,8.50155642310102,2.65561019466372
k2016,8070,0.65,1.65,9.11912062600245,3.09618133936862
k2016,8070,0.7,1.7,9.7237780515198,3.56730714636819
k2016,8070,0.75,1.75,10.3157378752988,4.06834751978706
k2016,8070,0.8,1.8,10.8952060536543,4.59867274170501
k2016,8070,0.85,1.85,11.4623853945754,5.1576633130369
k2016,8070,0.9,1.9,12.0174756205121,5.74470979770893
k2016,8070,0.95,1.95,12.5606734254269,6.35921266982823
k2016,8070,1,2,13.0921725276867,7.00058216359647
k2016,8070,1.05,2.05,13.6121637198456,7.66823812578601
k2016,8070,1.1,2.1,14.1208349160265,8.36160987064277
k2016,8070,1.15,2.15,14.618371197394,9.08013603710874
k2016,8070,1.2,2.2,15.1049548560649,9.82326444827778
k2016,8070,1.25,2.25,15.5807654377275,10.5904519729786
k2016,8070,1.3,2.3,16.0459797830657,11.381164389579
k2016,8070,1.35,2.35,16.5007720682638,12.1948762517128
k2016,8070,1.4,2.4,16.9453138446256,13.0310707560144
k2016,8070,1.45,2.45,17.3797740773589,13.8892396118608
k2016,8070,1.5,2.5,17.804319183617,14.7688829130361
k2016,8070,1.55,2.55,18.2191130698609,15.6695090112623
k2016,8070,1.6,2.6,18.6243171685695,16.5906343915834
k2016,8070,1.65,2.65,19.0200904743317,17.5317835495706
k2016,8070,1.7,2.7,19.406589579348,18.4924888703185
k2016,8070,1.75,2.75,19.7839687083665,19.4722905092007
k2016,8070,1.8,2.8,20.152379753072,20.4707362743598
k2016,8070,1.85,2.85,20.5119723059464,21.4873815109021
k2016,8070,1.9,2.9,20.8628936936158,22.5217889867741
k2016,8070,1.95,2.95,21.2052890096969,23.5735287802924
k2016,8070,2,3,21.5393011471561,24.6421781693043
k2016,8070,2.05,3.05,21.8650708301916,25.7273215219543
k2016,8070,2.1,3.1,22.1827366456494,26.8285501890333
k2016,8070,2.15,3.15,22.4924350739819,27.9454623978864
k2016,8070,2.2,3.2,22.7943005197588,29.0776631478582
k2016,8070,2.25,3.25,23.0884653417375,30.2247641072518
k2016,8070,2.3,3.3,23.3750598825024,31.3863835117816
k2016,8070,2.35,3.35,23.6542124976787,32.5621460644961
k2016,8070,2.4,3.4,23.9260495847294,33.7516828371522
k2016,8070,2.45,3.45,24.1906956113419,34.9546311730177
k2016,8070,2.5,3.5,24.4482731434097,36.1706345910846
k2016,8070,2.55,3.55,24.6989028726177,37.3993426916699
k2016,8070,2.6,3.6,24.9427036436351,38.6404110633872
k2016,8070,2.65,3.65,25.1797924809232,39.8935011914672
k2016,8070,2.7,3.7,25.4102846151635,41.1582803674102
k2016,8070,2.75,3.75,25.6342935093122,42.4344215999493
k2016,8070,2.8,3.8,25.8519308842852,43.7216035273083
k2016,8070,2.85,3.85,26.0633067442812,45.0195103307342
k2016,8070,2.9,3.9,26.2685294017464,46.3278316492866
k2016,8070,2.95,3.95,26.4677055019867,47.6462624958673
k2016,8070,3,4,26.6609400474325,48.9745031744709
k2016,8070,3.05,4.05,26.8483364215609,50.312259198641
k2016,8070,3.1,4.1,27.02999641248,51.6592412111131
k2016,8070,3.15,4.15,27.2060202361809,53.0151649046289
k2016,8070,3.2,4.2,27.3765065594611,54.3797509439052
k2016,8070,3.25,4.25,27.5415525225244,55.75272488874
k2016,8070,3.3,4.3,27.7012537612623,57.1338171182419
k2016,8070,3.35,4.35,27.8557044292201,58.5227627561643
k2016,8070,3.4,4.4,28.004997219254,59.919301597331
k2016,8070,3.45,4.45,28.1492233848814,61.3231780351371
k2016,8070,3.5,4.5,28.2884727613307,62.7341409901088
k2016,8070,3.55,4.55,28.4228337862931,64.1519438395099
k2016,8070,3.6,4.6,28.5523935203819,65.576344347977
k2016,8070,3.65,4.65,28.6772376673025,67.007104599171
k2016,8070,3.7,4.7,28.7974505937373,68.4439909284306
k2016,8070,3.75,4.75,28.9131153489499,69.8867738564118
k2016,8070,3.8,4.8,29.0243136841121,71.3352280237016
k2016,8070,3.85,4.85,29.1311260713571,72.7891321263908
k2016,8070,3.9,4.9,29.2336317225642,74.2482688525928
k2016,8070,3.95,4.95,29.3319086078771,75.712424819895
k2016,8070,4,5,29.4260334739602,77.1813905137293
k2016,8070,4.05,5.05,29.5160818619964,78.6549602266497
k2016,8070,4.1,5.1,29.6021281254308,80.1329319985021
k2016,8070,4.15,5.15,29.6842454474618,81.6151075574763
k2016,8070,4.2,5.2,29.7625058582858,83.1012922620255
k2016,8070,4.25,5.25,29.8369802520964,84.5912950436427
k2016,8070,4.3,5.3,29.9077384038433,86.0849283504797
k2016,8070,4.35,5.35,29.974848985753,87.5820080917996
k2016,8070,4.4,5.4,30.0383795836155,89.0823535832486
k2016,8070,4.45,5.45,30.09839671284,90.5857874929361
k2016,8070,4.5,5.5,30.154965834282,92.092135788313
k2016,8070,4.55,5.55,30.2081513698464,93.6012276838347
k2016,8070,4.6,5.6,30.2580167178688,95.1128955893985
k2016,8070,4.65,5.65,30.3046242682773,96.6269750595463
k2016,8070,4.7,5.7,30.3480354175403,98.1433047434173
k2016,8070,4.75,5.75,30.3883105834005,99.6617263354456
k2016,8070,4.8,5.8,30.4255092193997,101.182084526787
k2016,8070,4.85,5.85,30.4596898291969,102.704226957468
k2016,8070,4.9,5.9,30.4909099806828,104.228004169247
k2016,8070,4.95,5.95,30.5192263198924,105.75326955917
k2016,8070,5,6,30.5446945847205,107.279879333826
k2016,8070,5.05,6.05,30.5673696184408,108.807692464279
k2016,8070,5.1,6.1,30.5873053830329,110.336570641667
k2016,8070,5.15,6.15,30.6045549723184,111.866378233469
k2016,8070,5.2,6.2,30.6191706249107,113.396982240422
k2016,8070,5.25,6.25,30.6312037369784,114.928252254079
k2016,8070,5.3,6.3,30.6407048748279,116.460060415003
k2016,8070,5.35,6.35,30.6477237873051,117.992281371586
k2016,8070,5.4,6.4,30.6523094180207,119.524792239478
k2016,8070,5.45,6.45,30.6545099174001,121.057472561633
k2016,8070,5.5,6.5,30.6543726545607,122.590204268942
k2016,8070,5.55,6.55,30.6519442290204,124.122871641465
k2016,8070,5.6,6.6,30.647270482237,125.655361270238
k2016,8070,5.65,6.65,30.6403965089831,127.187562019655
k2016,8070,5.7,6.7,30.6313666685584,128.719364990419
k2016,8070,5.75,6.75,30.62022459584,130.250663483036
k2016,8070,5.8,6.8,30.6070132121754,131.781352961877
k2016,8070,5.85,6.85,30.5917747361189,133.311331019765
k2016,8070,5.9,6.9,30.5745506940132,134.8404973431
k2016,8070,5.95,6.95,30.5553819304203,136.368753677514
k2016,8070,6,7,30.5343086184013,137.896003794035
k2016,8070,6.05,7.05,30.5113702696494,139.42215345577
k2016,8070,6.1,7.1,30.4866057444762,140.947110385083
k2016,8070,6.15,7.15,30.4600532616557,142.470784231275
k2016,8070,6.2,7.2,30.4317504081252,143.993086538749
k2016,8070,6.25,7.25,30.4017341485475,145.51393071566
k2016,8070,6.3,7.3,30.3700408347347,147.033232003035
k2016,8070,6.35,7.35,30.3367062149369,148.550907444364
k2016,8070,6.4,7.4,30.3017654429962,150.066875855651
k2016,8070,6.45,7.45,30.2652530873692,151.581057795922
k2016,8070,6.5,7.5,30.2272031400189,153.093375538175
k2016,8070,6.55,7.55,30.1876490251787,154.603753040776
k2016,8070,6.6,7.6,30.1466236079894,156.112115919292
k2016,8070,6.65,7.65,30.1041592030111,157.618391418746
k2016,8070,6.7,7.7,30.0602875826131,159.1225083863
k2016,8070,6.75,7.75,30.0150399852411,160.62439724435
k2016,8070,6.8,7.8,29.9684471235658,162.123989964039
k2016,8070,6.85,7.85,29.9205391925128,163.621220039167
k2016,8070,6.9,7.9,29.8713458771766,165.116022460498
k2016,8070,6.95,7.95,29.8208963606198,166.608333690472
k2016,8070,7,8,29.7692193315591,168.098091638289
k2016,8070,7.05,8.05,29.7163429919397,169.585235635385
k2016,8070,7.1,8.1,29.6622950644003,171.069706411279
k2016,8070,7.15,8.15,29.6071027996287,172.551446069795
k2016,8070,7.2,8.2,29.5507929836116,174.030398065642
k2016,8070,7.25,8.25,29.4933919447782,175.50650718136
k2016,8070,7.3,8.3,29.4349255610405,176.979719504618
k2016,8070,7.35,8.35,29.3754192667306,178.449982405863
k2016,8070,7.4,8.4,29.3148980594374,179.917244516313
k2016,8070,7.45,8.45,29.2533865067433,181.381455706286
k2016,8070,7.5,8.5,29.1909087528637,182.842567063866
k2016,8070,7.55,8.55,29.1274885251878,184.300530873903
k2016,8070,7.6,8.6,29.0631491407263,185.755300597329
k2016,8070,7.65,8.65,28.9979135124632,187.2068308508
k2016,8070,7.7,8.7,28.9318041556153,188.65507738665
k2016,8070,7.75,8.75,28.8648431938008,190.09999707316
k2016,8070,7.8,8.8,28.7970523651173,191.541547875126
k2016,8070,7.85,8.85,28.7284530281302,192.97968883474
k2016,8070,7.9,8.9,28.6590661677751,194.414380052754
k2016,8070,7.95,8.95,28.5889124011719,195.845582669948
k2016,8070,8,9,28.5180119833553,197.273258848882
k2016,8070,8.05,9.05,28.4463848129199,198.697371755935
k2016,8070,8.1,9.1,28.374050437584,200.117885543618
k2016,8070,8.15,9.15,28.30102805967,201.534765333172
k2016,8070,8.2,9.2,28.227336541506,202.947977197433
k2016,8070,8.25,9.25,28.152994410747,204.357488143963
k2016,8070,8.3,9.3,28.078019865618,205.763266098448
k2016,8070,8.35,9.35,28.0024307800803,207.165279888361
k2016,8070,8.4,9.4,27.9262447089216,208.56349922687
k2016,8070,8.45,9.45,27.8494788927709,209.957894697009
k2016,8070,8.5,9.5,27.7721502630402,211.34843773609
k2016,8070,8.55,9.55,27.6942754467924,212.73510062037
k2016,8070,8.6,9.6,27.615870771538,214.11785644995
k2016,8070,8.65,9.65,27.5369522699609,215.496679133913
k2016,8070,8.7,9.7,27.4575356845745,216.871543375707
k2016,8070,8.75,9.75,27.3776364723086,218.242424658746
k2016,8070,8.8,9.8,27.2972698090289,219.609299232242
k2016,8070,8.85,9.85,27.2164505939894,220.97214409727
k2016,8070,8.9,9.9,27.1351934542188,222.330936993044
k2016,8070,8.95,9.95,27.0535127488424,223.685656383412
k2016,8070,9,10,26.9714225733393,225.03628144357
k2016,8070,9.05,10.05,26.8889367637369,226.382792046986
k2016,8070,9.1,10.1,26.8060689007429,227.725168752527
k2016,8070,9.15,10.15,26.7228323138161,229.063392791798
k2016,8070,9.2,10.2,26.6392400851767,230.397446056681
k2016,8070,9.25,10.25,26.5553050537569,231.727311087069
k2016,8070,9.3,10.3,26.4710398190927,233.0529710588
k2016,8070,9.35,10.35,26.3864567451578,234.374409771786
k2016,8070,9.4,10.4,26.3015679641406,235.691611638325
k2016,8070,9.45,10.45,26.2163853801643,237.004561671609
k2016,8070,9.5,10.5,26.1309206729523,238.31324547441
k2016,8070,9.55,10.55,26.0451853014383,239.617649227953
k2016,8070,9.6,10.6,25.9591905073226,240.917759680962
k2016,8070,9.65,10.65,25.8729473185754,242.213564138891
k2016,8070,9.7,10.7,25.7864665528879,243.505050453319
k2016,8070,9.75,10.75,25.6997588210708,244.792207011524
k2016,8070,9.8,10.8,25.6128345304035,246.075022726223
k2016,8070,9.85,10.85,25.5257038879313,247.353487025477
k2016,8070,9.9,10.9,25.4383769037147,248.627589842762
k2016,8070,9.95,10.95,25.350863394029,249.897321607197
k2016,8070,10,11,25.2631729845161,251.162673233938
k2016,8070,10.05,11.05,25.1753151132894,252.423636114722
k2016,8070,10.1,11.1,25.087299033991,253.680202108567
k2016,8070,10.15,11.15,24.9991338188039,254.932363532622
k2016,8070,10.2,11.2,24.9108283614184,256.180113153174
k2016,8070,10.25,11.25,24.8223913799538,257.423444176792
k2016,8070,10.3,11.3,24.7338314198361,258.66235024162
k2016,8070,10.35,11.35,24.645156856632,259.896825408817
k2016,8070,10.4,11.4,24.556375898841,261.126864154131
k2016,8070,10.45,11.45,24.4674965906441,262.352461359617
k2016,8070,10.5,11.5,24.3785268146116,263.573612305487
k2016,8070,10.55,11.55,24.2894742943699,264.790312662095
k2016,8070,10.6,11.6,24.2003465972282,266.002558482061
k2016,8070,10.65,11.65,24.1111511367642,267.210346192513
k2016,8070,10.7,11.7,24.0218951753723,268.413672587471
k2016,8070,10.75,11.75,23.9325858267716,269.612534820345
k2016,8070,10.8,11.8,23.8432300584767,270.806930396566
k2016,8070,10.85,11.85,23.7538346942307,271.996857166338
k2016,8070,10.9,11.9,23.664406416401,273.182313317507
k2016,8070,10.95,11.95,23.5749517683388,274.36329736855
k2016,8070,11,12,23.485477156703,275.539808161689
k2016,8070,11.05,12.05,23.3959888537476,276.711844856106
k2016,8070,11.1,12.1,23.3064929995756,277.879406921282
k2016,8070,11.15,12.15,23.2169956043573,279.04249413045
k2016,8070,11.2,12.2,23.1275025505154,280.201106554144
k2016,8070,11.25,12.25,23.0380195948761,281.355244553873
k2016,8070,11.3,12.3,22.948552370788,282.504908775892
k2016,8070,11.35,12.35,22.8591063902081,283.650100145077
k2016,8070,11.4,12.4,22.7696870457554,284.790819858913
k2016,8070,11.45,12.45,22.6802996127341,285.927069381574
k2016,8070,11.5,12.5,22.5909492511243,287.058850438106
k2016,8070,11.55,12.55,22.5016410075435,288.186165008715
k2016,8070,11.6,12.6,22.412379817177,289.309015323142
k2016,8070,11.65,12.65,22.3231705056788,290.42740385514
k2016,8070,11.7,12.7,22.2340177910434,291.541333317049
k2016,8070,11.75,12.75,22.1449262854485,292.650806654453
k2016,8070,11.8,12.8,22.0559004970693,293.755827040938
k2016,8070,11.85,12.85,21.9669448318649,294.856397872935
k2016,8070,11.9,12.9,21.8780635953369,295.952522764657
k2016,8070,11.95,12.95,21.7892609942609,297.044205543114
k2016,8070,12,13,21.7005411383912,298.131450243223
k2016,8070,12.05,13.05,21.6119080421388,299.214261102999
k2016,8070,12.1,13.1,21.5233656262238,300.292642558827
k2016,8070,12.15,13.15,21.4349177193018,301.366599240821
k2016,8070,12.2,13.2,21.3465680595651,302.436135968259
k2016,8070,12.25,13.25,21.2583202963189,303.501257745101
k2016,8070,12.3,13.3,21.1701779915333,304.56196975558
k2016,8070,12.35,13.35,21.0821446213706,305.618277359878
k2016,8070,12.4,13.4,20.994223577689,306.670186089871
k2016,8070,12.45,13.45,20.9064181695233,307.717701644951
k2016,8070,12.5,13.5,20.8187316245412,308.760829887921
k2016,8070,12.55,13.55,20.7311670904783,309.799576840964
k2016,8070,12.6,13.6,20.6437276365495,310.83394868168
k2016,8070,12.65,13.65,20.5564162548387,311.863951739198
k2016,8070,12.7,13.7,20.4692358616671,312.889592490348
k2016,8070,12.75,13.75,20.3821892989389,313.910877555913
k2016,8070,12.8,13.8,20.2952793354671,314.927813696936
k2016,8070,12.85,13.85,20.2085086682776,315.940407811103
k2016,8070,12.9,13.9,20.1218799238929,316.948666929182
k2016,8070,12.95,13.95,20.035395659596,317.952598211532
k2016,8070,13,14,19.9490583646736,318.952208944668
k2016,8070,13.05,14.05,19.8628704616403,319.9475065379
k2016,8070,13.1,14.1,19.7768343074431,320.938498520015
k2016,8070,13.15,14.15,19.6909521946471,321.925192536036
k2016,8070,13.2,14.2,19.6052263526017,322.907596344027
k2016,8070,13.25,14.25,19.5196589485896,323.885717811964
k2016,8070,13.3,14.3,19.434252088956,324.859564914659
k2016,8070,13.35,14.35,19.3490078202209,325.829145730741
k2016,8070,13.4,14.4,19.2639281301736,326.794468439691
k2016,8070,13.45,14.45,19.1790149489492,327.755541318937
k2016,8070,13.5,14.5,19.0942701500883,328.71237274099
k2016,8070,13.55,14.55,19.0096955515801,329.664971170648
k2016,8070,13.6,14.6,18.9252929168879,330.613345162241
k2016,8070,13.65,14.65,18.8410639559593,331.557503356929
k2016,8070,13.7,14.7,18.7570103262192,332.497454480052
k2016,8070,13.75,14.75,18.6731336335477,333.43320733853
k2016,8070,13.8,14.8,18.5894354332416,334.364770818307
k2016,8070,13.85,14.85,18.505917230961,335.292153881848
k2016,8070,13.9,14.9,18.4225804836601,336.215365565679
k2016,8070,13.95,14.95,18.3394266005038,337.134414977976
k2016,8070,14,15,18.2564569437684,338.049311296196
k2016,8070,14.05,15.05,18.1736728297291,338.960063764756
k2016,8070,14.1,15.1,18.0910755295317,339.866681692757
k2016,8070,14.15,15.15,18.0086662700512,340.769174451745
k2016,8070,14.2,15.2,17.9264462347364,341.667551473522
k2016,8070,14.25,15.25,17.8444165644402,342.561822247993
k2016,8070,14.3,15.3,17.762578358237,343.451996321057
k2016,8070,14.35,15.35,17.6809326742261,344.338083292542
k2016,8070,14.4,15.4,17.5994805303234,345.22009281417
k2016,8070,14.45,15.45,17.5182229050383,346.098034587573
k2016,8070,14.5,15.5,17.4371607382393,346.971918362336
k2016,8070,14.55,15.55,17.3562949319066,347.841753934091
k2016,8070,14.6,15.6,17.2756263508725,348.707551142635
k2016,8070,14.65,15.65,17.1951558235495,349.569319870094
k2016,8070,14.7,15.7,17.1148841426461,350.427070039117
k2016,8070,14.75,15.75,17.0348120658722,351.280811611113
k2016,8070,14.8,15.8,16.9549403166308,352.130554584515
k2016,8070,14.85,15.85,16.8752695847004,352.976308993083
k2016,8070,14.9,15.9,16.7958005269046,353.818084904239
k2016,8070,14.95,15.95,16.7165337677712,354.655892417435
k2016,8070,15,16,16.6374699001806,355.489741662559
k2016,8070,15.05,16.05,16.5586094860033,356.31964279836
k2016,8070,15.1,16.1,16.4799530567263,357.145606010924
k2016,8070,15.15,16.15,16.4015011140701,357.96764151216
k2016,8070,15.2,16.2,16.3232541305943,358.785759538333
k2016,8070,15.25,16.25,16.2452125502943,359.599970348621
k2016,8070,15.3,16.3,16.1673767891867,360.410284223698
k2016,8070,15.35,16.35,16.0897472358862,361.216711464351
k2016,8070,15.4,16.4,16.0123242521719,362.019262390127
k2016,8070,15.45,16.45,15.9351081735446,362.817947338001
k2016,8070,15.5,16.5,15.8580993097748,363.612776661077
k2016,8070,15.55,16.55,15.7812979454408,364.403760727316
k2016,8070,15.6,16.6,15.7047043404584,365.19090991829
k2016,8070,15.65,16.65,15.628318730602,365.97423462796
k2016,8070,15.7,16.7,15.5521413280154,366.753745261484
k2016,8070,15.75,16.75,15.4761723217159,367.529452234046
k2016,8070,15.8,16.8,15.4004118780882,368.301365969712
k2016,8070,15.85,16.85,15.324860141371,369.069496900315
k2016,8070,15.9,16.9,15.2495172341346,369.833855464353
k2016,8070,15.95,16.95,15.1743832577509,370.594452105921
k2016,8070,16,17,15.0994582928553,371.351297273664
k2016,8070,16.05,17.05,15.0247423998002,372.104401419748
k2016,8070,16.1,17.1,14.9502356191015,372.853774998861
k2016,8070,16.15,17.15,14.8759379718768,373.599428467227
k2016,8070,16.2,17.2,14.8018494602762,374.341372281652
k2016,8070,16.25,17.25,14.7279700679065,375.079616898585
k2016,8070,16.3,17.3,14.6542997602464,375.814172773198
k2016,8070,16.35,17.35,14.5808384850566,376.545050358494
k2016,8070,16.4,17.4,14.5075861727809,377.272260104428
k2016,8070,16.45,17.45,14.4345427369417,377.995812457055
k2016,8070,16.5,17.5,14.3617080745277,378.715717857689
k2016,8070,16.55,17.55,14.289082066376,379.431986742088
k2016,8070,16.6,17.6,14.216664577546,380.144629539657
k2016,8070,16.65,17.65,14.1444554576882,380.853656672667
k2016,8070,16.7,17.7,14.0724545414059,381.559078555493
k2016,8070,16.75,17.75,14.0006616486102,382.260905593873
k2016,8070,16.8,17.8,13.9290765848699,382.95914818418
k2016,8070,16.85,17.85,13.8576991417537,383.653816712712
k2016,8070,16.9,17.9,13.786529097168,384.344921555005
k2016,8070,16.95,17.95,13.7155662156876,385.032473075154
k2016,8070,17,18,13.6448102488808,385.716481625158
k2016,8070,17.05,18.05,13.5742609356291,386.396957544275
k2016,8070,17.1,18.1,13.5039180024409,387.073911158396
k2016,8070,17.15,18.15,13.4337811637595,387.747352779434
k2016,8070,17.2,18.2,13.3638501222659,388.417292704731
k2016,8070,17.25,18.25,13.2941245691762,389.083741216473
k2016,8070,17.3,18.3,13.2246041845336,389.746708581129
k2016,8070,17.35,18.35,13.1552886374949,390.406205048893
k2016,8070,17.4,18.4,13.086177586612,391.062240853153
k2016,8070,17.45,18.45,13.0172706801087,391.714826209966
k2016,8070,17.5,18.5,12.9485675561523,392.363971317545
k2016,8070,17.55,18.55,12.8800678431195,393.009686355768
k2016,8070,17.6,18.6,12.811771159859,393.651981485692
k2016,8070,17.65,18.65,12.7436771159479,394.290866849082
k2016,8070,17.7,18.7,12.6757853119443,394.926352567957
k2016,8070,17.75,18.75,12.6080953396349,395.558448744143
k2016,8070,17.8,18.8,12.5406067822782,396.187165458841
k2016,8070,17.85,18.85,12.4733192148433,396.812512772207
k2016,8070,17.9,18.9,12.406232204244,397.434500722943
k2016,8070,17.95,18.95,12.3393453095689,398.053139327901
k2016,8070,18,19,12.2726580823075,398.668438581695
k2016,8070,18.05,19.05,12.2061700665712,399.280408456328
k2016,8070,18.1,19.1,12.1398807993111,399.88905890083
k2016,8070,18.15,19.15,12.0737898105312,400.494399840904
k2016,8070,18.2,19.2,12.0078966234983,401.096441178583
k2016,8070,18.25,19.25,11.9422007549469,401.695192791899
k2016,8070,18.3,19.3,11.8767017152812,402.290664534562
k2016,8070,18.35,19.35,11.811399008773,402.88286623565
k2016,8070,18.4,19.4,11.7462921337556,403.471807699301
k2016,8070,18.45,19.45,11.6813805828146,404.057498704429
k2016,8070,18.5,19.5,11.6166638429744,404.639949004437
k2016,8070,18.55,19.55,11.5521413958817,405.219168326942
k2016,8070,18.6,19.6,11.4878127179853,405.795166373515
k2016,8070,18.65,19.65,11.4236772807126,406.367952819421
k2016,8070,18.7,19.7,11.3597345506423,406.937537313375
k2016,8070,18.75,19.75,11.2959839896742,407.503929477306
k2016,8070,18.8,19.8,11.2324250551959,408.06713890612
k2016,8070,18.85,19.85,11.1690572002454,408.627175167486
k2016,8070,18.9,19.9,11.1058798736718,409.18404780162
k2016,8070,18.95,19.95,11.0428925202916,409.737766321076
k2016,8070,19,20,10.980094581043,410.288340210553
k2016,8070,19.05,20.05,10.9174854931365,410.835778926704
k2016,8070,19.1,20.1,10.8550646902029,411.380091897951
k2016,8070,19.15,20.15,10.7928316024384,411.921288524313
k2016,8070,19.2,20.2,10.7307856567463,412.459378177232
k2016,8070,19.25,20.25,10.6689262768767,412.994370199419
k2016,8070,19.3,20.3,10.6072528835632,413.526273904697
k2016,8070,19.35,20.35,10.5457648946559,414.05509857785
k2016,8070,19.4,20.4,10.4844617252536,414.580853474489
k2016,8070,19.45,20.45,10.4233427878315,415.10354782091
k2016,8070,19.5,20.5,10.3624074923676,415.623190813973
k2016,8070,19.55,20.55,10.3016552464658,416.139791620974
k2016,8070,19.6,20.6,10.2410854554769,416.653359379536
k2016,8070,19.65,20.65,10.1806975226173,417.163903197492
k2016,8070,19.7,20.7,10.1204908490845,417.671432152787
k2016,8070,19.75,20.75,10.060464834171,418.175955293378
k2016,8070,19.8,20.8,10.0006188753759,418.677481637141
k2016,8070,19.85,20.85,9.9409523685132,419.176020171782
k2016,8070,19.9,20.9,9.88146470781937,419.671579854762
k2016,8070,19.95,20.95,9.82215528605732,420.164169613214
k2016,8070,20,21,9.76302349461901,420.653798343874
k2016,8070,20.05,21.05,9.70406872362562,421.140474913017
k2016,8070,20.1,21.1,9.64529036202566,421.624208156394
k2016,8070,20.15,21.15,9.58668779769104,422.105006879174
k2016,8070,20.2,21.2,9.52826041751109,422.582879855899
k2016,8070,20.25,21.25,9.47000760748458,423.057835830428
k2016,8070,20.3,21.3,9.41192875280977,423.529883515904
k2016,8070,20.35,21.35,9.35402323797256,423.999031594707
k2016,8070,20.4,21.4,9.29629044683272,424.465288718429
k2016,8070,20.45,21.45,9.2387297627083,424.928663507841
k2016,8070,20.5,21.5,9.18134056845811,425.389164552865
k2016,8070,20.55,21.55,9.12412224656257,425.846800412559
k2016,8070,20.6,21.6,9.06707417920261,426.301579615097
k2016,8070,20.65,21.65,9.01019574833699,426.753510657754
k2016,8070,20.7,21.7,8.95348633577784,427.202602006903
k2016,8070,20.75,21.75,8.89694532326454,427.648862098
k2016,8070,20.8,21.8,8.84057209253596,428.092299335592
k2016,8070,20.85,21.85,8.78436602540108,428.532922093313
k2016,8070,20.9,21.9,8.72832650380808,428.970738713891
k2016,8070,20.95,21.95,8.67245290991178,429.405757509156
k2016,8070,21,22,8.61674462613966,429.837986760051
k2016,8070,21.05,22.05,8.56120103525628,430.267434716651
k2016,8070,21.1,22.1,8.5058215204263,430.694109598177
k2016,8070,21.15,22.15,8.45060546527603,431.118019593021
k2016,8070,21.2,22.2,8.39555225395356,431.539172858768
k2016,8070,21.25,22.25,8.34066127118752,431.957577522226
k2016,8070,21.3,22.3,8.28593190234444,432.373241679452
k2016,8070,21.35,22.35,8.2313635334848,432.786173395793
k2016,8070,21.4,22.4,8.17695555141774,433.196380705913
k2016,8070,21.45,22.45,8.12270734375451,433.603871613841
k2016,8070,21.5,22.5,8.06861829896063,434.008654093003
k2016,8070,21.55,22.55,8.01468780640684,434.410736086273
k2016,8070,21.6,22.6,7.96091525641875,434.810125506019
k2016,8070,21.65,22.65,7.90730004032542,435.206830234146
k2016,8070,21.7,22.7,7.85384155050667,435.600858122156
k2016,8070,21.75,22.75,7.8005391804393,435.992216991192
k2016,8070,21.8,22.8,7.74739232474212,436.380914632105
k2016,8070,21.85,22.85,7.69440037921994,436.766958805502
k2016,8070,21.9,22.9,7.64156274090649,437.150357241813
k2016,8070,21.95,22.95,7.58887880810618,437.531117641351
k2016,8070,22,23,7.53634798043494,437.909247674375
k2016,8070,22.05,23.05,7.48396965885995,438.284754981162
k2016,8070,22.1,23.1,7.43174324573845,438.657647172068
k2016,8070,22.15,23.15,7.37966814485551,439.027931827606
k2016,8070,22.2,23.2,7.32774376146088,439.395616498511
k2016,8070,22.25,23.25,7.2759695023049,439.760708705821
k2016,8070,22.3,23.3,7.2243447756735,440.123215940949
k2016,8070,22.35,23.35,7.17286899142228,440.483145665761
k2016,8070,22.4,23.4,7.12154156100971,440.840505312655
k2016,8070,22.45,23.45,7.07036189752954,441.195302284643
k2016,8070,22.5,23.5,7.01932941574228,441.547543955435
k2016,8070,22.55,23.55,6.96844353210594,441.897237669519
k2016,8070,22.6,23.6,6.91770366480589,442.24439074225
k2016,8070,22.65,23.65,6.86710923378401,442.589010459937
k2016,8070,22.7,23.7,6.81665966076706,442.931104079928
k2016,8070,22.75,23.75,6.76635436929423,443.270678830705
k2016,8070,22.8,23.8,6.7161927847441,443.607741911972
k2016,8070,22.85,23.85,6.66617433436077,443.942300494748
k2016,8070,22.9,23.9,6.61629844727933,444.274361721462
k2016,8070,22.95,23.95,6.5665645545507,444.603932706047
k2016,8070,23,24,6.51697208916576,444.931020534038
k2016,8070,23.05,24.05,6.46752048607885,445.255632262668
k2016,8070,23.1,24.1,6.41820918223068,445.577774920965
k2016,8070,23.15,24.15,6.36903761657059,445.897455509859
k2016,8070,23.2,24.2,6.32000523007824,446.214681002274
k2016,8070,23.25,24.25,6.27111146578475,446.529458343236
k2016,8070,23.3,24.3,6.22235576879327,446.841794449973
k2016,8070,23.35,24.35,6.17373758629896,447.151696212022
k2016,8070,23.4,24.4,6.12525636760856,447.459170491332
k2016,8070,23.45,24.45,6.07691156415936,447.764224122369
k2016,8070,23.5,24.5,6.02870262953773,448.066863912227
k2016,8070,23.55,24.55,5.98062901949717,448.367096640732
k2016,8070,23.6,24.6,5.93269019197588,448.664929060551
k2016,8070,23.65,24.65,5.88488560711396,448.960367897306
k2016,8070,23.7,24.7,5.83721472727013,449.253419849678
k2016,8070,23.75,24.75,5.78967701703805,449.544091589525
k2016,8070,23.8,24.8,5.74227194326232,449.832389761988
k2016,8070,23.85,24.85,5.69499897505403,450.11832098561
k2016,8070,23.9,24.9,5.647857583806,450.401891852442
k2016,8070,23.95,24.95,5.60084724320773,450.683108928166
k2016,8070,24,25,5.55396742925992,450.961978752206
k2016,8070,24.05,25.05,5.50721762028882,451.238507837841
k2016,8070,24.1,25.1,5.46059729696022,451.512702672327
k2016,8070,24.15,25.15,5.41410594229323,451.784569717013
k2016,8070,24.2,25.2,5.36774304167378,452.054115407456
k2016,8070,24.25,25.25,5.32150808286792,452.321346153543
k2016,8070,24.3,25.3,5.27540055603489,452.586268339608
k2016,8070,24.35,25.35,5.22941995374007,452.848888324554
k2016,8070,24.4,25.4,5.18356577096769,453.109212441972
k2016,8070,24.45,25.45,5.13783750513346,453.367247000265
k2016,8070,24.5,25.5,5.09223465609703,453.622998282764
k2016,8070,24.55,25.55,5.0467567261744,453.876472547858
k2016,8070,24.6,25.6,5.0014032201502,454.127676029112
k2016,8070,24.65,25.65,4.95617364528993,454.376614935391
k2016,8070,24.7,25.7,4.91106751135223,454.623295450988
k2016,8070,24.75,25.75,4.86608433060105,454.867723735745
k2016,8070,24.8,25.8,4.82122361781788,455.10990592518
k2016,8070,24.85,25.85,4.77648489031402,455.349848130613
k2016,8070,24.9,25.9,4.73186766794295,455.587556439295
k2016,8070,24.95,25.95,4.68737147311272,455.823036914532
k2016,8070,25,26,4.64299583079856,456.056295595814
k2016,8070,25.05,26.05,4.59874026855555,456.287338498945
k2016,8070,25.1,26.1,4.55460431653154,456.516171616172
k2016,8070,25.15,26.15,4.5105875074803,456.742800916313
k2016,8070,25.2,26.2,4.46668937677482,456.967232344891
k2016,8070,25.25,26.25,4.42290946242103,457.189471824261
k2016,8070,25.3,26.3,4.37924730507174,457.409525253748
k2016,8070,25.35,26.35,4.33570244804097,457.627398509772
k2016,8070,25.4,26.4,4.2922744373187,457.843097445989
k2016,8070,25.45,26.45,4.24896282158607,458.056627893419
k2016,8070,25.5,26.5,4.20576715223099,458.267995660586
k2016,8070,25.55,26.55,4.16268698336435,458.477206533649
k2016,8070,25.6,26.6,4.11972187183683,458.684266276543
k2016,8070,25.65,26.65,4.07687137725626,458.889180631113
k2016,8070,25.7,26.7,4.03413506200574,459.091955317256
k2016,8070,25.75,26.75,3.99151249126244,459.292596033054
k2016,8070,25.8,26.8,3.94900323301731,459.491108454922
k2016,8070,25.85,26.85,3.90660685809549,459.687498237743
k2016,8070,25.9,26.9,3.86432294017785,459.881771015013
k2016,8070,25.95,26.95,3.82215105582337,460.073932398985
k2016,8070,26,27,3.78009078449272,460.263987980811
k2016,8070,26.05,27.05,3.73814170857294,460.45194333069
k2016,8070,26.1,27.1,3.6963034134034,460.637803998012
k2016,8070,26.15,27.15,3.65457548730313,460.821575511513
k2016,8070,26.2,27.2,3.61295752159954,461.003263379414
k2016,8070,26.25,27.25,3.57144911065873,461.182873089584
k2016,8070,26.3,27.3,3.53004985191744,461.360410109682
k2016,8070,26.35,27.35,3.4887593459168,461.535879887319
k2016,8070,26.4,27.4,3.44757719633801,461.709287850212
k2016,8070,26.45,27.45,3.40650301004001,461.880639406339
k2016,8070,26.5,27.5,3.3655363970994,462.049939944104
k2016,8070,26.55,27.55,3.32467697085274,462.217194832492
k2016,8070,26.6,27.6,3.28392434794126,462.382409421242
k2016,8070,26.65,27.65,3.24327814835844,462.545589041007
k2016,8070,26.7,27.7,3.20273799550042,462.706739003522
k2016,8070,26.75,27.75,3.16230351621951,462.865864601781
k2016,8070,26.8,27.8,3.1219743408811,463.022971110208
k2016,8070,26.85,27.85,3.08175010342418,463.178063784832
k2016,8070,26.9,27.9,3.04163044142574,463.331147863472
k2016,8070,26.95,27.95,3.00161499616928,463.482228565918
k2016,8070,27,28,2.96170341271783,463.631311094117
k2016,8070,27.05,28.05,2.92189533999189,463.778400632366
k2016,8070,27.1,28.1,2.8821904308524,463.923502347507
k2016,8070,27.15,28.15,2.84258834218943,464.066621389124
k2016,8070,27.2,28.2,2.80308873501693,464.207762889749
k2016,8070,27.25,28.25,2.76369127457387,464.346931965069
k2016,8070,27.3,28.3,2.7243956304326,464.484133714142
k2016,8070,27.35,28.35,2.68520147661468,464.619373219615
k2016,8070,27.4,28.4,2.64610849171507,464.752655547949
k2016,8070,27.45,28.45,2.60711635903514,464.883985749654
k2016,8070,27.5,28.5,2.56822476672542,465.013368859523
k2016,8070,27.55,28.55,2.52943340793883,465.140809896882
k2016,8070,27.6,28.6,2.4907419809953,465.266313865845
k2016,8070,27.65,28.65,2.45215018955878,465.389885755571
k2016,8070,27.7,28.7,2.41365774282773,465.511530540542
k2016,8070,27.75,28.75,2.37526435574027,465.631253180844
k2016,8070,27.8,28.8,2.33696974919541,465.749058622455
k2016,8070,27.85,28.85,2.29877365029167,465.864951797554
k2016,8070,27.9,28.9,2.26067579258489,465.978937624834
k2016,8070,27.95,28.95,2.22267591636693,466.091021009834
k2016,8070,28,29,2.18477376896728,466.20120684528
k2016,8070,28.05,29.05,2.14696910507986,466.309500011451
k2016,8070,28.1,29.1,2.10926168711741,466.415905376549
k2016,8070,28.15,29.15,2.07165128559638,466.520427797099
k2016,8070,28.2,29.2,2.0341376795553,466.623072118362
k2016,8070,28.25,29.25,1.99672065701013,466.723843174774
k2016,8070,28.3,29.3,1.95940001545056,466.822745790407
k2016,8070,28.35,29.35,1.92217556238162,466.919784779455
k2016,8070,28.4,29.4,1.88504711591547,467.014964946749
k2016,8070,28.45,29.45,1.84801450541912,467.108291088306
k2016,8070,28.5,29.5,1.81107757222417,467.199767991906
k2016,8070,28.55,29.55,1.77423617040594,467.289400437711
k2016,8070,28.6,29.6,1.73749016764002,467.377193198923
k2016,8070,28.65,29.65,1.70083944614553,467.463151042487
k2016,8070,28.7,29.7,1.66428390372564,467.547278729846
k2016,8070,28.75,29.75,1.62782345491754,467.629581017744
k2016,8070,28.8,29.8,1.59145803226563,467.710062659097
k2016,8070,28.85,29.85,1.55518758773408,467.788728403927
k2016,8070,28.9,29.9,1.51901209427708,467.865583000376
k2016,8070,28.95,29.95,1.48293154758815,467.940631195788
k2016,8070,29,30,1.44694596805339,468.013877737906
k2016,8070,29.05,30.05,1.41105540293744,468.085327376151
k2016,8070,29.1,30.1,1.37525992883584,468.154984863032
k2016,8070,29.15,30.15,1.33955965443349,468.222854955677
k2016,8070,29.2,30.2,1.30395472361554,468.288942417514
k2016,8070,29.25,30.25,1.26844531898578,468.353252020119
k2016,8070,29.3,30.3,1.23303166585766,468.415788545246
k2016,8070,29.35,30.35,1.1977140367954,468.476556787077
k2016,8070,29.4,30.4,1.16249275679825,468.535561554712
k2016,8070,29.45,30.45,1.12736820923907,468.59280767493
k2016,8070,29.5,30.5,1.09234084269201,468.64829999528
k2016,8070,29.55,30.55,1.05741117881257,468.702043387533
k2016,8070,29.6,30.6,1.02257982146918,468.754042751554
k2016,8070,29.65,30.65,0.987847467370909,468.804303019678
k2016,8070,29.7,30.7,0.95321491849289,468.852829161648
k2016,8070,29.75,30.75,0.918683096674361,468.899626190239
k2016,8070,29.8,30.8,0.884253060858073,468.944699167665
k2016,8070,29.85,30.85,0.849926027561573,468.988053212937
k2016,8070,29.9,30.9,0.815703395330024,469.029693510328
k2016,8070,29.95,30.95,0.781586774129963,469.069625319192
k2016,8070,30,31,0.747578020922873,469.10785398539
k2016,8070,30.05,31.05,0.713679283033345,469.144384954695
k2016,8070,30.1,31.1,0.679893051438094,469.179223788587
k2016,8070,30.15,31.15,0.646222226806553,469.212376183036
k2016,8070,30.2,31.2,0.612670202106436,469.243847990963
k2016,8070,30.25,31.25,0.579240966978308,469.273645249371
k2016,8070,30.3,31.3,0.545939241081162,469.301774212363
k2016,8070,30.35,31.35,0.512770646530376,469.328241391775
k2016,8070,30.4,31.4,0.479741933893978,469.35305360768
k2016,8070,30.45,31.45,0.446861282810312,469.376218051967
k2016,8070,30.5,31.5,0.414138708534569,469.397742369431
k2016,8070,30.55,31.55,0.381586622028163,469.41763476279
k2016,8070,30.6,31.6,0.349220617890094,469.435904131021
k2016,8070,30.65,31.65,0.317060609478106,469.452560255148
k2016,8070,30.7,31.7,0.285132504489256,469.467614052814
k2016,8070,30.75,31.75,0.253470784254061,469.481077938908
k2016,8070,30.8,31.8,0.222122554444055,469.492966346009
k2016,8070,30.85,31.85,0.191154286590323,469.503296510583
k2016,8070,30.9,31.9,0.160663536571513,469.512089705541
k2016,8070,30.95,31.95,0.130800652466898,469.519373278522
k2016,8070,31,32,0.101812092828279,469.525184244846
k2016,8070,31.05,32.05,0.0741345605748871,469.529576128217
k2016,8070,31.1,32.1,0.0486180449829257,469.53263322962
k2016,8070,31.15,32.15,0.0270568834873211,469.534502818432
k2016,8070,31.2,32.2,0.0128020316646588,469.535460919529
k2016,8070,31.25,32.25,0.00744714699721602,469.535936900243
k2016,8070,31.3,32.3,0.00638165242418142,469.536275076447
k2016,8070,31.35,32.35,0.00617879986670998,469.536587988627
k2016,8070,31.4,32.4,0.00609657812736422,469.536894727936
k2016,8070,31.45,32.45,0.00603057081069273,469.537197885122
k2016,8070,31.5,32.5,0.00596738703052116,469.537497828088
k2016,8070,31.55,32.55,0.0059053417360262,469.537794642305
k2016,8070,31.6,32.6,0.00584421271373068,469.538088377471
k2016,8070,31.65,32.65,0.00578395768515095,469.538379078255
k2016,8070,31.7,32.7,0.00572455648473944,469.538666787855
k2016,8070,31.75,32.75,0.00566599183178859,469.53895154842
k2016,8070,31.8,32.8,0.00560824731727449,469.539233401289
k2016,8070,31.85,32.85,0.00555130694194397,469.53951238711
k2016,8070,31.9,32.9,0.00549515514058621,469.539788545678
k2016,8070,31.95,32.95,0.00543977673887237,469.54006191604
k2016,8070,32,33,0.00538515694334391,469.540332536509
k2016,8070,32.05,33.05,0.00533128134691656,469.540600444636
k2016,8070,32.1,33.1,0.00527813589222356,469.540865677293
k2016,8070,32.15,33.15,0.00522570688065618,469.541128270638
k2016,8070,32.2,33.2,0.00517398095474639,469.541388260149
k2016,8070,32.25,33.25,0.0051229450736901,469.541645680679
k2016,8070,32.3,33.3,0.00507258653977959,469.541900566375
k2016,8070,32.35,33.35,0.00502289293725034,469.54215295083
k2016,8070,32.4,33.4,0.00497385217199504,469.542402866963
k2016,8070,32.45,33.45,0.00492545243354905,469.542650347118
k2016,8070,32.5,33.5,0.00487768218493725,469.542895423081
k2016,8070,32.55,33.55,0.00483053017828823,469.543138126023
k2016,8070,32.6,33.6,0.00478398542517152,469.543378486578
k2016,8070,32.65,33.65,0.00473803718913903,469.543616534854
k2016,8070,32.7,33.7,0.00469267498826808,469.543852300415
k2016,8070,32.75,33.75,0.00464788859039977,469.544085812291
k2016,8070,32.8,33.8,0.00460366799137881,469.544317099025
k2016,8070,32.85,33.85,0.00456000341639879,469.54454618867
k2016,8070,32.9,33.9,0.00451688531395138,469.544773108792
k2016,8070,32.95,33.95,0.00447430435202891,469.544997886473
k2016,8070,33,34,0.00443225140925255,469.545220548337
k2016,8070,33.05,34.05,0.00439071756093281,469.545441120567
k2016,8070,33.1,34.1,0.0043496940848267,469.54565962891
k2016,8070,33.15,34.15,0.00430917245924869,469.54587609865
k2016,8070,33.2,34.2,0.00426914433884945,469.546090554676
k2016,8070,33.25,34.25,0.00422960156443621,469.546303021477
k2016,8070,33.3,34.3,0.0041905361602082,469.546513523091
k2016,8070,33.35,34.35,0.00415194031440447,469.54672208321
k2016,8070,33.4,34.4,0.004113806388592,469.54692872512
k2016,8070,33.45,34.45,0.00407612690654174,469.547133471713
k2016,8070,33.5,34.5,0.00403889455015627,469.547336345555
k2016,8070,33.55,34.55,0.00400210215894687,469.54753736879
k2016,8070,33.6,34.6,0.00396574271742641,469.547736563272
k2016,8070,33.65,34.65,0.00392980936916226,469.547933950448
k2016,8070,33.7,34.7,0.00389429537874306,469.548129551479
k2016,8070,33.75,34.75,0.00385919418268226,469.548323387146
k2016,8070,33.8,34.8,0.00382449931130027,469.548515477946
k2016,8070,33.85,34.85,0.00379020447431356,469.548705844017
k2016,8070,33.9,34.9,0.0037563034651601,469.548894505229
k2016,8070,33.95,34.95,0.00372279023574883,469.549081481096
k2016,8070,34,35,0.00368965884792822,469.549266790881
k2016,8070,34.05,35.05,0.0036569034694547,469.549450453513
k2016,8070,34.1,35.1,0.00362451842456141,469.549632487659
k2016,8070,34.15,35.15,0.00359249808755318,469.549812911694
k2016,8070,34.2,35.2,0.00356083701992845,469.549991743708
k2016,8070,34.25,35.25,0.00352952981749034,469.550169001544
k2016,8070,34.3,35.3,0.00349857123145966,469.55034470275
k2016,8070,34.35,35.35,0.00346795610462756,469.550518864635
k2016,8070,34.4,35.4,0.00343767934457585,469.550691504241
k2016,8070,34.45,35.45,0.00340773603514847,469.550862638369
k2016,8070,34.5,35.5,0.00337812124476934,469.551032283555
k2016,8070,34.55,35.55,0.00334883026150619,469.551200456124
k2016,8070,34.6,35.6,0.00331985834369156,469.551367172125
k2016,8070,34.65,35.65,0.00329120092663992,469.551532447423
k2016,8070,34.7,35.7,0.00326285349636776,469.551696297611
k2016,8070,34.75,35.75,0.00323481159912524,469.55185873808
k2016,8070,34.8,35.8,0.00320707094474632,469.552019784018
k2016,8070,34.85,35.85,0.00317962719837562,469.552179450334
k2016,8070,34.9,35.9,0.00315247625740069,469.552337751826
k2016,8070,34.95,35.95,0.00312561393226952,469.55249470298
k2016,8070,35,36,0.00309903625466963,469.552650318164
k2016,8070,35.05,36.05,0.00307273923294226,469.552804611497
k2016,8070,35.1,36.1,0.0030467189776737,469.552957596896
k2016,8070,35.15,36.15,0.00302097171031809,469.553109288144
k2016,8070,35.2,36.2,0.00299549361306695,469.553259698744
k2016,8070,35.25,36.25,0.00297028109882798,469.553408842126
k2016,8070,35.3,36.3,0.00294533043741406,469.553556731418
k2016,8070,35.35,36.35,0.0029206381837674,469.553703379654
k2016,8070,35.4,36.4,0.00289620079213564,469.553848799678
k2016,8070,35.45,36.45,0.00287201483588084,469.553993004122
k2016,8070,35.5,36.5,0.00284807694838746,469.554136005452
k2016,8070,35.55,36.55,0.00282438386684289,469.554277816056
k2016,8070,35.6,36.6,0.00280093226314523,469.554418448051
k2016,8070,35.65,36.65,0.00277771901718442,469.554557913447
k2016,8070,35.7,36.7,0.00275474090680426,469.554696224055
k2016,8070,35.75,36.75,0.00273199492262529,469.554833391578
k2016,8070,35.8,36.8,0.00270947798316293,469.554969427546
k2016,8070,35.85,36.85,0.00268718711453613,469.555104343321
k2016,8070,35.9,36.9,0.00266511938999652,469.55523815013
k2016,8070,35.95,36.95,0.00264327192738171,469.555370859078
k2016,8070,36,37,0.00262164187923961,469.555502481073
k2016,8070,36.05,37.05,0.00260022647701162,469.555633026892
k2016,8070,36.1,37.1,0.00257902295871042,469.555762507247
k2016,8070,36.15,37.15,0.00255802866539881,469.555890932654
k2016,8070,36.2,37.2,0.00253724092040027,469.556018313511
k2016,8070,36.25,37.25,0.00251665710463741,469.556144660085
k2016,8070,36.3,37.3,0.00249627465341551,469.556269982524
k2016,8070,36.35,37.35,0.00247609104639955,469.556394290845
k2016,8070,36.4,37.4,0.00245610381324877,469.556517594915
k2016,8070,36.45,37.45,0.0024363105032268,469.556639904478
k2016,8070,36.5,37.5,0.00241670870301856,469.556761229167
k2016,8070,36.55,37.55,0.00239729605424124,469.556881578501
k2016,8070,36.6,37.6,0.00237807023499531,469.557000961884
k2016,8070,36.65,37.65,0.00235902894896932,469.5571193886
k2016,8070,36.7,37.7,0.00234016993825011,469.557236867818
k2016,8070,36.75,37.75,0.00232149098758154,469.557353408596
k2016,8070,36.8,37.8,0.0023029899142015,469.557469019882
k2016,8070,36.85,37.85,0.00228466456526657,469.557583710517
k2016,8070,36.9,37.9,0.00226651282334479,469.557697489233
k2016,8070,36.95,37.95,0.00224853260607928,469.557810364658
k2016,8070,37,38,0.00223072186182316,469.557922345318
k2016,8070,37.05,38.05,0.00221307856935079,469.558033439636
k2016,8070,37.1,38.1,0.00219560073935039,469.558143655934
k2016,8070,37.15,38.15,0.00217828641335019,469.558253002436
k2016,8070,37.2,38.2,0.00216113366202208,469.558361487269
k2016,8070,37.25,38.25,0.00214414058522151,469.558469118464
k2016,8070,37.3,38.3,0.00212730531161841,469.558575903958
k2016,8070,37.35,38.35,0.00211062599803057,469.558681851595
k2016,8070,37.4,38.4,0.00209410082881965,469.558786969127
k2016,8070,37.45,38.45,0.00207772801540643,469.558891264217
k2016,8070,37.5,38.5,0.00206150579579566,469.558994744439
k2016,8070,37.55,38.55,0.00204543243409992,469.559097417278
k2016,8070,37.6,38.6,0.00202950622003081,469.559199290135
k2016,8070,37.65,38.65,0.00201372546828523,469.559300370325
k2016,8070,37.7,38.7,0.00199808851836226,469.559400665079
k2016,8070,37.75,38.75,0.00198259373408123,469.559500181546
k2016,8070,37.8,38.8,0.00196723950286456,469.559598926794
k2016,8070,37.85,38.85,0.00195202423543476,469.559696907812
k2016,8070,37.9,38.9,0.00193694636561228,469.559794131508
k2016,8070,37.95,38.95,0.00192200434971158,469.559890604713
k2016,8070,38,39,0.00190719666600967,469.559986334182
k2016,8070,38.05,39.05,0.00189252181456506,469.560081326593
k2016,8070,38.1,39.1,0.00187797831686565,469.560175588552
k2016,8070,38.15,39.15,0.00186356471525482,469.56026912659
k2016,8070,38.2,39.2,0.00184927957262883,469.560361947165
k2016,8070,38.25,39.25,0.00183512147215667,469.560454056665
k2016,8070,38.3,39.3,0.00182108901687811,469.560545461406
k2016,8070,38.35,39.35,0.00180718082932247,469.560636167637
k2016,8070,38.4,39.4,0.00179339555119466,469.560726181538
k2016,8070,38.45,39.45,0.00177973184305762,469.560815509219
k2016,8070,38.5,39.5,0.00176618838399372,469.560904156726
k2016,8070,38.55,39.55,0.00175276387127885,469.56099213004
k2016,8070,38.6,39.6,0.00173945702007623,469.561079435074
k2016,8070,38.65,39.65,0.00172626656313425,469.561166077681
k2016,8070,38.7,39.7,0.00171319125048402,469.56125206365
k2016,8070,38.75,39.75,0.00170022984914394,469.561337398705
k2016,8070,38.8,39.8,0.00168738114283343,469.561422088513
k2016,8070,38.85,39.85,0.00167464393169243,469.561506138678
k2016,8070,38.9,39.9,0.00166201703200503,469.561589554744
k2016,8070,38.95,39.95,0.00164949927592843,469.5616723422
k2016,8070,39,40,0.00163708951122823,469.561754506472
k2016,8070,39.05,40.05,0.00162478660101911,469.561836052932
k2016,8070,39.1,40.1,0.00161258942351044,469.561916986894
k2016,8070,39.15,40.15,0.00160049687175661,469.561997313618
k2016,8070,39.2,40.2,0.00158850785341317,469.562077038307
k2016,8070,39.25,40.25,0.00157662129049656,469.562156166111
k2016,8070,39.3,40.3,0.00156483611914955,469.562234702126
k2016,8070,39.35,40.35,0.00155315128941125,469.562312651395
k2016,8070,39.4,40.4,0.00154156576499118,469.56239001891
k2016,8070,39.45,40.45,0.00153007852304792,469.56246680961
k2016,8070,39.5,40.5,0.00151868855397217,469.562543028383
k2016,8070,39.55,40.55,0.00150739486117396,469.56261868007
k2016,8070,39.6,40.6,0.00149619646087392,469.562693769458
k2016,8070,39.65,40.65,0.00148509238189865,469.562768301288
k2016,8070,39.7,40.7,0.00147408166547992,469.562842280252
k2016,8070,39.75,40.75,0.00146316336505784,469.562915710995
k2016,8070,39.8,40.8,0.0014523365460877,469.562988598113
k2016,8070,39.85,40.85,0.00144160028585048,469.563060946159
k2016,8070,39.9,40.9,0.001430953673267,469.563132759636
k2016,8070,39.95,40.95,0.00142039580871553,469.563204043005
k2016,8070,40,41,0.00140992580385291,469.563274800681
k2016,8070,40.05,41.05,0.00139954278143894,469.563345037035
k2016,8070,40.1,41.1,0.00138924587516407,469.563414756395
k2016,8070,40.15,41.15,0.00137903422948033,469.563483963044
k2016,8070,40.2,41.2,0.00136890699943572,469.563552661225
k2016,8070,40.25,41.25,0.00135886335051082,469.563620855137
k2016,8070,40.3,41.3,0.0013489024584592,469.563688548939
k2016,8070,40.35,41.35,0.00133902350915065,469.563755746748
k2016,8070,40.4,41.4,0.00132922569841707,469.563822452642
k2016,8070,40.45,41.45,0.0013195082319012,469.563888670657
k2016,8070,40.5,41.5,0.00130987032490829,469.563954404791
k2016,8070,40.55,41.55,0.00130031120226033,469.564019659003
k2016,8070,40.6,41.6,0.00129083009815299,469.564084437212
k2016,8070,40.65,41.65,0.00128142625601506,469.5641487433
k2016,8070,40.7,41.7,0.00127209892837052,469.564212581113
k2016,8070,40.75,41.75,0.00126284737670308,469.564275954456
k2016,8070,40.8,41.8,0.00125367087132306,469.564338867101
k2016,8070,40.85,41.85,0.00124456869123675,469.564401322782
k2016,8070,40.9,41.9,0.00123554012401805,469.564463325197
k2016,8070,40.95,41.95,0.00122658446568239,469.56452487801
k2016,8070,41,42,0.00121770102056286,469.564585984847
k2016,8070,41.05,42.05,0.00120888910118861,469.564646649304
k2016,8070,41.1,42.1,0.00120014802816528,469.564706874938
k2016,8070,41.15,42.15,0.00119147713005755,469.564766665276
k2016,8070,41.2,42.2,0.00118287574327401,469.56482602381
k2016,8070,41.25,42.25,0.00117434321195347,469.564884953998
k2016,8070,41.3,42.3,0.00116587888785371,469.564943459268
k2016,8070,41.35,42.35,0.00115748213024213,469.565001543013
k2016,8070,41.4,42.4,0.00114915230578811,469.565059208597
k2016,8070,41.45,42.45,0.00114088878845727,469.565116459349
k2016,8070,41.5,42.5,0.00113269095940765,469.56517329857
k2016,8070,41.55,42.55,0.00112455820688758,469.565229729529
k2016,8070,41.6,42.6,0.00111648992613529,469.565285755465
k2016,8070,41.65,42.65,0.0011084855192803,469.565341379587
k2016,8070,41.7,42.7,0.00110054439524643,469.565396605072
k2016,8070,41.75,42.75,0.00109266596965645,469.565451435071
k2016,8070,41.8,42.8,0.00108484966473837,469.565505872704
k2016,8070,41.85,42.85,0.00107709490923329,469.565559921063
k2016,8070,41.9,42.9,0.00106940113830483,469.565613583212
k2016,8070,41.95,42.95,0.00106176779344999,469.565666862184
k2016,8070,42,43,0.00105419432241161,469.565719760989
k2016,8070,42.05,43.05,0.00104668017909223,469.565772282605
k2016,8070,42.1,43.1,0.00103922482346936,469.565824429987
k2016,8070,42.15,43.15,0.00103182772151216,469.565876206059
k2016,8070,42.2,43.2,0.00102448834509966,469.565927613721
k2016,8070,42.25,43.25,0.00101720617193996,469.565978655847
k2016,8070,42.3,43.3,0.00100998068549111,469.566029335283
k2016,8070,42.35,43.35,0.00100281137488313,469.566079654851
k2016,8070,42.4,43.4,0.000995697734841351,469.566129617348
k2016,8070,42.45,43.45,0.000988639265610909,469.566179225544
k2016,8070,42.5,43.5,0.000981635472882598,469.566228482186
k2016,8070,42.55,43.55,0.000974685867719837,469.566277389995
k2016,8070,42.6,43.6,0.00096778996648684,469.566325951668
k2016,8070,42.65,43.65,0.000960947290777941,469.566374169879
k2016,8070,42.7,43.7,0.000954157367348049,469.566422047276
k2016,8070,42.75,43.75,0.000947419728044238,469.566469586487
k2016,8070,42.8,43.8,0.000940733909738397,469.566516790113
k2016,8070,42.85,43.85,0.000934099454260975,469.566563660734
k2016,8070,42.9,43.9,0.000927515908335778,469.566610200907
k2016,8070,42.95,43.95,0.000920982823515782,469.566656413166
k2016,8070,43,44,0.000914499756119982,469.566702300023
k2016,8070,43.05,44.05,0.000908066267171214,469.566747863967
k2016,8070,43.1,44.1,0.000901681922334971,469.566793107468
k2016,8070,43.15,44.15,0.000895346291859155,469.566838032972
k2016,8070,43.2,44.2,0.000889058950514858,469.566882642902
k2016,8070,43.25,44.25,0.000882819477537889,469.566926939664
k2016,8070,43.3,44.3,0.000876627456571356,469.566970925641
k2016,8070,43.35,44.35,0.000870482475609134,469.567014603194
k2016,8070,43.4,44.4,0.000864384126940139,469.567057974666
k2016,8070,43.45,44.45,0.000858332007093487,469.567101042377
k2016,8070,43.5,44.5,0.000852325716784517,469.56714380863
k2016,8070,43.55,44.55,0.00084636486086162,469.567186275706
k2016,8070,43.6,44.6,0.000840449048253894,469.567228445867
k2016,8070,43.65,44.65,0.000834577891919583,469.567270321355
k2016,8070,43.7,44.7,0.000828751008795316,469.567311904394
k2016,8070,43.75,44.75,0.000822968019746111,469.567353197188
k2016,8070,43.8,44.8,0.000817228549516129,469.567394201921
k2016,8070,43.85,44.85,0.000811532226680181,469.567434920762
k2016,8070,43.9,44.9,0.000805878683595964,469.567475355857
k2016,8070,43.95,44.95,0.000800267556357006,469.567515509337
k2016,8070,44,45,0.000794698484746327,469.567555383314
k2016,8070,44.05,45.05,0.000789171112190785,469.567594979881
k2016,8070,44.1,45.1,0.000783685085716101,469.567634301114
k2016,8070,44.15,45.15,0.000778240055902558,469.567673349072
k2016,8070,44.2,45.2,0.000772835676841384,469.567712125797
k2016,8070,44.25,45.25,0.000767471606091699,469.567750633312
k2016,8070,44.3,45.3,0.000762147504638171,469.567788873624
k2016,8070,44.35,45.35,0.000756863036849289,469.567826848723
k2016,8070,44.4,45.4,0.000751617870436225,469.567864560583
k2016,8070,44.45,45.45,0.000746411676412291,469.56790201116
k2016,8070,44.5,45.5,0.00074124412905302,469.567939202394
k2016,8070,44.55,45.55,0.000736114905856806,469.567976136211
k2016,8070,44.6,45.6,0.000731023687506117,469.568012814518
k2016,8070,44.65,45.65,0.000725970157829284,469.568049239208
k2016,8070,44.7,45.7,0.00072095400376282,469.568085412157
k2016,8070,44.75,45.75,0.000715974915314307,469.568121335226
k2016,8070,44.8,45.8,0.000711032585525798,469.568157010261
k2016,8070,44.85,45.85,0.000706126710437752,469.568192439092
k2016,8070,44.9,45.9,0.000701256989053484,469.568227623535
k2016,8070,44.95,45.95,0.000696423123304125,469.568262565389
k2016,8070,45,46,0.000691624818014077,469.56829726644
k2016,8070,45.05,46.05,0.000686861780866957,469.568331728458
k2016,8070,45.1,46.1,0.000682133722372031,469.568365953201
k2016,8070,45.15,46.15,0.000677440355831113,469.568399942409
k2016,8070,45.2,46.2,0.000672781397305958,469.56843369781
k2016,8070,45.25,46.25,0.000668156565586058,469.568467221117
k2016,8070,45.3,46.3,0.000663565582156934,469.568500514031
k2016,8070,45.35,46.35,0.000659008171168879,469.568533578235
k2016,8070,45.4,46.4,0.000654484059406105,469.568566415403
k2016,8070,45.45,46.45,0.000649992976256334,469.568599027191
k2016,8070,45.5,46.5,0.000645534653680817,469.568631415246
k2016,8070,45.55,46.55,0.000641108826184761,469.568663581198
k2016,8070,45.6,46.6,0.000636715230788171,469.568695526666
k2016,8070,45.65,46.65,0.000632353606997085,469.568727253254
k2016,8070,45.7,46.7,0.000628023696775214,469.568758762555
k2016,8070,45.75,46.75,0.000623725244515971,469.568790056148
k2016,8070,45.8,46.8,0.000619457997014874,469.5688211356
k2016,8070,45.85,46.85,0.000615221703442336,469.568852002464
k2016,8070,45.9,46.9,0.000611016115316819,469.568882658282
k2016,8070,45.95,46.95,0.000606840986478359,469.568913104583
k2016,8070,46,47,0.000602696073062448,469.568943342884
k2016,8070,46.05,47.05,0.000598581133474262,469.56897337469
k2016,8070,46.1,47.1,0.000594495928363248,469.569003201493
k2016,8070,46.15,47.15,0.000590440220598046,469.569032824774
k2016,8070,46.2,47.2,0.000586413775241766,469.569062246003
k2016,8070,46.25,47.25,0.000582416359527556,469.569091466636
k2016,8070,46.3,47.3,0.00057844774283453,469.569120488119
k2016,8070,46.35,47.35,0.00057450769666402,469.569149311886
k2016,8070,46.4,47.4,0.000570595994616126,469.569177939361
k2016,8070,46.45,47.45,0.000566712412366579,469.569206371955
k2016,8070,46.5,47.5,0.000562856727643921,469.569234611067
k2016,8070,46.55,47.55,0.000559028720206985,469.569262658088
k2016,8070,46.6,47.6,0.000555228171822661,469.569290514397
k2016,8070,46.65,47.65,0.000551454866243967,469.56931818136
k2016,8070,46.7,47.7,0.000547708589188401,469.569345660334
k2016,8070,46.75,47.75,0.000543989128316578,469.569372952666
k2016,8070,46.8,47.8,0.000540296273211147,469.56940005969
k2016,8070,46.85,47.85,0.000536629815355981,469.569426982733
k2016,8070,46.9,47.9,0.000532989548115642,469.569453723108
k2016,8070,46.95,47.95,0.000529375266715104,469.569480282121
k2016,8070,47,48,0.000525786768219749,469.569506661065
k2016,8070,47.05,48.05,0.000522223851515611,469.569532861224
k2016,8070,47.1,48.1,0.000518686317289882,469.569558883873
k2016,8070,47.15,48.15,0.000515173968011666,469.569584730275
k2016,8070,47.2,48.2,0.000511686607912985,469.569610401686
k2016,8070,47.25,48.25,0.000508224042970016,469.569635899349
k2016,8070,47.3,48.3,0.000504786080884569,469.5696612245
k2016,8070,47.35,48.35,0.000501372531065824,469.569686378364
k2016,8070,47.4,48.4,0.000497983204612271,469.569711362157
k2016,8070,47.45,48.45,0.000494617914293891,469.569736177085
k2016,8070,47.5,48.5,0.000491276474534565,469.569760824346
k2016,8070,47.55,48.55,0.000487958701394705,469.569785305127
k2016,8070,47.6,48.6,0.000484664412554092,469.569809620608
k2016,8070,47.65,48.65,0.00048139342729495,469.569833771957
k2016,8070,47.7,48.7,0.000478145566485213,469.569857760336
k2016,8070,47.75,48.75,0.000474920652562015,469.569881586896
k2016,8070,47.8,48.8,0.000471718509515376,469.569905252781
k2016,8070,47.85,48.85,0.000468538962872097,469.569928759124
k2016,8070,47.9,48.9,0.000465381839679858,469.569952107051
k2016,8070,47.95,48.95,0.000462246968491504,469.569975297678
k2016,8070,48,49,0.000459134179349532,469.569998332116
k2016,8070,48.05,49.05,0.000456043303770772,469.570021211462
k2016,8070,48.1,49.1,0.000452974174731245,469.570043936808
k2016,8070,48.15,49.15,0.000449926626651223,469.570066509239
k2016,8070,48.2,49.2,0.000446900495380466,469.570088929828
k2016,8070,48.25,49.25,0.000443895618183625,469.570111199643
k2016,8070,48.3,49.3,0.000440911833725848,469.570133319741
k2016,8070,48.35,49.35,0.000437948982058546,469.570155291175
k2016,8070,48.4,49.4,0.000435006904605337,469.570177114986
k2016,8070,48.45,49.45,0.000432085444148156,469.570198792209
k2016,8070,48.5,49.5,0.000429184444813542,469.570220323871
k2016,8070,48.55,49.55,0.000426303752059077,469.570241710992
k2016,8070,48.6,49.6,0.000423443212660004,469.570262954582
k2016,8070,48.65,49.65,0.000420602674695995,469.570284055646
k2016,8070,48.7,49.7,0.000417781987538083,469.57030501518
k2016,8070,48.75,49.75,0.000414981001835746,469.570325834173
k2016,8070,48.8,49.8,0.00041219956950415,469.570346513607
k2016,8070,48.85,49.85,0.000409437543711543,469.570367054454
k2016,8070,48.9,49.9,0.000406694778866796,469.570387457682
k2016,8070,48.95,49.95,0.000403971130607097,469.57040772425
k2016,8070,49,50,0.000401266455785784,469.570427855111
k2016,8070,49.05,50.05,0.000398580612460332,469.57044785121
k2016,8070,49.1,50.1,0.000395913459880467,469.570467713484
k2016,8070,49.15,50.15,0.000393264858476437,469.570487442865
k2016,8070,49.2,50.2,0.00039063466984741,469.570507040277
k2016,8070,49.25,50.25,0.000388022756750006,469.570526506637
k2016,8070,49.3,50.3,0.000385428983086969,469.570545842855
k2016,8070,49.35,50.35,0.000382853213895975,469.570565049835
k2016,8070,49.4,50.4,0.00038029531533856,469.570584128474
k2016,8070,49.45,50.45,0.000377755154689182,469.570603079662
k2016,8070,49.5,50.5,0.000375232600324412,469.570621904283
k2016,8070,49.55,50.55,0.000372727521712246,469.570640603213
k2016,8070,49.6,50.6,0.000370239789401543,469.570659177324
k2016,8070,49.65,50.65,0.000367769275011585,469.570677627479
k2016,8070,49.7,50.7,0.000365315851221754,469.570695954536
k2016,8070,49.75,50.75,0.000362879391761331,469.570714159347
k2016,8070,49.8,50.8,0.000360459771399411,469.570732242756
k2016,8070,49.85,50.85,0.000358056865934933,469.570750205603
k2016,8070,49.9,50.9,0.000355670552186821,469.570768048719
k2016,8070,49.95,50.95,0.000353300707984243,469.570785772933
k2016,8070,50,51,0.000350947212156978,469.570803379063
k2016,8070,50.05,51.05,0.000348609944525887,469.570820867924
k2016,8070,50.1,51.1,0.0003462887858935,469.570838240326
k2016,8070,50.15,51.15,0.00034398361803471,469.570855497069
k2016,8070,50.2,51.2,0.000341694323687559,469.570872638952
k2016,8070,50.25,51.25,0.000339420786544145,469.570889666764
k2016,8070,50.3,51.3,0.000337162891241613,469.570906581291
k2016,8070,50.35,51.35,0.000334920523353267,469.570923383312
k2016,8070,50.4,51.4,0.000332693569379765,469.570940073601
k2016,8070,50.45,51.45,0.000330481916740415,469.570956652924
k2016,8070,50.5,51.5,0.000328285453764581,469.570973122046
k2016,8070,50.55,51.55,0.000326104069683162,469.570989481721
k2016,8070,50.6,51.6,0.000323937654620188,469.571005732702
k2016,8070,50.65,51.65,0.000321786099584493,469.571021875734
k2016,8070,50.7,51.7,0.000319649296461488,469.571037911558
k2016,8070,50.75,51.75,0.000317527138005025,469.571053840908
k2016,8070,50.8,51.8,0.000315419517829342,469.571069664514
k2016,8070,50.85,51.85,0.000313326330401108,469.5710853831
k2016,8070,50.9,51.9,0.000311247471031548,469.571100997386
k2016,8070,50.95,51.95,0.000309182835868654,469.571116508084
k2016,8070,51,52,0.000307132321889485,469.571131915905
k2016,8070,51.05,52.05,0.00030509582689255,469.57114722155
k2016,8070,51.1,52.1,0.000303073249490268,469.571162425719
k2016,8070,51.15,52.15,0.000301064489101518,469.571177529105
k2016,8070,51.2,52.2,0.000299069445944265,469.571192532397
k2016,8070,51.25,52.25,0.000297088021028266,469.571207436277
k2016,8070,51.3,52.3,0.000295120116147856,469.571222241424
k2016,8070,51.35,52.35,0.000293165633874812,469.571236948512
k2016,8070,51.4,52.4,0.00029122447755129,469.57125155821
k2016,8070,51.45,52.45,0.000289296551282842,469.571266071181
k2016,8070,51.5,52.5,0.000287381759931508,469.571280488084
k2016,8070,51.55,52.55,0.000285480009108975,469.571294809574
k2016,8070,51.6,52.6,0.000283591205169821,469.571309036301
k2016,8070,51.65,52.65,0.000281715255204816,469.571323168909
k2016,8070,51.7,52.7,0.000279852067034307,469.571337208039
k2016,8070,51.75,52.75,0.000278001549201669,469.571351154326
k2016,8070,51.8,52.8,0.000276163610966817,469.571365008403
k2016,8070,51.85,52.85,0.000274338162299803,469.571378770896
k2016,8070,51.9,52.9,0.000272525113874466,469.571392442426
k2016,8070,51.95,52.95,0.000270724377062154,469.571406023612
k2016,8070,52,53,0.000268935863925516,469.571419515068
k2016,8070,52.05,53.05,0.00026715948721235,469.571432917401
k2016,8070,52.1,53.1,0.000265395160349524,469.571446231217
k2016,8070,52.15,53.15,0.000263642797436954,469.571459457116
k2016,8070,52.2,53.2,0.000261902313241653,469.571472595695
k2016,8070,52.25,53.25,0.000260173623191829,469.571485647544
k2016,8070,52.3,53.3,0.000258456643371058,469.571498613252
k2016,8070,52.35,53.35,0.000256751290512509,469.571511493402
k2016,8070,52.4,53.4,0.000255057481993229,469.571524288574
k2016,8070,52.45,53.45,0.000253375135828493,469.571536999342
k2016,8070,52.5,53.5,0.000251704170666206,469.571549626277
k2016,8070,52.55,53.55,0.000250044505781363,469.571562169947
k2016,8070,52.6,53.6,0.000248396061070569,469.571574630915
k2016,8070,52.65,53.65,0.000246758757046618,469.571587009739
k2016,8070,52.7,53.7,0.000245132514833113,469.571599306975
k2016,8070,52.75,53.75,0.000243517256159164,469.571611523173
k2016,8070,52.8,53.8,0.000241912903354116,469.571623658882
k2016,8070,52.85,53.85,0.000240319379342348,469.571635714644
k2016,8070,52.9,53.9,0.000238736607638116,469.571647690999
k2016,8070,52.95,53.95,0.000237164512340454,469.571659588483
k2016,8070,53,54,0.000235603018128118,469.571671407627
k2016,8070,53.05,54.05,0.000234052050254592,469.57168314896
k2016,8070,53.1,54.1,0.000232511534543137,469.571694813006
k2016,8070,53.15,54.15,0.000230981397381889,469.571706400286
k2016,8070,53.2,54.2,0.000229461565719013,469.571717911318
k2016,8070,53.25,54.25,0.0002279519670579,469.571729346614
k2016,8070,53.3,54.3,0.000226452529452411,469.571740706684
k2016,8070,53.35,54.35,0.000224963181502175,469.571751992035
k2016,8070,53.4,54.4,0.000223483852347928,469.571763203169
k2016,8070,53.45,54.45,0.0002220144716669,469.571774340586
k2016,8070,53.5,54.5,0.000220554969668249,469.571785404781
k2016,8070,53.55,54.55,0.000219105277088539,469.571796396246
k2016,8070,53.6,54.6,0.000217665325187265,469.571807315471
k2016,8070,53.65,54.65,0.000216235045742416,469.57181816294
k2016,8070,53.7,54.7,0.000214814371046091,469.571828939136
k2016,8070,53.75,54.75,0.000213403233900153,469.571839644536
k2016,8070,53.8,54.8,0.000212001567611921,469.571850279617
k2016,8070,53.85,54.85,0.000210609305989917,469.57186084485
k2016,8070,53.9,54.9,0.000209226383339641,469.571871340703
k2016,8070,53.95,54.95,0.000207852734459397,469.571881767643
k2016,8070,54,55,0.000206488294636155,469.57189212613
k2016,8070,54.05,55.05,0.000205132999641453,469.571902416624
k2016,8070,54.1,55.1,0.000203786785727344,469.571912639581
k2016,8070,54.15,55.15,0.000202449589622376,469.571922795453
k2016,8070,54.2,55.2,0.000201121348527613,469.571932884689
k2016,8070,54.25,55.25,0.000199802000112699,469.571942907736
k2016,8070,54.3,55.3,0.000198491482511952,469.571952865037
k2016,8070,54.35,55.35,0.000197189734320504,469.571962757031
k2016,8070,54.4,55.4,0.00019589669459047,469.571972584155
k2016,8070,54.45,55.45,0.000194612302827162,469.571982346844
k2016,8070,54.5,55.5,0.000193336498985333,469.571992045529
k2016,8070,54.55,55.55,0.000192069223465458,469.572001680636
k2016,8070,54.6,55.6,0.000190810417110057,469.572011252592
k2016,8070,54.65,55.65,0.000189560021200041,469.572020761818
k2016,8070,54.7,55.7,0.000188317977451107,469.572030208733
k2016,8070,54.75,55.75,0.000187084228010154,469.572039593754
k2016,8070,54.8,55.8,0.000185858715451743,469.572048917294
k2016,8070,54.85,55.85,0.000184641382774586,469.572058179762
k2016,8070,54.9,55.9,0.000183432173398068,469.572067381567
k2016,8070,54.95,55.95,0.000182231031158803,469.572076523114
k2016,8070,55,56,0.000181037900307225,469.572085604804
k2016,8070,55.05,56.05,0.000179852725504205,469.572094627036
k2016,8070,55.1,56.1,0.000178675451817705,469.572103590208
k2016,8070,55.15,56.15,0.000177506024719462,469.572112494712
k2016,8070,55.2,56.2,0.000176344390081702,469.572121340941
k2016,8070,55.25,56.25,0.000175190494173889,469.572130129281
k2016,8070,55.3,56.3,0.000174044283659494,469.572138860118
k2016,8070,55.35,56.35,0.000172905705592809,469.572147533836
k2016,8070,55.4,56.4,0.000171774707415778,469.572156150815
k2016,8070,55.45,56.45,0.000170651236954864,469.572164711432
k2016,8070,55.5,56.5,0.000169535242417942,469.572173216063
k2016,8070,55.55,56.55,0.000168426672391227,469.57218166508
k2016,8070,55.6,56.6,0.000167325475836217,469.572190058853
k2016,8070,55.65,56.65,0.000166231602086683,469.57219839775
k2016,8070,55.7,56.7,0.000165145000845668,469.572206682135
k2016,8070,55.75,56.75,0.000164065622182529,469.57221491237
k2016,8070,55.8,56.8,0.000162993416529994,469.572223088816
k2016,8070,55.85,56.85,0.000161928334681257,469.572231211831
k2016,8070,55.9,56.9,0.000160870327787091,469.572239281768
k2016,8070,55.95,56.95,0.000159819347352988,469.572247298981
k2016,8070,56,57,0.000158775345236336,469.572255263819
k2016,8070,56.05,57.05,0.000157738273643606,469.572263176631
k2016,8070,56.1,57.1,0.000156708085127573,469.572271037761
k2016,8070,56.15,57.15,0.000155684732584568,469.572278847553
k2016,8070,56.2,57.2,0.00015466816925174,469.572286606347
k2016,8070,56.25,57.25,0.000153658348704356,469.572294314482
k2016,8070,56.3,57.3,0.000152655224853119,469.572301972294
k2016,8070,56.35,57.35,0.000151658751941516,469.572309580116
k2016,8070,56.4,57.4,0.000150668884543178,469.572317138279
k2016,8070,56.45,57.45,0.000149685577559279,469.572324647113
k2016,8070,56.5,57.5,0.00014870878621595,469.572332106946
k2016,8070,56.55,57.55,0.000147738466061712,469.5723395181
k2016,8070,56.6,57.6,0.000146774572964944,469.572346880899
k2016,8070,56.65,57.65,0.000145817063111364,469.572354195664
k2016,8070,56.7,57.7,0.000144865893001536,469.572361462711
k2016,8070,56.75,57.75,0.000143921019448398,469.572368682358
k2016,8070,56.8,57.8,0.000142982399574816,469.572375854917
k2016,8070,56.85,57.85,0.000142049990811152,469.572382980701
k2016,8070,56.9,57.9,0.000141123750892863,469.572390060019
k2016,8070,56.95,57.95,0.000140203637858113,469.572397093179
k2016,8070,57,58,0.000139289610045415,469.572404080485
k2016,8070,57.05,58.05,0.00013838162609128,469.57241102224
k2016,8070,57.1,58.1,0.000137479644927905,469.572417918747
k2016,8070,57.15,58.15,0.000136583625780867,469.572424770304
k2016,8070,57.2,58.2,0.000135693528166841,469.572431577208
k2016,8070,57.25,58.25,0.000134809311891344,469.572438339755
k2016,8070,57.3,58.3,0.00013393093704649,469.572445058237
k2016,8070,57.35,58.35,0.000133058364008771,469.572451732945
k2016,8070,57.4,58.4,0.000132191553436854,469.572458364169
k2016,8070,57.45,58.45,0.000131330466269401,469.572464952196
k2016,8070,57.5,58.5,0.000130475063722902,469.572471497311
k2016,8070,57.55,58.55,0.000129625307289534,469.572477999797
k2016,8070,57.6,58.6,0.000128781158735034,469.572484459935
k2016,8070,57.65,58.65,0.000127942580096591,469.572490878005
k2016,8070,57.7,58.7,0.000127109533680758,469.572497254285
k2016,8070,57.75,58.75,0.00012628198206138,469.57250358905
k2016,8070,57.8,58.8,0.000125459888077543,469.572509882574
k2016,8070,57.85,58.85,0.000124643214831538,469.572516135129
k2016,8070,57.9,58.9,0.000123831925686843,469.572522346986
k2016,8070,57.95,58.95,0.000123025984266123,469.572528518411
k2016,8070,58,59,0.000122225354449247,469.572534649672
k2016,8070,58.05,59.05,0.000121430000371324,469.572540741034
k2016,8070,58.1,59.1,0.000120639886420751,469.57254679276
k2016,8070,58.15,59.15,0.000119854977237283,469.57255280511
k2016,8070,58.2,59.2,0.000119075237710118,469.572558778344
k2016,8070,58.25,59.25,0.000118300632975995,469.572564712719
k2016,8070,58.3,59.3,0.000117531128417313,469.572570608492
k2016,8070,58.35,59.35,0.000116766689660264,469.572576465916
k2016,8070,58.4,59.4,0.000116007282572981,469.572582285245
k2016,8070,58.45,59.45,0.000115252873263703,469.572588066728
k2016,8070,58.5,59.5,0.000114503428078957,469.572593810615
k2016,8070,58.55,59.55,0.000113758913601751,469.572599517153
k2016,8070,58.6,59.6,0.000113019296649789,469.572605186588
k2016,8070,58.65,59.65,0.00011228454427369,469.572610819164
k2016,8070,58.7,59.7,0.000111554623755239,469.572616415123
k2016,8070,58.75,59.75,0.000110829502605635,469.572621974706
k2016,8070,58.8,59.8,0.000110109148563765,469.572627498153
k2016,8070,58.85,59.85,0.000109393529594491,469.5726329857
k2016,8070,58.9,59.9,0.000108682613886945,469.572638437584
k2016,8070,58.95,59.95,0.00010797636985285,469.572643854039
k2016,8070,59,60,0.000107274766124839,469.572649235298
k2016,8070,59.05,60.05,0.000106577771554807,469.572654581592
k2016,8070,59.1,60.1,0.000105885355212259,469.572659893152
k2016,8070,59.15,60.15,0.000105197486382685,469.572665170204
k2016,8070,59.2,60.2,0.000104514134565943,469.572670412975
k2016,8070,59.25,60.25,0.00010383526947465,469.572675621692
k2016,8070,59.3,60.3,0.000103160861032602,469.572680796577
k2016,8070,59.35,60.35,0.000102490879373188,469.572685937852
k2016,8070,59.4,60.4,0.000101825294837833,469.572691045738
k2016,8070,59.45,60.45,0.000101164077974446,469.572696120454
k2016,8070,59.5,60.5,0.000100507199535879,469.572701162218
k2016,8070,59.55,60.55,9.98546304784065e-05,469.572706171246
k2016,8070,59.6,60.6,9.92063419602115e-05,469.572711147752
k2016,8070,59.65,60.65,9.85623053398851e-05,469.572716091951
k2016,8070,59.7,60.7,9.79224921749393e-05,469.572721004053
k2016,8070,59.75,60.75,9.72868742203323e-05,469.57272588427
k2016,8070,59.8,60.8,9.6655423427005e-05,469.57273073281
k2016,8070,59.85,60.85,9.60281119404296e-05,469.572735549881
k2016,8070,59.9,60.9,9.54049120991715e-05,469.57274033569
k2016,8070,59.95,60.95,9.47857964334604e-05,469.572745090441
k2016,8070,60,61,9.4170737663776e-05,469.572749814337
k2016,8070,60.05,61.05,9.35597086994429e-05,469.572754507581
k2016,8070,60.1,61.1,9.29526826372381e-05,469.572759170375
k2016,8070,60.15,61.15,9.23496327600103e-05,469.572763802916
k2016,8070,60.2,61.2,9.17505325353089e-05,469.572768405404
k2016,8070,60.25,61.25,9.11553556140258e-05,469.572772978035
k2016,8070,60.3,61.3,9.0564075829047e-05,469.572777521004
k2016,8070,60.35,61.35,8.99766671939158e-05,469.572782034507
k2016,8070,60.4,61.4,8.9393103901507e-05,469.572786518735
k2016,8070,60.45,61.45,8.8813360322711e-05,469.572790973881
k2016,8070,60.5,61.5,8.82374110051295e-05,469.572795400134
k2016,8070,60.55,61.55,8.76652306717808e-05,469.572799797685
k2016,8070,60.6,61.6,8.70967942198165e-05,469.57280416672
k2016,8070,60.65,61.65,8.6532076719248e-05,469.572808507426
k2016,8070,60.7,61.7,8.5971053411683e-05,469.572812819989
k2016,8070,60.75,61.75,8.54136997090728e-05,469.572817104593
k2016,8070,60.8,61.8,8.48599911924691e-05,469.57282136142
k2016,8070,60.85,61.85,8.43099036107914e-05,469.572825590652
k2016,8070,60.9,61.9,8.37634128796034e-05,469.57282979247
k2016,8070,60.95,61.95,8.32204950799e-05,469.572833967053
k2016,8070,61,62,8.26811264569039e-05,469.572838114579
k2016,8070,61.05,62.05,8.21452834188709e-05,469.572842235224
k2016,8070,61.1,62.1,8.1612942535906e-05,469.572846329166
k2016,8070,61.15,62.15,8.10840805387882e-05,469.572850396577
k2016,8070,61.2,62.2,8.05586743178048e-05,469.572854437631
k2016,8070,61.25,62.25,8.00367009215949e-05,469.572858452501
k2016,8070,61.3,62.3,7.95181375560025e-05,469.572862441358
k2016,8070,61.35,62.35,7.90029615829376e-05,469.572866404371
k2016,8070,61.4,62.4,7.84911505192482e-05,469.57287034171
k2016,8070,61.45,62.45,7.7982682035599e-05,469.572874253542
k2016,8070,61.5,62.5,7.74775339553611e-05,469.572878140034
k2016,8070,61.55,62.55,7.69756842535084e-05,469.572882001351
k2016,8070,61.6,62.6,7.64771110555245e-05,469.572885837657
k2016,8070,61.65,62.65,7.59817926363176e-05,469.572889649116
k2016,8070,61.7,62.7,7.54897074191432e-05,469.57289343589
k2016,8070,61.75,62.75,7.50008339745364e-05,469.57289719814
k2016,8070,61.8,62.8,7.45151510192516e-05,469.572900936027
k2016,8070,61.85,62.85,7.40326374152116e-05,469.572904649708
k2016,8070,61.9,62.9,7.3553272168464e-05,469.572908339343
k2016,8070,61.95,62.95,7.30770344281462e-05,469.572912005087
k2016,8070,62,63,7.26039034854584e-05,469.572915647098
k2016,8070,62.05,63.05,7.21338587726446e-05,469.572919265529
k2016,8070,62.1,63.1,7.16668798619816e-05,469.572922860535
k2016,8070,62.15,63.15,7.12029464647762e-05,469.572926432268
k2016,8070,62.2,63.2,7.07420384303696e-05,469.57292998088
k2016,8070,62.25,63.25,7.02841357451498e-05,469.572933506522
k2016,8070,62.3,63.3,6.98292185315722e-05,469.572937009343
k2016,8070,62.35,63.35,6.93772670471865e-05,469.572940489493
k2016,8070,62.4,63.4,6.89282616836732e-05,469.572943947119
k2016,8070,62.45,63.45,6.84821829658852e-05,469.572947382368
k2016,8070,62.5,63.5,6.80390115508988e-05,469.572950795386
k2016,8070,62.55,63.55,6.75987282270709e-05,469.572954186317
k2016,8070,62.6,63.6,6.71613139131038e-05,469.572957555307
k2016,8070,62.65,63.65,6.67267496571175e-05,469.572960902496
k2016,8070,62.7,63.7,6.62950166357286e-05,469.572964228029
k2016,8070,62.75,63.75,6.58660961531372e-05,469.572967532045
k2016,8070,62.8,63.8,6.54399696402193e-05,469.572970814685
k2016,8070,62.85,63.85,6.50166186536279e-05,469.572974076088
k2016,8070,62.9,63.9,6.45960248749001e-05,469.572977316393
k2016,8070,62.95,63.95,6.4178170109571e-05,469.572980535736
k2016,8070,63,64,6.37630362862949e-05,469.572983734255
k2016,8070,63.05,64.05,6.33506054559723e-05,469.572986912085
k2016,8070,63.1,64.1,6.2940859790885e-05,469.57299006936
k2016,8070,63.15,64.15,6.25337815838368e-05,469.572993206215
k2016,8070,63.2,64.2,6.21293532473004e-05,469.572996322783
k2016,8070,63.25,64.25,6.17275573125723e-05,469.572999419195
k2016,8070,63.3,64.3,6.13283764289328e-05,469.573002495582
k2016,8070,63.35,64.35,6.09317933628128e-05,469.573005552075
k2016,8070,63.4,64.4,6.05377909969672e-05,469.573008588804
k2016,8070,63.45,64.45,6.01463523296543e-05,469.573011605897
k2016,8070,63.5,64.5,5.97574604738218e-05,469.573014603482
k2016,8070,63.55,64.55,5.93710986562981e-05,469.573017581686
k2016,8070,63.6,64.6,5.8987250216991e-05,469.573020540634
k2016,8070,63.65,64.65,5.86058986080914e-05,469.573023480452
k2016,8070,63.7,64.7,5.82270273932839e-05,469.573026401265
k2016,8070,63.75,64.75,5.78506202469625e-05,469.573029303196
k2016,8070,63.8,64.8,5.74766609534527e-05,469.573032186368
k2016,8070,63.85,64.85,5.71051334062396e-05,469.573035050903
k2016,8070,63.9,64.9,5.6736021607202e-05,469.573037896921
k2016,8070,63.95,64.95,5.63693096658511e-05,469.573040724545
k2016,8070,64,65,5.60049817985764e-05,469.573043533892
k2016,8070,64.05,65.05,5.56430223278967e-05,469.573046325082
k2016,8070,64.1,65.1,5.52834156817161e-05,469.573049098234
k2016,8070,64.15,65.15,5.49261463925868e-05,469.573051853463
k2016,8070,64.2,65.2,5.45711990969767e-05,469.573054590887
k2016,8070,64.25,65.25,5.42185585345423e-05,469.573057310621
k2016,8070,64.3,65.3,5.38682095474074e-05,469.573060012781
k2016,8070,64.35,65.35,5.35201370794475e-05,469.57306269748
k2016,8070,64.4,65.4,5.31743261755789e-05,469.573065364832
k2016,8070,64.45,65.45,5.28307619810538e-05,469.57306801495
k2016,8070,64.5,65.5,5.24894297407596e-05,469.573070647946
k2016,8070,64.55,65.55,5.21503147985249e-05,469.57307326393
k2016,8070,64.6,65.6,5.18134025964294e-05,469.573075863014
k2016,8070,64.65,65.65,5.14786786741194e-05,469.573078445307
k2016,8070,64.7,65.7,5.11461286681291e-05,469.573081010918
k2016,8070,64.75,65.75,5.08157383112056e-05,469.573083559956
k2016,8070,64.8,65.8,5.04874934316398e-05,469.573086092528
k2016,8070,64.85,65.85,5.01613799526021e-05,469.573088608741
k2016,8070,64.9,65.9,4.9837383891483e-05,469.573091108701
k2016,8070,64.95,65.95,4.95154913592389e-05,469.573093592514
k2016,8070,65,66,4.91956885597418e-05,469.573096060285
k2016,8070,65.05,66.05,4.88779617891351e-05,469.573098512118
k2016,8070,65.1,66.1,4.85622974351931e-05,469.573100948115
k2016,8070,65.15,66.15,4.82486819766858e-05,469.573103368381
k2016,8070,65.2,66.2,4.79371019827487e-05,469.573105773018
k2016,8070,65.25,66.25,4.76275441122559e-05,469.573108162125
k2016,8070,65.3,66.3,4.73199951131994e-05,469.573110535805
k2016,8070,65.35,66.35,4.70144418220721e-05,469.573112894158
k2016,8070,65.4,66.4,4.67108711632556e-05,469.573115237283
k2016,8070,65.45,66.45,4.64092701484126e-05,469.573117565278
k2016,8070,65.5,66.5,4.61096258758832e-05,469.573119878242
k2016,8070,65.55,66.55,4.58119255300865e-05,469.573122176273
k2016,8070,65.6,66.6,4.5516156380926e-05,469.573124459467
k2016,8070,65.65,66.65,4.52223057831992e-05,469.573126727921
k2016,8070,65.7,66.7,4.49303611760126e-05,469.573128981729
k2016,8070,65.75,66.75,4.46403100821994e-05,469.573131220988
k2016,8070,65.8,66.8,4.43521401077429e-05,469.573133445792
k2016,8070,65.85,66.85,4.40658389412031e-05,469.573135656234
k2016,8070,65.9,66.9,4.3781394353148e-05,469.573137852407
k2016,8070,65.95,66.95,4.34987941955896e-05,469.573140034404
k2016,8070,66,67,4.32180264014221e-05,469.573142202317
k2016,8070,66.05,67.05,4.29390789838665e-05,469.573144356237
k2016,8070,66.1,67.1,4.26619400359181e-05,469.573146496255
k2016,8070,66.15,67.15,4.23865977297975e-05,469.573148622461
k2016,8070,66.2,67.2,4.21130403164071e-05,469.573150734944
k2016,8070,66.25,67.25,4.18412561247902e-05,469.573152833794
k2016,8070,66.3,67.3,4.15712335615944e-05,469.573154919099
k2016,8070,66.35,67.35,4.13029611105394e-05,469.573156990947
k2016,8070,66.4,67.4,4.10364273318882e-05,469.573159049424
k2016,8070,66.45,67.45,4.07716208619221e-05,469.573161094618
k2016,8070,66.5,67.5,4.05085304124195e-05,469.573163126615
k2016,8070,66.55,67.55,4.02471447701392e-05,469.5731651455
k2016,8070,66.6,67.6,3.99874527963059e-05,469.573167151358
k2016,8070,66.65,67.65,3.97294434261012e-05,469.573169144273
k2016,8070,66.7,67.7,3.94731056681572e-05,469.57317112433
k2016,8070,66.75,67.75,3.92184286040538e-05,469.573173091611
k2016,8070,66.8,67.8,3.896540138782e-05,469.5731750462
k2016,8070,66.85,67.85,3.87140132454387e-05,469.573176988179
k2016,8070,66.9,67.9,3.84642534743546e-05,469.573178917629
k2016,8070,66.95,67.95,3.82161114429869e-05,469.573180834631
k2016,8070,67,68,3.79695765902436e-05,469.573182739267
k2016,8070,67.05,68.05,3.77246384250412e-05,469.573184631615
k2016,8070,67.1,68.1,3.74812865258264e-05,469.573186511757
k2016,8070,67.15,68.15,3.72395105401023e-05,469.57318837977
k2016,8070,67.2,68.2,3.69993001839574e-05,469.573190235734
k2016,8070,67.25,68.25,3.67606452415979e-05,469.573192079726
k2016,8070,67.3,68.3,3.65235355648838e-05,469.573193911824
k2016,8070,67.35,68.35,3.62879610728683e-05,469.573195732105
k2016,8070,67.4,68.4,3.60539117513396e-05,469.573197540646
k2016,8070,67.45,68.45,3.58213776523677e-05,469.573199337522
k2016,8070,67.5,68.5,3.55903488938526e-05,469.573201122809
k2016,8070,67.55,68.55,3.53608156590768e-05,469.573202896582
k2016,8070,67.6,68.6,3.5132768196261e-05,469.573204658915
k2016,8070,67.65,68.65,3.49061968181222e-05,469.573206409883
k2016,8070,67.7,68.7,3.46810919014363e-05,469.573208149559
k2016,8070,67.75,68.75,3.44574438866022e-05,469.573209878016
k2016,8070,67.8,68.8,3.42352432772101e-05,469.573211595328
k2016,8070,67.85,68.85,3.40144806396128e-05,469.573213301565
k2016,8070,67.9,68.9,3.37951466024995e-05,469.573214996799
k2016,8070,67.95,68.95,3.35772318564734e-05,469.573216681103
k2016,8070,68,69,3.33607271536312e-05,469.573218354546
k2016,8070,68.05,69.05,3.3145623307147e-05,469.573220017199
k2016,8070,68.1,69.1,3.29319111908581e-05,469.573221669132
k2016,8070,68.15,69.15,3.27195817388537e-05,469.573223310413
k2016,8070,68.2,69.2,3.25086259450678e-05,469.573224941113
k2016,8070,68.25,69.25,3.22990348628731e-05,469.573226561299
k2016,8070,68.3,69.3,3.20907996046792e-05,469.573228171039
k2016,8070,68.35,69.35,3.18839113415333e-05,469.573229770401
k2016,8070,68.4,69.4,3.16783613027233e-05,469.573231359452
k2016,8070,68.45,69.45,3.14741407753843e-05,469.573232938259
k2016,8070,68.5,69.5,3.12712411041075e-05,469.573234506888
k2016,8070,68.55,69.55,3.10696536905519e-05,469.573236065405
k2016,8070,68.6,69.6,3.0869369993059e-05,469.573237613875
k2016,8070,68.65,69.65,3.06703815262697e-05,469.573239152364
k2016,8070,68.7,69.7,3.04726798607448e-05,469.573240680935
k2016,8070,68.75,69.75,3.0276256622587e-05,469.573242199653
k2016,8070,68.8,69.8,3.00811034930667e-05,469.573243708582
k2016,8070,68.85,69.85,2.98872122082493e-05,469.573245207785
k2016,8070,68.9,69.9,2.96945745586266e-05,469.573246697324
k2016,8070,68.95,69.95,2.95031823887491e-05,469.573248177263
k2016,8070,69,70,2.93130275968621e-05,469.573249647663
k2016,9220,0.05,1.05,3.06601512457416,0.0773609101456076
k2016,9220,0.1,1.1,5.96882558439468,0.303892134807432
k2016,9220,0.15,1.15,8.71696258681771,0.671665820964958
k2016,9220,0.2,1.2,11.3177202229981,1.17313225662617
k2016,9220,0.25,1.25,13.7780364820664,1.80109733332502
k2016,9220,0.3,1.3,16.10452533878,2.54870562411968
k2016,9220,0.35,1.35,18.3034947741448,3.40942470800518
k2016,9220,0.4,1.4,20.3809619087588,4.37703021823212
k2016,9220,0.45,1.45,22.3426666710276,5.44559166921349
k2016,9220,0.5,1.5,24.1940846996024,6.60945891079472
k2016,9220,0.55,1.55,25.9404395347209,7.86324921904112
k2016,9220,0.6,1.6,27.5867141886877,9.20183498832863
k2016,9220,0.65,1.65,29.1376621840395,10.6203319814778
k2016,9220,0.7,1.7,30.5978180706601,12.1140881203477
k2016,9220,0.75,1.75,31.9715074547167,13.6786727902061
k2016,9220,0.8,1.8,33.2628565663626,15.3098666329858
k2016,9220,0.85,1.85,34.4758013863703,17.0036518088656
k2016,9220,0.9,1.9,35.6140963548655,18.7562027030681
k2016,9220,0.95,1.95,36.6813226808862,20.5638770582369
k2016,9220,1,2,37.68089627162,22.4232075127088
k2016,9220,1.05,2.05,38.6160752989228,24.3308935261078
k2016,9220,1.1,2.1,39.4899674202932,26.2837936740726
k2016,9220,1.15,2.15,40.3055366689306,28.2789182965719
k2016,9220,1.2,2.2,41.065610029385,30.3134224822496
k2016,9220,1.25,2.25,41.7728837124653,32.3845993742253
k2016,9220,1.3,2.3,42.4299291436962,34.4898737821131
k2016,9220,1.35,2.35,43.039198677956,36.6267960867637
k2016,9220,1.4,2.4,43.6030310530144,38.7930364241479
k2016,9220,1.45,2.45,44.1236565939105,40.9863791356222
k2016,9220,1.5,2.5,44.6032021795274,43.2047174724379
k2016,9220,1.55,2.55,45.0436959822713,45.4460485428329
k2016,9220,1.6,2.6,45.4470719911693,47.7084684906762
k2016,9220,1.65,2.65,45.8151743283185,49.9901678950441
k2016,9220,1.7,2.7,46.1497613681002,52.2894273806599
k2016,9220,1.75,2.75,46.4525096681778,54.6046134295503
k2016,9220,1.8,2.8,46.7250177208747,56.9341743847242
k2016,9220,1.85,2.85,46.9688095331318,59.2766366371025
k2016,9220,1.9,2.9,47.1853380428736,61.6306009873235
k2016,9220,1.95,2.95,47.3759883792529,63.9947391744338
k2016,9220,2,3,47.5420809739029,66.3677905638376
k2016,9220,2.05,3.05,47.684874530001,68.7485589872256
k2016,9220,2.1,3.1,47.8055688556354,71.1359097275389
k2016,9220,2.15,3.15,47.905307567672,73.5287666423383
k2016,9220,2.2,3.2,47.9851806720342,75.926109419253
k2016,9220,2.25,3.25,48.0462270260388,78.3269709574722
k2016,9220,2.3,3.3,48.089436688174,80.7304348695168
k2016,9220,2.35,3.35,48.1157531604577,83.1356330977947
k2016,9220,2.4,3.4,48.1260755282839,85.54174364069
k2016,9220,2.45,3.45,48.1212605024343,87.9479883831812
k2016,9220,2.5,3.5,48.1021243677266,90.3536310272058
k2016,9220,2.55,3.55,48.0694448425594,92.757975117214
k2016,9220,2.6,3.6,48.0239628534248,95.1603621565562
k2016,9220,2.65,3.65,47.9663842282704,97.5601698105525
k2016,9220,2.7,3.7,47.8973813124169,99.9568101922783
k2016,9220,2.75,3.75,47.8175945105679,102.349728227284
k2016,9220,2.8,3.8,47.7276337582868,104.738400093637
k2016,9220,2.85,3.85,47.6280799261621,107.122331733847
k2016,9220,2.9,3.9,47.5194861597345,109.50105743537
k2016,9220,2.95,3.95,47.4023791581204,111.874138476578
k2016,9220,3,4,47.2772603941308,114.241161835174
k2016,9220,3.05,4.05,47.1446072785574,116.601738956212
k2016,9220,3.1,4.1,47.0048742711767,118.955504576991
k2016,9220,3.15,4.15,46.8584939409048,121.302115606211
k2016,9220,3.2,4.2,46.7058779774255,123.641250054921
k2016,9220,3.25,4.25,46.5474181565087,125.972606016878
k2016,9220,3.3,4.3,46.3834872611338,128.295900696059
k2016,9220,3.35,4.35,46.2144399604363,130.610869479164
k2016,9220,3.4,4.4,46.0406136484053,132.917265051064
k2016,9220,3.45,4.45,45.8623292441699,135.214856551194
k2016,9220,3.5,4.5,45.6798919556288,137.503428769063
k2016,9220,3.55,4.55,45.4935920080979,139.782781377043
k2016,9220,3.6,4.6,45.3037053395739,142.052728198757
k2016,9220,3.65,4.65,45.1104942641401,144.313096511433
k2016,9220,3.7,4.7,44.9142081049674,146.563726380655
k2016,9220,3.75,4.75,44.7150837983022,148.804470026031
k2016,9220,3.8,4.8,44.5133464697655,151.035191216375
k2016,9220,3.85,4.85,44.3092099842282,153.255764693021
k2016,9220,3.9,4.9,44.1028774704703,155.466075620012
k2016,9220,3.95,4.95,43.8945418217771,157.666019059905
k2016,9220,4,5,43.6843861735696,159.855499474031
k2016,9220,4.05,5.05,43.4725843591216,162.034430246083
k2016,9220,4.1,5.1,43.2593013443624,164.202733227966
k2016,9220,4.15,5.15,43.0446936427224,166.360338306879
k2016,9220,4.2,5.2,42.8289097109334,168.507182992667
k2016,9220,4.25,5.25,42.6120903266538,170.643212024496
k2016,9220,4.3,5.3,42.3943689487496,172.76837699598
k2016,9220,4.35,5.35,42.1758720610246,174.882635997899
k2016,9220,4.4,5.4,41.956719500155,176.985953277714
k2016,9220,4.45,5.45,41.737024768552,179.078298915088
k2016,9220,4.5,5.5,41.5168953328413,181.159648512695
k2016,9220,4.55,5.55,41.2964329086153,183.229982901607
k2016,9220,4.6,5.6,41.075733732089,185.289287860584
k2016,9220,4.65,5.65,40.8548888192544,187.337553848639
k2016,9220,4.7,5.7,40.6339842131094,189.374775750252
k2016,9220,4.75,5.75,40.4131012195025,191.400952632665
k2016,9220,4.8,5.8,40.1923166321174,193.416087514693
k2016,9220,4.85,5.85,39.9717029470918,195.420187146523
k2016,9220,4.9,5.9,39.7513285677462,197.413261799995
k2016,9220,4.95,5.95,39.531257999874,199.395325068883
k2016,9220,5,6,39.3115520380257,201.366393678712
k2016,9220,5.05,6.05,39.0922679431982,203.326487305671
k2016,9220,5.1,6.1,38.8734596123238,205.27562840421
k2016,9220,5.15,6.15,38.6551777399327,207.213842042905
k2016,9220,5.2,6.2,38.4374699723489,209.141155748228
k2016,9220,5.25,6.25,38.2203810547597,211.05759935584
k2016,9220,5.3,6.3,38.0039529714856,212.963204869068
k2016,9220,5.35,6.35,37.7882250797627,214.858006324236
k2016,9220,5.4,6.4,37.5732342373329,216.74203966252
k2016,9220,5.45,6.45,37.3590149241279,218.615342608045
k2016,9220,5.5,6.5,37.1455993583145,220.477954551917
k2016,9220,5.55,6.55,36.9330176069626,222.329916441921
k2016,9220,5.6,6.6,36.7212976915792,224.171270677626
k2016,9220,5.65,6.65,36.5104656887467,226.002061010648
k2016,9220,5.7,6.7,36.3005458260868,227.822332449813
k2016,9220,5.75,6.75,36.091560573767,229.632131171023
k2016,9220,5.8,6.8,35.8835307317516,231.431504431577
k2016,9220,5.85,6.85,35.6764755129938,233.220500488757
k2016,9220,5.9,6.9,35.4704126227553,234.99916852248
k2016,9220,5.95,6.95,35.2653583342289,236.767558561816
k2016,9220,6,7,35.061327560636,238.525721415202
k2016,9220,6.05,7.05,34.8583339239597,240.273708604176
k2016,9220,6.1,7.1,34.6563898204674,242.011572300464
k2016,9220,6.15,7.15,34.4555064831713,243.739365266272
k2016,9220,6.2,7.2,34.2556940413666,245.457140797621
k2016,9220,6.25,7.25,34.0569615773816,247.16495267059
k2016,9220,6.3,7.3,33.859317180668,248.862855090336
k2016,9220,6.35,7.35,33.6627679993537,250.550902642743
k2016,9220,6.4,7.4,33.4673202893742,252.229150248597
k2016,9220,6.45,7.45,33.2729794612939,253.897653120157
k2016,9220,6.5,7.5,33.0797501249242,255.556466720009
k2016,9220,6.55,7.55,32.8876361318385,257.205646722102
k2016,9220,6.6,7.6,32.6966406158824,258.845248974856
k2016,9220,6.65,7.65,32.5067660317693,260.475329466245
k2016,9220,6.7,7.7,32.3180141918515,262.095944290773
k2016,9220,6.75,7.75,32.1303863011493,263.707149618236
k2016,9220,6.8,7.8,31.9438829907191,265.309001664194
k2016,9220,6.85,7.85,31.7585043494371,266.901556662078
k2016,9220,6.9,7.9,31.5742499542705,268.484870836841
k2016,9220,6.95,7.95,31.391118899107,270.059000380091
k2016,9220,7,8,31.2091098222093,271.624001426628
k2016,9220,7.05,8.05,31.0282209323565,273.179930032321
k2016,9220,7.1,8.1,30.8484500337345,274.726842153262
k2016,9220,7.15,8.15,30.6697945496324,276.264793626135
k2016,9220,7.2,8.2,30.4922515450004,277.793840149737
k2016,9220,7.25,8.25,30.3158177479211,279.314037267604
k2016,9220,7.3,8.3,30.1404895700451,280.825440351681
k2016,9220,7.35,8.35,29.9662631260393,282.328104586994
k2016,9220,7.4,8.4,29.7931342520916,283.822084957264
k2016,9220,7.45,8.45,29.6210985235175,285.307436231428
k2016,9220,7.5,8.5,29.4501512715101,286.784212951018
k2016,9220,7.55,8.55,29.280287599072,288.252469418357
k2016,9220,7.6,8.6,29.1115023961679,289.712259685528
k2016,9220,7.65,8.65,28.9437903541336,291.163637544091
k2016,9220,7.7,8.7,28.7771459793771,292.606656515492
k2016,9220,7.75,8.75,28.6115636064022,294.041369842147
k2016,9220,7.8,8.8,28.4470374101893,295.46783047916
k2016,9220,7.85,8.85,28.2835614179601,296.886091086641
k2016,9220,7.9,8.9,28.1211295203573,298.296204022603
k2016,9220,7.95,8.95,27.9597354820652,299.698221336397
k2016,9220,8,9,27.7993729518977,301.092194762671
k2016,9220,8.05,9.05,27.6400354723787,302.478175715818
k2016,9220,8.1,9.1,27.481716488838,303.856215284891
k2016,9220,8.15,9.15,27.3244093580457,305.226364228959
k2016,9220,8.2,9.2,27.1681073564071,306.588672972888
k2016,9220,8.25,9.25,27.0128036877379,307.943191603519
k2016,9220,8.3,9.3,26.8584914906397,309.289969866221
k2016,9220,8.35,9.35,26.7051638454943,310.629057161811
k2016,9220,8.4,9.4,26.5528137810954,311.960502543808
k2016,9220,8.45,9.45,26.401434280934,313.284354716013
k2016,9220,8.5,9.5,26.2510182891537,314.600662030393
k2016,9220,8.55,9.55,26.1015587161921,315.909472485257
k2016,9220,8.6,9.6,25.9530484441229,317.210833723707
k2016,9220,8.65,9.65,25.805480331712,318.504793032341
k2016,9220,8.7,9.7,25.6588472192026,319.791397340217
k2016,9220,8.75,9.75,25.5131419328403,321.070693218036
k2016,9220,8.8,9.8,25.3683572891528,322.342726877549
k2016,9220,8.85,9.85,25.2244860989931,323.607544171178
k2016,9220,8.9,9.9,25.08152117136,324.865190591823
k2016,9220,8.95,9.95,24.9394553170047,326.115711272865
k2016,9220,9,10,24.7982813518347,327.359150988338
k2016,9220,9.05,10.05,24.6579921001244,328.595554153267
k2016,9220,9.1,10.1,24.5185803975408,329.824964824162
k2016,9220,9.15,10.15,24.380039093995,331.047426699662
k2016,9220,9.2,10.2,24.2423610563263,332.262983121315
k2016,9220,9.25,10.25,24.1055391708268,333.471677074485
k2016,9220,9.3,10.3,23.9695663456162,334.673551189389
k2016,9220,9.35,10.35,23.834435512871,335.86864774224
k2016,9220,9.4,10.4,23.7001396309182,337.057008656507
k2016,9220,9.45,10.45,23.5666716861976,338.238675504269
k2016,9220,9.5,10.5,23.4340246951008,339.41368950767
k2016,9220,9.55,10.55,23.3021917056916,340.582091540456
k2016,9220,9.6,10.6,23.171165799315,341.743922129603
k2016,9220,9.65,10.65,23.0409400920984,342.89922145702
k2016,9220,9.7,10.7,22.9115077363524,344.048029361317
k2016,9220,9.75,10.75,22.7828619218745,345.190385339655
k2016,9220,9.8,10.8,22.6549958771611,346.326328549645
k2016,9220,9.85,10.85,22.5279028705326,347.455897811316
k2016,9220,9.9,10.9,22.401576211175,348.57913160913
k2016,9220,9.95,10.95,22.2760092501038,349.696068094048
k2016,9220,10,11,22.1511953810521,350.806745085649
k2016,9220,10.05,11.05,22.0271280412881,351.911200074283
k2016,9220,10.1,11.1,21.9038007123653,353.009470223267
k2016,9220,10.15,11.15,21.781206920808,354.101592371117
k2016,9220,10.2,11.2,21.659340238737,355.187603033814
k2016,9220,10.25,11.25,21.5381942844364,356.267538407095
k2016,9220,10.3,11.3,21.4177627228668,357.341434368777
k2016,9220,10.35,11.35,21.2980392661254,358.409326481102
k2016,9220,10.4,11.4,21.179017673858,359.471249993104
k2016,9220,10.45,11.45,21.0606917536234,360.527239842995
k2016,9220,10.5,11.5,20.9430553612139,361.57733066057
k2016,9220,10.55,11.55,20.8261024009341,362.621556769625
k2016,9220,10.6,11.6,20.7098268258393,363.659952190389
k2016,9220,10.65,11.65,20.594222637937,364.692550641968
k2016,9220,10.7,11.7,20.4792838883524,365.719385544794
k2016,9220,10.75,11.75,20.3650046774602,366.740490023087
k2016,9220,10.8,11.8,20.2513791549846,367.755896907319
k2016,9220,10.85,11.85,20.1384015200695,368.765638736684
k2016,9220,10.9,11.9,20.0260660213194,369.769747761568
k2016,9220,10.95,11.95,19.9143669568144,370.768255946026
k2016,9220,11,12,19.8032986740988,371.761194970252
k2016,9220,11.05,12.05,19.6928555701469,372.748596233055
k2016,9220,11.1,12.1,19.5830320913049,373.730490854325
k2016,9220,11.15,12.15,19.4738227332123,374.706909677504
k2016,9220,11.2,12.2,19.3652220407036,375.677883272045
k2016,9220,11.25,12.25,19.2572246076895,376.643441935872
k2016,9220,11.3,12.3,19.1498250770226,377.603615697826
k2016,9220,11.35,12.35,19.043018140344,378.558434320113
k2016,9220,11.4,12.4,18.9367985379162,379.507927300738
k2016,9220,11.45,12.45,18.8311610584402,380.452123875927
k2016,9220,11.5,12.5,18.7261005388587,381.391053022553
k2016,9220,11.55,12.55,18.621611864147,382.324743460535
k2016,9220,11.6,12.6,18.5176899670916,383.253223655236
k2016,9220,11.65,12.65,18.4143298280566,384.176521819851
k2016,9220,11.7,12.7,18.3115264747413,385.094665917777
k2016,9220,11.75,12.75,18.2092749819258,386.007683664974
k2016,9220,11.8,12.8,18.1075704712096,386.915602532312
k2016,9220,11.85,12.85,18.0064081107398,387.818449747907
k2016,9220,11.9,12.9,17.9057831149323,388.716252299438
k2016,9220,11.95,12.95,17.805690744186,389.609036936459
k2016,9220,12,13,17.7061263045893,390.496830172684
k2016,9220,12.05,13.05,17.6070851476209,391.37965828827
k2016,9220,12.1,13.1,17.5085626698451,392.257547332075
k2016,9220,12.15,13.15,17.4105543126009,393.130523123905
k2016,9220,12.2,13.2,17.3130555616873,393.998611256749
k2016,9220,12.25,13.25,17.2160619470438,394.861837098988
k2016,9220,12.3,13.3,17.1195690424266,395.720225796596
k2016,9220,12.35,13.35,17.0235724650815,396.573802275328
k2016,9220,12.4,13.4,16.9280678754137,397.422591242875
k2016,9220,12.45,13.45,16.8330509766547,398.266617191027
k2016,9220,12.5,13.5,16.7385175145258,399.105904397795
k2016,9220,12.55,13.55,16.644463276901,399.940476929531
k2016,9220,12.6,13.6,16.5508840934659,400.770358643032
k2016,9220,12.65,13.65,16.4577758353771,401.595573187611
k2016,9220,12.7,13.7,16.3651344149181,402.416144007174
k2016,9220,12.75,13.75,16.2729557851557,403.232094342259
k2016,9220,12.8,13.8,16.1812359395944,404.04344723207
k2016,9220,12.85,13.85,16.0899709118309,404.850225516493
k2016,9220,12.9,13.9,15.9991567752072,405.652451838084
k2016,9220,12.95,13.95,15.9087896424646,406.450148644056
k2016,9220,13,14,15.8188656653961,407.243338188237
k2016,9220,13.05,14.05,15.7293810345006,408.032042533011
k2016,9220,13.1,14.1,15.6403319786358,408.81628355125
k2016,9220,13.15,14.15,15.5517147646726,409.596082928219
k2016,9220,13.2,14.2,15.4635256971494,410.37146216347
k2016,9220,13.25,14.25,15.3757611179274,411.142442572718
k2016,9220,13.3,14.3,15.2884174058469,411.909045289695
k2016,9220,13.35,14.35,15.2014909763841,412.671291267993
k2016,9220,13.4,14.4,15.1149782813091,413.429201282886
k2016,9220,13.45,14.45,15.0288758083456,414.182795933139
k2016,9220,13.5,14.5,14.9431800808313,414.932095642792
k2016,9220,13.55,14.55,14.85788765738,415.677120662937
k2016,9220,13.6,14.6,14.7729951315447,416.417891073471
k2016,9220,13.65,14.65,14.6884991314832,417.154426784836
k2016,9220,13.7,14.7,14.6043963196244,417.886747539737
k2016,9220,13.75,14.75,14.520683392337,418.614872914855
k2016,9220,13.8,14.8,14.4373570795994,419.338822322528
k2016,9220,13.85,14.85,14.3544141446719,420.058615012427
k2016,9220,13.9,14.9,14.2718513837707,420.774270073211
k2016,9220,13.95,14.95,14.189665625744,421.485806434168
k2016,9220,14,15,14.1078537317496,422.193242866835
k2016,9220,14.05,15.05,14.0264125949352,422.896597986611
k2016,9220,14.1,15.1,13.9453391401206,423.595890254345
k2016,9220,14.15,15.15,13.8646303234817,424.291137977909
k2016,9220,14.2,15.2,13.7842831322376,424.982359313766
k2016,9220,14.25,15.25,13.7042945843386,425.669572268505
k2016,9220,14.3,15.3,13.6246617281576,426.352794700378
k2016,9220,14.35,15.35,13.5453816421835,427.032044320808
k2016,9220,14.4,15.4,13.4664514347164,427.707338695888
k2016,9220,14.45,15.45,13.3878682435659,428.378695247868
k2016,9220,14.5,15.5,13.3096292357512,429.046131256618
k2016,9220,14.55,15.55,13.2317316072036,429.709663861082
k2016,9220,14.6,15.6,13.1541725824718,430.369310060719
k2016,9220,14.65,15.65,13.0769494144293,431.025086716925
k2016,9220,14.7,15.7,13.0000593839841,431.67701055444
k2016,9220,14.75,15.75,12.9234997997911,432.325098162746
k2016,9220,14.8,15.8,12.847267997967,432.969365997444
k2016,9220,14.85,15.85,12.7713613418069,433.609830381622
k2016,9220,14.9,15.9,12.6957772215044,434.246507507207
k2016,9220,14.95,15.95,12.6205130538738,434.879413436302
k2016,9220,15,16,12.5455662820738,435.508564102511
k2016,9220,15.05,16.05,12.4709343753353,436.133975312246
k2016,9220,15.1,16.1,12.3966148286903,436.755662746032
k2016,9220,15.15,16.15,12.3226051627039,437.373641959779
k2016,9220,15.2,16.2,12.2489029232089,437.987928386063
k2016,9220,15.25,16.25,12.1755056810417,438.598537335375
k2016,9220,15.3,16.3,12.1024110317826,439.205483997369
k2016,9220,15.35,16.35,12.0296165954963,439.808783442089
k2016,9220,15.4,16.4,11.957120016477,440.408450621193
k2016,9220,15.45,16.45,11.8849189629938,441.004500369149
k2016,9220,15.5,16.5,11.8130111270406,441.596947404438
k2016,9220,15.55,16.55,11.7413942240864,442.185806330724
k2016,9220,15.6,16.6,11.6700659928297,442.771091638029
k2016,9220,15.65,16.65,11.5990241949543,443.352817703884
k2016,9220,15.7,16.7,11.5282666148874,443.930998794475
k2016,9220,15.75,16.75,11.4577910595608,444.505649065773
k2016,9220,15.8,16.8,11.3875953581739,445.076782564651
k2016,9220,15.85,16.85,11.317677361959,445.644413229997
k2016,9220,15.9,16.9,11.2480349439493,446.208554893805
k2016,9220,15.95,16.95,11.1786659987487,446.769221282261
k2016,9220,16,17,11.1095684423046,447.326426016814
k2016,9220,16.05,17.05,11.0407402116821,447.880182615243
k2016,9220,16.1,17.1,10.9721792648412,448.430504492701
k2016,9220,16.15,17.15,10.9038835804159,448.977404962756
k2016,9220,16.2,17.2,10.8358511574958,449.520897238423
k2016,9220,16.25,17.25,10.7680800154093,450.060994433175
k2016,9220,16.3,17.3,10.70056819351,450.597709561956
k2016,9220,16.35,17.35,10.6333137509644,451.131055542171
k2016,9220,16.4,17.4,10.566314766542,451.661045194677
k2016,9220,16.45,17.45,10.4995693384083,452.187691244753
k2016,9220,16.5,17.5,10.4330755839185,452.711006323068
k2016,9220,16.55,17.55,10.3668316394148,453.231002966634
k2016,9220,16.6,17.6,10.3008356600248,453.747693619751
k2016,9220,16.65,17.65,10.2350858194625,454.26109063494
k2016,9220,16.7,17.7,10.1695803098313,454.77120627387
k2016,9220,16.75,17.75,10.1043173414288,455.278052708267
k2016,9220,16.8,17.8,10.039295142554,455.781642020828
k2016,9220,16.85,17.85,9.97451195931657,456.281986206107
k2016,9220,16.9,17.9,9.90996605544739,456.779097171406
k2016,9220,16.95,17.95,9.84565571211217,457.272986737651
k2016,9220,17,18,9.78157922772626,457.763666640257
k2016,9220,17.05,18.05,9.71773491777175,458.251148529988
k2016,9220,17.1,18.1,9.65412111461645,458.735443973805
k2016,9220,17.15,18.15,9.59073616733477,459.216564455705
k2016,9220,17.2,18.2,9.52757844153054,459.694521377554
k2016,9220,17.25,18.25,9.46464631916178,460.169326059907
k2016,9220,17.3,18.3,9.40193819836723,460.640989742821
k2016,9220,17.35,18.35,9.33945249329484,461.109523586663
k2016,9220,17.4,18.4,9.27718763393211,461.574938672904
k2016,9220,17.45,18.45,9.21514206593817,462.037246004904
k2016,9220,17.5,18.5,9.15331425047781,462.496456508698
k2016,9220,17.55,18.55,9.09170266405714,462.952581033761
k2016,9220,17.6,18.6,9.03030579836123,463.405630353774
k2016,9220,17.65,18.65,8.96912216009336,463.855615167379
k2016,9220,17.7,18.7,8.90815027081607,464.302546098925
k2016,9220,17.75,18.75,8.84738866679401,464.746433699207
k2016,9220,17.8,18.8,8.78683589883836,465.187288446198
k2016,9220,17.85,18.85,8.72649053215316,465.625120745771
k2016,9220,17.9,18.9,8.66635114618313,466.059940932417
k2016,9220,17.95,18.95,8.6064163344633,466.491759269952
k2016,9220,18,19,8.54668470447026,466.920585952218
k2016,9220,18.05,19.05,8.48715487747499,467.346431103775
k2016,9220,18.1,19.1,8.42782548839745,467.76930478059
k2016,9220,18.15,19.15,8.36869518566267,468.189216970713
k2016,9220,18.2,19.2,8.3097626310585,468.606177594951
k2016,9220,18.25,19.25,8.25102649959491,469.02019650753
k2016,9220,18.3,19.3,8.19248547936492,469.431283496757
k2016,9220,18.35,19.35,8.13413827140702,469.839448285664
k2016,9220,18.4,19.4,8.0759835895692,470.244700532659
k2016,9220,18.45,19.45,8.01802016037445,470.647049832158
k2016,9220,18.5,19.5,7.96024672288783,471.046505715218
k2016,9220,18.55,19.55,7.90266202858499,471.44307765016
k2016,9220,18.6,19.6,7.84526484122227,471.836775043185
k2016,9220,18.65,19.65,7.78805393670818,472.227607238989
k2016,9220,18.7,19.7,7.7310281029764,472.615583521363
k2016,9220,18.75,19.75,7.67418613986025,473.000713113791
k2016,9220,18.8,19.8,7.61752685896854,473.383005180046
k2016,9220,18.85,19.85,7.56104908356292,473.762468824773
k2016,9220,18.9,19.9,7.50475164843662,474.139113094067
k2016,9220,18.95,19.95,7.44863339979456,474.512946976051
k2016,9220,19,20,7.39269319513494,474.88397940144
k2016,9220,19.05,20.05,7.33692990313209,475.252219244103
k2016,9220,19.1,20.1,7.28134240352085,475.61767532162
k2016,9220,19.15,20.15,7.2259295869822,475.980356395833
k2016,9220,19.2,20.2,7.17069035503025,476.340271173389
k2016,9220,19.25,20.25,7.11562361990067,476.697428306277
k2016,9220,19.3,20.3,7.06072830444029,477.051836392367
k2016,9220,19.35,20.35,7.00600334199821,477.403503975932
k2016,9220,19.4,20.4,6.95144767631806,477.752439548174
k2016,9220,19.45,20.45,6.89706026143167,478.098651547738
k2016,9220,19.5,20.5,6.84284006155401,478.442148361228
k2016,9220,19.55,20.55,6.78878605097941,478.782938323709
k2016,9220,19.6,20.6,6.73489721397905,479.121029719213
k2016,9220,19.65,20.65,6.68117254469977,479.45643078123
k2016,9220,19.7,20.7,6.62761104706408,479.789149693205
k2016,9220,19.75,20.75,6.5742117346715,480.119194589019
k2016,9220,19.8,20.8,6.52097363070109,480.446573553473
k2016,9220,19.85,20.85,6.46789576781528,480.771294622768
k2016,9220,19.9,20.9,6.4149771880649,481.093365784969
k2016,9220,19.95,20.95,6.36221694279546,481.412794980477
k2016,9220,20,21,6.30961409255468,481.729590102493
k2016,9220,20.05,21.05,6.25716770700119,482.043758997472
k2016,9220,20.1,21.1,6.20487686481454,482.355309465578
k2016,9220,20.15,21.15,6.15274065360634,482.664249261132
k2016,9220,20.2,21.2,6.10075816983267,482.970586093057
k2016,9220,20.25,21.25,6.04892851870769,483.274327625321
k2016,9220,20.3,21.3,5.99725081411844,483.575481477365
k2016,9220,20.35,21.35,5.94572417854087,483.874055224545
k2016,9220,20.4,21.4,5.89434774295709,484.170056398548
k2016,9220,20.45,21.45,5.8431206467738,484.463492487825
k2016,9220,20.5,21.5,5.79204203774195,484.754370938006
k2016,9220,20.55,21.55,5.74111107187757,485.042699152314
k2016,9220,20.6,21.6,5.69032691338387,485.328484491979
k2016,9220,20.65,21.65,5.63968873457454,485.611734276643
k2016,9220,20.7,21.7,5.58919571579819,485.892455784766
k2016,9220,20.75,21.75,5.53884704536415,486.170656254024
k2016,9220,20.8,21.8,5.48864191946935,486.446342881707
k2016,9220,20.85,21.85,5.43857954212653,486.719522825109
k2016,9220,20.9,21.9,5.38865912509369,486.99020320192
k2016,9220,20.95,21.95,5.33887988780468,487.25839109061
k2016,9220,21,22,5.2892410573012,487.524093530809
k2016,9220,21.05,22.05,5.23974186816595,487.787317523692
k2016,9220,21.1,22.1,5.19038156245707,488.048070032345
k2016,9220,21.15,22.15,5.14115938964395,488.306357982148
k2016,9220,21.2,22.2,5.09207460654423,488.562188261134
k2016,9220,21.25,22.25,5.04312647726223,488.815567720362
k2016,9220,21.3,22.3,4.99431427312864,489.066503174276
k2016,9220,21.35,22.35,4.94563727264155,489.315001401065
k2016,9220,21.4,22.4,4.89709476140895,489.561069143023
k2016,9220,21.45,22.45,4.84868603209256,489.804713106901
k2016,9220,21.5,22.5,4.80041038435305,490.045939964255
k2016,9220,21.55,22.55,4.75226712479679,490.284756351802
k2016,9220,21.6,22.6,4.704255566924,490.521168871759
k2016,9220,21.65,22.65,4.65637503107848,490.755184092191
k2016,9220,21.7,22.7,4.60862484439883,490.986808547349
k2016,9220,21.75,22.75,4.56100434077122,491.216048738011
k2016,9220,21.8,22.8,4.51351286078387,491.442911131816
k2016,9220,21.85,22.85,4.4661497516831,491.6674021636
k2016,9220,21.9,22.9,4.41891436733111,491.889528235727
k2016,9220,21.95,22.95,4.37180606816556,492.109295718416
k2016,9220,22,23,4.32482422116088,492.326710950075
k2016,9220,22.05,23.05,4.27796819979148,492.541780237622
k2016,9220,22.1,23.1,4.2312373839969,492.75450985681
k2016,9220,22.15,23.15,4.18463116014894,492.964906052551
k2016,9220,22.2,23.2,4.13814892102086,493.172975039234
k2016,9220,22.25,23.25,4.09179006575868,493.378723001047
k2016,9220,22.3,23.3,4.0455539998548,493.582156092295
k2016,9220,22.35,23.35,3.99944013512382,493.783280437715
k2016,9220,22.4,23.4,3.95344788968086,493.982102132792
k2016,9220,22.45,23.45,3.9075766879224,494.178627244075
k2016,9220,22.5,23.5,3.86182596050968,494.372861809487
k2016,9220,22.55,23.55,3.81619514435492,494.564811838643
k2016,9220,22.6,23.6,3.7706836826104,494.754483313159
k2016,9220,22.65,23.65,3.72529102466063,494.941882186964
k2016,9220,22.7,23.7,3.68001662611759,495.127014386612
k2016,9220,22.75,23.75,3.63485994881941,495.309885811593
k2016,9220,22.8,23.8,3.58982046083261,495.490502334645
k2016,9220,22.85,23.85,3.54489763645796,495.668869802066
k2016,9220,22.9,23.9,3.5000909562404,495.844994034024
k2016,9220,22.95,23.95,3.45539990698306,496.01888082487
k2016,9220,23,24,3.41082398176573,496.190535943453
k2016,9220,23.05,24.05,3.36636267996802,496.359965133433
k2016,9220,23.1,24.1,3.32201550729753,496.527174113598
k2016,9220,23.15,24.15,3.27778197582328,496.692168578179
k2016,9220,23.2,24.2,3.23366160401486,496.854954197171
k2016,9220,23.25,24.25,3.18965391678758,497.015536616654
k2016,9220,23.3,24.3,3.14575844555406,497.173921459113
k2016,9220,23.35,24.35,3.10197472828277,497.330114323771
k2016,9220,23.4,24.4,3.05830230956396,497.484120786914
k2016,9220,23.45,24.45,3.01474074068345,497.635946402222
k2016,9220,23.5,24.5,2.97128957970506,497.78559670111
k2016,9220,23.55,24.55,2.92794839156212,497.933077193069
k2016,9220,23.6,24.6,2.88471674815889,498.078393366008
k2016,9220,23.65,24.65,2.84159422848265,498.22155068661
k2016,9220,23.7,24.7,2.7985804187273,498.362554600685
k2016,9220,23.75,24.75,2.75567491242935,498.501410533536
k2016,9220,23.8,24.8,2.71287731061747,498.638123890332
k2016,9220,23.85,24.85,2.67018722197662,498.77270005648
k2016,9220,23.9,24.9,2.62760426302804,498.90514439802
k2016,9220,23.95,24.95,2.58512805832661,499.035462262016
k2016,9220,24,25,2.5427582406769,499.163658976966
k2016,9220,24.05,25.05,2.50049445136982,499.289739853219
k2016,9220,24.1,25.1,2.45833634044171,499.413710183405
k2016,9220,24.15,25.15,2.41628356695796,499.535575242882
k2016,9220,24.2,25.2,2.37433579932342,499.655340290193
k2016,9220,24.25,25.25,2.33249271562253,499.773010567542
k2016,9220,24.3,25.3,2.29075400399169,499.888591301285
k2016,9220,24.35,25.35,2.24911936302748,500.002087702447
k2016,9220,24.4,25.4,2.20758850223431,500.113504967252
k2016,9220,24.45,25.45,2.16616114251552,500.222848277682
k2016,9220,24.5,25.5,2.12483701671284,500.330122802063
k2016,9220,24.55,25.55,2.08361587019916,500.435333695669
k2016,9220,24.6,25.6,2.04249746153084,500.538486101373
k2016,9220,24.65,25.65,2.0014815631661,500.63958515032
k2016,9220,24.7,25.7,1.96056796225719,500.738635962641
k2016,9220,24.75,25.75,1.91975646152499,500.835643648208
k2016,9220,24.8,25.8,1.87904688022604,500.930613307442
k2016,9220,24.85,25.85,1.83843905522324,501.023550032161
k2016,9220,24.9,25.9,1.79793284217322,501.114458906488
k2016,9220,24.95,25.95,1.75752811684536,501.203345007831
k2016,9220,25,26,1.71722477658955,501.290213407914
k2016,9220,25.05,26.05,1.67702274197266,501.375069173906
k2016,9220,25.1,26.1,1.63692195860671,501.457917369621
k2016,9220,25.15,26.15,1.59692239919554,501.538763056821
k2016,9220,25.2,26.2,1.5570240658312,501.617611296628
k2016,9220,25.25,26.25,1.51722699257661,501.694467151058
k2016,9220,25.3,26.3,1.47753124837752,501.769335684688
k2016,9220,25.35,26.35,1.43793694035433,501.842221966482
k2016,9220,25.4,26.4,1.39844421753377,501.913131071791
k2016,9220,25.45,26.45,1.35905327509161,501.982068084555
k2016,9220,25.5,26.5,1.31976435919152,502.049038099721
k2016,9220,25.55,26.55,1.28057777252186,502.114046225937
k2016,9220,25.6,26.6,1.24149388065328,502.177097588527
k2016,9220,25.65,26.65,1.20251311936576,502.238197332816
k2016,9220,25.7,26.7,1.16363600312589,502.297350627848
k2016,9220,25.75,26.75,1.12486313493581,502.35456267056
k2016,9220,25.8,26.8,1.08619521781648,502.409838690483
k2016,9220,25.85,26.85,1.04763306827484,502.463183955072
k2016,9220,25.9,26.9,1.00917763224258,502.514603775785
k2016,9220,25.95,26.95,0.970830003831227,502.564103514994
k2016,9220,26,27,0.932591447724809,502.611688593934
k2016,9220,26.05,27.05,0.894463426051877,502.657364501887
k2016,9220,26.1,27.1,0.856447630794435,502.701136806839
k2016,9220,26.15,27.15,0.818546023154644,502.743011167928
k2016,9220,26.2,27.2,0.78076088175908,502.782993350064
k2016,9220,26.25,27.25,0.743094862166813,502.821089241236
k2016,9220,26.3,27.3,0.705551070991787,502.857304873143
k2016,9220,26.35,27.35,0.668133159132182,502.891646445988
k2016,9220,26.4,27.4,0.630845440287033,502.92412035853
k2016,9220,26.45,27.45,0.593693043388809,502.954733244877
k2016,9220,26.5,27.5,0.556682111197228,502.983492019985
k2016,9220,26.55,27.55,0.519820062746372,503.010403936599
k2016,9220,26.6,27.6,0.483115945719771,503.035476657436
k2016,9220,26.65,27.65,0.446580918041682,503.058718348011
k2016,9220,26.7,27.7,0.410228919365589,503.080137797988
k2016,9220,26.75,27.75,0.374077628832857,503.099744582751
k2016,9220,26.8,27.8,0.338149865879006,503.117549283015
k2016,9220,26.85,27.85,0.302475705283801,503.133563790879
k2016,9220,26.9,27.9,0.267095779051211,503.147801749182
k2016,9220,26.95,27.95,0.2320666563941,503.160279202383
k2016,9220,27,28,0.197470023709393,503.171015601129
k2016,9220,27.05,28.05,0.163429356309054,503.180035432044
k2016,9220,27.1,28.1,0.13014243267109,503.187371024954
k2016,9220,27.15,28.15,0.0979506584124605,503.193067771821
k2016,9220,27.2,28.2,0.0675033092115839,503.197194797184
k2016,9220,27.25,28.25,0.04018735637033,503.199869352883
k2016,9220,27.3,28.3,0.0191554292511676,503.20131662984
k2016,9220,27.35,28.35,0.00887960791015759,503.201969349347
k2016,9220,27.4,28.4,0.00663693285922719,503.202340308356
k2016,9220,27.45,28.45,0.00631054256397922,503.202661739933
k2016,9220,27.5,28.5,0.00621819221779233,503.202974718068
k2016,9220,27.55,28.55,0.00615089207880471,503.203283917566
k2016,9220,27.6,28.6,0.00608692382746756,503.203589856811
k2016,9220,27.65,28.65,0.00602409936823592,503.203892628418
k2016,9220,27.7,28.7,0.00596218810946579,503.204192281912
k2016,9220,27.75,28.75,0.00590115203206436,503.204488862028
k2016,9220,27.8,28.8,0.00584097202995488,503.204782411851
k2016,9220,27.85,28.85,0.00578163120994883,503.205072973711
k2016,9220,27.9,28.9,0.00572311328799818,503.205360589155
k2016,9220,27.95,28.95,0.00566540239889084,503.205645298937
k2016,9220,28,29,0.00560848308414986,503.205927143023
k2016,9220,28.05,29.05,0.00555234027797005,503.206206160615
k2016,9220,28.1,29.1,0.00549695929439766,503.206482390169
k2016,9220,28.15,29.15,0.00544232581586949,503.206755869413
k2016,9220,28.2,29.2,0.00538842587984681,503.207026635372
k2016,9220,28.25,29.25,0.00533524586794319,503.207294724381
k2016,9220,28.3,29.3,0.00528277249584547,503.207560172105
k2016,9220,28.35,29.35,0.00523099280390139,503.20782301355
k2016,9220,28.4,29.4,0.00517989414652297,503.208083283084
k2016,9220,28.45,29.45,0.00512946418243332,503.208341014448
k2016,9220,28.5,29.5,0.00507969086632419,503.208596240774
k2016,9220,28.55,29.55,0.00503056243943992,503.208848994599
k2016,9220,28.6,29.6,0.00498206741993074,503.20909930788
k2016,9220,28.65,29.65,0.00493419459613523,503.20934721201
k2016,9220,28.7,29.7,0.00488693301871875,503.209592737823
k2016,9220,28.75,29.75,0.00484027199297398,503.209835915612
k2016,9220,28.8,29.8,0.0047942010715621,503.210076775141
k2016,9220,28.85,29.85,0.00474871004699745,503.210315345656
k2016,9220,28.9,29.9,0.00470378894368088,503.210551655903
k2016,9220,28.95,29.95,0.00465942800936938,503.210785734142
k2016,9220,29,30,0.00461561771604271,503.211017608138
k2016,9220,29.05,30.05,0.00457234875027568,503.211247305183
k2016,9220,29.1,30.1,0.00452961200329871,503.211474852117
k2016,9220,29.15,30.15,0.00448739856572879,503.211700275338
k2016,9220,29.2,30.2,0.00444569973075817,503.211923600782
k2016,9220,29.25,30.25,0.00440450698045205,503.212144853964
k2016,9220,29.3,30.3,0.00436381197702675,503.212364059991
k2016,9220,29.35,30.35,0.00432360657206356,503.212581243535
k2016,9220,29.4,30.4,0.00428388278671105,503.212796428879
k2016,9220,29.45,30.45,0.0042446328136896,503.213009639913
k2016,9220,29.5,30.5,0.00420584901707663,503.213220900125
k2016,9220,29.55,30.55,0.00416752391421614,503.213430232651
k2016,9220,29.6,30.6,0.00412965019021175,503.213637660227
k2016,9220,29.65,30.65,0.00409222067370864,503.213843205256
k2016,9220,29.7,30.7,0.00405522835232593,503.21404688976
k2016,9220,29.75,30.75,0.00401866635031491,503.214248735439
k2016,9220,29.8,30.8,0.0039825279424727,503.214448763626
k2016,9220,29.85,30.85,0.00394680653312451,503.21464699535
k2016,9220,29.9,30.9,0.0039114956697814,503.214843451286
k2016,9220,29.95,30.95,0.00387658902319178,503.215038151813
k2016,9220,30,31,0.00384208039842796,503.215231116979
k2016,9220,30.05,31.05,0.00380796372156146,503.215422366536
k2016,9220,30.1,31.1,0.00377423303968613,503.215611919936
k2016,9220,30.15,31.15,0.00374088252262958,503.215799796323
k2016,9220,30.2,31.2,0.00370790645046022,503.21598601457
k2016,9220,30.25,31.25,0.00367529921885015,503.216170593258
k2016,9220,30.3,31.3,0.00364305533432384,503.216353550685
k2016,9220,30.35,31.35,0.00361116940742444,503.21653490489
k2016,9220,30.4,31.4,0.00357963615501716,503.216714673638
k2016,9220,30.45,31.45,0.00354845039768605,503.216892874428
k2016,9220,30.5,31.5,0.0035176070528422,503.217069524509
k2016,9220,30.55,31.55,0.00348710113542418,503.217244640881
k2016,9220,30.6,31.6,0.00345692775713475,503.217418240289
k2016,9220,30.65,31.65,0.00342708212147492,503.217590339239
k2016,9220,30.7,31.7,0.0033975595215354,503.217760954
k2016,9220,30.75,31.75,0.00336835533887036,503.217930100612
k2016,9220,30.8,31.8,0.00333946504178052,503.21809779488
k2016,9220,30.85,31.85,0.00331088418349232,503.218264052386
k2016,9220,30.9,31.9,0.00328260839844028,503.218428888491
k2016,9220,30.95,31.95,0.00325463340148484,503.218592318343
k2016,9220,31,32,0.00322695498605873,503.218754356877
k2016,9220,31.05,32.05,0.00319956902240696,503.218915018819
k2016,9220,31.1,32.1,0.00317247145585217,503.219074318688
k2016,9220,31.15,32.15,0.00314565830529086,503.219232270805
k2016,9220,31.2,32.2,0.00311912566090509,503.219388889291
k2016,9220,31.25,32.25,0.00309286968281271,503.219544188077
k2016,9220,31.3,32.3,0.0030668865996086,503.219698180901
k2016,9220,31.35,32.35,0.00304117270685732,503.219850881315
k2016,9220,31.4,32.4,0.00301572436555673,503.220002302687
k2016,9220,31.45,32.45,0.00299053800071961,503.220152458206
k2016,9220,31.5,32.5,0.0029656100999694,503.220301360882
k2016,9220,31.55,32.55,0.00294093721213955,503.220449023552
k2016,9220,31.6,32.6,0.00291651594596728,503.220595458881
k2016,9220,31.65,32.65,0.00289234296878689,503.220740679368
k2016,9220,31.7,32.7,0.00286841500524985,503.220884697344
k2016,9220,31.75,32.75,0.00284472883611593,503.221027524979
k2016,9220,31.8,32.8,0.00282128129704195,503.221169174283
k2016,9220,31.85,32.85,0.00279806927740536,503.221309657111
k2016,9220,31.9,32.9,0.00277508971918263,503.221448985162
k2016,9220,31.95,32.95,0.00275233961583094,503.221587169983
k2016,9220,32,33,0.00272981601119972,503.221724222973
k2016,9220,32.05,33.05,0.00270751599848907,503.221860155384
k2016,9220,32.1,33.1,0.00268543671921965,503.221994978323
k2016,9220,32.15,33.15,0.00266357536222069,503.222128702759
k2016,9220,32.2,33.2,0.0026419291626622,503.222261339516
k2016,9220,32.25,33.25,0.00262049540110643,503.222392899284
k2016,9220,32.3,33.3,0.00259927140256443,503.22252339262
k2016,9220,32.35,33.35,0.00257825453559696,503.222652829944
k2016,9220,32.4,33.4,0.00255744221143864,503.222781221548
k2016,9220,32.45,33.45,0.00253683188311892,503.222908577595
k2016,9220,32.5,33.5,0.00251642104460023,503.223034908123
k2016,9220,32.55,33.55,0.0024962072298518,503.223160223045
k2016,9220,32.6,33.6,0.00247618801229312,503.223284532151
k2016,9220,32.65,33.65,0.00245636100392237,503.223407845111
k2016,9220,32.7,33.7,0.00243672385452959,503.223530171476
k2016,9220,32.75,33.75,0.00241727425095238,503.223651520682
k2016,9220,32.8,33.8,0.00239800991634016,503.223771902048
k2016,9220,32.85,33.85,0.00237892860944633,503.223891324781
k2016,9220,32.9,33.9,0.00236002812386408,503.224009797978
k2016,9220,32.95,33.95,0.00234130628722549,503.224127330626
k2016,9220,33,34,0.00232276096095994,503.224243931603
k2016,9220,33.05,34.05,0.00230439003944098,503.224359609683
k2016,9220,33.1,34.1,0.00228619144933437,503.224474373534
k2016,9220,33.15,34.15,0.00226816314897505,503.22458823172
k2016,9220,33.2,34.2,0.00225030312771323,503.224701192705
k2016,9220,33.25,34.25,0.00223260940509968,503.224813264855
k2016,9220,33.3,34.3,0.00221508003085425,503.224924456435
k2016,9220,33.35,34.35,0.00219771308409296,503.225034775616
k2016,9220,33.4,34.4,0.00218050667271986,503.225144230469
k2016,9220,33.45,34.45,0.00216345893288868,503.225252828976
k2016,9220,33.5,34.5,0.00214656802818356,503.225360579024
k2016,9220,33.55,34.55,0.00212983214948963,503.22546748841
k2016,9220,33.6,34.6,0.00211324951459886,503.22557356484
k2016,9220,33.65,34.65,0.00209681836751839,503.225678815933
k2016,9220,33.7,34.7,0.00208053697797915,503.225783249218
k2016,9220,33.75,34.75,0.00206440364064569,503.225886872143
k2016,9220,33.8,34.8,0.00204841667514212,503.225989692067
k2016,9220,33.85,34.85,0.00203257442562841,503.226091716267
k2016,9220,33.9,34.9,0.00201687526017536,503.226192951938
k2016,9220,33.95,34.95,0.00200131757026002,503.226293406193
k2016,9220,34,35,0.00198589977009159,503.226393086068
k2016,9220,34.05,35.05,0.00197062029687446,503.226491998518
k2016,9220,34.1,35.1,0.00195547761011767,503.22659015042
k2016,9220,34.15,35.15,0.00194047019117651,503.226687548575
k2016,9220,34.2,35.2,0.00192559654256307,503.226784199709
k2016,9220,34.25,35.25,0.0019108551879563,503.226880110474
k2016,9220,34.3,35.3,0.00189624467198263,503.226975287448
k2016,9220,34.35,35.35,0.00188176355961835,503.227069737137
k2016,9220,34.4,35.4,0.001867410435684,503.227163465975
k2016,9220,34.45,35.45,0.00185318390444214,503.227256480329
k2016,9220,34.5,35.5,0.00183908258981798,503.227348786491
k2016,9220,34.55,35.55,0.00182510513472691,503.22744039069
k2016,9220,34.6,35.6,0.00181125020066383,503.227531299083
k2016,9220,34.65,35.65,0.00179751646714031,503.227621517766
k2016,9220,34.7,35.7,0.00178390263201899,503.227711052765
k2016,9220,34.75,35.75,0.00177040741093228,503.227799910042
k2016,9220,34.8,35.8,0.00175702953689608,503.227888095497
k2016,9220,34.85,35.85,0.00174376775971754,503.227975614966
k2016,9220,34.9,35.9,0.00173062084628045,503.228062474222
k2016,9220,34.95,35.95,0.00171758758012819,503.228148678979
k2016,9220,35,36,0.00170466676106717,503.228234234888
k2016,9220,35.05,36.05,0.00169185720462286,503.228319147543
k2016,9220,35.1,36.1,0.00167915774217278,503.228403422477
k2016,9220,35.15,36.15,0.00166656722074302,503.228487065166
k2016,9220,35.2,36.2,0.00165408450257426,503.228570081028
k2016,9220,35.25,36.25,0.00164170846469209,503.228652475426
k2016,9220,35.3,36.3,0.00162943799878829,503.228734253666
k2016,9220,35.35,36.35,0.00161727201128564,503.228815420999
k2016,9220,35.4,36.4,0.00160520942285178,503.228895982622
k2016,9220,35.45,36.45,0.00159324916808383,503.228975943678
k2016,9220,35.5,36.5,0.00158139019517234,503.229055309257
k2016,9220,35.55,36.55,0.00156963146614393,503.229134084399
k2016,9220,35.6,36.6,0.00155797195639555,503.229212274088
k2016,9220,35.65,36.65,0.00154641065445517,503.229289883261
k2016,9220,35.7,36.7,0.00153494656154392,503.229366916803
k2016,9220,35.75,36.75,0.00152357869171015,503.22944337955
k2016,9220,35.8,36.8,0.00151230607162395,503.22951927629
k2016,9220,35.85,36.85,0.00150112774023296,503.229594611759
k2016,9220,35.9,36.9,0.00149004274877459,503.229669390649
k2016,9220,35.95,36.95,0.00147905016028204,503.229743617603
k2016,9220,36,37,0.00146814904957526,503.229817297218
k2016,9220,36.05,37.05,0.00145733850284132,503.229890434046
k2016,9220,36.1,37.1,0.00144661761764634,503.229963032591
k2016,9220,36.15,37.15,0.00143598550302173,503.230035097315
k2016,9220,36.2,37.2,0.00142544127901599,503.230106632634
k2016,9220,36.25,37.25,0.00141498407702733,503.230177642921
k2016,9220,36.3,37.3,0.0014046130384429,503.230248132506
k2016,9220,36.35,37.35,0.00139432731511508,503.230318105674
k2016,9220,36.4,37.4,0.00138412607014893,503.230387566674
k2016,9220,36.45,37.45,0.00137400847393276,503.230456519702
k2016,9220,36.5,37.5,0.00136397371264511,503.230524968927
k2016,9220,36.55,37.55,0.00135402097672908,503.230592918469
k2016,9220,36.6,37.6,0.0013441494695005,503.230660372408
k2016,9220,36.65,37.65,0.0013343584034857,503.230727334787
k2016,9220,36.7,37.7,0.0013246469988688,503.230793809605
k2016,9220,36.75,37.75,0.00131501448794341,503.230859800829
k2016,9220,36.8,37.8,0.00130546010920465,503.230925312383
k2016,9220,36.85,37.85,0.00129598311503262,503.230990348155
k2016,9220,36.9,37.9,0.00128658276046981,503.231054911998
k2016,9220,36.95,37.95,0.00127725831277598,503.231119007723
k2016,9220,37,38,0.00126800904901277,503.231182639109
k2016,9220,37.05,38.05,0.00125883425388802,503.231245809898
k2016,9220,37.1,38.1,0.00124973321470265,503.231308523789
k2016,9220,37.15,38.15,0.00124070523869129,503.23137078446
k2016,9220,37.2,38.2,0.00123174963218765,503.231432595544
k2016,9220,37.25,38.25,0.00122286571371726,503.231493960648
k2016,9220,37.3,38.3,0.00121405280191756,503.231554883325
k2016,9220,37.35,38.35,0.0012053102385062,503.231615367122
k2016,9220,37.4,38.4,0.00119663735951361,503.231675415539
k2016,9220,37.45,38.45,0.00118803351187281,503.231735032037
k2016,9220,37.5,38.5,0.00117949805398141,503.231794220057
k2016,9220,37.55,38.55,0.0011710303487645,503.231852983002
k2016,9220,37.6,38.6,0.00116262976220423,503.231911324235
k2016,9220,37.65,38.65,0.00115429567774245,503.231969247108
k2016,9220,37.7,38.7,0.00114602747684624,503.232026754926
k2016,9220,37.75,38.75,0.00113782455284374,503.232083850971
k2016,9220,37.8,38.8,0.00112968629839622,503.232140538485
k2016,9220,37.85,38.85,0.00112161212757362,503.232196820692
k2016,9220,37.9,38.9,0.00111360144446506,503.232252700778
k2016,9220,37.95,38.95,0.00110565367253799,503.232308181909
k2016,9220,38,39,0.0010977682344102,503.232363267213
k2016,9220,38.05,39.05,0.00108994456237817,503.232417959792
k2016,9220,38.1,39.1,0.00108218209171021,503.232472262717
k2016,9220,38.15,39.15,0.00107448027027059,503.232526179037
k2016,9220,38.2,39.2,0.00106683855317344,503.232579711778
k2016,9220,38.25,39.25,0.00105925637483397,503.232632863908
k2016,9220,38.3,39.3,0.00105173322911595,503.232685638429
k2016,9220,38.35,39.35,0.00104426854957427,503.232738038239
k2016,9220,38.4,39.4,0.00103686184221547,503.232790066276
k2016,9220,38.45,39.45,0.00102951256236934,503.232841725406
k2016,9220,38.5,39.5,0.00102222021265611,503.232893018512
k2016,9220,38.55,39.55,0.00101498427375959,503.232943948401
k2016,9220,38.6,39.6,0.00100780424538898,503.232994517898
k2016,9220,38.65,39.65,0.00100067963014166,503.233044729782
k2016,9220,38.7,39.7,0.000993609933124189,503.233094586798
k2016,9220,38.75,39.75,0.000986594682733373,503.233144091711
k2016,9220,38.8,39.8,0.000979633355627156,503.233193247192
k2016,9220,38.85,39.85,0.000972725537772006,503.233242055967
k2016,9220,38.9,39.9,0.000965870674807326,503.233290520656
k2016,9220,38.95,39.95,0.0009590683689309,503.233338643932
k2016,9220,39,40,0.000952318139409224,503.233386428397
k2016,9220,39.05,40.05,0.000945619517459602,503.233433876628
k2016,9220,39.1,40.1,0.000938972062076259,503.233480991222
k2016,9220,39.15,40.15,0.00093237532552099,503.233527774714
k2016,9220,39.2,40.2,0.000925828855804755,503.233574229613
k2016,9220,39.25,40.25,0.000919332223720925,503.23362035845
k2016,9220,39.3,40.3,0.000912884994743139,503.233666163693
k2016,9220,39.35,40.35,0.000906486734731259,503.233711647787
k2016,9220,39.4,40.4,0.000900137024512186,503.233756813199
k2016,9220,39.45,40.45,0.000893835442829706,503.233801662328
k2016,9220,39.5,40.5,0.000887581570731813,503.233846197564
k2016,9220,39.55,40.55,0.000881375002504052,503.233890421306
k2016,9220,39.6,40.6,0.000875215325339917,503.233934335882
k2016,9220,39.65,40.65,0.000869102138815931,503.23397794364
k2016,9220,39.7,40.7,0.00086303505142995,503.234021246905
k2016,9220,39.75,40.75,0.000857013648935208,503.234064247938
k2016,9220,39.8,40.8,0.000851037558066457,503.234106949059
k2016,9220,39.85,40.85,0.00084510639388349,503.234149352502
k2016,9220,39.9,40.9,0.000839219754322903,503.234191460476
k2016,9220,39.95,40.95,0.000833377287202412,503.234233275254
k2016,9220,40,41,0.000827578587917264,503.234274798976
k2016,9220,40.05,41.05,0.00082182330666464,503.234316033876
k2016,9220,40.1,41.1,0.000816111077750862,503.234356982089
k2016,9220,40.15,41.15,0.000810441517054839,503.234397645737
k2016,9220,40.2,41.2,0.000804814301534813,503.234438026997
k2016,9220,40.25,41.25,0.000799229013902786,503.234478127909
k2016,9220,40.3,41.3,0.000793685360007827,503.234517950639
k2016,9220,40.35,41.35,0.000788182960212637,503.234557497189
k2016,9220,40.4,41.4,0.000782721476070577,503.234596769665
k2016,9220,40.45,41.45,0.000777300575764138,503.234635770076
k2016,9220,40.5,41.5,0.000771919898901434,503.234674500427
k2016,9220,40.55,41.55,0.000766579145231172,503.234712962782
k2016,9220,40.6,41.6,0.000761277917596199,503.234751159046
k2016,9220,40.65,41.65,0.000756015947829047,503.234789091262
k2016,9220,40.7,41.7,0.000750792890358893,503.23482676132
k2016,9220,40.75,41.75,0.000745608421894518,503.234864171191
k2016,9220,40.8,41.8,0.000740462196580254,503.234901322798
k2016,9220,40.85,41.85,0.000735353974402001,503.234938218043
k2016,9220,40.9,41.9,0.000730283372697806,503.234974858818
k2016,9220,40.95,41.95,0.000725250091728297,503.235011246997
k2016,9220,41,42,0.000720253833969291,503.235047384438
k2016,9220,41.05,42.05,0.000715294294908677,503.235083272985
k2016,9220,41.1,42.1,0.000710371172176438,503.235118914467
k2016,9220,41.15,42.15,0.000705484166669523,503.235154310696
k2016,9220,41.2,42.2,0.00070063298226256,503.235189463475
k2016,9220,41.25,42.25,0.000695817326753724,503.235224374586
k2016,9220,41.3,42.3,0.000691036910781005,503.235259045797
k2016,9220,41.35,42.35,0.000686291446953683,503.235293478862
k2016,9220,41.4,42.4,0.000681580650739825,503.23532767552
k2016,9220,41.45,42.45,0.000676904240462837,503.2353616375
k2016,9220,41.5,42.5,0.000672261937112513,503.235395366512
k2016,9220,41.55,42.55,0.000667653464295224,503.235428864257
k2016,9220,41.6,42.6,0.000663078548246679,503.235462132418
k2016,9220,41.65,42.65,0.000658536917802618,503.235495172667
k2016,9220,41.7,42.7,0.000654028304353225,503.23552798666
k2016,9220,41.75,42.75,0.000649552441812602,503.235560576043
k2016,9220,41.8,42.8,0.00064510906659629,503.235592942446
k2016,9220,41.85,42.85,0.000640697917594196,503.235625087487
k2016,9220,41.9,42.9,0.00063631873614088,503.235657012771
k2016,9220,41.95,42.95,0.000631971265990425,503.235688719889
k2016,9220,42,43,0.000627655253282509,503.235720210422
k2016,9220,42.05,43.05,0.000623370446515512,503.235751485935
k2016,9220,42.1,43.1,0.000619116596534681,503.235782547982
k2016,9220,42.15,43.15,0.000614893456495119,503.235813398106
k2016,9220,42.2,43.2,0.000610700781823808,503.235844037836
k2016,9220,42.25,43.25,0.000606538330213758,503.235874468688
k2016,9220,42.3,43.3,0.000602405861604193,503.235904692168
k2016,9220,42.35,43.35,0.000598303138129666,503.23593470977
k2016,9220,42.4,43.4,0.00059422992410164,503.235964522974
k2016,9220,42.45,43.45,0.000590185986012653,503.23599413325
k2016,9220,42.5,43.5,0.000586171092492377,503.236023542057
k2016,9220,42.55,43.55,0.000582185014261695,503.23605275084
k2016,9220,42.6,43.6,0.00057822752414159,503.236081761035
k2016,9220,42.65,43.65,0.000574298397033992,503.236110574065
k2016,9220,42.7,43.7,0.000570397409875456,503.236139191343
k2016,9220,42.75,43.75,0.000566524341624653,503.236167614271
k2016,9220,42.8,43.8,0.000562678973242338,503.236195844239
k2016,9220,42.85,43.85,0.000558861087669031,503.236223882627
k2016,9220,42.9,43.9,0.000555070469802483,503.236251730803
k2016,9220,42.95,43.95,0.000551306906477436,503.236279390125
k2016,9220,43,44,0.000547570186444464,503.236306861941
k2016,9220,43.05,44.05,0.000543860100351152,503.236334147587
k2016,9220,43.1,44.1,0.000540176440717577,503.236361248391
k2016,9220,43.15,44.15,0.000536519001915688,503.236388165668
k2016,9220,43.2,44.2,0.000532887580159523,503.236414900725
k2016,9220,43.25,44.25,0.000529281973478616,503.236441454857
k2016,9220,43.3,44.3,0.000525701981690371,503.236467829349
k2016,9220,43.35,44.35,0.000522147406394063,503.236494025478
k2016,9220,43.4,44.4,0.000518618050955656,503.23652004451
k2016,9220,43.45,44.45,0.000515113720471651,503.236545887701
k2016,9220,43.5,44.5,0.000511634221754814,503.236571556296
k2016,9220,43.55,44.55,0.000508179363335167,503.236597051533
k2016,9220,43.6,44.6,0.00050474895542843,503.23662237464
k2016,9220,43.65,44.65,0.000501342809903242,503.236647526833
k2016,9220,43.7,44.7,0.000497960740285448,503.236672509322
k2016,9220,43.75,44.75,0.000494602561743399,503.236697323306
k2016,9220,43.8,44.8,0.00049126809105497,503.236721969974
k2016,9220,43.85,44.85,0.000487957146597086,503.236746450507
k2016,9220,43.9,44.9,0.000484669548331612,503.236770766077
k2016,9220,43.95,44.95,0.000481405117786894,503.236794917848
k2016,9220,44,45,0.000478163678038737,503.236818906972
k2016,9220,44.05,45.05,0.000474945053701224,503.236842734596
k2016,9220,44.1,45.1,0.000471749070909139,503.236866401855
k2016,9220,44.15,45.15,0.000468575557295326,503.236889909877
k2016,9220,44.2,45.2,0.000465424341981363,503.236913259782
k2016,9220,44.25,45.25,0.000462295255567829,503.23693645268
k2016,9220,44.3,45.3,0.000459188130109065,503.236959489674
k2016,9220,44.35,45.35,0.00045610279909669,503.236982371857
k2016,9220,44.4,45.4,0.000453039097458275,503.237005100314
k2016,9220,44.45,45.45,0.000449996861538638,503.237027676124
k2016,9220,44.5,45.5,0.00044697592907154,503.237050100355
k2016,9220,44.55,45.55,0.00044397613917832,503.237072374069
k2016,9220,44.6,45.6,0.000440997332359547,503.237094498319
k2016,9220,44.65,45.65,0.000438039350468839,503.23711647415
k2016,9220,44.7,45.7,0.000435102036703443,503.237138302598
k2016,9220,44.75,45.75,0.000432185235593009,503.237159984695
k2016,9220,44.8,45.8,0.000429288792983638,503.237181521461
k2016,9220,44.85,45.85,0.000426412556024017,503.237202913911
k2016,9220,44.9,45.9,0.000423556373156864,503.237224163051
k2016,9220,44.95,45.95,0.000420720094102526,503.23724526988
k2016,9220,45,46,0.00041790356984699,503.23726623539
k2016,9220,45.05,46.05,0.000415106652630135,503.237287060564
k2016,9220,45.1,46.1,0.000412329195932755,503.237307746379
k2016,9220,45.15,46.15,0.000409571054464047,503.237328293805
k2016,9220,45.2,46.2,0.000406832084150025,503.237348703804
k2016,9220,45.25,46.25,0.000404112142121715,503.237368977331
k2016,9220,45.3,46.3,0.000401411086703061,503.237389115333
k2016,9220,45.35,46.35,0.000398728777399217,503.237409118752
k2016,9220,45.4,46.4,0.000396065074885168,503.237428988521
k2016,9220,45.45,46.45,0.000393419840994368,503.237448725567
k2016,9220,45.5,46.5,0.000390792938707427,503.237468330811
k2016,9220,45.55,46.55,0.000388184232140975,503.237487805165
k2016,9220,45.6,46.6,0.000385593586536691,503.237507149535
k2016,9220,45.65,46.65,0.000383020868250433,503.237526364822
k2016,9220,45.7,46.7,0.000380465944741486,503.237545451918
k2016,9220,45.75,46.75,0.000377928684561948,503.237564411711
k2016,9220,45.8,46.8,0.000375408957346229,503.237583245079
k2016,9220,45.85,46.85,0.000372906633800673,503.237601952897
k2016,9220,45.9,46.9,0.000370421585693297,503.23762053603
k2016,9220,45.95,46.95,0.000367953685843644,503.237638995341
k2016,9220,46,47,0.000365502808112762,503.237657331683
k2016,9220,46.05,47.05,0.000363068827393288,503.237675545903
k2016,9220,46.1,47.1,0.000360651619599641,503.237693638845
k2016,9220,46.15,47.15,0.000358251061658336,503.237711611343
k2016,9220,46.2,47.2,0.0003558670314984,503.237729464227
k2016,9220,46.25,47.25,0.0003534994080419,503.237747198319
k2016,9220,46.3,47.3,0.00035114807119457,503.237764814439
k2016,9220,46.35,47.35,0.000348812901836551,503.237782313396
k2016,9220,46.4,47.4,0.000346493781813237,503.237799695997
k2016,9220,46.45,47.45,0.000344190593926208,503.23781696304
k2016,9220,46.5,47.5,0.000341903221924282,503.23783411532
k2016,9220,46.55,47.55,0.000339631550494653,503.237851153624
k2016,9220,46.6,47.6,0.000337375465254137,503.237868078734
k2016,9220,46.65,47.65,0.000335134852740507,503.237884891428
k2016,9220,46.7,47.7,0.000332909600403929,503.237901592476
k2016,9220,46.75,47.75,0.000330699596598492,503.237918182642
k2016,9220,46.8,47.8,0.000328504730573827,503.237934662688
k2016,9220,46.85,47.85,0.000326324892466823,503.237951033366
k2016,9220,46.9,47.9,0.000324159973293434,503.237967295425
k2016,9220,46.95,47.95,0.000322009864940565,503.23798344961
k2016,9220,47,48,0.000319874460158066,503.237999496657
k2016,9220,47.05,48.05,0.000317753652550794,503.238015437299
k2016,9220,47.1,48.1,0.000315647336570775,503.238031272264
k2016,9220,47.15,48.15,0.000313555407509442,503.238047002273
k2016,9220,47.2,48.2,0.00031147776148996,503.238062628043
k2016,9220,47.25,48.25,0.000309414295459641,503.238078150285
k2016,9220,47.3,48.3,0.000307364907182426,503.238093569707
k2016,9220,47.35,48.35,0.000305329495231464,503.238108887009
k2016,9220,47.4,48.4,0.000303307958981757,503.238124102887
k2016,9220,47.45,48.45,0.000301300198602894,503.238139218034
k2016,9220,47.5,48.5,0.000299306115051859,503.238154233135
k2016,9220,47.55,48.55,0.000297325610065914,503.238169148872
k2016,9220,47.6,48.6,0.000295358586155559,503.238183965921
k2016,9220,47.65,48.65,0.000293404946597571,503.238198684954
k2016,9220,47.7,48.7,0.000291464595428109,503.238213306637
k2016,9220,47.75,48.75,0.000289537437435901,503.238227831633
k2016,9220,47.8,48.8,0.000287623378155496,503.238242260599
k2016,9220,47.85,48.85,0.000285722323860591,503.238256594188
k2016,9220,47.9,48.9,0.000283834181557429,503.238270833047
k2016,9220,47.95,48.95,0.000281958858978258,503.23828497782
k2016,9220,48,49,0.000280096264574876,503.238299029145
k2016,9220,48.05,49.05,0.000278246307512224,503.238312987657
k2016,9220,48.1,49.1,0.000276408897662061,503.238326853985
k2016,9220,48.15,49.15,0.000274583945596696,503.238340628754
k2016,9220,48.2,49.2,0.000272771362582789,503.238354312585
k2016,9220,48.25,49.25,0.00027097106057522,503.238367906095
k2016,9220,48.3,49.3,0.000269182952211012,503.238381409895
k2016,9220,48.35,49.35,0.000267406950803324,503.238394824592
k2016,9220,48.4,49.4,0.00026564297033551,503.23840815079
k2016,9220,48.45,49.45,0.000263890925455228,503.238421389088
k2016,9220,48.5,49.5,0.000262150731468617,503.23843454008
k2016,9220,48.55,49.55,0.000260422304334538,503.238447604357
k2016,9220,48.6,49.6,0.000258705560658862,503.238460582505
k2016,9220,48.65,49.65,0.000257000417688827,503.238473475107
k2016,9220,48.7,49.7,0.00025530679330745,503.238486282739
k2016,9220,48.75,49.75,0.000253624606027992,503.238499005976
k2016,9220,48.8,49.8,0.000251953774988488,503.238511645389
k2016,9220,48.85,49.85,0.000250294219946322,503.238524201542
k2016,9220,48.9,49.9,0.000248645861272864,503.238536674998
k2016,9220,48.95,49.95,0.000247008619948163,503.238549066313
k2016,9220,49,50,0.000245382417555686,503.238561376043
k2016,9220,49.05,50.05,0.000243767176277118,503.238573604738
k2016,9220,49.1,50.1,0.000242162818887207,503.238585752943
k2016,9220,49.15,50.15,0.000240569268748671,503.2385978212
k2016,9220,49.2,50.2,0.000238986449807146,503.238609810048
k2016,9220,49.25,50.25,0.000237414286586188,503.238621720022
k2016,9220,49.3,50.3,0.00023585270418233,503.238633551653
k2016,9220,49.35,50.35,0.000234301628260177,503.238645305468
k2016,9220,49.4,50.4,0.000232760985047568,503.23865698199
k2016,9220,49.45,50.45,0.000231230701330764,503.238668581739
k2016,9220,49.5,50.5,0.000229710704449702,503.238680105231
k2016,9220,49.55,50.55,0.000228200922293287,503.23869155298
k2016,9220,49.6,50.6,0.000226701283294732,503.238702925493
k2016,9220,49.65,50.65,0.000225211716426948,503.238714223276
k2016,9220,49.7,50.7,0.000223732151197973,503.238725446831
k2016,9220,49.75,50.75,0.00022226251764645,503.238736596657
k2016,9220,49.8,50.8,0.000220802746337151,503.238747673247
k2016,9220,49.85,50.85,0.000219352768356539,503.238758677095
k2016,9220,49.9,50.9,0.000217912515308382,503.238769608686
k2016,9220,49.95,50.95,0.000216481919309401,503.238780468507
k2016,9220,50,51,0.000215060912984968,503.238791257038
k2016,9220,50.05,51.05,0.000213649429464838,503.238801974757
k2016,9220,50.1,51.1,0.000212247402378933,503.238812622139
k2016,9220,50.15,51.15,0.000210854765853157,503.238823199654
k2016,9220,50.2,51.2,0.000209471454505257,503.23883370777
k2016,9220,50.25,51.25,0.000208097403440721,503.238844146954
k2016,9220,50.3,51.3,0.000206732548248723,503.238854517664
k2016,9220,50.35,51.35,0.000205376824998092,503.238864820361
k2016,9220,50.4,51.4,0.000204030170233339,503.238875055498
k2016,9220,50.45,51.45,0.000202692520970707,503.238885223528
k2016,9220,50.5,51.5,0.000201363814694265,503.238895324899
k2016,9220,50.55,51.55,0.00020004398935204,503.238905360057
k2016,9220,50.6,51.6,0.000198732983352186,503.238915329445
k2016,9220,50.65,51.65,0.000197430735559184,503.238925233502
k2016,9220,50.7,51.7,0.000196137185290088,503.238935072663
k2016,9220,50.75,51.75,0.000194852272310797,503.238944847364
k2016,9220,50.8,51.8,0.000193575936832372,503.238954558034
k2016,9220,50.85,51.85,0.000192308119507376,503.2389642051
k2016,9220,50.9,51.9,0.000191048761426262,503.238973788987
k2016,9220,50.95,51.95,0.000189797804113782,503.238983310116
k2016,9220,51,52,0.000188555189525445,503.238992768906
k2016,9220,51.05,52.05,0.000187320860043992,503.239002165773
k2016,9220,51.1,52.1,0.000186094758475914,503.239011501129
k2016,9220,51.15,52.15,0.000184876828048005,503.239020775385
k2016,9220,51.2,52.2,0.000183667012403936,503.239029988947
k2016,9220,51.25,52.25,0.000182465255600876,503.23903914222
k2016,9220,51.3,52.3,0.000181271502106129,503.239048235606
k2016,9220,51.35,52.35,0.000180085696793816,503.239057269503
k2016,9220,51.4,52.4,0.000178907784941579,503.239066244307
k2016,9220,51.45,52.45,0.000177737712227319,503.239075160412
k2016,9220,51.5,52.5,0.000176575424725965,503.239084018208
k2016,9220,51.55,52.55,0.000175420868906271,503.239092818084
k2016,9220,51.6,52.6,0.000174273991627644,503.239101560423
k2016,9220,51.65,52.65,0.000173134740137,503.23911024561
k2016,9220,51.7,52.7,0.000172003062065652,503.239118874024
k2016,9220,51.75,52.75,0.000170878905426221,503.239127446042
k2016,9220,51.8,52.8,0.000169762218609583,503.239135962039
k2016,9220,51.85,52.85,0.000168652950381837,503.239144422387
k2016,9220,51.9,52.9,0.000167551049881305,503.239152827456
k2016,9220,51.95,52.95,0.00016645646661556,503.239161177614
k2016,9220,52,53,0.000165369150458474,503.239169473224
k2016,9220,52.05,53.05,0.000164289051647305,503.239177714649
k2016,9220,52.1,53.1,0.0001632161207798,503.239185902249
k2016,9220,52.15,53.15,0.000162150308811328,503.23919403638
k2016,9220,52.2,53.2,0.000161091567052043,503.239202117398
k2016,9220,52.25,53.25,0.000160039847164064,503.239210145654
k2016,9220,52.3,53.3,0.000158995101158689,503.239218121499
k2016,9220,52.35,53.35,0.00015795728139363,503.239226045279
k2016,9220,52.4,53.4,0.000156926340570274,503.239233917341
k2016,9220,52.45,53.45,0.000155902231730967,503.239241738027
k2016,9220,52.5,53.5,0.000154884908256325,503.239249507678
k2016,9220,52.55,53.55,0.000153874323862569,503.23925722663
k2016,9220,52.6,53.6,0.00015287043259888,503.239264895222
k2016,9220,52.65,53.65,0.000151873188844784,503.239272513784
k2016,9220,52.7,53.7,0.000150882547307554,503.23928008265
k2016,9220,52.75,53.75,0.000149898463019642,503.239287602148
k2016,9220,52.8,53.8,0.000148920891336126,503.239295072605
k2016,9220,52.85,53.85,0.000147949787932187,503.239302494345
k2016,9220,52.9,53.9,0.000146985108800601,503.239309867691
k2016,9220,52.95,53.95,0.000146026810249265,503.239317192963
k2016,9220,53,54,0.000145074848898731,503.239324470478
k2016,9220,53.05,54.05,0.00014412918167977,503.239331700552
k2016,9220,53.1,54.1,0.000143189765830957,503.2393388835
k2016,9220,53.15,54.15,0.000142256558896276,503.239346019632
k2016,9220,53.2,54.2,0.000141329518722744,503.239353109259
k2016,9220,53.25,54.25,0.000140408603458064,503.239360152686
k2016,9220,53.3,54.3,0.000139493771548286,503.239367150221
k2016,9220,53.35,54.35,0.000138584981735497,503.239374102164
k2016,9220,53.4,54.4,0.000137682193055536,503.239381008819
k2016,9220,53.45,54.45,0.000136785364835712,503.239387870483
k2016,9220,53.5,54.5,0.000135894456692562,503.239394687454
k2016,9220,53.55,54.55,0.000135009428529615,503.239401460027
k2016,9220,53.6,54.6,0.000134130240535177,503.239408188494
k2016,9220,53.65,54.65,0.000133256853180144,503.239414873147
k2016,9220,53.7,54.7,0.000132389227215824,503.239421514275
k2016,9220,53.75,54.75,0.00013152732367178,503.239428112165
k2016,9220,53.8,54.8,0.0001306711038537,503.239434667102
k2016,9220,53.85,54.85,0.000129820529341271,503.23944117937
k2016,9220,53.9,54.9,0.000128975561986086,503.239447649249
k2016,9220,53.95,54.95,0.000128136163909557,503.239454077019
k2016,9220,54,55,0.000127302297500856,503.239460462957
k2016,9220,54.05,55.05,0.000126473925414864,503.23946680734
k2016,9220,54.1,55.1,0.000125651010570148,503.239473110441
k2016,9220,54.15,55.15,0.000124833516146947,503.239479372532
k2016,9220,54.2,55.2,0.000124021405585176,503.239485593882
k2016,9220,54.25,55.25,0.000123214642582456,503.239491774761
k2016,9220,54.3,55.3,0.000122413191092147,503.239497915435
k2016,9220,54.35,55.35,0.000121617015321409,503.239504016168
k2016,9220,54.4,55.4,0.000120826079729275,503.239510077224
k2016,9220,54.45,55.45,0.000120040349024741,503.239516098863
k2016,9220,54.5,55.5,0.00011925978816487,503.239522081345
k2016,9220,54.55,55.55,0.000118484362352917,503.239528024928
k2016,9220,54.6,55.6,0.000117714037036465,503.239533929866
k2016,9220,54.65,55.65,0.000116948777905581,503.239539796416
k2016,9220,54.7,55.7,0.000116188550890983,503.239545624828
k2016,9220,54.75,55.75,0.000115433322162228,503.239551415354
k2016,9220,54.8,55.8,0.000114683058125909,503.239557168243
k2016,9220,54.85,55.85,0.000113937725423871,503.239562883742
k2016,9220,54.9,55.9,0.000113197290931444,503.239568562097
k2016,9220,54.95,55.95,0.000112461721755686,503.239574203552
k2016,9220,55,56,0.000111730985233644,503.23957980835
k2016,9220,55.05,56.05,0.000111005048930627,503.239585376731
k2016,9220,55.1,56.1,0.000110283880638496,503.239590908934
k2016,9220,55.15,56.15,0.000109567448373969,503.239596405198
k2016,9220,55.2,56.2,0.000108855720376935,503.239601865757
k2016,9220,55.25,56.25,0.000108148665108789,503.239607290848
k2016,9220,55.3,56.3,0.000107446251250774,503.239612680701
k2016,9220,55.35,56.35,0.000106748447702342,503.23961803555
k2016,9220,55.4,56.4,0.000106055223579528,503.239623355622
k2016,9220,55.45,56.45,0.000105366548213334,503.239628641148
k2016,9220,55.5,56.5,0.000104682391148128,503.239633892352
k2016,9220,55.55,56.55,0.000104002722140061,503.239639109462
k2016,9220,55.6,56.6,0.000103327511155486,503.239644292699
k2016,9220,55.65,56.65,0.000102656728369407,503.239649442287
k2016,9220,55.7,56.7,0.000101990344163919,503.239654558445
k2016,9220,55.75,56.75,0.000101328329126681,503.239659641394
k2016,9220,55.8,56.8,0.000100670654049392,503.23966469135
k2016,9220,55.85,56.85,0.000100017289926278,503.239669708531
k2016,9220,55.9,56.9,9.93682079525933e-05,503.239674693151
k2016,9220,55.95,56.95,9.87233795231401e-05,503.239679645423
k2016,9220,56,57,9.80827762307903e-05,503.239684565559
k2016,9220,56.05,57.05,9.74463698650254e-05,503.23968945377
k2016,9220,56.1,57.1,9.68141324104871e-05,503.239694310266
k2016,9220,56.15,57.15,9.61860360455397e-05,503.239699135253
k2016,9220,56.2,57.2,9.55620531408434e-05,503.239703928938
k2016,9220,56.25,57.25,9.49421562579409e-05,503.239708691526
k2016,9220,56.3,57.3,9.43263181478533e-05,503.239713423221
k2016,9220,56.35,57.35,9.37145117496893e-05,503.239718124225
k2016,9220,56.4,57.4,9.31067101892647e-05,503.239722794739
k2016,9220,56.45,57.45,9.25028867777331e-05,503.239727434962
k2016,9220,56.5,57.5,9.19030150102285e-05,503.239732045094
k2016,9220,56.55,57.55,9.13070685645172e-05,503.239736625329
k2016,9220,56.6,57.6,9.07150212996622e-05,503.239741175865
k2016,9220,56.65,57.65,9.01268472546981e-05,503.239745696896
k2016,9220,56.7,57.7,8.95425206473152e-05,503.239750188614
k2016,9220,56.75,57.75,8.89620158725567e-05,503.239754651212
k2016,9220,56.8,57.8,8.83853075015236e-05,503.239759084879
k2016,9220,56.85,57.85,8.78123702800921e-05,503.239763489805
k2016,9220,56.9,57.9,8.72431791276407e-05,503.239767866179
k2016,9220,56.95,57.95,8.66777091357864e-05,503.239772214185
k2016,9220,57,58,8.61159355671328e-05,503.239776534011
k2016,9220,57.05,58.05,8.55578338540269e-05,503.23978082584
k2016,9220,57.1,58.1,8.50033795973259e-05,503.239785089855
k2016,9220,57.15,58.15,8.44525485651749e-05,503.239789326238
k2016,9220,57.2,58.2,8.39053166917927e-05,503.23979353517
k2016,9220,57.25,58.25,8.33616600762689e-05,503.23979771683
k2016,9220,57.3,58.3,8.28215549813691e-05,503.239801871395
k2016,9220,57.35,58.35,8.22849778323504e-05,503.239805999044
k2016,9220,57.4,58.4,8.17519052157866e-05,503.239810099951
k2016,9220,57.45,58.45,8.12223138784013e-05,503.239814174292
k2016,9220,57.5,58.5,8.06961807259123e-05,503.23981822224
k2016,9220,57.55,58.55,8.01734828218828e-05,503.239822243968
k2016,9220,57.6,58.6,7.96541973865834e-05,503.239826239645
k2016,9220,57.65,58.65,7.91383017958628e-05,503.239830209444
k2016,9220,57.7,58.7,7.86257735800265e-05,503.239834153532
k2016,9220,57.75,58.75,7.81165904227251e-05,503.239838072077
k2016,9220,57.8,58.8,7.76107301598513e-05,503.239841965246
k2016,9220,57.85,58.85,7.71081707784451e-05,503.239845833205
k2016,9220,57.9,58.9,7.66088904156084e-05,503.239849676118
k2016,9220,57.95,58.95,7.61128673574266e-05,503.239853494148
k2016,9220,58,59,7.56200800379009e-05,503.239857287459
k2016,9220,58.05,59.05,7.51305070378865e-05,503.23986105621
k2016,9220,58.1,59.1,7.46441270840409e-05,503.239864800563
k2016,9220,58.15,59.15,7.41609190477796e-05,503.239868520676
k2016,9220,58.2,59.2,7.36808619442398e-05,503.239872216707
k2016,9220,58.25,59.25,7.32039349312532e-05,503.239875888814
k2016,9220,58.3,59.3,7.2730117308325e-05,503.239879537152
k2016,9220,58.35,59.35,7.22593885156225e-05,503.239883161877
k2016,9220,58.4,59.4,7.17917281329711e-05,503.239886763142
k2016,9220,58.45,59.45,7.13271158788571e-05,503.239890341101
k2016,9220,58.5,59.5,7.08655316094401e-05,503.239893895904
k2016,9220,58.55,59.55,7.04069553175709e-05,503.239897427704
k2016,9220,58.6,59.6,6.99513671318187e-05,503.23990093665
k2016,9220,58.65,59.65,6.9498747315505e-05,503.23990442289
k2016,9220,58.7,59.7,6.90490762657449e-05,503.239907886574
k2016,9220,58.75,59.75,6.86023345124966e-05,503.239911327847
k2016,9220,58.8,59.8,6.81585027176167e-05,503.239914746855
k2016,9220,58.85,59.85,6.77175616739246e-05,503.239918143745
k2016,9220,58.9,59.9,6.72794923042727e-05,503.239921518659
k2016,9220,58.95,59.95,6.6844275660624e-05,503.239924871742
k2016,9220,59,60,6.64118929231376e-05,503.239928203134
k2016,9220,59.05,60.05,6.59823253992602e-05,503.239931512978
k2016,9220,59.1,60.1,6.55555545228248e-05,503.239934801413
k2016,9220,59.15,60.15,6.5131561853157e-05,503.23993806858
k2016,9220,59.2,60.2,6.47103290741869e-05,503.239941314616
k2016,9220,59.25,60.25,6.42918379935691e-05,503.239944539658
k2016,9220,59.3,60.3,6.38760705418082e-05,503.239947743845
k2016,9220,59.35,60.35,6.34630087713919e-05,503.23995092731
k2016,9220,59.4,60.4,6.30526348559301e-05,503.23995409019
k2016,9220,59.45,60.45,6.26449310893009e-05,503.239957232619
k2016,9220,59.5,60.5,6.2239879884803e-05,503.239960354728
k2016,9220,59.55,60.55,6.18374637743145e-05,503.23996345665
k2016,9220,59.6,60.6,6.14376654074576e-05,503.239966538518
k2016,9220,59.65,60.65,6.10404675507711e-05,503.23996960046
k2016,9220,59.7,60.7,6.06458530868872e-05,503.239972642608
k2016,9220,59.75,60.75,6.0253805013716e-05,503.239975665088
k2016,9220,59.8,60.8,5.98643064436356e-05,503.239978668031
k2016,9220,59.85,60.85,5.94773406026882e-05,503.239981651561
k2016,9220,59.9,60.9,5.90928908297829e-05,503.239984615807
k2016,9220,59.95,60.95,5.87109405759035e-05,503.239987560892
k2016,9220,60,61,5.83314734033231e-05,503.239990486942
k2016,9220,60.05,61.05,5.79544729848243e-05,503.23999339408
k2016,9220,60.1,61.1,5.75799231029254e-05,503.23999628243
k2016,9220,60.15,61.15,5.72078076491122e-05,503.239999152113
k2016,9220,60.2,61.2,5.68381106230755e-05,503.240002003251
k2016,9220,60.25,61.25,5.64708161319551e-05,503.240004835964
k2016,9220,60.3,61.3,5.6105908389588e-05,503.240007650373
k2016,9220,60.35,61.35,5.57433717157638e-05,503.240010446595
k2016,9220,60.4,61.4,5.53831905354846e-05,503.240013224749
k2016,9220,60.45,61.45,5.5025349378231e-05,503.240015984953
k2016,9220,60.5,61.5,5.46698328772332e-05,503.240018727323
k2016,9220,60.55,61.55,5.43166257687476e-05,503.240021451975
k2016,9220,60.6,61.6,5.39657128913394e-05,503.240024159024
k2016,9220,60.65,61.65,5.36170791851696e-05,503.240026848584
k2016,9220,60.7,61.7,5.32707096912877e-05,503.240029520769
k2016,9220,60.75,61.75,5.29265895509303e-05,503.240032175692
k2016,9220,60.8,61.8,5.25847040048236e-05,503.240034813465
k2016,9220,60.85,61.85,5.22450383924922e-05,503.2400374342
k2016,9220,60.9,61.9,5.19075781515728e-05,503.240040038006
k2016,9220,60.95,61.95,5.15723088171323e-05,503.240042624994
k2016,9220,61,62,5.12392160209922e-05,503.240045195273
k2016,9220,61.05,62.05,5.09082854910566e-05,503.240047748952
k2016,9220,61.1,62.1,5.05795030506461e-05,503.240050286138
k2016,9220,61.15,62.15,5.02528546178367e-05,503.240052806938
k2016,9220,61.2,62.2,4.99283262048025e-05,503.240055311458
k2016,9220,61.25,62.25,4.9605903917165e-05,503.240057799805
k2016,9220,61.3,62.3,4.92855739533452e-05,503.240060272084
k2016,9220,61.35,62.35,4.89673226039223e-05,503.240062728397
k2016,9220,61.4,62.4,4.86511362509959e-05,503.24006516885
k2016,9220,61.45,62.45,4.8337001367553e-05,503.240067593545
k2016,9220,61.5,62.5,4.80249045168409e-05,503.240070002584
k2016,9220,61.55,62.55,4.77148323517425e-05,503.240072396069
k2016,9220,61.6,62.6,4.74067716141586e-05,503.240074774101
k2016,9220,61.65,62.65,4.71007091343927e-05,503.24007713678
k2016,9220,61.7,62.7,4.67966318305418e-05,503.240079484205
k2016,9220,61.75,62.75,4.64945267078906e-05,503.240081816476
k2016,9220,61.8,62.8,4.61943808583107e-05,503.24008413369
k2016,9220,61.85,62.85,4.58961814596642e-05,503.240086435946
k2016,9220,61.9,62.9,4.55999157752116e-05,503.240088723341
k2016,9220,61.95,62.95,4.53055711530234e-05,503.24009099597
k2016,9220,62,63,4.50131350253972e-05,503.24009325393
k2016,9220,62.05,63.05,4.47225949082781e-05,503.240095497315
k2016,9220,62.1,63.1,4.44339384006834e-05,503.240097726221
k2016,9220,62.15,63.15,4.41471531841323e-05,503.24009994074
k2016,9220,62.2,63.2,4.38622270220784e-05,503.240102140967
k2016,9220,62.25,63.25,4.35791477593479e-05,503.240104326994
k2016,9220,62.3,63.3,4.32979033215804e-05,503.240106498912
k2016,9220,62.35,63.35,4.30184817146746e-05,503.240108656814
k2016,9220,62.4,63.4,4.27408710242381e-05,503.240110800791
k2016,9220,62.45,63.45,4.24650594150405e-05,503.240112930931
k2016,9220,62.5,63.5,4.21910351304716e-05,503.240115047326
k2016,9220,62.55,63.55,4.19187864920019e-05,503.240117150064
k2016,9220,62.6,63.6,4.16483018986486e-05,503.240119239234
k2016,9220,62.65,63.65,4.13795698264447e-05,503.240121314924
k2016,9220,62.7,63.7,4.11125788279117e-05,503.24012337722
k2016,9220,62.75,63.75,4.08473175315369e-05,503.240125426211
k2016,9220,62.8,63.8,4.05837746412536e-05,503.240127461981
k2016,9220,62.85,63.85,4.03219389359256e-05,503.240129484617
k2016,9220,62.9,63.9,4.00617992688354e-05,503.240131494203
k2016,9220,62.95,63.95,3.98033445671757e-05,503.240133490824
k2016,9220,63,64,3.95465638315453e-05,503.240135474565
k2016,9220,63.05,64.05,3.92914461354473e-05,503.240137445509
k2016,9220,63.1,64.1,3.90379806247927e-05,503.240139403737
k2016,9220,63.15,64.15,3.8786156517406e-05,503.240141349334
k2016,9220,63.2,64.2,3.85359631025352e-05,503.24014328238
k2016,9220,63.25,64.25,3.82873897403649e-05,503.240145202957
k2016,9220,63.3,64.3,3.80404258615335e-05,503.240147111146
k2016,9220,63.35,64.35,3.77950609666529e-05,503.240149007027
k2016,9220,63.4,64.4,3.75512846258324e-05,503.240150890679
k2016,9220,63.45,64.45,3.7309086478206e-05,503.240152762181
k2016,9220,63.5,64.5,3.70684562314625e-05,503.240154621614
k2016,9220,63.55,64.55,3.68293836613796e-05,503.240156469053
k2016,9220,63.6,64.6,3.65918586113609e-05,503.240158304578
k2016,9220,63.65,64.65,3.63558709919764e-05,503.240160128265
k2016,9220,63.7,64.7,3.61214107805062e-05,503.24016194019
k2016,9220,63.75,64.75,3.58884680204876e-05,503.240163740431
k2016,9220,63.8,64.8,3.56570328212652e-05,503.240165529062
k2016,9220,63.85,64.85,3.54270953575443e-05,503.240167306159
k2016,9220,63.9,64.9,3.51986458689478e-05,503.240169071797
k2016,9220,63.95,64.95,3.49716746595753e-05,503.240170826048
k2016,9220,64,65,3.47461720975669e-05,503.240172568988
k2016,9220,64.05,65.05,3.45221286146683e-05,503.24017430069
k2016,9220,64.1,65.1,3.42995347058004e-05,503.240176021226
k2016,9220,64.15,65.15,3.40783809286314e-05,503.240177730667
k2016,9220,64.2,65.2,3.38586579031518e-05,503.240179429087
k2016,9220,64.25,65.25,3.36403563112525e-05,503.240181116557
k2016,9220,64.3,65.3,3.34234668963064e-05,503.240182793147
k2016,9220,64.35,65.35,3.32079804627519e-05,503.240184458927
k2016,9220,64.4,65.4,3.29938878756806e-05,503.240186113968
k2016,9220,64.45,65.45,3.2781180060427e-05,503.240187758339
k2016,9220,64.5,65.5,3.25698480021612e-05,503.240189392109
k2016,9220,64.55,65.55,3.2359882745485e-05,503.240191015346
k2016,9220,64.6,65.6,3.21512753940304e-05,503.24019262812
k2016,9220,64.65,65.65,3.19440171100612e-05,503.240194230497
k2016,9220,64.7,65.7,3.17380991140769e-05,503.240195822544
k2016,9220,64.75,65.75,3.15335126844202e-05,503.240197404329
k2016,9220,64.8,65.8,3.13302491568866e-05,503.240198975917
k2016,9220,64.85,65.85,3.11282999243368e-05,503.240200537375
k2016,9220,64.9,65.9,3.09276564363123e-05,503.240202088769
k2016,9220,64.95,65.95,3.07283101986536e-05,503.240203630163
k2016,9220,65,66,3.05302527731203e-05,503.240205161621
k2016,9220,65.05,66.05,3.03334757770147e-05,503.240206683209
k2016,9220,65.1,66.1,3.01379708828082e-05,503.24020819499
k2016,9220,65.15,66.15,2.99437298177693e-05,503.240209697027
k2016,9220,65.2,66.2,2.97507443635954e-05,503.240211189384
k2016,9220,65.25,66.25,2.95590063560462e-05,503.240212672123
k2016,9220,65.3,66.3,2.93685076845803e-05,503.240214145305
k2016,9220,65.35,66.35,2.9179240291994e-05,503.240215608994
k2016,9220,65.4,66.4,2.89911961740631e-05,503.24021706325
k2016,9220,65.45,66.45,2.88043673791865e-05,503.240218508134
k2016,9220,65.5,66.5,2.86187460080328e-05,503.240219943707
k2016,9220,65.55,66.55,2.84343242131892e-05,503.240221370028
k2016,9220,65.6,66.6,2.82510941988129e-05,503.240222787159
k2016,9220,65.65,66.65,2.80690482202851e-05,503.240224195158
k2016,9220,65.7,66.7,2.78881785838671e-05,503.240225594083
k2016,9220,65.75,66.75,2.77084776463588e-05,503.240226983995
k2016,9220,65.8,66.8,2.75299378147598e-05,503.24022836495
k2016,9220,65.85,66.85,2.7352551545933e-05,503.240229737008
k2016,9220,65.9,66.9,2.71763113462701e-05,503.240231100225
k2016,9220,65.95,66.95,2.70012097713599e-05,503.240232454658
k2016,9220,66,67,2.68272394256582e-05,503.240233800365
k2016,9220,66.05,67.05,2.66543929621609e-05,503.240235137401
k2016,9220,66.1,67.1,2.64826630820788e-05,503.240236465822
k2016,9220,66.15,67.15,2.63120425345148e-05,503.240237785686
k2016,9220,66.2,67.2,2.61425241161433e-05,503.240239097045
k2016,9220,66.25,67.25,2.59741006708919e-05,503.240240399956
k2016,9220,66.3,67.3,2.58067650896254e-05,503.240241694473
k2016,9220,66.35,67.35,2.56405103098315e-05,503.240242980651
k2016,9220,66.4,67.4,2.54753293153094e-05,503.240244258542
k2016,9220,66.45,67.45,2.53112151358602e-05,503.240245528201
k2016,9220,66.5,67.5,2.51481608469794e-05,503.240246789681
k2016,9220,66.55,67.55,2.49861595695511e-05,503.240248043035
k2016,9220,66.6,67.6,2.48252044695459e-05,503.240249288315
k2016,9220,66.65,67.65,2.46652887577184e-05,503.240250525573
k2016,9220,66.7,67.7,2.45064056893096e-05,503.240251754861
k2016,9220,66.75,67.75,2.43485485637487e-05,503.240252976231
k2016,9220,66.8,67.8,2.4191710724359e-05,503.240254189733
k2016,9220,66.85,67.85,2.40358855580648e-05,503.240255395418
k2016,9220,66.9,67.9,2.38810664951003e-05,503.240256593338
k2016,9220,66.95,67.95,2.37272470087214e-05,503.240257783542
k2016,9220,67,68,2.3574420614918e-05,503.240258966079
k2016,9220,67.05,68.05,2.34225808721298e-05,503.240260141
k2016,9220,67.1,68.1,2.32717213809632e-05,503.240261308354
k2016,9220,67.15,68.15,2.31218357839103e-05,503.240262468189
k2016,9220,67.2,68.2,2.29729177650698e-05,503.240263620554
k2016,9220,67.25,68.25,2.28249610498702e-05,503.240264765497
k2016,9220,67.3,68.3,2.26779594047942e-05,503.240265903065
k2016,9220,67.35,68.35,2.25319066371057e-05,503.240267033308
k2016,9220,67.4,68.4,2.23867965945784e-05,503.240268156272
k2016,9220,67.45,68.45,2.22426231652261e-05,503.240269272003
k2016,9220,67.5,68.5,2.20993802770349e-05,503.24027038055
k2016,9220,67.55,68.55,2.19570618976976e-05,503.240271481957
k2016,9220,67.6,68.6,2.18156620343495e-05,503.240272576271
k2016,9220,67.65,68.65,2.16751747333062e-05,503.240273663538
k2016,9220,67.7,68.7,2.15355940798033e-05,503.240274743804
k2016,9220,67.75,68.75,2.13969141977375e-05,503.240275817113
k2016,9220,67.8,68.8,2.125912924941e-05,503.24027688351
k2016,9220,67.85,68.85,2.1122233435271e-05,503.24027794304
k2016,9220,67.9,68.9,2.09862209936669e-05,503.240278995748
k2016,9220,67.95,68.95,2.08510862005882e-05,503.240280041677
k2016,9220,68,69,2.07168233694199e-05,503.240281080871
k2016,9220,68.05,69.05,2.0583426850693e-05,503.240282113374
k2016,9220,68.1,69.1,2.04508910318383e-05,503.240283139228
k2016,9220,68.15,69.15,2.03192103369413e-05,503.240284158477
k2016,9220,68.2,69.2,2.01883792264996e-05,503.240285171163
k2016,9220,68.25,69.25,2.00583921971805e-05,503.240286177329
k2016,9220,68.3,69.3,1.9929243781582e-05,503.240287177017
k2016,9220,68.35,69.35,1.98009285479943e-05,503.240288170268
k2016,9220,68.4,69.4,1.96734411001631e-05,503.240289157123
k2016,9220,68.45,69.45,1.9546776077055e-05,503.240290137625
k2016,9220,68.5,69.5,1.94209281526238e-05,503.240291111815
k2016,9220,68.55,69.55,1.92958920355788e-05,503.240292079732
k2016,9220,68.6,69.6,1.91716624691548e-05,503.240293041417
k2016,9220,68.65,69.65,1.90482342308832e-05,503.240293996911
k2016,9220,68.7,69.7,1.89256021323653e-05,503.240294946254
k2016,9220,68.75,69.75,1.88037610190465e-05,503.240295889485
k2016,9220,68.8,69.8,1.86827057699922e-05,503.240296826643
k2016,9220,68.85,69.85,1.8562431297666e-05,503.240297757768
k2016,9220,68.9,69.9,1.84429325477079e-05,503.240298682899
k2016,9220,68.95,69.95,1.83242044987154e-05,503.240299602074
k2016,9220,69,70,1.82062421620254e-05,503.240300515332
k2016,10279,0.05,1.05,0.359625976858359,0.00910242345355242
k2016,10279,0.1,1.1,0.707505569600966,0.0358098777682209
k2016,10279,0.15,1.15,1.04877983472484,0.0797433909277518
k2016,10279,0.2,1.2,1.38385292873148,0.140584596396271
k2016,10279,0.25,1.25,1.71290862864957,0.218028421191753
k2016,10279,0.3,1.3,2.03607270097485,0.311777276822773
k2016,10279,0.35,1.35,2.35344826597997,0.421539221929497
k2016,10279,0.4,1.4,2.66512738611374,0.547027166097432
k2016,10279,0.45,1.45,2.97119583094758,0.687958451611432
k2016,10279,0.5,1.5,3.27173531794991,0.844054601888111
k2016,10279,0.55,1.55,3.56682471805739,1.01504115052057
k2016,10279,0.6,1.6,3.85654071489557,1.20064751841612
k2016,10279,0.65,1.65,4.14095822104694,1.40060691498412
k2016,10279,0.7,1.7,4.42015064208159,1.6146562567126
k2016,10279,0.75,1.75,4.69419005221403,1.84253609656734
k2016,10279,0.8,1.8,4.96314731961132,2.08399056040017
k2016,10279,0.85,1.85,5.22709219273042,2.33876728935197
k2016,10279,0.9,1.9,5.48609336849325,2.60661738538966
k2016,10279,0.95,1.95,5.74021854346236,2.88729536014319
k2016,10279,1,2,5.98953445479706,3.18055908592784
k2016,10279,1.05,2.05,6.234106913615,3.48616974863867
k2016,10279,1.1,2.1,6.47400083288253,3.80389180216538
k2016,10279,1.15,2.15,6.70928025125138,4.13349292409537
k2016,10279,1.2,2.2,6.94000835384192,4.47474397252884
k2016,10279,1.25,2.25,7.16624749068904,4.82741894387188
k2016,10279,1.3,2.3,7.38805919337162,5.19129493150478
k2016,10279,1.35,2.35,7.60550419020947,5.56615208524445
k2016,10279,1.4,2.4,7.81864242031526,5.95177357153707
k2016,10279,1.45,2.45,8.02753304671839,6.34794553432931
k2016,10279,1.5,2.5,8.23223446872729,6.75445705657619
k2016,10279,1.55,2.55,8.4328043336587,7.1711001223506
k2016,10279,1.6,2.6,8.6292995480343,7.59766957952573
k2016,10279,1.65,2.65,8.82177628833217,8.03396310299523
k2016,10279,1.7,2.7,9.01029001131761,8.47978115845883
k2016,10279,1.75,2.75,9.19489546406979,8.9349269666711
k2016,10279,1.8,2.8,9.37564669370173,9.39920646819456
k2016,10279,1.85,2.85,9.55259705680363,9.87242828864376
k2016,10279,1.9,2.9,9.72579922864931,10.3544037043938
k2016,10279,1.95,2.95,9.89530521219134,10.8449466087386
k2016,10279,2,3,10.0611663468576,11.3438734784952
k2016,10279,2.05,3.05,10.2234333171666,11.851003341044
k2016,10279,2.1,3.1,10.3821561611741,12.3661577417945
k2016,10279,2.15,3.15,10.537384278764,12.8891607120709
k2016,10279,2.2,3.2,10.6891664397909,13.4198387374069
k2016,10279,2.25,3.25,10.8375507920849,13.9580207262454
k2016,10279,2.3,3.3,10.982584869324,14.5035379790345
k2016,10279,2.35,3.35,11.1243155987818,15.0562241577139
k2016,10279,2.4,3.4,11.2627893089547,15.6159152555862
k2016,10279,2.45,3.45,11.3980517370747,16.1824495675661
k2016,10279,2.5,3.5,11.5301480365111,16.7556676608025
k2016,10279,2.55,3.55,11.6591227840651,17.3354123456686
k2016,10279,2.6,3.6,11.7850199871622,17.9215286471136
k2016,10279,2.65,3.65,11.9078830909424,18.5138637763713
k2016,10279,2.7,3.7,12.0277549852547,19.1122671030212
k2016,10279,2.75,3.75,12.1446780115555,19.7165901273973
k2016,10279,2.8,3.8,12.2586939697153,20.3266864533381
k2016,10279,2.85,3.85,12.3698441247345,20.9424117612765
k2016,10279,2.9,3.9,12.4781692133708,21.5636237816615
k2016,10279,2.95,3.95,12.5837094506809,22.1901822687109
k2016,10279,3,4,12.686504536477,22.821948974487
k2016,10279,3.05,4.05,12.7865936616998,23.4587876232948
k2016,10279,3.1,4.1,12.8840155147115,24.1005638863958
k2016,10279,3.15,4.15,12.9788082875072,24.7471453570346
k2016,10279,3.2,4.2,13.0710096818486,25.3984015257745
k2016,10279,3.25,4.25,13.1606569153206,26.0542037561372
k2016,10279,3.3,4.3,13.2477867273112,26.7144252605441
k2016,10279,3.35,4.35,13.3324353849174,27.3789410765543
k2016,10279,3.4,4.4,13.4146386887772,28.0476280433959
k2016,10279,3.45,4.45,13.4944319788289,28.7203647787879
k2016,10279,3.5,4.5,13.5718501399995,29.397031656047
k2016,10279,3.55,4.55,13.6469276078226,30.0775107814785
k2016,10279,3.6,4.6,13.719698373987,30.7616859720451
k2016,10279,3.65,4.65,13.7901959918168,31.449442733312
k2016,10279,3.7,4.7,13.8584535816848,32.1406682376648
k2016,10279,3.75,4.75,13.9245038363585,32.8352513027952
k2016,10279,3.8,4.8,13.9883790262817,33.5330823704531
k2016,10279,3.85,4.85,14.0501110047906,34.2340534854618
k2016,10279,3.9,4.9,14.1097312132668,34.9380582749909
k2016,10279,3.95,4.95,14.1672706862267,35.6449919280864
k2016,10279,4,5,14.2227600563497,36.3547511754534
k2016,10279,4.05,5.05,14.2762295594446,37.0672342694886
k2016,10279,4.1,5.1,14.3277090393555,37.7823409645597
k2016,10279,4.15,5.15,14.377227952808,38.4999724975288
k2016,10279,4.2,5.2,14.4248153741973,39.2200315685159
k2016,10279,4.25,5.25,14.4705000003167,39.9424223219011
k2016,10279,4.3,5.3,14.51431015503,40.667050327562
k2016,10279,4.35,5.35,14.5562737938865,41.3938225623419
k2016,10279,4.4,5.4,14.5964185086798,42.1226473917491
k2016,10279,4.45,5.45,14.6347715319523,42.8534345518818
k2016,10279,4.5,5.5,14.6713597414434,43.5860951315789
k2016,10279,4.55,5.55,14.7062096644865,44.3205415547844
k2016,10279,4.6,5.6,14.7393474823501,45.0566875631392
k2016,10279,4.65,5.65,14.7707990345271,45.7944481987868
k2016,10279,4.7,5.7,14.8005898229723,46.5337397873894
k2016,10279,4.75,5.75,14.8287450162901,47.2744799213518
k2016,10279,4.8,5.8,14.855289453867,48.016587443268
k2016,10279,4.85,5.85,14.8802476499587,48.7599824295561
k2016,10279,4.9,5.9,14.9036437977269,49.5045861743003
k2016,10279,4.95,5.95,14.9255017732261,50.2503211732982
k2016,10279,5,6,14.9458451393416,50.9971111083049
k2016,10279,5.05,6.05,14.9646971496814,51.7448808314723
k2016,10279,5.1,6.1,14.9820807524201,52.4935563499806
k2016,10279,5.15,6.15,14.9980185940964,53.2430648108621
k2016,10279,5.2,6.2,15.0125330233648,53.9933344860136
k2016,10279,5.25,6.25,15.0256460947021,54.7442947573945
k2016,10279,5.3,6.3,15.0373795720681,55.4958761024103
k2016,10279,5.35,6.35,15.0477549325232,56.2480100794769
k2016,10279,5.4,6.4,15.0567933698014,57.0006293137651
k2016,10279,5.45,6.45,15.0645157978403,57.7536674831232
k2016,10279,5.5,6.5,15.0709428542684,58.5070593041739
k2016,10279,5.55,6.55,15.07609490385,59.2607405185856
k2016,10279,5.6,6.6,15.0799920418887,60.0146478795144
k2016,10279,5.65,6.65,15.0826540975892,60.7687191382149
k2016,10279,5.7,6.7,15.0841006373789,61.5228930308189
k2016,10279,5.75,6.75,15.0843509681889,62.2771092652788
k2016,10279,5.8,6.8,15.0834241406954,63.0313085084734
k2016,10279,5.85,6.85,15.0813389525219,63.7854323734758
k2016,10279,5.9,6.9,15.0781139514022,64.5394234069802
k2016,10279,5.95,6.95,15.0737674383057,65.2932250768851
k2016,10279,6,7,15.068317470524,66.046781760033
k2016,10279,6.05,7.05,15.0617818647212,66.8000387301025
k2016,10279,6.1,7.1,15.0541781999458,67.5529421456526
k2016,10279,6.15,7.15,15.0455238206073,68.3054390383164
k2016,10279,6.2,7.2,15.035835839416,69.0574773011429
k2016,10279,6.25,7.25,15.0251311402876,69.8090056770846
k2016,10279,6.3,7.3,15.0134263812118,70.5599737476298
k2016,10279,6.35,7.35,15.000737997087,71.3103319215773
k2016,10279,6.4,7.4,14.98708220252,72.060031423952
k2016,10279,6.45,7.45,14.9724749945916,72.8090242850593
k2016,10279,6.5,7.5,14.9569321555894,73.5572633296777
k2016,10279,6.55,7.55,14.9404692557064,74.3047021663866
k2016,10279,6.6,7.6,14.9231016557075,75.051295177028
k2016,10279,6.65,7.65,14.9048445095633,75.7969975063017
k2016,10279,6.7,7.7,14.885712767052,76.5417650514902
k2016,10279,6.75,7.75,14.8657211763295,77.2855544523139
k2016,10279,6.8,7.8,14.8448842864687,78.0283230809134
k2016,10279,6.85,7.85,14.8232164499671,78.770029031958
k2016,10279,6.9,7.9,14.8007318252248,79.5106311128792
k2016,10279,6.95,7.95,14.7774443789917,80.2500888342274
k2016,10279,7,8,14.7533678887851,80.9883624001493
k2016,10279,7.05,8.05,14.7285159452782,81.7254126989867
k2016,10279,7.1,8.1,14.7029019546587,82.4612012939931
k2016,10279,7.15,8.15,14.6765391409598,83.1956904141678
k2016,10279,7.2,8.2,14.6494405483616,83.9288429452061
k2016,10279,7.25,8.25,14.6216190434656,84.6606224205631
k2016,10279,7.3,8.3,14.5930873175402,85.3909930126316
k2016,10279,7.35,8.35,14.5638578887405,86.1199195240308
k2016,10279,7.4,8.4,14.533943104299,86.8473673790054
k2016,10279,7.45,8.45,14.5033551426916,87.5733026149338
k2016,10279,7.5,8.5,14.4721060157756,88.2976918739441
k2016,10279,7.55,8.55,14.4402075709023,89.0205023946357
k2016,10279,7.6,8.6,14.4076714930041,89.7417020039064
k2016,10279,7.65,8.65,14.3745093066552,90.4612591088832
k2016,10279,7.7,8.7,14.3407323781083,91.1791426889554
k2016,10279,7.75,8.75,14.306351917305,91.8953222879088
k2016,10279,7.8,8.8,14.2713789798633,92.6097680061599
k2016,10279,7.85,8.85,14.2358244690392,93.322450493089
k2016,10279,7.9,8.9,14.1996991376654,94.0333409394705
k2016,10279,7.95,8.95,14.1630135900661,94.7424110699999
k2016,10279,8,9,14.1257782839478,95.4496331359155
k2016,10279,8.05,9.05,14.0880035322673,96.1549799077146
k2016,10279,8.1,9.1,14.0496995050777,96.8584246679621
k2016,10279,8.15,9.15,14.0108762313499,97.5599412041908
k2016,10279,8.2,9.2,13.9715436007738,98.2595038018927
k2016,10279,8.25,9.25,13.9317113655361,98.9570872375992
k2016,10279,8.3,9.3,13.8913891420766,99.6526667720504
k2016,10279,8.35,9.35,13.8505864128237,100.346218143451
k2016,10279,8.4,9.4,13.8093125279073,101.037717560811
k2016,10279,8.45,9.45,13.7675767068519,101.727141697377
k2016,10279,8.5,9.5,13.7253880402483,102.414467684141
k2016,10279,8.55,9.55,13.6827554914052,103.099673103434
k2016,10279,8.6,9.6,13.6396878979797,103.782735982607
k2016,10279,8.65,9.65,13.5961939735888,104.463634787784
k2016,10279,8.7,9.7,13.5522823094007,105.142348417703
k2016,10279,8.75,9.75,13.5079613757061,105.818856197632
k2016,10279,8.8,9.8,13.4632395234711,106.493137873364
k2016,10279,8.85,9.85,13.4181249858698,107.165173605288
k2016,10279,8.9,9.9,13.3726258797997,107.83494396254
k2016,10279,8.95,9.95,13.3267502073766,108.502429917225
k2016,10279,9,10,13.2805058574126,109.167612838714
k2016,10279,9.05,10.05,13.2339006068751,109.830474488018
k2016,10279,9.1,10.1,13.1869421223282,110.490997012229
k2016,10279,9.15,10.15,13.1396379613561,111.149162939037
k2016,10279,9.2,10.2,13.0919955739691,111.804955171316
k2016,10279,9.25,10.25,13.0440223039922,112.458356981782
k2016,10279,9.3,10.3,12.9957253904369,113.109352007713
k2016,10279,9.35,10.35,12.9471119688556,113.757924245749
k2016,10279,9.4,10.4,12.8981890726794,114.404058046745
k2016,10279,9.45,10.45,12.8489636345399,115.047738110706
k2016,10279,9.5,10.5,12.799442487574,115.688949481773
k2016,10279,9.55,10.55,12.7496323667129,116.327677543286
k2016,10279,9.6,10.6,12.6995399099554,116.963908012899
k2016,10279,9.65,10.65,12.6491716596251,117.597626937774
k2016,10279,9.7,10.7,12.5985340636121,118.228820689819
k2016,10279,9.75,10.75,12.5476334765996,118.857475961003
k2016,10279,9.8,10.8,12.4964761612753,119.483579758724
k2016,10279,9.85,10.85,12.4450682895275,120.10711940124
k2016,10279,9.9,10.9,12.3934159436269,120.728082513157
k2016,10279,9.95,10.95,12.3415251173929,121.346457020979
k2016,10279,10,11,12.289401717347,121.962231148714
k2016,10279,10.05,11.05,12.2370515638499,122.575393413537
k2016,10279,10.1,11.1,12.1844803922266,123.18593262151
k2016,10279,10.15,11.15,12.1316938538756,123.79383786336
k2016,10279,10.2,11.2,12.0786975173661,124.399098510307
k2016,10279,10.25,11.25,12.0254968695203,125.001704209952
k2016,10279,10.3,11.3,11.9720973164828,125.601644882217
k2016,10279,10.35,11.35,11.918504184777,126.198910715333
k2016,10279,10.4,11.4,11.8647227223478,126.793492161892
k2016,10279,10.45,11.45,11.8107580995916,127.385379934938
k2016,10279,10.5,11.5,11.7566154103737,127.974565004119
k2016,10279,10.55,11.55,11.7022996730331,128.561038591882
k2016,10279,10.6,11.6,11.6478158313742,129.144792169724
k2016,10279,10.65,11.65,11.5931687556467,129.725817454492
k2016,10279,10.7,11.7,11.5383632435136,130.304106404722
k2016,10279,10.75,11.75,11.4834040210063,130.879651217043
k2016,10279,10.8,11.8,11.4282957434684,131.452444322611
k2016,10279,10.85,11.85,11.3730429964878,132.022478383604
k2016,10279,10.9,11.9,11.317650296817,132.589746289753
k2016,10279,10.95,11.95,11.2621220932819,133.154241154925
k2016,10279,11,12,11.2064627676793,133.71595631375
k2016,10279,11.05,12.05,11.1506766356633,134.274885318289
k2016,10279,11.1,12.1,11.094767947621,134.831021934751
k2016,10279,11.15,12.15,11.0387408895362,135.384360140252
k2016,10279,11.2,12.2,10.9825995838436,135.934894119613
k2016,10279,11.25,12.25,10.9263480902715,136.482618262206
k2016,10279,11.3,12.3,10.8699904066746,137.02752715884
k2016,10279,11.35,12.35,10.8135304698555,137.569615598687
k2016,10279,11.4,12.4,10.7569721563769,138.108878566248
k2016,10279,11.45,12.45,10.7003192833634,138.645311238365
k2016,10279,11.5,12.5,10.6435756092926,139.178908981266
k2016,10279,11.55,12.55,10.5867448347774,139.709667347652
k2016,10279,11.6,12.6,10.5298306033378,140.237582073826
k2016,10279,11.65,12.65,10.472836502163,140.762649076854
k2016,10279,11.7,12.7,10.4157660628646,141.284864451771
k2016,10279,11.75,12.75,10.3586227622196,141.804224468815
k2016,10279,11.8,12.8,10.3014100229048,142.320725570711
k2016,10279,11.85,12.85,10.2441312142214,142.834364369979
k2016,10279,11.9,12.9,10.1867896528111,143.345137646283
k2016,10279,11.95,12.95,10.1293886033627,143.853042343821
k2016,10279,12,13,10.0719312793103,144.358075568738
k2016,10279,12.05,13.05,10.0144208435222,144.860234586584
k2016,10279,12.1,13.1,9.95686040898209,145.359516819805
k2016,10279,12.15,13.15,9.89925303946063,145.85591984526
k2016,10279,12.2,13.2,9.84160175017937,146.349441391781
k2016,10279,12.25,13.25,9.78390950846598,146.840079337763
k2016,10279,12.3,13.3,9.72617923440143,147.327831708781
k2016,10279,12.35,13.35,9.66841380145899,147.812696675248
k2016,10279,12.4,13.4,9.61061603713521,148.294672550096
k2016,10279,12.45,13.45,9.552788723573,148.773757786499
k2016,10279,12.5,13.5,9.4949345981769,149.249950975614
k2016,10279,12.55,13.55,9.43705635422061,149.723250844364
k2016,10279,12.6,13.6,9.37915664144691,150.193656253246
k2016,10279,12.65,13.65,9.32123806666002,150.661166194166
k2016,10279,12.7,13.7,9.26330319431062,151.125779788309
k2016,10279,12.75,13.75,9.20535454707337,151.587496284038
k2016,10279,12.8,13.8,9.14739460641734,152.046315054816
k2016,10279,12.85,13.85,9.08942581316918,152.502235597159
k2016,10279,12.9,13.9,9.03145056806924,152.955257528624
k2016,10279,12.95,13.95,8.97347123232075,153.40538058581
k2016,10279,13,14,8.91549012813205,153.852604622403
k2016,10279,13.05,14.05,8.85750953925208,154.296929607233
k2016,10279,13.1,14.1,8.79953171149907,154.738355622368
k2016,10279,13.15,14.15,8.74155885328268,155.176882861229
k2016,10279,13.2,14.2,8.68359313611953,155.612511626734
k2016,10279,13.25,14.25,8.62563669514228,156.045242329464
k2016,10279,13.3,14.3,8.56769162960236,156.475075485858
k2016,10279,13.35,14.35,8.50976000336636,156.902011716432
k2016,10279,13.4,14.4,8.45184384540618,157.326051744019
k2016,10279,13.45,14.45,8.39394515028315,157.747196392039
k2016,10279,13.5,14.5,8.3360658786259,158.16544658279
k2016,10279,13.55,14.55,8.27820795760246,158.580803335764
k2016,10279,13.6,14.6,8.22037328138629,158.993267765982
k2016,10279,13.65,14.65,8.16256371161657,159.402841082361
k2016,10279,13.7,14.7,8.1047810778527,159.809524586094
k2016,10279,13.75,14.75,8.04702717802315,160.213319669062
k2016,10279,13.8,14.8,7.98930377886872,160.614227812258
k2016,10279,13.85,14.85,7.93161261638019,161.012250584244
k2016,10279,13.9,14.9,7.87395539623063,161.407389639619
k2016,10279,13.95,14.95,7.81633379420228,161.799646717519
k2016,10279,14,15,7.75874945660809,162.189023640129
k2016,10279,14.05,15.05,7.70120400070807,162.575522311224
k2016,10279,14.1,15.1,7.64369901512048,162.959144714721
k2016,10279,14.15,15.15,7.58623606022789,163.339892913263
k2016,10279,14.2,15.2,7.52881666857822,163.717769046813
k2016,10279,14.25,15.25,7.47144234528089,164.092775331275
k2016,10279,14.3,15.3,7.41411456839799,164.464914057129
k2016,10279,14.35,15.35,7.35683478933069,164.834187588093
k2016,10279,14.4,15.4,7.29960443320094,165.200598359792
k2016,10279,14.45,15.45,7.24242489922838,165.564148878463
k2016,10279,14.5,15.5,7.18529756110274,165.92484171966
k2016,10279,14.55,15.55,7.12822376735164,166.282679526993
k2016,10279,14.6,15.6,7.07120484170397,166.637665010877
k2016,10279,14.65,15.65,7.01424208344877,166.9898009473
k2016,10279,14.7,15.7,6.95733676778986,167.339090176612
k2016,10279,14.75,15.75,6.90049014619613,167.685535602327
k2016,10279,14.8,15.8,6.84370344674761,168.029140189947
k2016,10279,14.85,15.85,6.7869778744775,168.3699069658
k2016,10279,14.9,15.9,6.73031461170994,168.707839015898
k2016,10279,14.95,15.95,6.67371481839397,169.042939484808
k2016,10279,15,16,6.61717963243335,169.375211574539
k2016,10279,15.05,16.05,6.56071017001265,169.704658543455
k2016,10279,15.1,16.1,6.50430752591945,170.031283705191
k2016,10279,15.15,16.15,6.44797277386276,170.355090427593
k2016,10279,15.2,16.2,6.39170696678786,170.676082131672
k2016,10279,15.25,16.25,6.33551113718743,170.994262290574
k2016,10279,15.3,16.3,6.27938629740916,171.309634428565
k2016,10279,15.35,16.35,6.22333343995988,171.622202120031
k2016,10279,15.4,16.4,6.1673535378063,171.931968988493
k2016,10279,15.45,16.45,6.11144754467235,172.238938705639
k2016,10279,15.5,16.5,6.05561639533329,172.543114990368
k2016,10279,15.55,16.55,5.99986100590659,172.844501607848
k2016,10279,15.6,16.6,5.94418227413971,173.143102368596
k2016,10279,15.65,16.65,5.88858107969473,173.438921127561
k2016,10279,15.7,16.7,5.83305828443009,173.731961783228
k2016,10279,15.75,16.75,5.77761473267936,174.022228276738
k2016,10279,15.8,16.8,5.72225125152715,174.309724591016
k2016,10279,15.85,16.85,5.66696865108233,174.594454749912
k2016,10279,15.9,16.9,5.61176772474844,174.876422817368
k2016,10279,15.95,16.95,5.55664924949163,175.155632896581
k2016,10279,16,17,5.50161398610594,175.432089129191
k2016,10279,16.05,17.05,5.44666267947625,175.705795694479
k2016,10279,16.1,17.1,5.3917960588388,175.97675680858
k2016,10279,16.15,17.15,5.33701483803949,176.244976723702
k2016,10279,16.2,17.2,5.28231971578993,176.510459727368
k2016,10279,16.25,17.25,5.2277113759215,176.773210141662
k2016,10279,16.3,17.3,5.17319048763733,177.033232322495
k2016,10279,16.35,17.35,5.1187577057625,177.290530658874
k2016,10279,16.4,17.4,5.06441367099234,177.545109572197
k2016,10279,16.45,17.45,5.01015901013915,177.796973515546
k2016,10279,16.5,17.5,4.9559943363773,178.046126973003
k2016,10279,16.55,17.55,4.90192024948694,178.292574458972
k2016,10279,16.6,17.6,4.84793733609634,178.536320517517
k2016,10279,16.65,17.65,4.79404616992307,178.777369721709
k2016,10279,16.7,17.7,4.74024731201414,179.015726672988
k2016,10279,16.75,17.75,4.68654131098518,179.251396000532
k2016,10279,16.8,17.8,4.63292870325888,179.484382360648
k2016,10279,16.85,17.85,4.57941001330288,179.714690436161
k2016,10279,16.9,17.9,4.52598575386711,179.942324935827
k2016,10279,16.95,17.95,4.47265642622099,180.16729059375
k2016,10279,17,18,4.41942252039047,180.389592168818
k2016,10279,17.05,18.05,4.36628451539522,180.609234444143
k2016,10279,17.1,18.1,4.31324287948621,180.826222226515
k2016,10279,17.15,18.15,4.26029807038375,181.040560345877
k2016,10279,17.2,18.2,4.20745053551645,181.252253654796
k2016,10279,17.25,18.25,4.15470071226113,181.461307027961
k2016,10279,17.3,18.3,4.10204902818416,181.667725361681
k2016,10279,17.35,18.35,4.0494959012844,181.871513573404
k2016,10279,17.4,18.4,3.99704174023806,182.072676601245
k2016,10279,17.45,18.45,3.94468694464594,182.271219403524
k2016,10279,17.5,18.5,3.8924319052832,182.467146958318
k2016,10279,17.55,18.55,3.8402770043523,182.66046426303
k2016,10279,17.6,18.6,3.78822261573945,182.851176333963
k2016,10279,17.65,18.65,3.73626910527487,183.039288205911
k2016,10279,17.7,18.7,3.68441683099769,183.224804931765
k2016,10279,17.75,18.75,3.63266614342572,183.407731582127
k2016,10279,17.8,18.8,3.58101738583092,183.588073244944
k2016,10279,17.85,18.85,3.52947089452108,183.765835025152
k2016,10279,17.9,18.9,3.47802699912848,183.941022044332
k2016,10279,17.95,18.95,3.4266860229063,184.113639440387
k2016,10279,18,19,3.37544828303361,184.283692367231
k2016,10279,18.05,19.05,3.32431409092986,184.45118599449
k2016,10279,18.1,19.1,3.27328375257995,184.616125507223
k2016,10279,18.15,19.15,3.22235756887092,184.778516105661
k2016,10279,18.2,19.2,3.17153583594159,184.938363004959
k2016,10279,18.25,19.25,3.12081884554636,185.095671434967
k2016,10279,18.3,19.3,3.07020688543485,185.25044664002
k2016,10279,18.35,19.35,3.01970023974897,185.402693878752
k2016,10279,18.4,19.4,2.96929918943918,185.55241842392
k2016,10279,18.45,19.45,2.91900401270212,185.699625562257
k2016,10279,18.5,19.5,2.86881498544183,185.844320594349
k2016,10279,18.55,19.55,2.81873238175708,185.986508834528
k2016,10279,18.6,19.6,2.76875647445762,186.126195610798
k2016,10279,18.65,19.65,2.71888753561265,186.263386264782
k2016,10279,18.7,19.7,2.66912583713481,186.398086151699
k2016,10279,18.75,19.75,2.61947165140395,186.530300640374
k2016,10279,18.8,19.8,2.56992525193487,186.660035113276
k2016,10279,18.85,19.85,2.52048691409436,186.787294966593
k2016,10279,18.9,19.9,2.47115691587298,186.912085610343
k2016,10279,18.95,19.95,2.42193553871817,187.034412468529
k2016,10279,19,20,2.37282306843592,187.154280979327
k2016,10279,19.05,20.05,2.32381979616942,187.271696595336
k2016,10279,19.1,20.1,2.27492601946401,187.386664783866
k2016,10279,19.15,20.15,2.22614204342937,187.499191027288
k2016,10279,19.2,20.2,2.17746818201127,187.609280823446
k2016,10279,19.25,20.25,2.12890475938723,187.716939686129
k2016,10279,19.3,20.3,2.08045211150225,187.822173145623
k2016,10279,19.35,20.35,2.03211058776388,187.92498674934
k2016,10279,19.4,20.4,1.98388055291826,188.025386062538
k2016,10279,19.45,20.45,1.93576238913286,188.123376669139
k2016,10279,19.5,20.5,1.88775649831551,188.218964172655
k2016,10279,19.55,20.55,1.83986330470459,188.312154197243
k2016,10279,19.6,20.6,1.79208325777116,188.402952388888
k2016,10279,19.65,20.65,1.74441683548127,188.491364416746
k2016,10279,19.7,20.7,1.69686454797525,188.577395974662
k2016,10279,19.75,20.75,1.64942694173173,188.661052782876
k2016,10279,19.8,20.8,1.60210460429707,188.742340589957
k2016,10279,19.85,20.85,1.55489816967684,188.82126517499
k2016,10279,19.9,20.9,1.50780832450589,188.897832350049
k2016,10279,19.95,20.95,1.46083581513778,188.972047963
k2016,10279,20,21,1.41398145582492,189.043917900687
k2016,10279,20.05,21.05,1.36724613819911,189.113448092561
k2016,10279,20.1,21.1,1.32063084231022,189.180644514813
k2016,10279,20.15,21.15,1.27413664954232,189.245513195113
k2016,10279,20.2,21.2,1.22776475780484,189.308060218044
k2016,10279,20.25,21.25,1.18151649949828,189.368291731364
k2016,10279,20.3,21.3,1.13539336288521,189.426213953255
k2016,10279,20.35,21.35,1.08939701767127,189.481833180726
k2016,10279,20.4,21.4,1.04352934582992,189.53515579944
k2016,10279,20.45,21.45,0.997792479012287,189.586188295229
k2016,10279,20.5,21.5,0.952188844299472,189.634937267682
k2016,10279,20.55,21.55,0.906721220624097,189.681409446277
k2016,10279,20.6,21.6,0.861392808978035,189.725611709664
k2016,10279,20.65,21.65,0.816207320633831,189.767551108888
k2016,10279,20.7,21.7,0.77116908919236,189.807234895588
k2016,10279,20.75,21.75,0.726283214568625,189.844670556564
k2016,10279,20.8,21.8,0.681555750422971,189.879865856561
k2016,10279,20.85,21.85,0.636993951658791,189.912828891857
k2016,10279,20.9,21.9,0.592606606479016,189.943568158204
k2016,10279,20.95,21.95,0.548404489905844,189.972092638225
k2016,10279,21,22,0.504400995778603,189.998411915663
k2016,10279,21.05,22.05,0.460613037836749,190.022536327467
k2016,10279,21.1,22.1,0.417062368583122,190.044477170604
k2016,10279,21.15,22.15,0.373777569128193,190.064246990217
k2016,10279,21.2,22.2,0.330797160034517,190.08185999282
k2016,10279,21.25,22.25,0.288174674204466,190.097332659374
k2016,10279,21.3,22.3,0.245987345874589,190.110684691993
k2016,10279,21.35,22.35,0.204352031748213,190.121940557241
k2016,10279,21.4,22.4,0.163456496209731,190.131132153263
k2016,10279,21.45,22.45,0.123627709531408,190.138303831526
k2016,10279,21.5,22.5,0.0855005772904837,190.143522901304
k2016,10279,21.55,22.55,0.0505051032754128,190.146904956948
k2016,10279,21.6,22.6,0.0224033732179487,190.148685157676
k2016,10279,21.65,22.65,0.00861675886631161,190.149390126929
k2016,10279,21.7,22.7,0.00629876606274137,190.149742065834
k2016,10279,21.75,22.75,0.00606292495312088,190.150049417011
k2016,10279,21.8,22.8,0.0059826100856303,190.150350444081
k2016,10279,21.85,22.85,0.00591306958793665,190.150647824976
k2016,10279,21.9,22.9,0.00584521017961278,190.150941777061
k2016,10279,21.95,22.95,0.00577845941954341,190.151232364397
k2016,10279,22,23,0.00571276136962212,190.15151964078
k2016,10279,22.05,23.05,0.0056480911021278,190.151803658066
k2016,10279,22.1,23.1,0.00558442619772683,190.152084467049
k2016,10279,22.15,23.15,0.00552174494279788,190.152362117472
k2016,10279,22.2,23.2,0.00546002626478781,190.152636657964
k2016,10279,22.25,23.25,0.00539924966510828,190.152908136165
k2016,10279,22.3,23.3,0.00533939524183816,190.153176598658
k2016,10279,22.35,23.35,0.00528044363641681,190.153442091071
k2016,10279,22.4,23.4,0.0052223760244391,190.153704658086
k2016,10279,22.45,23.45,0.0051651741095077,190.153964343428
k2016,10279,22.5,23.5,0.00510882008945653,190.154221189935
k2016,10279,22.55,23.55,0.00505329664223327,190.154475239575
k2016,10279,22.6,23.6,0.00499858691399488,190.154726533453
k2016,10279,22.65,23.65,0.00494467450377776,190.154975111842
k2016,10279,22.7,23.7,0.00489154344659144,190.155221014203
k2016,10279,22.75,23.75,0.00483917819656776,190.155464279214
k2016,10279,22.8,23.8,0.00478756361539156,190.155704944789
k2016,10279,22.85,23.85,0.00473668495909337,190.155943048089
k2016,10279,22.9,23.9,0.00468652786528258,190.156178625552
k2016,10279,22.95,23.95,0.00463707834037727,190.156411712904
k2016,10279,23,24,0.00458832274797526,190.15664234518
k2016,10279,23.05,24.05,0.00454024779754454,190.156870556745
k2016,10279,23.1,24.1,0.00449284053324699,190.157096381305
k2016,10279,23.15,24.15,0.00444608832358581,190.157319851928
k2016,10279,23.2,24.2,0.00439997885142574,190.157541001055
k2016,10279,23.25,24.25,0.00435450010404898,190.157759860523
k2016,10279,23.3,24.3,0.00430964036384188,190.157976461573
k2016,10279,23.35,24.35,0.00426538819790838,190.158190834871
k2016,10279,23.4,24.4,0.0042217324512773,190.158403010516
k2016,10279,23.45,24.45,0.004178662238694,190.158613018056
k2016,10279,23.5,24.5,0.00413616693602109,190.158820886498
k2016,10279,23.55,24.55,0.00409423617194252,190.159026644325
k2016,10279,23.6,24.6,0.00405285981770681,190.159230319518
k2016,10279,23.65,24.65,0.00401202798594435,190.159431939545
k2016,10279,23.7,24.7,0.00397173102148785,190.159631531387
k2016,10279,23.75,24.75,0.0039319594900344,190.159829121555
k2016,10279,23.8,24.8,0.00389270417692214,190.160024736091
k2016,10279,23.85,24.85,0.00385395608178202,190.160218400572
k2016,10279,23.9,24.9,0.00381570640472596,190.160410140146
k2016,10279,23.95,24.95,0.00377794655001593,190.160599979516
k2016,10279,24,25,0.00374066811480289,190.160787942959
k2016,10279,24.05,25.05,0.00370386288293423,190.160974054346
k2016,10279,24.1,25.1,0.00366752282562633,190.161158337129
k2016,10279,24.15,25.15,0.00363164008732116,190.161340814377
k2016,10279,24.2,25.2,0.00359620699121483,190.161521508755
k2016,10279,24.25,25.25,0.00356121602367121,190.161700442565
k2016,10279,24.3,25.3,0.00352665984015441,190.161877637721
k2016,10279,24.35,25.35,0.00349253125098996,190.16205311579
k2016,10279,24.4,25.4,0.00345882322532275,190.162226897969
k2016,10279,24.45,25.45,0.00342552888120117,190.162399005115
k2016,10279,24.5,25.5,0.00339264148345161,190.162569457747
k2016,10279,24.55,25.55,0.00336015444230506,190.162738276041
k2016,10279,24.6,25.6,0.00332806130377835,190.162905479859
k2016,10279,24.65,25.65,0.00329635575245403,190.163071088733
k2016,10279,24.7,25.7,0.00326503160382617,190.163235121888
k2016,10279,24.75,25.75,0.00323408280073183,190.163397598246
k2016,10279,24.8,25.8,0.00320350341349517,190.163558536421
k2016,10279,24.85,25.85,0.00317328763345614,190.163717954739
k2016,10279,24.9,25.9,0.00314342976999929,190.163875871239
k2016,10279,24.95,25.95,0.00311392424919188,190.164032303678
k2016,10279,25,26,0.00308476561081377,190.164187269533
k2016,10279,25.05,26.05,0.00305594850337954,190.164340786016
k2016,10279,25.1,26.1,0.00302746768280997,190.164492870072
k2016,10279,25.15,26.15,0.00299931801001596,190.164643538386
k2016,10279,25.2,26.2,0.00297149444851998,190.164792807389
k2016,10279,25.25,26.25,0.00294399206050483,190.164940693262
k2016,10279,25.3,26.3,0.00291680600520243,190.165087211944
k2016,10279,25.35,26.35,0.0028899315365782,190.165232379132
k2016,10279,25.4,26.4,0.00286336400102346,190.165376210288
k2016,10279,25.45,26.45,0.00283709883539821,190.165518720646
k2016,10279,25.5,26.5,0.00281113156421648,190.165659925209
k2016,10279,25.55,26.55,0.00278545779769662,190.165799838764
k2016,10279,25.6,26.6,0.0027600732298614,190.165938475877
k2016,10279,25.65,26.65,0.00273497363653713,190.166075850904
k2016,10279,25.7,26.7,0.00271015487341112,190.166211977988
k2016,10279,25.75,26.75,0.00268561287414545,190.166346871069
k2016,10279,25.8,26.8,0.00266134364854508,190.166480543886
k2016,10279,25.85,26.85,0.00263734328077935,190.166613009979
k2016,10279,25.9,26.9,0.00261360792769456,190.166744282694
k2016,10279,25.95,26.95,0.00259013381704578,190.166874375188
k2016,10279,26,27,0.00256691724588321,190.167003300429
k2016,10279,26.05,27.05,0.00254395457899512,190.167131071203
k2016,10279,26.1,27.1,0.00252124224736268,190.167257700117
k2016,10279,26.15,27.15,0.00249877674665733,190.167383199599
k2016,10279,26.2,27.2,0.00247655463577928,190.167507581905
k2016,10279,26.25,27.25,0.00245457253543573,190.167630859118
k2016,10279,26.3,27.3,0.00243282712675758,190.167753043158
k2016,10279,26.35,27.35,0.00241131514995335,190.167874145775
k2016,10279,26.4,27.4,0.00239003340299911,190.167994178563
k2016,10279,26.45,27.45,0.00236897874036332,190.168113152952
k2016,10279,26.5,27.5,0.00234814807176547,190.168231080221
k2016,10279,26.55,27.55,0.00232753836096741,190.168347971492
k2016,10279,26.6,27.6,0.00230714662459638,190.168463837739
k2016,10279,26.65,27.65,0.00228696993099886,190.168578689788
k2016,10279,26.7,27.7,0.0022670053991241,190.168692538317
k2016,10279,26.75,27.75,0.0022472501974366,190.168805393863
k2016,10279,26.8,27.8,0.0022277015428459,190.168917266825
k2016,10279,26.85,27.85,0.00220835669966413,190.16902816746
k2016,10279,26.9,27.9,0.00218921297864377,190.169138105892
k2016,10279,26.95,27.95,0.00217026773597604,190.169247092111
k2016,10279,27,28,0.00215151837233391,190.169355135975
k2016,10279,27.05,28.05,0.00213296233194067,190.169462247214
k2016,10279,27.1,28.1,0.00211459710166173,190.169568435431
k2016,10279,27.15,28.15,0.00209642021011917,190.169673710105
k2016,10279,27.2,28.2,0.00207842922682829,190.169778080592
k2016,10279,27.25,28.25,0.00206062176135553,190.169881556128
k2016,10279,27.3,28.3,0.00204299546249722,190.169984145828
k2016,10279,27.35,28.35,0.00202554801747842,190.170085858695
k2016,10279,27.4,28.4,0.0020082771511678,190.170186703612
k2016,10279,27.45,28.45,0.00199118062527353,190.170286689354
k2016,10279,27.5,28.5,0.00197425623765885,190.170385824582
k2016,10279,27.55,28.55,0.00195750182159582,190.170484117849
k2016,10279,27.6,28.6,0.00194091524513849,190.1705815776
k2016,10279,27.65,28.65,0.00192449441027144,190.170678212174
k2016,10279,27.7,28.7,0.00190823725238241,190.170774029807
k2016,10279,27.75,28.75,0.00189214173946692,190.170869038632
k2016,10279,27.8,28.8,0.00187620587166763,190.17096324668
k2016,10279,27.85,28.85,0.00186042768048257,190.171056661885
k2016,10279,27.9,28.9,0.00184480522824102,190.171149292081
k2016,10279,27.95,28.95,0.0018293366073753,190.171241145008
k2016,10279,28,29,0.00181401994003412,190.171332228311
k2016,10279,28.05,29.05,0.00179885337726631,190.17142254954
k2016,10279,28.1,29.1,0.00178383509877436,190.171512116156
k2016,10279,28.15,29.15,0.00176896331196326,190.171600935527
k2016,10279,28.2,29.2,0.00175423625197872,190.171689014935
k2016,10279,28.25,29.25,0.00173965218060991,190.171776361571
k2016,10279,28.3,29.3,0.00172520938641917,190.171862982542
k2016,10279,28.35,29.35,0.00171090618293828,190.171948884871
k2016,10279,28.4,29.4,0.00169674091055758,190.172034075493
k2016,10279,28.45,29.45,0.00168271193207315,190.172118561269
k2016,10279,28.5,29.5,0.00166881763943623,190.172202348967
k2016,10279,28.55,29.55,0.00165505644183945,190.172285445284
k2016,10279,28.6,29.6,0.00164142677857452,190.172367856838
k2016,10279,28.65,29.65,0.00162792710523534,190.172449590161
k2016,10279,28.7,29.7,0.00161455590940532,190.172530651722
k2016,10279,28.75,29.75,0.00160131169302801,190.172611047904
k2016,10279,28.8,29.8,0.00158819298090404,190.172690785018
k2016,10279,28.85,29.85,0.00157519832598775,190.172769869307
k2016,10279,28.9,29.9,0.00156232628804977,190.172848306926
k2016,10279,28.95,29.95,0.00154957546673565,190.172926103984
k2016,10279,29,30,0.00153694446760782,190.173003266503
k2016,10279,29.05,30.05,0.00152443192145427,190.17307980044
k2016,10279,29.1,30.1,0.0015120364767633,190.173155711679
k2016,10279,29.15,30.15,0.0014997568040042,190.173231006048
k2016,10279,29.2,30.2,0.00148759158888943,190.1733056893
k2016,10279,29.25,30.25,0.00147553954047747,190.173379767125
k2016,10279,29.3,30.3,0.0014635993822349,190.173453245154
k2016,10279,29.35,30.35,0.00145176985704316,190.173526128938
k2016,10279,29.4,30.4,0.00144004972552129,190.173598423992
k2016,10279,29.45,30.45,0.00142843776440713,190.173670135748
k2016,10279,29.5,30.5,0.00141693277081081,190.173741269588
k2016,10279,29.55,30.55,0.00140553354814958,190.173811830818
k2016,10279,29.6,30.6,0.0013942389347931,190.173881824712
k2016,10279,29.65,30.65,0.0013830477710523,190.173951256466
k2016,10279,29.7,30.7,0.00137195891689604,190.174020131228
k2016,10279,29.75,30.75,0.00136097124281305,190.174088454075
k2016,10279,29.8,30.8,0.00135008364732485,190.174156230049
k2016,10279,29.85,30.85,0.00133929503296978,190.174223464123
k2016,10279,29.9,30.9,0.00132860432112389,190.174290161216
k2016,10279,29.95,30.95,0.00131801044916735,190.174356326202
k2016,10279,30,31,0.00130751235722846,190.174421963884
k2016,10279,30.05,31.05,0.00129710902406118,190.174487079042
k2016,10279,30.1,31.1,0.00128679941824495,190.174551676382
k2016,10279,30.15,31.15,0.00127658253207008,190.174615760565
k2016,10279,30.2,31.2,0.0012664573722138,190.1746793362
k2016,10279,30.25,31.25,0.0012564229528652,190.174742407846
k2016,10279,30.3,31.3,0.00124647831416307,190.174804980019
k2016,10279,30.35,31.35,0.00123662249134015,190.174867057186
k2016,10279,30.4,31.4,0.00122685454271927,190.174928643763
k2016,10279,30.45,31.45,0.0012171735377022,190.174989744119
k2016,10279,30.5,31.5,0.00120757856063063,190.175050362577
k2016,10279,30.55,31.55,0.00119806870079796,190.175110503422
k2016,10279,30.6,31.6,0.00118864306139307,190.175170170882
k2016,10279,30.65,31.65,0.00117930076570064,190.175229369153
k2016,10279,30.7,31.7,0.00117004092406121,190.175288102366
k2016,10279,30.75,31.75,0.0011608627003403,190.175346374636
k2016,10279,30.8,31.8,0.00115176522337032,190.175404190009
k2016,10279,30.85,31.85,0.00114274766864492,190.175461552525
k2016,10279,30.9,31.9,0.00113380919884682,190.175518466139
k2016,10279,30.95,31.95,0.00112494899588472,190.175574934774
k2016,10279,31,32,0.00111616625726634,190.175630962357
k2016,10279,31.05,32.05,0.00110746018567797,190.175686552724
k2016,10279,31.1,32.1,0.00109882999080263,190.175741709686
k2016,10279,31.15,32.15,0.00109027489061718,190.175796437001
k2016,10279,31.2,32.2,0.00108179412567018,190.175850738443
k2016,10279,31.25,32.25,0.00107338693764595,190.17590461769
k2016,10279,31.3,32.3,0.00106505257365532,190.1759580784
k2016,10279,31.35,32.35,0.00105679029012182,190.176011124179
k2016,10279,31.4,32.4,0.00104859936572817,190.176063758656
k2016,10279,31.45,32.45,0.0010404790910587,190.176115985356
k2016,10279,31.5,32.5,0.00103242870899013,190.176167807769
k2016,10279,31.55,32.55,0.0010244475589503,190.176219229416
k2016,10279,31.6,32.6,0.00101653493815712,190.176270253692
k2016,10279,31.65,32.65,0.001008690147141,190.176320884036
k2016,10279,31.7,32.7,0.00100091252393931,190.17637112382
k2016,10279,31.75,32.75,0.000993201387151657,190.176420976385
k2016,10279,31.8,32.8,0.000985556076687854,190.17647044504
k2016,10279,31.85,32.85,0.000977975939203716,190.176519533063
k2016,10279,31.9,32.9,0.000970460328329966,190.176568243702
k2016,10279,31.95,32.95,0.000963008607190379,190.176616580163
k2016,10279,32,33,0.000955620145005325,190.176664545622
k2016,10279,32.05,33.05,0.000948294317396982,190.176712143225
k2016,10279,32.1,33.1,0.000941030509646645,190.176759376088
k2016,10279,32.15,33.15,0.000933828114602063,190.176806247299
k2016,10279,32.2,33.2,0.000926686529997022,190.176852759913
k2016,10279,32.25,33.25,0.000919605160985275,190.176898916955
k2016,10279,32.3,33.3,0.000912583421819607,190.176944721423
k2016,10279,32.35,33.35,0.000905620732877013,190.176990176282
k2016,10279,32.4,33.4,0.000898716519614947,190.177035284471
k2016,10279,32.45,33.45,0.000891870215298354,190.177080048899
k2016,10279,32.5,33.5,0.000885081261056911,190.177124472448
k2016,10279,32.55,33.55,0.000878349103235321,190.177168557972
k2016,10279,32.6,33.6,0.00087167319381026,190.177212308296
k2016,10279,32.65,33.65,0.000865052992423005,190.17725572622
k2016,10279,32.7,33.7,0.000858487965277068,190.177298814515
k2016,10279,32.75,33.75,0.000851977583405093,190.177341575927
k2016,10279,32.8,33.8,0.000845521324476404,190.177384013176
k2016,10279,32.85,33.85,0.000839118672335968,190.177426128954
k2016,10279,32.9,33.9,0.000832769116582399,190.177467925928
k2016,10279,32.95,33.95,0.000826472152574874,190.177509406742
k2016,10279,33,34,0.000820227281444637,190.177550574012
k2016,10279,33.05,34.05,0.000814034009991487,190.17759143033
k2016,10279,33.1,34.1,0.000807891850581266,190.177631978265
k2016,10279,33.15,34.15,0.00080180032107533,190.177672220359
k2016,10279,33.2,34.2,0.000795758944762045,190.177712159133
k2016,10279,33.25,34.25,0.000789767250281351,190.177751797082
k2016,10279,33.3,34.3,0.00078382477154998,190.177791136678
k2016,10279,33.35,34.35,0.000777931047691093,190.177830180372
k2016,10279,33.4,34.4,0.000772085622967201,190.177868930588
k2016,10279,33.45,34.45,0.000766288046687791,190.177907389731
k2016,10279,33.5,34.5,0.000760537873172968,190.177945560183
k2016,10279,33.55,34.55,0.00075483466168802,190.177983444301
k2016,10279,33.6,34.6,0.000749177976337508,190.178021044424
k2016,10279,33.65,34.65,0.00074356738602083,190.178058362867
k2016,10279,33.7,34.7,0.000738002464405213,190.178095401924
k2016,10279,33.75,34.75,0.00073248278980579,190.178132163868
k2016,10279,33.8,34.8,0.000727007945145347,190.17816865095
k2016,10279,33.85,34.85,0.000721577517905359,190.178204865402
k2016,10279,33.9,34.9,0.000716191100055821,190.178240809435
k2016,10279,33.95,34.95,0.000710848287992288,190.178276485239
k2016,10279,34,35,0.000705548682483088,190.178311894984
k2016,10279,34.05,35.05,0.000700291888612788,190.178347040821
k2016,10279,34.1,35.1,0.000695077515723455,190.17838192488
k2016,10279,34.15,35.15,0.000689905177359352,190.178416549273
k2016,10279,34.2,35.2,0.000684774491213364,190.178450916092
k2016,10279,34.25,35.25,0.000679685079073067,190.17848502741
k2016,10279,34.3,35.3,0.000674636566767437,190.178518885282
k2016,10279,34.35,35.35,0.000669628584114918,190.178552491742
k2016,10279,34.4,35.4,0.00066466076487233,190.178585848809
k2016,10279,34.45,35.45,0.000659732746684303,190.178618958482
k2016,10279,34.5,35.5,0.000654844171033512,190.178651822741
k2016,10279,34.55,35.55,0.000649994683191779,190.178684443551
k2016,10279,34.6,35.6,0.000645183932171909,190.178716822855
k2016,10279,34.65,35.65,0.000640411570680221,190.178748962584
k2016,10279,34.7,35.7,0.000635677255069778,190.178780864647
k2016,10279,34.75,35.75,0.000630980645294423,190.178812530938
k2016,10279,34.8,35.8,0.000626321404863387,190.178843963334
k2016,10279,34.85,35.85,0.000621699200796665,190.178875163695
k2016,10279,34.9,35.9,0.000617113703581053,190.178906133866
k2016,10279,34.95,35.95,0.000612564587126821,190.178936875672
k2016,10279,35,36,0.000608051528725041,190.178967390926
k2016,10279,35.05,36.05,0.000603574209005564,190.178997681421
k2016,10279,35.1,36.1,0.000599132311895612,190.179027748937
k2016,10279,35.15,36.15,0.000594725524578986,190.179057595237
k2016,10279,35.2,36.2,0.000590353537455881,190.179087222069
k2016,10279,35.25,36.25,0.00058601604410329,190.179116631166
k2016,10279,35.3,36.3,0.000581712741236002,190.179145824244
k2016,10279,35.35,36.35,0.000577443328668154,190.179174803005
k2016,10279,35.4,36.4,0.000573207509275368,190.179203569136
k2016,10279,35.45,36.45,0.000569004988957425,190.179232124311
k2016,10279,35.5,36.5,0.00056483547660149,190.179260470185
k2016,10279,35.55,36.55,0.00056069868404588,190.179288608404
k2016,10279,35.6,36.6,0.000556594326044334,190.179316540594
k2016,10279,35.65,36.65,0.000552522120230831,190.179344268372
k2016,10279,35.7,36.7,0.000548481787084879,190.179371793338
k2016,10279,35.75,36.75,0.000544473049897366,190.179399117077
k2016,10279,35.8,36.8,0.000540495634736809,190.179426241165
k2016,10279,35.85,36.85,0.000536549270416163,190.179453167158
k2016,10279,35.9,36.9,0.000532633688460086,190.179479896605
k2016,10279,35.95,36.95,0.000528748623072651,190.179506431036
k2016,10279,36,37,0.00052489381110553,190.179532771971
k2016,10279,36.05,37.05,0.000521068992026639,190.179558920917
k2016,10279,36.1,37.1,0.000517273907889205,190.179584879366
k2016,10279,36.15,37.15,0.00051350830330129,190.179610648799
k2016,10279,36.2,37.2,0.000509771925395727,190.179636230683
k2016,10279,36.25,37.25,0.000506064523800492,190.179661626474
k2016,10279,36.3,37.3,0.000502385850609487,190.179686837615
k2016,10279,36.35,37.35,0.000498735660353721,190.179711865534
k2016,10279,36.4,37.4,0.000495113709972911,190.179736711651
k2016,10279,36.45,37.45,0.000491519758787462,190.179761377372
k2016,10279,36.5,37.5,0.000487953568470844,190.17978586409
k2016,10279,36.55,37.55,0.000484414903022352,190.179810173187
k2016,10279,36.6,37.6,0.000480903528740232,190.179834306035
k2016,10279,36.65,37.65,0.000477419214195193,190.179858263991
k2016,10279,36.7,37.7,0.000473961730204265,190.179882048404
k2016,10279,36.75,37.75,0.000470530849805041,190.179905660608
k2016,10279,36.8,37.8,0.000467126348230235,190.179929101928
k2016,10279,36.85,37.85,0.000463748002882613,190.179952373679
k2016,10279,36.9,37.9,0.000460395593310266,190.179975477161
k2016,10279,36.95,37.95,0.000457068901182207,190.179998413666
k2016,10279,37,38,0.000453767710264298,190.180021184476
k2016,10279,37.05,38.05,0.000450491806395517,190.180043790859
k2016,10279,37.1,38.1,0.000447240977464526,190.180066234074
k2016,10279,37.15,38.15,0.000444015013386571,190.180088515371
k2016,10279,37.2,38.2,0.000440813706080674,190.180110635987
k2016,10279,37.25,38.25,0.000437636849447151,190.180132597149
k2016,10279,37.3,38.3,0.000434484239345413,190.180154400076
k2016,10279,37.35,38.35,0.000431355673572068,190.180176045974
k2016,10279,37.4,38.4,0.000428250951839322,190.180197536041
k2016,10279,37.45,38.45,0.000425169875753651,190.180218871463
k2016,10279,37.5,38.5,0.000422112248794769,190.180240053419
k2016,10279,37.55,38.55,0.000419077876294865,190.180261083076
k2016,10279,37.6,38.6,0.000416066565418118,190.180281961591
k2016,10279,37.65,38.65,0.00041307812514048,190.180302690113
k2016,10279,37.7,38.7,0.000410112366229718,190.180323269782
k2016,10279,37.75,38.75,0.000407169101225737,190.180343701725
k2016,10279,37.8,38.8,0.000404248144421126,190.180363987063
k2016,10279,37.85,38.85,0.000401349311841983,190.180384126908
k2016,10279,37.9,38.9,0.00039847242122899,190.18040412236
k2016,10279,37.95,38.95,0.000395617292018716,190.180423974513
k2016,10279,38,39,0.000392783745325175,190.180443684449
k2016,10279,38.05,39.05,0.000389971603921615,190.180463253244
k2016,10279,38.1,39.1,0.00038718069222255,190.180482681963
k2016,10279,38.15,39.15,0.00038441083626601,190.180501971664
k2016,10279,38.2,39.2,0.000381661863696027,190.180521123395
k2016,10279,38.25,39.25,0.000378933603745347,190.180540138196
k2016,10279,38.3,39.3,0.000376225887218354,190.180559017098
k2016,10279,38.35,39.35,0.000373538546474216,190.180577761124
k2016,10279,38.4,39.4,0.000370871415410247,190.180596371289
k2016,10279,38.45,39.45,0.000368224329445477,190.1806148486
k2016,10279,38.5,39.5,0.000365597125504429,190.180633194054
k2016,10279,38.55,39.55,0.000362989642001099,190.180651408641
k2016,10279,38.6,39.6,0.000360401718823146,190.180669493344
k2016,10279,38.65,39.65,0.000357833197316271,190.180687449136
k2016,10279,38.7,39.7,0.000355283920268794,190.180705276984
k2016,10279,38.75,39.75,0.000352753731896431,190.180722977846
k2016,10279,38.8,39.8,0.00035024247782725,190.180740552673
k2016,10279,38.85,39.85,0.000347750005086815,190.180758002407
k2016,10279,38.9,39.9,0.000345276162083531,190.180775327984
k2016,10279,38.95,39.95,0.000342820798594147,190.180792530331
k2016,10279,39,40,0.000340383765749456,190.18080961037
k2016,10279,39.05,40.05,0.00033796491602016,190.180826569011
k2016,10279,39.1,40.1,0.000335564103202917,190.180843407162
k2016,10279,39.15,40.15,0.000333181182406559,190.18086012572
k2016,10279,39.2,40.2,0.000330816010038467,190.180876725576
k2016,10279,39.25,40.25,0.000328468443791133,190.180893207614
k2016,10279,39.3,40.3,0.000326138342628867,190.180909572711
k2016,10279,39.35,40.35,0.000323825566774675,190.180925821737
k2016,10279,39.4,40.4,0.000321529977697301,190.180941955554
k2016,10279,39.45,40.45,0.000319251438098412,190.180957975019
k2016,10279,39.5,40.5,0.000316989811899951,190.18097388098
k2016,10279,39.55,40.55,0.000314744964231638,190.18098967428
k2016,10279,39.6,40.6,0.00031251676141862,190.181005355754
k2016,10279,39.65,40.65,0.000310305070969275,190.181020926231
k2016,10279,39.7,40.7,0.000308109761563153,190.181036386534
k2016,10279,39.75,40.75,0.000305930703039072,190.181051737478
k2016,10279,39.8,40.8,0.00030376776638335,190.181066979873
k2016,10279,39.85,40.85,0.000301620823718173,190.181082114521
k2016,10279,39.9,40.9,0.000299489748290117,190.18109714222
k2016,10279,39.95,40.95,0.000297374414458788,190.181112063759
k2016,10279,40,41,0.000295274697685611,190.181126879922
k2016,10279,40.05,41.05,0.000293190474522738,190.181141591487
k2016,10279,40.1,41.1,0.000291121622602102,190.181156199225
k2016,10279,40.15,41.15,0.000289068020624588,190.181170703903
k2016,10279,40.2,41.2,0.000287029548349337,190.181185106279
k2016,10279,40.25,41.25,0.000285006086583173,190.181199407108
k2016,10279,40.3,41.3,0.000282997517170155,190.181213607136
k2016,10279,40.35,41.35,0.000281003722981253,190.181227707106
k2016,10279,40.4,41.4,0.000279024587904138,190.181241707753
k2016,10279,40.45,41.45,0.0002770599968331,190.181255609807
k2016,10279,40.5,41.5,0.000275109835659072,190.181269413993
k2016,10279,40.55,41.55,0.000273173991259782,190.181283121029
k2016,10279,40.6,41.6,0.000271252351490007,190.181296731629
k2016,10279,40.65,41.65,0.000269344805171951,190.181310246499
k2016,10279,40.7,41.7,0.000267451242085718,190.181323666343
k2016,10279,40.75,41.75,0.000265571552959919,190.181336991855
k2016,10279,40.8,41.8,0.000263705629462355,190.181350223727
k2016,10279,40.85,41.85,0.000261853364190839,190.181363362645
k2016,10279,40.9,41.9,0.000260014650664096,190.18137640929
k2016,10279,40.95,41.95,0.000258189383312787,190.181389364335
k2016,10279,41,42,0.00025637745747062,190.18140222845
k2016,10279,41.05,42.05,0.000254578769365573,190.181415002301
k2016,10279,41.1,42.1,0.000252793216111211,190.181427686546
k2016,10279,41.15,42.15,0.0002510206956981,190.18144028184
k2016,10279,41.2,42.2,0.000249261106985323,190.181452788831
k2016,10279,41.25,42.25,0.000247514349692088,190.181465208164
k2016,10279,41.3,42.3,0.00024578032438943,190.181477540478
k2016,10279,41.35,42.35,0.000244058932492009,190.181489786407
k2016,10279,41.4,42.4,0.00024235007625,190.18150194658
k2016,10279,41.45,42.45,0.000240653658741065,190.181514021622
k2016,10279,41.5,42.5,0.000238969583862433,190.181526012152
k2016,10279,41.55,42.55,0.000237297756323045,190.181537918785
k2016,10279,41.6,42.6,0.000235638081635807,190.18154974213
k2016,10279,41.65,42.65,0.000233990466109916,190.181561482794
k2016,10279,41.7,42.7,0.000232354816843275,190.181573141376
k2016,10279,41.75,42.75,0.000230731041714999,190.181584718474
k2016,10279,41.8,42.8,0.000229119049377984,190.181596214677
k2016,10279,41.85,42.85,0.000227518749251582,190.181607630573
k2016,10279,41.9,42.9,0.000225930051514342,190.181618966745
k2016,10279,41.95,42.95,0.000224352867096832,190.18163022377
k2016,10279,42,43,0.000222787107674542,190.181641402222
k2016,10279,42.05,43.05,0.000221232685660867,190.18165250267
k2016,10279,42.1,43.1,0.00021968951420016,190.181663525678
k2016,10279,42.15,43.15,0.000218157507160866,190.181674471808
k2016,10279,42.2,43.2,0.000216636579128732,190.181685341614
k2016,10279,42.25,43.25,0.000215126645400081,190.181696135649
k2016,10279,42.3,43.3,0.000213627621975172,190.18170685446
k2016,10279,42.35,43.35,0.000212139425551623,190.181717498591
k2016,10279,42.4,43.4,0.000210661973517906,190.181728068582
k2016,10279,42.45,43.45,0.000209195183946917,190.181738564966
k2016,10279,42.5,43.5,0.000207738975589608,190.181748988277
k2016,10279,42.55,43.55,0.000206293267868693,190.181759339039
k2016,10279,42.6,43.6,0.000204857980872419,190.181769617777
k2016,10279,42.65,43.65,0.000203433035348406,190.181779825009
k2016,10279,42.7,43.7,0.000202018352697545,190.181789961252
k2016,10279,42.75,43.75,0.000200613854967976,190.181800027014
k2016,10279,42.8,43.8,0.000199219464849112,190.181810022805
k2016,10279,42.85,43.85,0.000197835105665743,190.181819949128
k2016,10279,42.9,43.9,0.000196460701372189,190.181829806482
k2016,10279,42.95,43.95,0.000195096176546524,190.181839595363
k2016,10279,43,44,0.000193741456384857,190.181849316263
k2016,10279,43.05,44.05,0.000192396466695675,190.181858969671
k2016,10279,43.1,44.1,0.000191061133894244,190.181868556071
k2016,10279,43.15,44.15,0.00018973538499707,190.181878075944
k2016,10279,43.2,44.2,0.000188419147616416,190.181887529768
k2016,10279,43.25,44.25,0.000187112349954881,190.181896918016
k2016,10279,43.3,44.3,0.000185814920800032,190.181906241159
k2016,10279,43.35,44.35,0.000184526789519091,190.181915499663
k2016,10279,43.4,44.4,0.000183247886053679,190.181924693992
k2016,10279,43.45,44.45,0.00018197814091462,190.181933824604
k2016,10279,43.5,44.5,0.000180717485176786,190.181942891957
k2016,10279,43.55,44.55,0.00017946585047401,190.181951896503
k2016,10279,43.6,44.6,0.00017822316899404,190.181960838691
k2016,10279,43.65,44.65,0.000176989373473553,190.181969718968
k2016,10279,43.7,44.7,0.000175764397193217,190.181978537776
k2016,10279,43.75,44.75,0.000174548173972804,190.181987295554
k2016,10279,43.8,44.8,0.000173340638166352,190.181995992738
k2016,10279,43.85,44.85,0.000172141724657378,190.182004629761
k2016,10279,43.9,44.9,0.000170951368854145,190.182013207053
k2016,10279,43.95,44.95,0.000169769506684966,190.18202172504
k2016,10279,44,45,0.000168596074593567,190.182030184144
k2016,10279,44.05,45.05,0.000167431009534492,190.182038584787
k2016,10279,44.1,45.1,0.000166274248968551,190.182046927384
k2016,10279,44.15,45.15,0.000165125730858328,190.182055212349
k2016,10279,44.2,45.2,0.000163985393663716,190.182063440093
k2016,10279,44.25,45.25,0.000162853176337511,190.182071611024
k2016,10279,44.3,45.3,0.000161729018321048,190.182079725545
k2016,10279,44.35,45.35,0.000160612859539873,190.182087784059
k2016,10279,44.4,45.4,0.000159504640399471,190.182095786963
k2016,10279,44.45,45.45,0.000158404301781027,190.182103734654
k2016,10279,44.5,45.5,0.000157311785037236,190.182111627524
k2016,10279,44.55,45.55,0.000156227031988149,190.182119465962
k2016,10279,44.6,45.6,0.000155149984917065,190.182127250355
k2016,10279,44.65,45.65,0.000154080586566468,190.182134981088
k2016,10279,44.7,45.7,0.00015301878013399,190.182142658541
k2016,10279,44.75,45.75,0.000151964509268432,190.182150283092
k2016,10279,44.8,45.8,0.000150917718065813,190.182157855116
k2016,10279,44.85,45.85,0.000149878351065462,190.182165374987
k2016,10279,44.9,45.9,0.000148846353246147,190.182172843074
k2016,10279,44.95,45.95,0.000147821670022247,190.182180259744
k2016,10279,45,46,0.000146804247239955,190.182187625362
k2016,10279,45.05,46.05,0.000145794031173524,190.182194940289
k2016,10279,45.1,46.1,0.000144790968521547,190.182202204885
k2016,10279,45.15,46.15,0.000143795006403278,190.182209419504
k2016,10279,45.2,46.2,0.000142806092354979,190.182216584503
k2016,10279,45.25,46.25,0.000141824174326316,190.18222370023
k2016,10279,45.3,46.3,0.000140849200676783,190.182230767036
k2016,10279,45.35,46.35,0.000139881120172156,190.182237785265
k2016,10279,45.4,46.4,0.000138919881980995,190.182244755262
k2016,10279,45.45,46.45,0.000137965435671171,190.182251677367
k2016,10279,45.5,46.5,0.000137017731206425,190.182258551918
k2016,10279,45.55,46.55,0.000136076718942965,190.182265379251
k2016,10279,45.6,46.6,0.000135142349626099,190.1822721597
k2016,10279,45.65,46.65,0.000134214574386892,190.182278893596
k2016,10279,45.7,46.7,0.000133293344738861,190.182285581267
k2016,10279,45.75,46.75,0.000132378612574702,190.182292223039
k2016,10279,45.8,46.8,0.000131470330163048,190.182298819236
k2016,10279,45.85,46.85,0.000130568450145254,190.182305370179
k2016,10279,45.9,46.9,0.000129672925532223,190.182311876187
k2016,10279,45.95,46.95,0.000128783709701249,190.182318337576
k2016,10279,46,47,0.000127900756392903,190.182324754662
k2016,10279,46.05,47.05,0.000127024019707939,190.182331127756
k2016,10279,46.1,47.1,0.000126153454104239,190.182337457167
k2016,10279,46.15,47.15,0.000125289014393777,190.182343743203
k2016,10279,46.2,47.2,0.000124430655739619,190.18234998617
k2016,10279,46.25,47.25,0.00012357833365295,190.182356186369
k2016,10279,46.3,47.3,0.00012273200399013,190.182362344103
k2016,10279,46.35,47.35,0.000121891622949773,190.182368459669
k2016,10279,46.4,47.4,0.000121057147069861,190.182374533364
k2016,10279,46.45,47.45,0.00012022853322488,190.182380565481
k2016,10279,46.5,47.5,0.000119405738622988,190.182386556314
k2016,10279,46.55,47.55,0.0001185887208032,190.182392506151
k2016,10279,46.6,47.6,0.000117777437632615,190.182398415282
k2016,10279,46.65,47.65,0.000116971847303653,190.18240428399
k2016,10279,46.7,47.7,0.00011617190833133,190.18241011256
k2016,10279,46.75,47.75,0.000115377579550551,190.182415901274
k2016,10279,46.8,47.8,0.000114588820113435,190.182421650411
k2016,10279,46.85,47.85,0.000113805589486654,190.182427360248
k2016,10279,46.9,47.9,0.000113027847448815,190.182433031062
k2016,10279,46.95,47.95,0.000112255554087846,190.182438663124
k2016,10279,47,48,0.000111488669798421,190.182444256707
k2016,10279,47.05,48.05,0.000110727155279404,190.18244981208
k2016,10279,47.1,48.1,0.000109970971531315,190.182455329512
k2016,10279,47.15,48.15,0.000109220079853823,190.182460809266
k2016,10279,47.2,48.2,0.000108474441843259,190.182466251607
k2016,10279,47.25,48.25,0.000107734019390158,190.182471656797
k2016,10279,47.3,48.3,0.000106998774676811,190.182477025095
k2016,10279,47.35,48.35,0.000106268670174859,190.18248235676
k2016,10279,47.4,48.4,0.000105543668642888,190.182487652047
k2016,10279,47.45,48.45,0.000104823733124065,190.182492911211
k2016,10279,47.5,48.5,0.000104108826943779,190.182498134505
k2016,10279,47.55,48.55,0.000103398913707321,190.182503322177
k2016,10279,47.6,48.6,0.000102693957297567,190.182508474478
k2016,10279,47.65,48.65,0.000101993921872699,190.182513591655
k2016,10279,47.7,48.7,0.000101298771863934,190.182518673952
k2016,10279,47.75,48.75,0.000100608471973284,190.182523721613
k2016,10279,47.8,48.8,9.99229871713259e-05,190.18252873488
k2016,10279,47.85,48.85,9.92422826950011e-05,190.182533713991
k2016,10279,47.9,48.9,9.85663240454313e-05,190.182538659187
k2016,10279,47.95,48.95,9.78950769857529e-05,190.182543570702
k2016,10279,48,49,9.72285075389737e-05,190.182548448773
k2016,10279,48.05,49.05,9.65665819858466e-05,190.182553293631
k2016,10279,48.1,49.1,9.59092668627648e-05,190.182558105508
k2016,10279,48.15,49.15,9.5256528959675e-05,190.182562884634
k2016,10279,48.2,49.2,9.46083353180088e-05,190.182567631236
k2016,10279,48.25,49.25,9.39646532286344e-05,190.182572345542
k2016,10279,48.3,49.3,9.3325450229825e-05,190.182577027776
k2016,10279,48.35,49.35,9.26906941052471e-05,190.182581678161
k2016,10279,48.4,49.4,9.20603528819659e-05,190.182586296919
k2016,10279,48.45,49.45,9.14343948284686e-05,190.18259088427
k2016,10279,48.5,49.5,9.08127884527067e-05,190.182595440431
k2016,10279,48.55,49.55,9.01955025001535e-05,190.182599965621
k2016,10279,48.6,49.6,8.95825059518815e-05,190.182604460053
k2016,10279,48.65,49.65,8.89737680226555e-05,190.182608923942
k2016,10279,48.7,49.7,8.83692581590429e-05,190.1826133575
k2016,10279,48.75,49.75,8.77689460375417e-05,190.182617760938
k2016,10279,48.8,49.8,8.71728015627238e-05,190.182622134464
k2016,10279,48.85,49.85,8.65807948653958e-05,190.182626478287
k2016,10279,48.9,49.9,8.59928963007765e-05,190.182630792612
k2016,10279,48.95,49.95,8.5409076446689e-05,190.182635077645
k2016,10279,49,50,8.4829306101771e-05,190.182639333587
k2016,10279,49.05,50.05,8.42535562836986e-05,190.182643560642
k2016,10279,49.1,50.1,8.36817982274278e-05,190.18264775901
k2016,10279,49.15,50.15,8.31140033834508e-05,190.182651928888
k2016,10279,49.2,50.2,8.25501434160671e-05,190.182656070476
k2016,10279,49.25,50.25,8.19901902016709e-05,190.182660183968
k2016,10279,49.3,50.3,8.14341158270526e-05,190.182664269559
k2016,10279,49.35,50.35,8.08818925877161e-05,190.182668327443
k2016,10279,49.4,50.4,8.03334929862107e-05,190.182672357812
k2016,10279,49.45,50.45,7.97888897304767e-05,190.182676360856
k2016,10279,49.5,50.5,7.92480557322068e-05,190.182680336764
k2016,10279,49.55,50.55,7.87109641052215e-05,190.182684285724
k2016,10279,49.6,50.6,7.81775881638577e-05,190.182688207922
k2016,10279,49.65,50.65,7.76479014213732e-05,190.182692103544
k2016,10279,49.7,50.7,7.71218775883632e-05,190.182695972773
k2016,10279,49.75,50.75,7.65994905711924e-05,190.182699815793
k2016,10279,49.8,50.8,7.60807144704392e-05,190.182703632783
k2016,10279,49.85,50.85,7.55655235793541e-05,190.182707423924
k2016,10279,49.9,50.9,7.50538923823324e-05,190.182711189394
k2016,10279,49.95,50.95,7.4545795553398e-05,190.182714929372
k2016,10279,50,51,7.40412079547028e-05,190.182718644032
k2016,10279,50.05,51.05,7.35401046350372e-05,190.182722333551
k2016,10279,50.1,51.1,7.30424608283542e-05,190.182725998101
k2016,10279,50.15,51.15,7.25482519523069e-05,190.182729637854
k2016,10279,50.2,51.2,7.20574536067972e-05,190.182733252983
k2016,10279,50.25,51.25,7.15700415725385e-05,190.182736843656
k2016,10279,50.3,51.3,7.10859918096295e-05,190.182740410043
k2016,10279,50.35,51.35,7.06052804561413e-05,190.182743952311
k2016,10279,50.4,51.4,7.01278838267161e-05,190.182747470626
k2016,10279,50.45,51.45,6.96537784111778e-05,190.182750965154
k2016,10279,50.5,51.5,6.91829408731554e-05,190.182754436058
k2016,10279,50.55,51.55,6.87153480487169e-05,190.182757883502
k2016,10279,50.6,51.6,6.82509769450158e-05,190.182761307647
k2016,10279,50.65,51.65,6.77898047389494e-05,190.182764708653
k2016,10279,50.7,51.7,6.73318087758271e-05,190.18276808668
k2016,10279,50.75,51.75,6.68769665680523e-05,190.182771441887
k2016,10279,50.8,51.8,6.64252557938134e-05,190.182774774429
k2016,10279,50.85,51.85,6.59766542957871e-05,190.182778084464
k2016,10279,50.9,51.9,6.5531140079853e-05,190.182781372146
k2016,10279,50.95,51.95,6.50886913138178e-05,190.182784637629
k2016,10279,51,52,6.4649286326152e-05,190.182787881066
k2016,10279,51.05,52.05,6.42129036047357e-05,190.182791102608
k2016,10279,51.1,52.1,6.37795217956166e-05,190.182794302406
k2016,10279,51.15,52.15,6.33491197017771e-05,190.18279748061
k2016,10279,51.2,52.2,6.29216762819127e-05,190.182800637368
k2016,10279,51.25,52.25,6.24971706492208e-05,190.182803772826
k2016,10279,51.3,52.3,6.20755820701989e-05,190.182806887133
k2016,10279,51.35,52.35,6.16568899634536e-05,190.182809980433
k2016,10279,51.4,52.4,6.12410738985198e-05,190.18281305287
k2016,10279,51.45,52.45,6.08281135946892e-05,190.182816104588
k2016,10279,51.5,52.5,6.04179889198492e-05,190.182819135729
k2016,10279,51.55,52.55,6.0010679889331e-05,190.182822146434
k2016,10279,51.6,52.6,5.9606166664768e-05,190.182825136843
k2016,10279,51.65,52.65,5.92044295529638e-05,190.182828107097
k2016,10279,51.7,52.7,5.88054490047683e-05,190.182831057332
k2016,10279,51.75,52.75,5.84092056139657e-05,190.182833987687
k2016,10279,51.8,52.8,5.80156801161691e-05,190.182836898298
k2016,10279,51.85,52.85,5.76248533877263e-05,190.1828397893
k2016,10279,51.9,52.9,5.7236706444634e-05,190.182842660828
k2016,10279,51.95,52.95,5.68512204414609e-05,190.182845513015
k2016,10279,52,53,5.64683766702801e-05,190.182848345994
k2016,10279,52.05,53.05,5.60881565596101e-05,190.182851159897
k2016,10279,52.1,53.1,5.57105416733651e-05,190.182853954853
k2016,10279,52.15,53.15,5.53355137098132e-05,190.182856730994
k2016,10279,52.2,53.2,5.49630545005443e-05,190.182859488447
k2016,10279,52.25,53.25,5.45931460094455e-05,190.182862227342
k2016,10279,52.3,53.3,5.42257703316857e-05,190.182864947804
k2016,10279,52.35,53.35,5.38609096927084e-05,190.182867649961
k2016,10279,52.4,53.4,5.3498546447233e-05,190.182870333937
k2016,10279,52.45,53.45,5.31386630782635e-05,190.182872999857
k2016,10279,52.5,53.5,5.27812421961072e-05,190.182875647844
k2016,10279,52.55,53.55,5.24262665373991e-05,190.182878278022
k2016,10279,52.6,53.6,5.20737189641364e-05,190.182880890511
k2016,10279,52.65,53.65,5.17235824627203e-05,190.182883485434
k2016,10279,52.7,53.7,5.13758401430045e-05,190.18288606291
k2016,10279,52.75,53.75,5.10304752373539e-05,190.182888623058
k2016,10279,52.8,53.8,5.06874710997087e-05,190.182891165996
k2016,10279,52.85,53.85,5.03468112046574e-05,190.182893691844
k2016,10279,52.9,53.9,5.00084791465177e-05,190.182896200716
k2016,10279,52.95,53.95,4.96724586384234e-05,190.18289869273
k2016,10279,53,54,4.93387335114209e-05,190.182901168
k2016,10279,53.05,54.05,4.90072877135711e-05,190.182903626641
k2016,10279,53.1,54.1,4.86781053090598e-05,190.182906068767
k2016,10279,53.15,54.15,4.83511704773153e-05,190.182908494489
k2016,10279,53.2,54.2,4.80264675121325e-05,190.182910903921
k2016,10279,53.25,54.25,4.77039808208051e-05,190.182913297173
k2016,10279,53.3,54.3,4.7383694923264e-05,190.182915674356
k2016,10279,53.35,54.35,4.70655944512233e-05,190.182918035579
k2016,10279,53.4,54.4,4.67496641473329e-05,190.182920380952
k2016,10279,53.45,54.45,4.64358888643383e-05,190.182922710581
k2016,10279,53.5,54.5,4.61242535642468e-05,190.182925024576
k2016,10279,53.55,54.55,4.58147433175009e-05,190.182927323042
k2016,10279,53.6,54.6,4.5507343302158e-05,190.182929606086
k2016,10279,53.65,54.65,4.52020388030773e-05,190.182931873811
k2016,10279,53.7,54.7,4.48988152111125e-05,190.182934126324
k2016,10279,53.75,54.75,4.45976580223117e-05,190.182936363727
k2016,10279,53.8,54.8,4.42985528371236e-05,190.182938586124
k2016,10279,53.85,54.85,4.40014853596096e-05,190.182940793617
k2016,10279,53.9,54.9,4.37064413966634e-05,190.182942986306
k2016,10279,53.95,54.95,4.34134068572354e-05,190.182945164294
k2016,10279,54,55,4.31223677515647e-05,190.18294732768
k2016,10279,54.05,55.05,4.28333101904162e-05,190.182949476564
k2016,10279,54.1,55.1,4.2546220384325e-05,190.182951611044
k2016,10279,54.15,55.15,4.22610846428454e-05,190.182953731219
k2016,10279,54.2,55.2,4.19778893738075e-05,190.182955837185
k2016,10279,54.25,55.25,4.16966210825784e-05,190.18295792904
k2016,10279,54.3,55.3,4.14172663713304e-05,190.182960006879
k2016,10279,54.35,55.35,4.11398119383142e-05,190.182962070798
k2016,10279,54.4,55.4,4.08642445771386e-05,190.182964120892
k2016,10279,54.45,55.45,4.05905511760553e-05,190.182966157254
k2016,10279,54.5,55.5,4.03187187172504e-05,190.182968179978
k2016,10279,54.55,55.55,4.00487342761402e-05,190.182970189156
k2016,10279,54.6,55.6,3.97805850206739e-05,190.182972184882
k2016,10279,54.65,55.65,3.95142582106412e-05,190.182974167245
k2016,10279,54.7,55.7,3.92497411969853e-05,190.182976136338
k2016,10279,54.75,55.75,3.89870214211221e-05,190.182978092249
k2016,10279,54.8,55.8,3.87260864142639e-05,190.18298003507
k2016,10279,54.85,55.85,3.84669237967488e-05,190.182981964888
k2016,10279,54.9,55.9,3.82095212773762e-05,190.182983881791
k2016,10279,54.95,55.95,3.79538666527461e-05,190.182985785869
k2016,10279,55,56,3.76999478066053e-05,190.182987677207
k2016,10279,55.05,56.05,3.7447752709197e-05,190.182989555892
k2016,10279,55.1,56.1,3.71972694166174e-05,190.182991422011
k2016,10279,55.15,56.15,3.69484860701759e-05,190.182993275648
k2016,10279,55.2,56.2,3.67013908957611e-05,190.182995116887
k2016,10279,55.25,56.25,3.64559722032117e-05,190.182996945815
k2016,10279,55.3,56.3,3.62122183856925e-05,190.182998762512
k2016,10279,55.35,56.35,3.59701179190746e-05,190.183000567064
k2016,10279,55.4,56.4,3.5729659361322e-05,190.183002359552
k2016,10279,55.45,56.45,3.5490831351881e-05,190.183004140057
k2016,10279,55.5,56.5,3.52536226110764e-05,190.183005908662
k2016,10279,55.55,56.55,3.50180219395109e-05,190.183007665446
k2016,10279,55.6,56.6,3.47840182174704e-05,190.183009410491
k2016,10279,55.65,56.65,3.45516004043332e-05,190.183011143874
k2016,10279,55.7,56.7,3.43207575379839e-05,190.183012865677
k2016,10279,55.75,56.75,3.40914787342326e-05,190.183014575976
k2016,10279,55.8,56.8,3.38637531862377e-05,190.183016274851
k2016,10279,55.85,56.85,3.36375701639341e-05,190.183017962377
k2016,10279,55.9,56.9,3.34129190134649e-05,190.183019638633
k2016,10279,55.95,56.95,3.31897891566188e-05,190.183021303695
k2016,10279,56,57,3.29681700902707e-05,190.183022957637
k2016,10279,56.05,57.05,3.27480513858274e-05,190.183024600537
k2016,10279,56.1,57.1,3.25294226886775e-05,190.183026232467
k2016,10279,56.15,57.15,3.23122737176453e-05,190.183027853503
k2016,10279,56.2,57.2,3.20965942644495e-05,190.183029463719
k2016,10279,56.25,57.25,3.18823741931655e-05,190.183031063187
k2016,10279,56.3,57.3,3.16696034396926e-05,190.183032651981
k2016,10279,56.35,57.35,3.14582720112244e-05,190.183034230172
k2016,10279,56.4,57.4,3.12483699857243e-05,190.183035797832
k2016,10279,56.45,57.45,3.10398875114048e-05,190.183037355032
k2016,10279,56.5,57.5,3.08328148062102e-05,190.183038901844
k2016,10279,56.55,57.55,3.06271421573041e-05,190.183040438337
k2016,10279,56.6,57.6,3.04228599205609e-05,190.183041964581
k2016,10279,56.65,57.65,3.02199585200603e-05,190.183043480646
k2016,10279,56.7,57.7,3.00184284475872e-05,190.1830449866
k2016,10279,56.75,57.75,2.98182602621338e-05,190.183046482512
k2016,10279,56.8,57.8,2.96194445894071e-05,190.183047968449
k2016,10279,56.85,57.85,2.94219721213393e-05,190.183049444478
k2016,10279,56.9,57.9,2.92258336156021e-05,190.183050910668
k2016,10279,56.95,57.95,2.90310198951249e-05,190.183052367084
k2016,10279,57,58,2.8837521847617e-05,190.183053813792
k2016,10279,57.05,58.05,2.86453304250927e-05,190.183055250858
k2016,10279,57.1,58.1,2.84544366434009e-05,190.183056678347
k2016,10279,57.15,58.15,2.82648315817581e-05,190.183058096323
k2016,10279,57.2,58.2,2.80765063822844e-05,190.183059504851
k2016,10279,57.25,58.25,2.78894522495441e-05,190.183060903995
k2016,10279,57.3,58.3,2.7703660450089e-05,190.183062293817
k2016,10279,57.35,58.35,2.75191223120054e-05,190.183063674382
k2016,10279,57.4,58.4,2.7335829224465e-05,190.18306504575
k2016,10279,57.45,58.45,2.71537726372789e-05,190.183066407985
k2016,10279,57.5,58.5,2.6972944060455e-05,190.183067761148
k2016,10279,57.55,58.55,2.67933350637587e-05,190.1830691053
k2016,10279,57.6,58.6,2.66149372762774e-05,190.183070440502
k2016,10279,57.65,58.65,2.64377423859883e-05,190.183071766814
k2016,10279,57.7,58.7,2.62617421393287e-05,190.183073084296
k2016,10279,57.75,58.75,2.60869283407706e-05,190.183074393008
k2016,10279,57.8,58.8,2.59132928523983e-05,190.183075693008
k2016,10279,57.85,58.85,2.57408275934886e-05,190.183076984357
k2016,10279,57.9,58.9,2.55695245400951e-05,190.183078267111
k2016,10279,57.95,58.95,2.53993757246351e-05,190.183079541328
k2016,10279,58,59,2.523037323548e-05,190.183080807067
k2016,10279,58.05,59.05,2.50625092165484e-05,190.183082064385
k2016,10279,58.1,59.1,2.48957758669027e-05,190.183083313337
k2016,10279,58.15,59.15,2.47301654403488e-05,190.183084553981
k2016,10279,58.2,59.2,2.45656702450384e-05,190.183085786372
k2016,10279,58.25,59.25,2.44022826430747e-05,190.183087010566
k2016,10279,58.3,59.3,2.42399950501213e-05,190.183088226619
k2016,10279,58.35,59.35,2.40787999350135e-05,190.183089434584
k2016,10279,58.4,59.4,2.39186898193729e-05,190.183090634517
k2016,10279,58.45,59.45,2.37596572772249e-05,190.183091826471
k2016,10279,58.5,59.5,2.36016949346195e-05,190.1830930105
k2016,10279,58.55,59.55,2.34447954692537e-05,190.183094186658
k2016,10279,58.6,59.6,2.32889516100985e-05,190.183095354998
k2016,10279,58.65,59.65,2.31341561370275e-05,190.183096515571
k2016,10279,58.7,59.7,2.29804018804487e-05,190.18309766843
k2016,10279,58.75,59.75,2.28276817209392e-05,190.183098813628
k2016,10279,58.8,59.8,2.26759885888822e-05,190.183099951216
k2016,10279,58.85,59.85,2.25253154641075e-05,190.183101081244
k2016,10279,58.9,59.9,2.23756553755344e-05,190.183102203764
k2016,10279,58.95,59.95,2.22270014008167e-05,190.183103318826
k2016,10279,59,60,2.20793466659913e-05,190.183104426481
k2016,10279,59.05,60.05,2.19326843451289e-05,190.183105526778
k2016,10279,59.1,60.1,2.17870076599875e-05,190.183106619766
k2016,10279,59.15,60.15,2.16423098796689e-05,190.183107705495
k2016,10279,59.2,60.2,2.14985843202765e-05,190.183108784013
k2016,10279,59.25,60.25,2.13558243445777e-05,190.183109855369
k2016,10279,59.3,60.3,2.12140233616668e-05,190.183110919611
k2016,10279,59.35,60.35,2.10731748266317e-05,190.183111976787
k2016,10279,59.4,60.4,2.09332722402232e-05,190.183113026945
k2016,10279,59.45,60.45,2.07943091485255e-05,190.18311407013
k2016,10279,59.5,60.5,2.06562791426309e-05,190.183115106391
k2016,10279,59.55,60.55,2.05191758583154e-05,190.183116135774
k2016,10279,59.6,60.6,2.03829929757179e-05,190.183117158324
k2016,10279,59.65,60.65,2.02477242190212e-05,190.183118174088
k2016,10279,59.7,60.7,2.01133633561355e-05,190.183119183112
k2016,10279,59.75,60.75,1.99799041983841e-05,190.18312018544
k2016,10279,59.8,60.8,1.9847340600192e-05,190.183121181117
k2016,10279,59.85,60.85,1.97156664587765e-05,190.183122170188
k2016,10279,59.9,60.9,1.95848757138398e-05,190.183123152698
k2016,10279,59.95,60.95,1.94549623472644e-05,190.183124128691
k2016,10279,60,61,1.93259203828108e-05,190.183125098209
k2016,10279,60.05,61.05,1.91977438858168e-05,190.183126061297
k2016,10279,60.1,61.1,1.90704269629e-05,190.183127017998
k2016,10279,60.15,61.15,1.89439637616616e-05,190.183127968354
k2016,10279,60.2,61.2,1.88183484703932e-05,190.183128912408
k2016,10279,60.25,61.25,1.86935753177852e-05,190.183129850203
k2016,10279,60.3,61.3,1.85696385726379e-05,190.18313078178
k2016,10279,60.35,61.35,1.8446532543574e-05,190.183131707181
k2016,10279,60.4,61.4,1.83242515787541e-05,190.183132626447
k2016,10279,60.45,61.45,1.8202790065594e-05,190.183133539619
k2016,10279,60.5,61.5,1.80821424304836e-05,190.183134446739
k2016,10279,60.55,61.55,1.79623031385087e-05,190.183135347847
k2016,10279,60.6,61.6,1.78432666931745e-05,190.183136242983
k2016,10279,60.65,61.65,1.7725027636131e-05,190.183137132187
k2016,10279,60.7,61.7,1.76075805469007e-05,190.183138015499
k2016,10279,60.75,61.75,1.74909200426082e-05,190.183138892958
k2016,10279,60.8,61.8,1.7375040777712e-05,190.183139764604
k2016,10279,60.85,61.85,1.72599374437376e-05,190.183140630475
k2016,10279,60.9,61.9,1.71456047690141e-05,190.183141490611
k2016,10279,60.95,61.95,1.70320375184106e-05,190.183142345049
k2016,10279,61,62,1.69192304930768e-05,190.183143193827
k2016,10279,61.05,62.05,1.68071785301837e-05,190.183144036984
k2016,10279,61.1,62.1,1.66958765026672e-05,190.183144874557
k2016,10279,61.15,62.15,1.65853193189735e-05,190.183145706584
k2016,10279,61.2,62.2,1.64755019228062e-05,190.183146533102
k2016,10279,61.25,62.25,1.63664192928754e-05,190.183147354147
k2016,10279,61.3,62.3,1.62580664426481e-05,190.183148169756
k2016,10279,61.35,62.35,1.61504384201017e-05,190.183148979965
k2016,10279,61.4,62.4,1.60435303074781e-05,190.183149784812
k2016,10279,61.45,62.45,1.593733722104e-05,190.18315058433
k2016,10279,61.5,62.5,1.58318543108295e-05,190.183151378557
k2016,10279,61.55,62.55,1.57270767604275e-05,190.183152167528
k2016,10279,61.6,62.6,1.56229997867159e-05,190.183152951277
k2016,10279,61.65,62.65,1.55196186396409e-05,190.183153729839
k2016,10279,61.7,62.7,1.54169286019781e-05,190.18315450325
k2016,10279,61.75,62.75,1.53149249890998e-05,190.183155271543
k2016,10279,61.8,62.8,1.52136031487435e-05,190.183156034754
k2016,10279,61.85,62.85,1.51129584607821e-05,190.183156792915
k2016,10279,61.9,62.9,1.50129863369962e-05,190.183157546061
k2016,10279,61.95,62.95,1.49136822208481e-05,190.183158294225
k2016,10279,62,63,1.48150415872565e-05,190.18315903744
k2016,10279,62.05,63.05,1.47170599423742e-05,190.18315977574
k2016,10279,62.1,63.1,1.46197328233669e-05,190.183160509157
k2016,10279,62.15,63.15,1.45230557981927e-05,190.183161237724
k2016,10279,62.2,63.2,1.44270244653851e-05,190.183161961473
k2016,10279,62.25,63.25,1.43316344538358e-05,190.183162680437
k2016,10279,62.3,63.3,1.42368814225801e-05,190.183163394647
k2016,10279,62.35,63.35,1.41427610605839e-05,190.183164104136
k2016,10279,62.4,63.4,1.40492690865313e-05,190.183164808934
k2016,10279,62.45,63.45,1.39564012486151e-05,190.183165509073
k2016,10279,62.5,63.5,1.38641533243279e-05,190.183166204584
k2016,10279,62.55,63.55,1.37725211202549e-05,190.183166895499
k2016,10279,62.6,63.6,1.36815004718685e-05,190.183167581847
k2016,10279,62.65,63.65,1.35910872433243e-05,190.183168263659
k2016,10279,62.7,63.7,1.35012773272582e-05,190.183168940966
k2016,10279,62.75,63.75,1.34120666445855e-05,190.183169613797
k2016,10279,62.8,63.8,1.33234511443014e-05,190.183170282182
k2016,10279,62.85,63.85,1.32354268032826e-05,190.183170946152
k2016,10279,62.9,63.9,1.31479896260905e-05,190.183171605735
k2016,10279,62.95,63.95,1.30611356447765e-05,190.18317226096
k2016,10279,63,64,1.29748609186874e-05,190.183172911858
k2016,10279,63.05,64.05,1.28891615342733e-05,190.183173558456
k2016,10279,63.1,64.1,1.28040336048968e-05,190.183174200784
k2016,10279,63.15,64.15,1.27194732706427e-05,190.183174838869
k2016,10279,63.2,64.2,1.26354766981306e-05,190.18317547274
k2016,10279,63.25,64.25,1.25520400803273e-05,190.183176102426
k2016,10279,63.3,64.3,1.24691596363615e-05,190.183176727954
k2016,10279,63.35,64.35,1.23868316113396e-05,190.183177349351
k2016,10279,63.4,64.4,1.23050522761633e-05,190.183177966646
k2016,10279,63.45,64.45,1.22238179273471e-05,190.183178579865
k2016,10279,63.5,64.5,1.21431248868394e-05,190.183179189037
k2016,10279,63.55,64.55,1.20629695018424e-05,190.183179794187
k2016,10279,63.6,64.6,1.19833481446353e-05,190.183180395342
k2016,10279,63.65,64.65,1.19042572123979e-05,190.18318099253
k2016,10279,63.7,64.7,1.18256931270353e-05,190.183181585777
k2016,10279,63.75,64.75,1.17476523350045e-05,190.183182175108
k2016,10279,63.8,64.8,1.16701313071417e-05,190.183182760551
k2016,10279,63.85,64.85,1.15931265384912e-05,190.18318334213
k2016,10279,63.9,64.9,1.15166345481355e-05,190.183183919872
k2016,10279,63.95,64.95,1.14406518790264e-05,190.183184493802
k2016,10279,64,65,1.13651750978175e-05,190.183185063946
k2016,10279,64.05,65.05,1.1290200794698e-05,190.183185630328
k2016,10279,64.1,65.1,1.12157255832275e-05,190.183186192974
k2016,10279,64.15,65.15,1.11417461001722e-05,190.183186751909
k2016,10279,64.2,65.2,1.10682590053421e-05,190.183187307157
k2016,10279,64.25,65.25,1.09952609814294e-05,190.183187858743
k2016,10279,64.3,65.3,1.09227487338483e-05,190.183188406691
k2016,10279,64.35,65.35,1.08507189905757e-05,190.183188951026
k2016,10279,64.4,65.4,1.07791685019931e-05,190.183189491771
k2016,10279,64.45,65.45,1.07080940407299e-05,190.183190028951
k2016,10279,64.5,65.5,1.06374924015071e-05,190.183190562588
k2016,10279,64.55,65.55,1.05673604009833e-05,190.183191092708
k2016,10279,64.6,65.6,1.04976948776008e-05,190.183191619332
k2016,10279,64.65,65.65,1.04284926914332e-05,190.183192142485
k2016,10279,64.7,65.7,1.03597507240339e-05,190.183192662189
k2016,10279,64.75,65.75,1.02914658782865e-05,190.183193178468
k2016,10279,64.8,65.8,1.02236350782547e-05,190.183193691343
k2016,10279,64.85,65.85,1.01562552690351e-05,190.183194200839
k2016,10279,64.9,65.9,1.00893234166095e-05,190.183194706976
k2016,10279,64.95,65.95,1.00228365076995e-05,190.183195209778
k2016,10279,65,66,9.95679154962133e-06,190.183195709267
k2016,10279,65.05,66.05,9.89118557014187e-06,190.183196205465
k2016,10279,65.1,66.1,9.82601561733606e-06,190.183196698393
k2016,10279,65.15,66.15,9.76127875944503e-06,190.183197188074
k2016,10279,65.2,66.2,9.6969720847353e-06,190.183197674528
k2016,10279,65.25,66.25,9.63309270135903e-06,190.183198157778
k2016,10279,65.3,66.3,9.56963773721527e-06,190.183198637844
k2016,10279,65.35,66.35,9.50660433981218e-06,190.183199114749
k2016,10279,65.4,66.4,9.4439896761303e-06,190.183199588512
k2016,10279,65.45,66.45,9.38179093248675e-06,190.183200059155
k2016,10279,65.5,66.5,9.32000531440038e-06,190.183200526698
k2016,10279,65.55,66.55,9.25863004645797e-06,190.183200991162
k2016,10279,65.6,66.6,9.19766237218133e-06,190.183201452568
k2016,10279,65.65,66.65,9.13709955389534e-06,190.183201910935
k2016,10279,65.7,66.7,9.07693887259707e-06,190.183202366284
k2016,10279,65.75,66.75,9.01717762782561e-06,190.183202818635
k2016,10279,65.8,66.8,8.95781313753303e-06,190.183203268009
k2016,10279,65.85,66.85,8.89884273795615e-06,190.183203714423
k2016,10279,65.9,66.9,8.8402637834893e-06,190.183204157899
k2016,10279,65.95,66.95,8.78207364655802e-06,190.183204598456
k2016,10279,66,67,8.72426971749348e-06,190.183205036113
k2016,10279,66.05,67.05,8.666849404408e-06,190.18320547089
k2016,10279,66.1,67.1,8.6098101330714e-06,190.183205902804
k2016,10279,66.15,67.15,8.55314934678818e-06,190.183206331877
k2016,10279,66.2,67.2,8.49686450627569e-06,190.183206758126
k2016,10279,66.25,67.25,8.440953089543e-06,190.18320718157
k2016,10279,66.3,67.3,8.38541259177079e-06,190.183207602227
k2016,10279,66.35,67.35,8.33024052519209e-06,190.183208020117
k2016,10279,66.4,67.4,8.27543441897372e-06,190.183208435257
k2016,10279,66.45,67.45,8.22099181909881e-06,190.183208847666
k2016,10279,66.5,67.5,8.16691028824993e-06,190.183209257362
k2016,10279,66.55,67.55,8.1131874056932e-06,190.183209664363
k2016,10279,66.6,67.6,8.05982076716317e-06,190.183210068687
k2016,10279,66.65,67.65,8.00680798474854e-06,190.183210470351
k2016,10279,66.7,67.7,7.95414668677874e-06,190.183210869374
k2016,10279,66.75,67.75,7.90183451771117e-06,190.183211265772
k2016,10279,66.8,67.8,7.84986913801941e-06,190.183211659563
k2016,10279,66.85,67.85,7.79824822408216e-06,190.183212050765
k2016,10279,66.9,67.9,7.7469694680729e-06,190.183212439394
k2016,10279,66.95,67.95,7.69603057785054e-06,190.183212825467
k2016,10279,67,68,7.64542927685057e-06,190.183213209002
k2016,10279,67.05,68.05,7.59516330397722e-06,190.183213590016
k2016,10279,67.1,68.1,7.54523041349625e-06,190.183213968524
k2016,10279,67.15,68.15,7.49562837492858e-06,190.183214344544
k2016,10279,67.2,68.2,7.44635497294466e-06,190.183214718092
k2016,10279,67.25,68.25,7.39740800725951e-06,190.183215089185
k2016,10279,67.3,68.3,7.34878529252864e-06,190.183215457839
k2016,10279,67.35,68.35,7.30048465824459e-06,190.183215824069
k2016,10279,67.4,68.4,7.25250394863432e-06,190.183216187892
k2016,10279,67.45,68.45,7.20484102255723e-06,190.183216549325
k2016,10279,67.5,68.5,7.1574937534039e-06,190.183216908382
k2016,10279,67.55,68.55,7.11046002899569e-06,190.183217265079
k2016,10279,67.6,68.6,7.06373775148485e-06,190.183217619433
k2016,10279,67.65,68.65,7.0173248372555e-06,190.183217971458
k2016,10279,67.7,68.7,6.97121921682526e-06,190.183218321171
k2016,10279,67.75,68.75,6.92541883474752e-06,190.183218668585
k2016,10279,67.8,68.8,6.87992164951449e-06,190.183219013718
k2016,10279,67.85,68.85,6.83472563346091e-06,190.183219356582
k2016,10279,67.9,68.9,6.7898287726684e-06,190.183219697195
k2016,10279,67.95,68.95,6.74522906687056e-06,190.18322003557
k2016,10279,68,69,6.70092452935867e-06,190.183220371723
k2016,10279,68.05,69.05,6.6569131868881e-06,190.183220705668
k2016,10279,68.1,69.1,6.61319307958539e-06,190.183221037419
k2016,10279,68.15,69.15,6.56976226085593e-06,190.183221366992
k2016,10279,68.2,69.2,6.52661879729242e-06,190.1832216944
k2016,10279,68.25,69.25,6.48376076858378e-06,190.183222019658
k2016,10279,68.3,69.3,6.44118626742489e-06,190.183222342781
k2016,10279,68.35,69.35,6.39889339942689e-06,190.183222663782
k2016,10279,68.4,69.4,6.35688028302806e-06,190.183222982675
k2016,10279,68.45,69.45,6.31514504940551e-06,190.183223299474
k2016,10279,68.5,69.5,6.27368584238721e-06,190.183223614194
k2016,10279,68.55,69.55,6.23250081836494e-06,190.183223926848
k2016,10279,68.6,69.6,6.19158814620764e-06,190.183224237449
k2016,10279,68.65,69.65,6.15094600717548e-06,190.183224546011
k2016,10279,68.7,69.7,6.11057259483454e-06,190.183224852548
k2016,10279,68.75,69.75,6.07046611497196e-06,190.183225157073
k2016,10279,68.8,69.8,6.03062478551188e-06,190.183225459599
k2016,10279,68.85,69.85,5.99104683643187e-06,190.18322576014
k2016,10279,68.9,69.9,5.95173050967987e-06,190.183226058708
k2016,10279,68.95,69.95,5.91267405909195e-06,190.183226355317
k2016,10279,69,70,5.87387575031038e-06,190.18322664998
k2020,11228,0.05,1.05,0.00751175284890857,7.84004868930383e-05
k2020,11228,0.1,1.1,0.108152789106626,0.00228251954670379
k2020,11228,0.15,1.15,0.368561264629494,0.013662575134567
k2020,11228,0.2,1.2,0.713301681830732,0.0405207309748514
k2020,11228,0.25,1.25,1.08148064655331,0.0853617298098958
k2020,11228,0.3,1.3,1.44946545116335,0.148657145907701
k2020,11228,0.35,1.35,1.8104258305725,0.230188747271131
k2020,11228,0.4,1.4,2.16281387831896,0.329556248951183
k2020,11228,0.45,1.45,2.50645628372432,0.446324242184083
k2020,11228,0.5,1.5,2.84149168363507,0.580058403728987
k2020,11228,0.55,1.55,3.1681182321501,0.730333261966157
k2020,11228,0.6,1.6,3.48653963645254,0.896733477487128
k2020,11228,0.65,1.65,3.79695500192715,1.07885379499883
k2020,11228,0.7,1.7,4.09955748448839,1.27629876616604
k2020,11228,0.75,1.75,4.39453448421661,1.48868245505933
k2020,11228,0.8,1.8,4.68206800752969,1.71562815945788
k2020,11228,0.85,1.85,4.96233498057266,1.95676815273835
k2020,11228,0.9,1.9,5.23550750847103,2.21174343194659
k2020,11228,0.95,1.95,5.50175309364414,2.48020347201776
k2020,11228,1,2,5.76123481129617,2.76180601217666
k2020,11228,1.05,2.05,6.01411145742967,3.05621686207451
k2020,11228,1.1,2.1,6.26053771183565,3.36310965797302
k2020,11228,1.15,2.15,6.50066427201241,3.68216565665706
k2020,11228,1.2,2.2,6.73463796693618,4.01307355683468
k2020,11228,1.25,2.25,6.96260188260895,4.35552928955103
k2020,11228,1.3,2.3,7.18469543979408,4.70923589421781
k2020,11228,1.35,2.35,7.40105454055046,5.07390325754096
k2020,11228,1.4,2.4,7.61181164738446,5.44924797839298
k2020,11228,1.45,2.45,7.81709587694255,5.83499320116352
k2020,11228,1.5,2.5,8.01703309655632,6.23086844251119
k2020,11228,1.55,2.55,8.21174601198406,6.63660943253516
k2020,11228,1.6,2.6,8.40135425087411,7.05195796264289
k2020,11228,1.65,2.65,8.58597444972757,7.47666172620431
k2020,11228,1.7,2.7,8.76572032668583,7.91047418477074
k2020,11228,1.75,2.75,8.94070276766132,8.3531544076918
k2020,11228,1.8,2.8,9.11102991662408,8.80446690249223
k2020,11228,1.85,2.85,9.27680721218997,9.2641815509448
k2020,11228,1.9,2.9,9.43813745443606,9.73207348487598
k2020,11228,1.95,2.95,9.59512093377471,10.207922837993
k2020,11228,2,3,9.74785542639834,10.69151476227
k2020,11228,2.05,3.05,9.89643632700863,11.1826391706933
k2020,11228,2.1,3.1,10.0409566554954,11.6810907310499
k2020,11228,2.15,3.15,10.1815071542877,12.1866686780508
k2020,11228,2.2,3.2,10.3181763283946,12.699176739701
k2020,11228,2.25,3.25,10.451050495759,13.218423043061
k2020,11228,2.3,3.3,10.5802138774941,13.7442199394268
k2020,11228,2.35,3.35,10.7057486261212,14.2763839535847
k2020,11228,2.4,3.4,10.8277348878996,14.8147356646144
k2020,11228,2.45,3.45,10.9462508511437,15.3590996141513
k2020,11228,2.5,3.5,11.0613728107521,15.9093041818686
k2020,11228,2.55,3.55,11.1731751866786,16.4651815538734
k2020,11228,2.6,3.6,11.2817305988936,17.0265675766597
k2020,11228,2.65,3.65,11.3871099100877,17.5933016759138
k2020,11228,2.7,3.7,11.4893822650855,18.1652267818642
k2020,11228,2.75,3.75,11.5886151369039,18.7421892408591
k2020,11228,2.8,3.8,11.684874370517,19.3240387315284
k2020,11228,2.85,3.85,11.7782242244961,19.9106281849468
k2020,11228,2.9,3.9,11.8687274118197,20.5018137063138
k2020,11228,2.95,3.95,11.9564451395907,21.0974544986657
k2020,11228,3,4,12.0414371476935,21.697412788555
k2020,11228,3.05,4.05,12.1237617464293,22.301553753634
k2020,11228,3.1,4.1,12.2034758531509,22.9097454520957
k2020,11228,3.15,4.15,12.2806350279293,23.5218587539223
k2020,11228,3.2,4.2,12.3552935082758,24.1377672738928
k2020,11228,3.25,4.25,12.4275042429459,24.7573473063037
k2020,11228,3.3,4.3,12.4973189248502,25.3804777613583
k2020,11228,3.35,4.35,12.5647880230957,26.0070401031782
k2020,11228,3.4,4.4,12.6299608141823,26.6369182893973
k2020,11228,3.45,4.45,12.6928854123758,27.2699987122935
k2020,11228,3.5,4.5,12.7536087992806,27.9061701414203
k2020,11228,3.55,4.55,12.8121768526339,28.545323667696
k2020,11228,3.6,4.6,12.8686343743404,29.1873526489149
k2020,11228,3.65,4.65,12.923025117771,29.832152656641
k2020,11228,3.7,4.7,12.9753918143423,30.4796214244487
k2020,11228,3.75,4.75,13.0257761993983,31.1296587974748
k2020,11228,3.8,4.8,13.0742190374112,31.7821666832484
k2020,11228,3.85,4.85,13.1207601465216,32.4370490037627
k2020,11228,3.9,4.9,13.1654384224337,33.0942116487589
k2020,11228,3.95,4.95,13.2082918616845,33.7535624301885
k2020,11228,4,5,13.2493575843021,34.4150110378241
k2020,11228,4.05,5.05,13.288671855871,35.0784689959878
k2020,11228,4.1,5.1,13.326270109019,35.7438496213688
k2020,11228,4.15,5.15,13.3621869643418,36.411067981901
k2020,11228,4.2,5.2,13.3964562502188,37.0800408577782
k2020,11228,4.25,5.25,13.4291110241747,37.7506866993837
k2020,11228,4.3,5.3,13.4601835912485,38.4229255910679
k2020,11228,4.35,5.35,13.4897055222584,39.0966792150835
k2020,11228,4.4,5.4,13.517707672807,39.7718708140405
k2020,11228,4.45,5.45,13.5442202010556,40.4484251557357
k2020,11228,4.5,5.5,13.5692725850622,41.1262684988072
k2020,11228,4.55,5.55,13.5928936397196,41.8053285591425
k2020,11228,4.6,5.6,13.6151115332433,42.4855344771401
k2020,11228,4.65,5.65,13.6359538032332,43.1668167857783
k2020,11228,4.7,5.7,13.6554473723168,43.8491073794763
k2020,11228,4.75,5.75,13.6736185633854,44.5323394837293
k2020,11228,4.8,5.8,13.6904931144345,45.2164476254924
k2020,11228,4.85,5.85,13.7060961930175,45.901367604301
k2020,11228,4.9,5.9,13.7204524103252,46.5870364641006
k2020,11228,4.95,5.95,13.733585834899,47.2733924657741
k2020,11228,5,6,13.7455200059888,47.9603750603441
k2020,11228,5.05,6.05,13.7562779465643,48.6479248628351
k2020,11228,5.1,6.1,13.7658821759893,49.3359836267779
k2020,11228,5.15,6.15,13.7743547223676,50.0244942193392
k2020,11228,5.2,6.2,13.7817171345695,50.7134005970605
k2020,11228,5.25,6.25,13.7879904939472,51.4026477821909
k2020,11228,5.3,6.3,13.7931954257475,52.0921818395974
k2020,11228,5.35,6.35,13.797352110229,52.7819498542389
k2020,11228,5.4,6.4,13.8004802934934,53.4718999091888
k2020,11228,5.45,6.45,13.8025992980362,54.1619810641921
k2020,11228,5.5,6.5,13.8037280330262,54.8521433347431
k2020,11228,5.55,6.55,13.8038850043195,55.5423376716704
k2020,11228,5.6,6.6,13.8030883242163,56.2325159412166
k2020,11228,5.65,6.65,13.8013557209661,56.9226309055988
k2020,11228,5.7,6.7,13.7987045480285,57.6126362040389
k2020,11228,5.75,6.75,13.7951517930965,58.3024863342502
k2020,11228,5.8,6.8,13.7907140868874,58.9921366343705
k2020,11228,5.85,6.85,13.7854077117089,59.6815432653277
k2020,11228,5.9,6.9,13.7792486098049,60.3706631936292
k2020,11228,5.95,6.95,13.7722523914877,61.0594541745631
k2020,11228,6,7,13.7644343430622,61.7478747358
k2020,11228,6.05,7.05,13.7558094345471,62.435884161387
k2020,11228,6.1,7.1,13.7463923271988,63.1234424761223
k2020,11228,6.15,7.15,13.736197380843,63.8105104303006
k2020,11228,6.2,7.2,13.7252386610197,64.4970494848217
k2020,11228,6.25,7.25,13.713529945945,65.1830217966505
k2020,11228,6.3,7.3,13.7010847332966,65.8683902046214
k2020,11228,6.35,7.35,13.6879162468259,66.5531182155774
k2020,11228,6.4,7.4,13.6740374428019,67.2371699908352
k2020,11228,6.45,7.45,13.6594610162915,67.9205103329695
k2020,11228,6.5,7.5,13.6441994072803,68.6031046729058
k2020,11228,6.55,7.55,13.6282648066384,69.2849190573166
k2020,11228,6.6,7.6,13.611669161966,69.965920136243
k2020,11228,6.65,7.65,13.594424183256,70.6460751510832
k2020,11228,6.7,7.7,13.5765413482553,71.3253519231929
k2020,11228,6.75,7.75,13.5580319080368,72.0037188420161
k2020,11228,6.8,7.8,13.5389068922188,72.6811448539424
k2020,11228,6.85,7.85,13.5191771140549,73.3575994514147
k2020,11228,6.9,7.9,13.4988531754223,74.033052662233
k2020,11228,6.95,7.95,13.477945471683,74.7074750391082
k2020,11228,7,8,13.4564641964219,75.3808376494555
k2020,11228,7.05,8.05,13.4344193460671,76.0531120654214
k2020,11228,7.1,8.1,13.4118207243938,76.7242703541389
k2020,11228,7.15,8.15,13.3886779469144,77.3942850682052
k2020,11228,7.2,8.2,13.3650004451603,78.0631292363758
k2020,11228,7.25,8.25,13.3407974708547,78.7307763544707
k2020,11228,7.3,8.3,13.316078099983,79.3972003764857
k2020,11228,7.35,8.35,13.2908512367597,80.0623757059053
k2020,11228,7.4,8.4,13.2651256174981,80.7262771872113
k2020,11228,7.45,8.45,13.2389098143821,81.3888800975823
k2020,11228,7.5,8.5,13.2122122391453,82.0501601387799
k2020,11228,7.55,8.55,13.1850411466583,82.7100934292159
k2020,11228,7.6,8.6,13.1574046383299,83.3686564964114
k2020,11228,7.65,8.65,13.1293106657798,84.0258262688363
k2020,11228,7.7,8.7,13.1007670340004,84.6815800688602
k2020,11228,7.75,8.75,13.0717814045075,85.33589560571
k2020,11228,7.8,8.8,13.0423612986225,85.9887509681219
k2020,11228,7.85,8.85,13.0125141005399,86.6401246174489
k2020,11228,7.9,8.9,12.9822470603357,87.2899953808856
k2020,11228,7.95,8.95,12.9515672969021,87.9383424448388
k2020,11228,8,9,12.9204818008122,88.58514534844
k2020,11228,8.05,9.05,12.8889974371138,89.2303839771999
k2020,11228,8.1,9.1,12.8571209480552,89.8740385568005
k2020,11228,8.15,9.15,12.8248589557442,90.5160896470215
k2020,11228,8.2,9.2,12.7922179647419,91.1565181357988
k2020,11228,8.25,9.25,12.7592043645936,91.7953052334105
k2020,11228,8.3,9.3,12.7258244322976,92.4324324667882
k2020,11228,8.35,9.35,12.6920843347146,93.0678816739499
k2020,11228,8.4,9.4,12.6579901309178,93.7016349985524
k2020,11228,8.45,9.45,12.6235477744868,94.3336748845594
k2020,11228,8.5,9.5,12.5887631157454,94.9639840710229
k2020,11228,8.55,9.55,12.5536419039454,95.5925455869753
k2020,11228,8.6,9.6,12.5181897893981,96.2193427464294
k2020,11228,8.65,9.65,12.482412325554,96.8443591434834
k2020,11228,8.7,9.7,12.4463149710325,97.4675786475289
k2020,11228,8.75,9.75,12.4099030916031,98.088985398559
k2020,11228,8.8,9.8,12.373181962119,98.7085638025746
k2020,11228,8.85,9.85,12.3361567684044,99.3262985270857
k2020,11228,8.9,9.9,12.2988326090967,99.9421744967061
k2020,11228,8.95,9.95,12.2612144974447,100.556176888839
k2020,11228,9,10,12.2233073630642,101.168291129454
k2020,11228,9.05,10.05,12.1851160536517,101.778502888943
k2020,11228,9.1,10.1,12.1466453366575,102.386798078073
k2020,11228,9.15,10.15,12.107899900919,102.993162844009
k2020,11228,9.2,10.2,12.0688843582561,103.597583566428
k2020,11228,9.25,10.25,12.0296032450277,104.200046853702
k2020,11228,9.3,10.3,11.9900610236531,104.800539539171
k2020,11228,9.35,10.35,11.9502620840963,105.399048677474
k2020,11228,9.4,10.4,11.9102107453162,105.995561540968
k2020,11228,9.45,10.45,11.8699112566827,106.590065616215
k2020,11228,9.5,10.5,11.82936779936,107.182548600531
k2020,11228,9.55,10.55,11.788584487657,107.772998398617
k2020,11228,9.6,10.6,11.7475653703468,108.361403119242
k2020,11228,9.65,10.65,11.7063144319556,108.947751072004
k2020,11228,9.7,10.7,11.6648355940216,109.532030764148
k2020,11228,9.75,10.75,11.6231327163245,110.114230897446
k2020,11228,9.8,10.8,11.5812095980873,110.69434036514
k2020,11228,9.85,10.85,11.5390699791499,111.272348248944
k2020,11228,9.9,10.9,11.4967175411162,111.848243816104
k2020,11228,9.95,10.95,11.4541559084742,112.422016516512
k2020,11228,10,11,11.4113886496915,112.993655979882
k2020,11228,10.05,11.05,11.3684192782848,113.56315201297
k2020,11228,10.1,11.1,11.3252512538662,114.130494596858
k2020,11228,10.15,11.15,11.2818879831643,114.695673884283
k2020,11228,10.2,11.2,11.2383328210238,115.258680197014
k2020,11228,10.25,11.25,11.1945890713812,115.819504023289
k2020,11228,10.3,11.3,11.1506599882192,116.378136015289
k2020,11228,10.35,11.35,11.1065487764996,116.934566986664
k2020,11228,10.4,11.4,11.0622585930749,117.488787910105
k2020,11228,10.45,11.45,11.0177925475803,118.040789914964
k2020,11228,10.5,11.5,10.9731537033047,118.590564284911
k2020,11228,10.55,11.55,10.9283450780433,119.138102455638
k2020,11228,10.6,11.6,10.8833696449309,119.68339601261
k2020,11228,10.65,11.65,10.8382303332568,120.226436688847
k2020,11228,10.7,11.7,10.7929300292614,120.767216362755
k2020,11228,10.75,11.75,10.7474715769159,121.305727055992
k2020,11228,10.8,11.8,10.7018577786846,121.841960931373
k2020,11228,10.85,11.85,10.6560913962701,122.375910290814
k2020,11228,10.9,11.9,10.6101751513429,122.907567573315
k2020,11228,10.95,11.95,10.5641117262549,123.436925352969
k2020,11228,11,12,10.5179037647371,123.963976337022
k2020,11228,11.05,12.05,10.4715538725828,124.488713363954
k2020,11228,11.1,12.1,10.4250646183153,125.0111294016
k2020,11228,11.15,12.15,10.3784385338421,125.531217545303
k2020,11228,11.2,12.2,10.331678115098,126.04897101609
k2020,11228,11.25,12.25,10.2847858226707,126.564383158889
k2020,11228,11.3,12.3,10.2377640823955,127.077447440827
k2020,11228,11.35,12.35,10.1906152859761,127.588157449454
k2020,11228,11.4,12.4,10.1433417915678,128.096506891054
k2020,11228,11.45,12.45,10.0959459243498,128.602489588993
k2020,11228,11.5,12.5,10.0484299770881,129.106099482086
k2020,11228,11.55,12.55,10.0007962106859,129.607330622982
k2020,11228,11.6,12.6,9.95304685472298,130.106177176595
k2020,11228,11.65,12.65,9.90518410798357,130.602633418543
k2020,11228,11.7,12.7,9.8572101389736,131.096693733624
k2020,11228,11.75,12.75,9.80912708642678,131.588352614319
k2020,11228,11.8,12.8,9.76093705980125,132.077604659305
k2020,11228,11.85,12.85,9.71264213976438,132.564444572015
k2020,11228,11.9,12.9,9.66424437866907,133.048867159205
k2020,11228,11.95,12.95,9.6157458010197,133.530867329548
k2020,11228,12,13,9.5671484039288,134.010440092259
k2020,11228,12.05,13.05,9.51845415756439,134.48758055573
k2020,11228,12.1,13.1,9.46966500558837,134.9622839262
k2020,11228,12.15,13.15,9.42078286558601,135.434545506434
k2020,11228,12.2,13.2,9.37180962948694,135.904360694437
k2020,11228,12.25,13.25,9.32274716397766,136.371724982174
k2020,11228,12.3,13.3,9.27359731090592,136.836633954323
k2020,11228,12.35,13.35,9.22436188767706,137.299083287044
k2020,11228,12.4,13.4,9.17504268764254,137.759068746761
k2020,11228,12.45,13.45,9.12564148048091,138.216586188973
k2020,11228,12.5,13.5,9.07616001257122,138.671631557081
k2020,11228,12.55,13.55,9.02660000735927,139.124200881228
k2020,11228,12.6,13.6,8.9769631657167,139.574290277163
k2020,11228,12.65,13.65,8.92725116629315,140.021895945123
k2020,11228,12.7,13.7,8.87746566585221,140.46701416876
k2020,11228,12.75,13.75,8.82760829963591,140.909641313972
k2020,11228,12.8,13.8,8.77768068168028,141.349773827889
k2020,11228,12.85,13.85,8.72768440513373,141.787408237845
k2020,11228,12.9,13.9,8.67762104258657,142.222541150314
k2020,11228,12.95,13.95,8.62749214638428,142.655169249888
k2020,11228,13,14,8.57729924893485,143.085289298277
k2020,11228,13.05,14.05,8.52704386301102,143.512898133318
k2020,11228,13.1,14.1,8.47672748204697,143.937992668005
k2020,11228,13.15,14.15,8.42635158042961,144.360569889523
k2020,11228,13.2,14.2,8.37591761378442,144.780626858308
k2020,11228,13.25,14.25,8.32542701925614,145.198160707114
k2020,11228,13.3,14.3,8.27488121578442,145.613168640095
k2020,11228,13.35,14.35,8.2242816043744,146.025647931904
k2020,11228,13.4,14.4,8.17362956836252,146.435595926799
k2020,11228,13.45,14.45,8.12292647367751,146.843010037772
k2020,11228,13.5,14.5,8.07217366909686,147.247887745679
k2020,11228,13.55,14.55,8.02137248649864,147.650226598391
k2020,11228,13.6,14.6,7.97052424110903,148.050024209958
k2020,11228,13.65,14.65,7.91963023174545,148.447278259779
k2020,11228,13.7,14.7,7.86869174105553,148.841986491787
k2020,11228,13.75,14.75,7.81771003575195,149.23414671365
k2020,11228,13.8,14.8,7.7666863668433,149.623756795978
k2020,11228,13.85,14.85,7.71562196986095,150.010814671542
k2020,11228,13.9,14.9,7.66451806508221,150.395318334509
k2020,11228,13.95,14.95,7.61337585774965,150.777265839683
k2020,11228,14,15,7.56219653828685,151.156655301757
k2020,11228,14.05,15.05,7.51098128251055,151.533484894581
k2020,11228,14.1,15.1,7.45973125183939,151.907752850435
k2020,11228,14.15,15.15,7.4084475934992,152.279457459312
k2020,11228,14.2,15.2,7.35713144072503,152.648597068219
k2020,11228,14.25,15.25,7.30578391295993,153.015170080476
k2020,11228,14.3,15.3,7.25440611605067,153.379174955037
k2020,11228,14.35,15.35,7.20299914244026,153.740610205811
k2020,11228,14.4,15.4,7.15156407135764,154.099474400998
k2020,11228,14.45,15.45,7.10010196900435,154.455766162433
k2020,11228,14.5,15.5,7.0486138887384,154.80948416494
k2020,11228,14.55,15.55,6.99710087125542,155.160627135694
k2020,11228,14.6,15.6,6.94556394476707,155.509193853589
k2020,11228,14.65,15.65,6.89400412517687,155.855183148626
k2020,11228,14.7,15.7,6.84242241625345,156.198593901292
k2020,11228,14.75,15.75,6.79081980980139,156.539425041966
k2020,11228,14.8,15.8,6.73919728582956,156.87767555032
k2020,11228,14.85,15.85,6.68755581271723,157.213344454736
k2020,11228,14.9,15.9,6.63589634737783,157.546430831728
k2020,11228,14.95,15.95,6.58421983542055,157.87693380537
k2020,11228,15,16,6.53252721130982,158.204852546741
k2020,11228,15.05,16.05,6.48081939852265,158.530186273363
k2020,11228,15.1,16.1,6.42909730970407,158.852934248665
k2020,11228,15.15,16.15,6.37736184682055,159.173095781439
k2020,11228,15.2,16.2,6.32561390131162,159.49067022531
k2020,11228,15.25,16.25,6.27385435423963,159.805656978216
k2020,11228,15.3,16.3,6.22208407643782,160.118055481894
k2020,11228,15.35,16.35,6.17030392865669,160.427865221366
k2020,11228,15.4,16.4,6.11851476170879,160.735085724446
k2020,11228,15.45,16.45,6.06671741661197,161.03971656124
k2020,11228,15.5,16.5,6.01491272473113,161.341757343666
k2020,11228,15.55,16.55,5.96310150791863,161.64120772497
k2020,11228,15.6,16.6,5.91128457865335,161.938067399256
k2020,11228,15.65,16.65,5.85946274017846,162.232336101021
k2020,11228,15.7,16.7,5.80763678663883,162.524013604692
k2020,11228,15.75,16.75,5.75580750321632,162.813099724179
k2020,11228,15.8,16.8,5.70397566626049,163.099594312438
k2020,11228,15.85,16.85,5.65214204342652,163.383497261022
k2020,11228,15.9,16.9,5.60030739380701,163.66480849965
k2020,11228,15.95,16.95,5.5484724680633,163.943527995783
k2020,11228,16,17,5.49663800855659,164.21965575421
k2020,11228,16.05,17.05,5.44480474947828,164.493191816629
k2020,11228,16.1,17.1,5.39297341697997,164.76413626125
k2020,11228,16.15,17.15,5.34114472930279,165.032489202391
k2020,11228,16.2,17.2,5.2893193969029,165.298250790097
k2020,11228,16.25,17.25,5.23749812258995,165.561421209726
k2020,11228,16.3,17.3,5.18568160164956,165.822000681588
k2020,11228,16.35,17.35,5.13387052196867,166.079989460583
k2020,11228,16.4,17.4,5.08206556416811,166.335387835821
k2020,11228,16.45,17.45,5.030267401731,166.58819613026
k2020,11228,16.5,17.5,4.97847670113158,166.838414700362
k2020,11228,16.55,17.55,4.92669412196471,167.086043935735
k2020,11228,16.6,17.6,4.87492031707595,167.3310842588
k2020,11228,16.65,17.65,4.82315593269234,167.573536124455
k2020,11228,16.7,17.7,4.77140160855399,167.813400019744
k2020,11228,16.75,17.75,4.71965797804677,168.050676463541
k2020,11228,16.8,17.8,4.66792566833614,168.285366006232
k2020,11228,16.85,17.85,4.61620530050235,168.517469229409
k2020,11228,16.9,17.9,4.56449748967723,168.746986745569
k2020,11228,16.95,17.95,4.51280284518278,168.973919197819
k2020,11228,17,18,4.46112197067168,169.198267259591
k2020,11228,17.05,18.05,4.40945546427017,169.420031634358
k2020,11228,17.1,18.1,4.35780391872328,169.639213055368
k2020,11228,17.15,18.15,4.30616792154297,169.855812285373
k2020,11228,17.2,18.2,4.25454805515924,170.069830116372
k2020,11228,17.25,18.25,4.20294489707469,170.281267369364
k2020,11228,17.3,18.3,4.15135902002278,170.4901248941
k2020,11228,17.35,18.35,4.0997909921302,170.696403568855
k2020,11228,17.4,18.4,4.04824137708377,170.900104300196
k2020,11228,17.45,18.45,3.99671073430228,171.10122802277
k2020,11228,17.5,18.5,3.94519961911374,171.299775699089
k2020,11228,17.55,18.55,3.89370858293855,171.495748319334
k2020,11228,17.6,18.6,3.84223817347925,171.689146901164
k2020,11228,17.65,18.65,3.79078893491725,171.879972489532
k2020,11228,17.7,18.7,3.73936140811747,172.06822615652
k2020,11228,17.75,18.75,3.68795613084139,172.253909001172
k2020,11228,17.8,18.8,3.63657363796942,172.437022149346
k2020,11228,17.85,18.85,3.58521446173351,172.617566753581
k2020,11228,17.9,18.9,3.53387913196082,172.795543992962
k2020,11228,17.95,18.95,3.48256817632963,172.970955073014
k2020,11228,18,19,3.43128212063859,173.143801225596
k2020,11228,18.05,19.05,3.38002148909057,173.314083708815
k2020,11228,18.1,19.1,3.32878680459265,173.481803806957
k2020,11228,18.15,19.15,3.27757858907361,173.646962830425
k2020,11228,18.2,19.2,3.2263973638208,173.809562115703
k2020,11228,18.25,19.25,3.17524364983832,173.969603025329
k2020,11228,18.3,19.3,3.1241179682285,174.127086947893
k2020,11228,18.35,19.35,3.07302084059919,174.282015298052
k2020,11228,18.4,19.4,3.02195278949946,174.434389516562
k2020,11228,18.45,19.45,2.97091433888663,174.584211070343
k2020,11228,18.5,19.5,2.91990601462798,174.731481452556
k2020,11228,18.55,19.55,2.86892834504083,174.876202182716
k2020,11228,18.6,19.6,2.81798186147508,175.018374806826
k2020,11228,18.65,19.65,2.76706709894307,175.158000897546
k2020,11228,18.7,19.7,2.71618459680176,175.295082054392
k2020,11228,18.75,19.75,2.66533489949344,175.429619903972
k2020,11228,18.8,19.8,2.61451855735155,175.561616100259
k2020,11228,18.85,19.85,2.56373612747939,175.691072324909
k2020,11228,18.9,19.9,2.51298817471024,175.817990287622
k2020,11228,18.95,19.95,2.46227527265903,175.942371726555
k2020,11228,19,20,2.41159800487669,176.064218408789
k2020,11228,19.05,20.05,2.36095696612031,176.183532130855
k2020,11228,19.1,20.1,2.31035276375398,176.300314719335
k2020,11228,19.15,20.15,2.25978601929746,176.414568031523
k2020,11228,19.2,20.2,2.20925737014253,176.52629395618
k2020,11228,19.25,20.25,2.15876747146011,176.635494414372
k2020,11228,19.3,20.3,2.10831699832474,176.74217136041
k2020,11228,19.35,20.35,2.05790664808766,176.84632678291
k2020,11228,19.4,20.4,2.00753714303492,176.947962705962
k2020,11228,19.45,20.45,1.95720923337339,177.047081190458
k2020,11228,19.5,20.5,1.90692370059491,177.143684335568
k2020,11228,19.55,20.55,1.85668136127848,177.237774280394
k2020,11228,19.6,20.6,1.80648307140113,177.329353205837
k2020,11228,19.65,20.65,1.75632973124213,177.418423336678
k2020,11228,19.7,20.7,1.70622229098161,177.504986943939
k2020,11228,19.75,20.75,1.65616175711559,177.589046347527
k2020,11228,19.8,20.8,1.60614919983487,177.670603919235
k2020,11228,19.85,20.85,1.55618576154658,177.749662086131
k2020,11228,19.9,20.9,1.50627266675809,177.826223334415
k2020,11228,19.95,20.95,1.45641123359223,177.900290213797
k2020,11228,20,21,1.40660288726743,177.971865342513
k2020,11228,20.05,21.05,1.35684917595787,178.04095141306
k2020,11228,20.1,21.1,1.30715178955432,178.107551198803
k2020,11228,20.15,21.15,1.25751258198347,178.171667561601
k2020,11228,20.2,21.2,1.20793359792338,178.233303460656
k2020,11228,20.25,21.25,1.15841710499073,178.292461962831
k2020,11228,20.3,21.3,1.10896563279397,178.34914625474
k2020,11228,20.35,21.35,1.05958202067655,178.403359657003
k2020,11228,20.4,21.4,1.01026947656261,178.455105641147
k2020,11228,20.45,21.45,0.961031650131911,178.504387849805
k2020,11228,20.5,21.5,0.911872724693418,178.551210121002
k2020,11228,20.55,21.55,0.862797533754349,178.595576517642
k2020,11228,20.6,21.6,0.813811710633768,178.637491363594
k2020,11228,20.65,21.65,0.764921882944099,178.676959288333
k2020,11228,20.7,21.7,0.716135929011584,178.713985282761
k2020,11228,20.75,21.75,0.667463321063507,178.748574769901
k2020,11228,20.8,21.8,0.618915593194882,178.780733695674
k2020,11228,20.85,21.85,0.570506991365116,178.810468647339
k2020,11228,20.9,21.9,0.522255390672437,178.837787010048
k2020,11228,20.95,21.95,0.474183660005522,178.862697182343
k2020,11228,21,22,0.426321664765389,178.885208869018
k2020,11228,21.05,22.05,0.378709418431742,178.905333504875
k2020,11228,21.1,22.1,0.331402178443699,178.923084882428
k2020,11228,21.15,22.15,0.284479105838526,178.938480105758
k2020,11228,21.2,22.2,0.238058910386583,178.951541138464
k2020,11228,21.25,22.25,0.192330312351018,178.962297454397
k2020,11228,21.3,22.3,0.147617261196108,178.970790948616
k2020,11228,21.35,22.35,0.104536768410429,178.977086031988
k2020,11228,21.4,22.4,0.0644445139228372,178.981293398595
k2020,11228,21.45,22.45,0.0308683612947467,178.983635934478
k2020,11228,21.5,22.5,0.0119809383692861,178.984627193286
k2020,11228,21.55,22.55,0.008089781495739,178.985095573931
k2020,11228,21.6,22.6,0.00761890317986508,178.985485410466
k2020,11228,21.65,22.65,0.00741222404430089,178.985860993529
k2020,11228,21.7,22.7,0.00722704935550648,178.986226938588
k2020,11228,21.75,22.75,0.00704918273492075,178.986583817393
k2020,11228,21.8,22.8,0.00687756851843721,178.986931960907
k2020,11228,21.85,22.85,0.00671186547306466,178.98727167274
k2020,11228,21.9,22.9,0.00655178640382308,178.987603241171
k2020,11228,21.95,22.95,0.00639706392897094,178.987926940642
k2020,11228,22,23,0.00624744750087816,178.988243032652
k2020,11228,22.05,23.05,0.00610270203081363,178.988551766563
k2020,11228,22.1,23.1,0.00596260669876324,178.988853380346
k2020,11228,22.15,23.15,0.00582695387503719,178.989148101264
k2020,11228,22.2,23.2,0.00569554813964176,178.989436146509
k2020,11228,22.25,23.25,0.00556820538824816,178.989717723786
k2020,11228,22.3,23.3,0.00544475201713886,178.989993031863
k2020,11228,22.35,23.35,0.00532502417789989,178.990262261073
k2020,11228,22.4,23.4,0.00520886709562906,178.990525593787
k2020,11228,22.45,23.45,0.00509613444380462,178.99078320485
k2020,11228,22.5,23.5,0.00498668777080169,178.991035261992
k2020,11228,22.55,23.55,0.00488039596312737,178.991281926397
k2020,11228,22.6,23.6,0.00477713478197822,178.991523352597
k2020,11228,22.65,23.65,0.0046767863877686,178.991759689021
k2020,11228,22.7,23.7,0.00457923897745682,178.991991078498
k2020,11228,22.75,23.75,0.00448438636450702,178.992217658391
k2020,11228,22.8,23.8,0.00439212763466944,178.992439560883
k2020,11228,22.85,23.85,0.00430236679117421,178.992656913277
k2020,11228,22.9,23.9,0.004215012523534,178.992869838139
k2020,11228,22.95,23.95,0.0041299778477892,178.993078453631
k2020,11228,23,24,0.00404717992267823,178.993282873625
k2020,11228,23.05,24.05,0.00396653974676099,178.993483207979
k2020,11228,23.1,24.1,0.00388798196666563,178.993679562688
k2020,11228,23.15,24.15,0.0038114346729185,178.993872040049
k2020,11228,23.2,24.2,0.00373682918366482,178.99406073886
k2020,11228,23.25,24.25,0.00366409987590767,178.994245754562
k2020,11228,23.3,24.3,0.00359318401625997,178.994427179383
k2020,11228,23.35,24.35,0.00352402160219622,178.994605102486
k2020,11228,23.4,24.4,0.00345655521385647,178.994779610097
k2020,11228,23.45,24.45,0.00339072987558655,178.994950785632
k2020,11228,23.5,24.5,0.00332649292684532,178.995118709819
k2020,11228,23.55,24.55,0.00326379390133291,178.995283460809
k2020,11228,23.6,24.6,0.00320258441330813,178.995445114278
k2020,11228,23.65,24.65,0.00314281805151307,178.995603743535
k2020,11228,23.7,24.7,0.00308445027918084,178.995759419615
k2020,11228,23.75,24.75,0.00302743833796908,178.995912211371
k2020,11228,23.8,24.8,0.00297174115906435,178.996062185565
k2020,11228,23.85,24.85,0.00291731928636821,178.996209406941
k2020,11228,23.9,24.9,0.00286413479463778,178.996353938306
k2020,11228,23.95,24.95,0.00281215120876019,178.996495840617
k2020,11228,24,25,0.00276133344601656,178.996635173036
k2020,11228,24.05,25.05,0.0027116477460456,178.996771992999
k2020,11228,24.1,25.1,0.00266306160154351,178.9969063563
k2020,11228,24.15,25.15,0.0026155437152929,178.997038317122
k2020,11228,24.2,25.2,0.00256906392782624,178.997167928127
k2020,11228,24.25,25.25,0.00252359318102186,178.997295240481
k2020,11228,24.3,25.3,0.00247910345529085,178.997420303938
k2020,11228,24.35,25.35,0.00243556773484446,178.997543166865
k2020,11228,24.4,25.4,0.0023929599521731,178.997663876312
k2020,11228,24.45,25.45,0.0023512549580391,178.997782478037
k2020,11228,24.5,25.5,0.002310428469266,178.997899016576
k2020,11228,24.55,25.55,0.00227045704410905,178.998013535258
k2020,11228,24.6,25.6,0.00223131803473771,178.998126076272
k2020,11228,24.65,25.65,0.0021929895618957,178.998236680687
k2020,11228,24.7,25.7,0.00215545047977554,178.998345388496
k2020,11228,24.75,25.75,0.00211868034263151,178.99845223866
k2020,11228,24.8,25.8,0.00208265938291453,178.998557269123
k2020,11228,24.85,25.85,0.0020473684761904,178.998660516867
k2020,11228,24.9,25.9,0.00201278911832399,178.998762017931
k2020,11228,24.95,25.95,0.00197890340318803,178.998861807438
k2020,11228,25,26,0.00194569399301077,178.998959919637
k2020,11228,25.05,26.05,0.00191314409966145,178.999056387922
k2020,11228,25.1,26.1,0.00188123746437814,178.999151244858
k2020,11228,25.15,26.15,0.00184995833255008,178.999244522214
k2020,11228,25.2,26.2,0.00181929143748383,178.999336250982
k2020,11228,25.25,26.25,0.00178922198288732,178.999426461399
k2020,11228,25.3,26.3,0.00175973562090046,178.999515182979
k2020,11228,25.35,26.35,0.0017308184378497,178.999602444528
k2020,11228,25.4,26.4,0.00170245693940739,178.999688274163
k2020,11228,25.45,26.45,0.00167463803115266,178.99977269934
k2020,11228,25.5,26.5,0.00164734900610911,178.999855746872
k2020,11228,25.55,26.55,0.00162057753212551,178.99993744294
k2020,11228,25.6,26.6,0.00159431163455582,179.000017813122
k2020,11228,25.65,26.65,0.00156853968553917,179.000096882406
k2020,11228,25.7,26.7,0.00154325039300985,179.000174675203
k2020,11228,25.75,26.75,0.00151843278523748,179.000251215372
k2020,11228,25.8,26.8,0.00149407620203174,179.000326526232
k2020,11228,25.85,26.85,0.00147017028348695,179.000400630569
k2020,11228,25.9,26.9,0.00144670495860061,179.000473550668
k2020,11228,25.95,26.95,0.00142367043855055,179.00054530831
k2020,11228,26,27,0.00140105720114449,179.000615924796
k2020,11228,26.05,27.05,0.0013788559841363,179.000685420958
k2020,11228,26.1,27.1,0.00135705778256107,179.000753817171
k2020,11228,26.15,27.15,0.00133565383354456,179.000821133367
k2020,11228,26.2,27.2,0.0013146356094484,179.000887389046
k2020,11228,26.25,27.25,0.00129399479656398,179.000952603274
k2020,11228,26.3,27.3,0.00127372332967603,179.001016794736
k2020,11228,26.35,27.35,0.00125381332949127,179.001079981691
k2020,11228,26.4,27.4,0.00123425713821354,179.001142182024
k2020,11228,26.45,27.45,0.00121504729952621,179.001203413232
k2020,11228,26.5,27.5,0.00119617653293885,179.001263692458
k2020,11228,26.55,27.55,0.00117763776052437,179.001323036475
k2020,11228,26.6,27.6,0.00115942408813669,179.001381461708
k2020,11228,26.65,27.65,0.00114152877677688,179.001438984247
k2020,11228,26.7,27.7,0.00112394528191535,179.001495619838
k2020,11228,26.75,27.75,0.00110666720360038,179.001551383919
k2020,11228,26.8,27.8,0.00108968831010406,179.001606291601
k2020,11228,26.85,27.85,0.00107300252695423,179.001660357688
k2020,11228,26.9,27.9,0.0010566039286511,179.00171359669
k2020,11228,26.95,27.95,0.00104048673515469,179.00176602282
k2020,11228,27,28,0.00102464529619899,179.001817650011
k2020,11228,27.05,28.05,0.00100907411423163,179.001868491907
k2020,11228,27.1,28.1,0.000993767822875023,179.001918561891
k2020,11228,27.15,28.15,0.000978721170134542,179.001967873062
k2020,11228,27.2,28.2,0.000963929039882421,179.002016438296
k2020,11228,27.25,28.25,0.000949386439446506,179.002064270178
k2020,11228,27.3,28.3,0.00093508849420764,179.002111381064
k2020,11228,27.35,28.35,0.000921030443202358,179.002157783071
k2020,11228,27.4,28.4,0.000907207616821655,179.002203488081
k2020,11228,27.45,28.45,0.000893615500919962,179.002248507732
k2020,11228,27.5,28.5,0.000880249627323189,179.002292853451
k2020,11228,27.55,28.55,0.000867105671024418,179.002336536439
k2020,11228,27.6,28.6,0.000854179398916464,179.002379567684
k2020,11228,27.65,28.65,0.000841466671731678,179.002421957973
k2020,11228,27.7,28.7,0.000828963442155185,179.00246371789
k2020,11228,27.75,28.75,0.000816665731357221,179.002504857778
k2020,11228,27.8,28.8,0.000804569710325651,179.002545387827
k2020,11228,27.85,28.85,0.000792671577130348,179.002585318061
k2020,11228,27.9,28.9,0.000780967641264916,179.002624658258
k2020,11228,27.95,28.95,0.000769454268619168,179.00266341803
k2020,11228,28,29,0.000758127980435409,179.002701606808
k2020,11228,28.05,29.05,0.00074698522844632,179.002739233872
k2020,11228,28.1,29.1,0.000736022706699132,179.002776308316
k2020,11228,28.15,29.15,0.000725237085358669,179.002812839065
k2020,11228,28.2,29.2,0.000714625119752906,179.002848834888
k2020,11228,28.25,29.25,0.000704183645344152,179.002884304384
k2020,11228,28.3,29.3,0.000693909558541643,179.00291925601
k2020,11228,28.35,29.35,0.000683799829401519,179.002953698068
k2020,11228,28.4,29.4,0.00067385148337059,179.002987638692
k2020,11228,28.45,29.45,0.000664061619003133,179.00302108587
k2020,11228,28.5,29.5,0.000654427417454962,179.003054047453
k2020,11228,28.55,29.55,0.000644946029746642,179.003086531157
k2020,11228,28.6,29.6,0.000635614782192221,179.003118544555
k2020,11228,28.65,29.65,0.000626430988599565,179.003150095085
k2020,11228,28.7,29.7,0.000617392032393134,179.003181190055
k2020,11228,28.75,29.75,0.000608495351293956,179.003211836647
k2020,11228,28.8,29.8,0.000599738435005086,179.003242041919
k2020,11228,28.85,29.85,0.000591118828158871,179.00327181279
k2020,11228,28.9,29.9,0.000582634123601751,179.00330115606
k2020,11228,28.95,29.95,0.000574281962479899,179.003330078415
k2020,11228,29,30,0.00056606003336874,179.003358586427
k2020,11228,29.05,30.05,0.000557966071481517,179.003386686551
k2020,11228,29.1,30.1,0.000549997857653062,179.00341438513
k2020,11228,29.15,30.15,0.000542153217153592,179.003441688397
k2020,11228,29.2,30.2,0.00053443001850105,179.003468602477
k2020,11228,29.25,30.25,0.000526826172526784,179.003495133389
k2020,11228,29.3,30.3,0.000519339631061326,179.003521287049
k2020,11228,29.35,30.35,0.000511968386377676,179.003547069273
k2020,11228,29.4,30.4,0.000504710470342666,179.003572485776
k2020,11228,29.45,30.45,0.000497563952981122,179.003597542177
k2020,11228,29.5,30.5,0.000490526941846122,179.003622243997
k2020,11228,29.55,30.55,0.000483597581625975,179.003646596665
k2020,11228,29.6,30.6,0.00047677405267877,179.003670605519
k2020,11228,29.65,30.65,0.000470054570040572,179.003694275804
k2020,11228,29.7,30.7,0.000463437383474225,179.003717612681
k2020,11228,29.75,30.75,0.000456920776362703,179.003740621219
k2020,11228,29.8,30.8,0.000450503064336302,179.003763306406
k2020,11228,29.85,30.85,0.000444182595261757,179.003785673146
k2020,11228,29.9,30.9,0.000437957748425204,179.00380772626
k2020,11228,29.95,30.95,0.000431826933608788,179.003829470488
k2020,11228,30,31,0.000425788590507411,179.003850910494
k2020,11228,30.05,31.05,0.000419841188138956,179.003872050863
k2020,11228,30.1,31.1,0.000413983224154157,179.003892896104
k2020,11228,30.15,31.15,0.000408213224196776,179.003913450651
k2020,11228,30.2,31.2,0.000402529741318314,179.003933718868
k2020,11228,30.25,31.25,0.00039693135538923,179.003953705044
k2020,11228,30.3,31.3,0.000391416672512606,179.003973413398
k2020,11228,30.35,31.35,0.000385984324461381,179.003992848083
k2020,11228,30.4,31.4,0.000380632968134133,179.004012013181
k2020,11228,30.45,31.45,0.000375361285020745,179.004030912708
k2020,11228,30.5,31.5,0.000370167980679915,179.004049550615
k2020,11228,30.55,31.55,0.000365051784231324,179.004067930791
k2020,11228,30.6,31.6,0.000360011447861004,179.004086057058
k2020,11228,30.65,31.65,0.000355045746338273,179.00410393318
k2020,11228,30.7,31.7,0.000350153476544313,179.004121562857
k2020,11228,30.75,31.75,0.00034533345701241,179.004138949731
k2020,11228,30.8,31.8,0.000340584527480542,179.004156097387
k2020,11228,30.85,31.85,0.000335905548452738,179.00417300935
k2020,11228,30.9,31.9,0.000331295400772629,179.004189689089
k2020,11228,30.95,31.95,0.000326752985207138,179.004206140019
k2020,11228,31,32,0.000322277222039683,179.004222365499
k2020,11228,31.05,32.05,0.000317867050673231,179.004238368834
k2020,11228,31.1,32.1,0.000313521429242972,179.004254153279
k2020,11228,31.15,32.15,0.000309239334238077,179.004269722036
k2020,11228,31.2,32.2,0.000305019760132347,179.004285078255
k2020,11228,31.25,32.25,0.000300861719023577,179.004300225037
k2020,11228,31.3,32.3,0.000296764240281384,179.004315165436
k2020,11228,31.35,32.35,0.000292726370203216,179.004329902455
k2020,11228,31.4,32.4,0.000288747171678356,179.004344439051
k2020,11228,31.45,32.45,0.000284825723859696,179.004358778135
k2020,11228,31.5,32.5,0.000280961121843078,179.004372922571
k2020,11228,31.55,32.55,0.000277152476353983,179.004386875179
k2020,11228,31.6,32.6,0.000273398913441377,179.004400638736
k2020,11228,31.65,32.65,0.00026969957417854,179.004414215974
k2020,11228,31.7,32.7,0.000266053614370655,179.004427609583
k2020,11228,31.75,32.75,0.000262460204268932,179.004440822212
k2020,11228,31.8,32.8,0.000258918528291602,179.004453856466
k2020,11228,31.85,32.85,0.000255427784750307,179.004466714913
k2020,11228,31.9,32.9,0.000251987185583306,179.00447940008
k2020,11228,31.95,32.95,0.000248595956094502,179.004491914455
k2020,11228,32,33,0.000245253334698061,179.004504260486
k2020,11228,32.05,33.05,0.000241958572668728,179.004516440586
k2020,11228,32.1,33.1,0.000238710933897707,179.004528457129
k2020,11228,32.15,33.15,0.000235509694653842,179.004540312453
k2020,11228,32.2,33.2,0.000232354143349991,179.00455200886
k2020,11228,32.25,33.25,0.0002292435803145,179.004563548617
k2020,11228,32.3,33.3,0.00022617731756764,179.004574933956
k2020,11228,32.35,33.35,0.000223154678602846,179.004586167076
k2020,11228,32.4,33.4,0.000220174998172674,179.00459725014
k2020,11228,32.45,33.45,0.000217237622079337,179.004608185281
k2020,11228,32.5,33.5,0.000214341906969723,179.004618974596
k2020,11228,32.55,33.55,0.000211487220134768,179.004629620155
k2020,11228,32.6,33.6,0.000208672939313081,179.004640123992
k2020,11228,32.65,33.65,0.000205898452498724,179.004650488112
k2020,11228,32.7,33.7,0.00020316315775303,179.00466071449
k2020,11228,32.75,33.75,0.000200466463020339,179.004670805071
k2020,11228,32.8,33.8,0.000197807785947786,179.00468076177
k2020,11228,32.85,33.85,0.000195186553708452,179.004690586474
k2020,11228,32.9,33.9,0.000192602202828512,179.00470028104
k2020,11228,32.95,33.95,0.000190054179017913,179.0047098473
k2020,11228,33,34,0.000187541937004451,179.004719287055
k2020,11228,33.05,34.05,0.000185064940371292,179.004728602081
k2020,11228,33.1,34.1,0.000182622661397857,179.004737794127
k2020,11228,33.15,34.15,0.00018021458090393,179.004746864917
k2020,11228,33.2,34.2,0.000177840188096937,179.004755816147
k2020,11228,33.25,34.25,0.000175498980422328,179.004764649489
k2020,11228,33.3,34.3,0.000173190463416995,179.00477336659
k2020,11228,33.35,34.35,0.000170914150565632,179.004781969072
k2020,11228,33.4,34.4,0.000168669563159985,179.004790458534
k2020,11228,33.45,34.45,0.000166456230160927,179.004798836549
k2020,11228,33.5,34.5,0.000164273688063278,179.00480710467
k2020,11228,33.55,34.55,0.000162121480763329,179.004815264424
k2020,11228,33.6,34.6,0.000159999159428978,179.004823317316
k2020,11228,33.65,34.65,0.000157906282372456,179.00483126483
k2020,11228,33.7,34.7,0.000155842414925541,179.004839108428
k2020,11228,33.75,34.75,0.000153807129317228,179.004846849548
k2020,11228,33.8,34.8,0.000151800004553881,179.00485448961
k2020,11228,33.85,34.85,0.000149820626301544,179.004862030011
k2020,11228,33.9,34.9,0.000147868586770707,179.004869472128
k2020,11228,33.95,34.95,0.000145943484603277,179.004876817319
k2020,11228,34,35,0.000144044924761705,179.004884066919
k2020,11228,34.05,35.05,0.000142172518420265,179.004891222247
k2020,11228,34.1,35.1,0.000140325882858446,179.0048982846
k2020,11228,34.15,35.15,0.000138504641356379,179.004905255259
k2020,11228,34.2,35.2,0.000136708423092266,179.004912135482
k2020,11228,34.25,35.25,0.000134936863041772,179.004918926512
k2020,11228,34.3,35.3,0.000133189601879333,179.004925629573
k2020,11228,34.35,35.35,0.000131466285881339,179.004932245871
k2020,11228,34.4,35.4,0.000129766566831149,179.004938776595
k2020,11228,34.45,35.45,0.000128090101925905,179.004945222915
k2020,11228,34.5,35.5,0.000126436553685093,179.004951585987
k2020,11228,34.55,35.55,0.000124805589860836,179.004957866947
k2020,11228,34.6,35.6,0.000123196883349851,179.004964066917
k2020,11228,34.65,35.65,0.000121610112107069,179.004970187001
k2020,11228,34.7,35.7,0.000120044959060851,179.004976228288
k2020,11228,34.75,35.75,0.00011850111202978,179.004982191852
k2020,11228,34.8,35.8,0.000116978263641041,179.00498807875
k2020,11228,34.85,35.85,0.000115476111250216,179.004993890023
k2020,11228,34.9,35.9,0.000113994356862644,179.004999626701
k2020,11228,34.95,35.95,0.000112532707056205,179.005005289794
k2020,11228,35,36,0.000111090872905511,179.005010880302
k2020,11228,35.05,36.05,0.000109668569907482,179.005016399207
k2020,11228,35.1,36.1,0.000108265517908302,179.00502184748
k2020,11228,35.15,36.15,0.000106881441031691,179.005027226075
k2020,11228,35.2,36.2,0.000105516067608479,179.005032535935
k2020,11228,35.25,36.25,0.00010416913010747,179.005037777989
k2020,11228,35.3,36.3,0.000102840365067546,179.005042953151
k2020,11228,35.35,36.35,0.000101529513031002,179.005048062324
k2020,11228,35.4,36.4,0.000100236318478076,179.005053106397
k2020,11228,35.45,36.45,9.89605297626653e-05,179.005058086246
k2020,11228,35.5,36.5,9.77018990491815e-05,179.005063002736
k2020,11228,35.55,36.55,9.64601822505481e-05,179.005067856718
k2020,11228,35.6,36.6,9.5235138967295e-05,179.005072649032
k2020,11228,35.65,36.65,9.40265324277426e-05,179.005077380506
k2020,11228,35.7,36.7,9.28341294292454e-05,179.005082051955
k2020,11228,35.75,36.75,9.16577002804743e-05,179.005086664185
k2020,11228,35.8,36.8,9.0497018744743e-05,179.005091217988
k2020,11228,35.85,36.85,8.93518619842885e-05,179.005095714146
k2020,11228,35.9,36.9,8.82220105055714e-05,179.005100153429
k2020,11228,35.95,36.95,8.71072481055307e-05,179.005104536598
k2020,11228,36,37,8.60073618187705e-05,179.005108864402
k2020,11228,36.05,37.05,8.49221418656761e-05,179.005113137579
k2020,11228,36.1,37.1,8.38513816014381e-05,179.005117356857
k2020,11228,36.15,37.15,8.2794877465963e-05,179.005121522954
k2020,11228,36.2,37.2,8.17524289346535e-05,179.005125636579
k2020,11228,36.25,37.25,8.07238384700454e-05,179.005129698428
k2020,11228,36.3,37.3,7.97089114742815e-05,179.005133709191
k2020,11228,36.35,37.35,7.87074562424058e-05,179.005137669544
k2020,11228,36.4,37.4,7.77192839164652e-05,179.005141580158
k2020,11228,36.45,37.45,7.67442084404e-05,179.005145441691
k2020,11228,36.5,37.5,7.57820465157107e-05,179.005149254794
k2020,11228,36.55,37.55,7.48326175578848e-05,179.005153020108
k2020,11228,36.6,37.6,7.38957436535688e-05,179.005156738265
k2020,11228,36.65,37.65,7.29712495184735e-05,179.005160409888
k2020,11228,36.7,37.7,7.20589624559959e-05,179.005164035593
k2020,11228,36.75,37.75,7.11587123165428e-05,179.005167615985
k2020,11228,36.8,37.8,7.02703314575601e-05,179.005171151662
k2020,11228,36.85,37.85,6.93936547042135e-05,179.005174643213
k2020,11228,36.9,37.9,6.85285193107565e-05,179.00517809122
k2020,11228,36.95,37.95,6.76747649225475e-05,179.005181496255
k2020,11228,37,38,6.68322335387015e-05,179.005184858883
k2020,11228,37.05,38.05,6.60007694753747e-05,179.005188179663
k2020,11228,37.1,38.1,6.51802193296657e-05,179.005191459142
k2020,11228,37.15,38.15,6.43704319441234e-05,179.005194697864
k2020,11228,37.2,38.2,6.35712583718472e-05,179.005197896362
k2020,11228,37.25,38.25,6.27825518421726e-05,179.005201055164
k2020,11228,37.3,38.3,6.20041677269302e-05,179.00520417479
k2020,11228,37.35,38.35,6.12359635072647e-05,179.005207255751
k2020,11228,37.4,38.4,6.04777987410089e-05,179.005210298553
k2020,11228,37.45,38.45,5.97295350305974e-05,179.005213303696
k2020,11228,37.5,38.5,5.89910359915138e-05,179.00521627167
k2020,11228,37.55,38.55,5.826216722126e-05,179.00521920296
k2020,11228,37.6,38.6,5.75427962688384e-05,179.005222098045
k2020,11228,37.65,38.65,5.68327926047382e-05,179.005224957396
k2020,11228,37.7,38.7,5.61320275914155e-05,179.005227781478
k2020,11228,37.75,38.75,5.5440374454259e-05,179.00523057075
k2020,11228,37.8,38.8,5.47577082530386e-05,179.005233325665
k2020,11228,37.85,38.85,5.40839058538096e-05,179.005236046669
k2020,11228,37.9,38.9,5.34188459012883e-05,179.005238734201
k2020,11228,37.95,38.95,5.27624087916768e-05,179.005241388697
k2020,11228,38,39,5.21144766459293e-05,179.005244010584
k2020,11228,38.05,39.05,5.14749332834555e-05,179.005246600285
k2020,11228,38.1,39.1,5.08436641962524e-05,179.005249158215
k2020,11228,38.15,39.15,5.02205565234572e-05,179.005251684787
k2020,11228,38.2,39.2,4.96054990263114e-05,179.005254180405
k2020,11228,38.25,39.25,4.89983820635329e-05,179.005256645469
k2020,11228,38.3,39.3,4.8399097567086e-05,179.005259080374
k2020,11228,38.35,39.35,4.78075390183426e-05,179.005261485508
k2020,11228,38.4,39.4,4.72236014246288e-05,179.005263861255
k2020,11228,38.45,39.45,4.66471812961499e-05,179.005266207993
k2020,11228,38.5,39.5,4.6078176623286e-05,179.005268526096
k2020,11228,38.55,39.55,4.55164868542534e-05,179.005270815933
k2020,11228,38.6,39.6,4.49620128731244e-05,179.005273077865
k2020,11228,38.65,39.65,4.44146569781995e-05,179.005275312253
k2020,11228,38.7,39.7,4.3874322860726e-05,179.005277519448
k2020,11228,38.75,39.75,4.33409155839564e-05,179.0052796998
k2020,11228,38.8,39.8,4.28143415625443e-05,179.005281853654
k2020,11228,38.85,39.85,4.22945085422628e-05,179.005283981347
k2020,11228,38.9,39.9,4.17813255800516e-05,179.005286083215
k2020,11228,38.95,39.95,4.12747030243799e-05,179.005288159589
k2020,11228,39,40,4.07745524959208e-05,179.005290210793
k2020,11228,39.05,40.05,4.02807868685321e-05,179.005292237151
k2020,11228,39.1,40.1,3.97933202505401e-05,179.005294238977
k2020,11228,39.15,40.15,3.93120679663183e-05,179.005296216586
k2020,11228,39.2,40.2,3.8836946538158e-05,179.005298170286
k2020,11228,39.25,40.25,3.83678736684251e-05,179.005300100382
k2020,11228,39.3,40.3,3.79047682219986e-05,179.005302007173
k2020,11228,39.35,40.35,3.74475502089851e-05,179.005303890956
k2020,11228,39.4,40.4,3.69961407677066e-05,179.005305752025
k2020,11228,39.45,40.45,3.65504621479543e-05,179.005307590666
k2020,11228,39.5,40.5,3.61104376945063e-05,179.005309407165
k2020,11228,39.55,40.55,3.56759918309036e-05,179.005311201803
k2020,11228,39.6,40.6,3.52470500434797e-05,179.005312974856
k2020,11228,39.65,40.65,3.48235388656411e-05,179.005314726598
k2020,11228,39.7,40.7,3.44053858623925e-05,179.005316457299
k2020,11228,39.75,40.75,3.39925196151041e-05,179.005318167225
k2020,11228,39.8,40.8,3.35848697065176e-05,179.005319856638
k2020,11228,39.85,40.85,3.31823667059824e-05,179.005321525798
k2020,11228,39.9,40.9,3.27849421549252e-05,179.00532317496
k2020,11228,39.95,40.95,3.23925285525439e-05,179.005324804376
k2020,11228,40,41,3.20050593417239e-05,179.005326414295
k2020,11228,40.05,41.05,3.1622468895172e-05,179.005328004963
k2020,11228,40.1,41.1,3.12446925017666e-05,179.005329576622
k2020,11228,40.15,41.15,3.08716663531186e-05,179.005331129511
k2020,11228,40.2,41.2,3.05033275303394e-05,179.005332663867
k2020,11228,40.25,41.25,3.01396139910145e-05,179.005334179921
k2020,11228,40.3,41.3,2.97804645563772e-05,179.005335677904
k2020,11228,40.35,41.35,2.94258188986806e-05,179.005337158043
k2020,11228,40.4,41.4,2.90756175287638e-05,179.00533862056
k2020,11228,40.45,41.45,2.87298017838094e-05,179.005340065677
k2020,11228,40.5,41.5,2.83883138152894e-05,179.005341493612
k2020,11228,40.55,41.55,2.80510965770961e-05,179.00534290458
k2020,11228,40.6,41.6,2.77180938138544e-05,179.005344298792
k2020,11228,40.65,41.65,2.73892500494149e-05,179.005345676459
k2020,11228,40.7,41.7,2.70645105755211e-05,179.005347037786
k2020,11228,40.75,41.75,2.67438214406513e-05,179.005348382977
k2020,11228,40.8,41.8,2.64271294390316e-05,179.005349712234
k2020,11228,40.85,41.85,2.6114382099814e-05,179.005351025756
k2020,11228,40.9,41.9,2.58055276764224e-05,179.005352323738
k2020,11228,40.95,41.95,2.55005151360597e-05,179.005353606373
k2020,11228,41,42,2.5199294149375e-05,179.005354873852
k2020,11228,41.05,42.05,2.4901815080287e-05,179.005356126364
k2020,11228,41.1,42.1,2.46080289759636e-05,179.005357364095
k2020,11228,41.15,42.15,2.43178875569527e-05,179.005358587228
k2020,11228,41.2,42.2,2.40313432074626e-05,179.005359795944
k2020,11228,41.25,42.25,2.37483489657905e-05,179.005360990422
k2020,11228,41.3,42.3,2.34688585148948e-05,179.005362170837
k2020,11228,41.35,42.35,2.31928261731112e-05,179.005363337365
k2020,11228,41.4,42.4,2.29202068850087e-05,179.005364490177
k2020,11228,41.45,42.45,2.26509562123832e-05,179.005365629442
k2020,11228,41.5,42.5,2.23850303253877e-05,179.005366755328
k2020,11228,41.55,42.55,2.21223859937961e-05,179.005367868
k2020,11228,41.6,42.6,2.18629805783981e-05,179.00536896762
k2020,11228,41.65,42.65,2.16067720225246e-05,179.005370054351
k2020,11228,41.7,42.7,2.13537188436995e-05,179.00537112835
k2020,11228,41.75,42.75,2.11037801254175e-05,179.005372189775
k2020,11228,41.8,42.8,2.08569155090457e-05,179.005373238779
k2020,11228,41.85,42.85,2.06130851858456e-05,179.005374275517
k2020,11228,41.9,42.9,2.0372249889116e-05,179.005375300138
k2020,11228,41.95,42.95,2.01343708864523e-05,179.005376312791
k2020,11228,42,43,1.9899409972123e-05,179.005377313624
k2020,11228,42.05,43.05,1.9667329459559e-05,179.00537830278
k2020,11228,42.1,43.1,1.94380921739557e-05,179.005379280404
k2020,11228,42.15,43.15,1.92116614449855e-05,179.005380246636
k2020,11228,42.2,43.2,1.8988001099619e-05,179.005381201616
k2020,11228,42.25,43.25,1.87670754550534e-05,179.005382145482
k2020,11228,42.3,43.3,1.85488493117454e-05,179.005383078369
k2020,11228,42.35,43.35,1.8333287946549e-05,179.005384000411
k2020,11228,42.4,43.4,1.81203571059546e-05,179.005384911741
k2020,11228,42.45,43.45,1.79100229994286e-05,179.00538581249
k2020,11228,42.5,43.5,1.7702252292852e-05,179.005386702786
k2020,11228,42.55,43.55,1.74970121020566e-05,179.005387582758
k2020,11228,42.6,43.6,1.72942699864567e-05,179.005388452529
k2020,11228,42.65,43.65,1.70939939427753e-05,179.005389312226
k2020,11228,42.7,43.7,1.68961523988629e-05,179.005390161969
k2020,11228,42.75,43.75,1.67007142076083e-05,179.005391001881
k2020,11228,42.8,43.8,1.65076486409391e-05,179.00539183208
k2020,11228,42.85,43.85,1.63169253839105e-05,179.005392652685
k2020,11228,42.9,43.9,1.61285145288819e-05,179.005393463811
k2020,11228,42.95,43.95,1.59423865697789e-05,179.005394265574
k2020,11228,43,44,1.57585123964407e-05,179.005395058087
k2020,11228,43.05,44.05,1.55768632890494e-05,179.005395841463
k2020,11228,43.1,44.1,1.53974109126427e-05,179.00539661581
k2020,11228,43.15,44.15,1.52201273117063e-05,179.00539738124
k2020,11228,43.2,44.2,1.50449849048464e-05,179.005398137859
k2020,11228,43.25,44.25,1.48719564795399e-05,179.005398885774
k2020,11228,43.3,44.3,1.47010151869621e-05,179.005399625089
k2020,11228,43.35,44.35,1.453213453689e-05,179.005400355909
k2020,11228,43.4,44.4,1.43652883926807e-05,179.005401078337
k2020,11228,43.45,44.45,1.42004509663224e-05,179.005401792472
k2020,11228,43.5,44.5,1.4037596813559e-05,179.005402498415
k2020,11228,43.55,44.55,1.3876700829085e-05,179.005403196264
k2020,11228,43.6,44.6,1.37177382418115e-05,179.005403886117
k2020,11228,43.65,44.65,1.35606846102005e-05,179.00540456807
k2020,11228,43.7,44.7,1.34055158176682e-05,179.005405242217
k2020,11228,43.75,44.75,1.32522080680541e-05,179.005405908652
k2020,11228,43.8,44.8,1.31007378811576e-05,179.005406567468
k2020,11228,43.85,44.85,1.29510820883386e-05,179.005407218756
k2020,11228,43.9,44.9,1.28032178281823e-05,179.005407862606
k2020,11228,43.95,44.95,1.26571225422272e-05,179.005408499108
k2020,11228,44,45,1.25127739707555e-05,179.005409128348
k2020,11228,44.05,45.05,1.23701501486438e-05,179.005409750414
k2020,11228,44.1,45.1,1.2229229401275e-05,179.005410365391
k2020,11228,44.15,45.15,1.20899903405089e-05,179.005410973365
k2020,11228,44.2,45.2,1.19524118607113e-05,179.005411574418
k2020,11228,44.25,45.25,1.18164731348406e-05,179.005412168633
k2020,11228,44.3,45.3,1.16821536105917e-05,179.005412756092
k2020,11228,44.35,45.35,1.15494330065944e-05,179.005413336875
k2020,11228,44.4,45.4,1.1418291308668e-05,179.005413911062
k2020,11228,44.45,45.45,1.12887087661295e-05,179.00541447873
k2020,11228,44.5,45.5,1.1160665888155e-05,179.005415039958
k2020,11228,44.55,45.55,1.10341434401939e-05,179.005415594822
k2020,11228,44.6,45.6,1.09091224404346e-05,179.005416143398
k2020,11228,44.65,45.65,1.07855841563212e-05,179.005416685759
k2020,11228,44.7,45.7,1.06635101011204e-05,179.005417221981
k2020,11228,44.75,45.75,1.05428820305379e-05,179.005417752134
k2020,11228,44.8,45.8,1.04236819393834e-05,179.005418276293
k2020,11228,44.85,45.85,1.03058920582831e-05,179.005418794526
k2020,11228,44.9,45.9,1.01894948504404e-05,179.005419306905
k2020,11228,44.95,45.95,1.00744730084424e-05,179.005419813499
k2020,11228,45,46,9.96080945111219e-06,179.005420314375
k2020,11228,45.05,46.05,9.84848732040667e-06,179.005420809602
k2020,11228,45.1,46.1,9.73748997835855e-06,179.005421299246
k2020,11228,45.15,46.15,9.6278010040623e-06,179.005421783373
k2020,11228,45.2,46.2,9.51940419070305e-06,179.005422262047
k2020,11228,45.25,46.25,9.41228354262828e-06,179.005422735334
k2020,11228,45.3,46.3,9.30642327246101e-06,179.005423203297
k2020,11228,45.35,46.35,9.20180779825452e-06,179.005423665997
k2020,11228,45.4,46.4,9.09842174068765e-06,179.005424123498
k2020,11228,45.45,46.45,8.99624992029992e-06,179.00542457586
k2020,11228,45.5,46.5,8.89527735476638e-06,179.005425023143
k2020,11228,45.55,46.55,8.79548925621102e-06,179.005425465407
k2020,11228,45.6,46.6,8.69687102855859e-06,179.005425902711
k2020,11228,45.65,46.65,8.59940826492417e-06,179.005426335114
k2020,11228,45.7,46.7,8.50308674503966e-06,179.005426762671
k2020,11228,45.75,46.75,8.40789243271712e-06,179.005427185441
k2020,11228,45.8,46.8,8.31381147334792e-06,179.005427603479
k2020,11228,45.85,46.85,8.22083019143754e-06,179.005428016841
k2020,11228,45.9,46.9,8.12893508817533e-06,179.00542842558
k2020,11228,45.95,46.95,8.03811283903865e-06,179.005428829752
k2020,11228,46,47,7.94835029143116e-06,179.005429229409
k2020,11228,46.05,47.05,7.8596344623543e-06,179.005429624604
k2020,11228,46.1,47.1,7.77195253611195e-06,179.00543001539
k2020,11228,46.15,47.15,7.68529186204752e-06,179.005430401817
k2020,11228,46.2,47.2,7.5996399523129e-06,179.005430783936
k2020,11228,46.25,47.25,7.51498447966917e-06,179.005431161797
k2020,11228,46.3,47.3,7.43131327531813e-06,179.005431535451
k2020,11228,46.35,47.35,7.34861432676458e-06,179.005431904945
k2020,11228,46.4,47.4,7.2668757757088e-06,179.005432270328
k2020,11228,46.45,47.45,7.18608591596852e-06,179.005432631648
k2020,11228,46.5,47.5,7.10623319143045e-06,179.005432988952
k2020,11228,46.55,47.55,7.02730619403042e-06,179.005433342287
k2020,11228,46.6,47.6,6.94929366176204e-06,179.005433691698
k2020,11228,46.65,47.65,6.87218447671344e-06,179.005434037231
k2020,11228,46.7,47.7,6.79596766313141e-06,179.005434378931
k2020,11228,46.75,47.75,6.72063238551296e-06,179.005434716843
k2020,11228,46.8,47.8,6.64616794672351e-06,179.005435051009
k2020,11228,46.85,47.85,6.5725637861415e-06,179.005435381474
k2020,11228,46.9,47.9,6.49980947782913e-06,179.00543570828
k2020,11228,46.95,47.95,6.42789472872858e-06,179.005436031469
k2020,11228,47,48,6.35680937688363e-06,179.005436351083
k2020,11228,47.05,48.05,6.28654338968607e-06,179.005436667163
k2020,11228,47.1,48.1,6.21708686214669e-06,179.005436979751
k2020,11228,47.15,48.15,6.14843001519047e-06,179.005437288885
k2020,11228,47.2,48.2,6.0805631939755e-06,179.005437594607
k2020,11228,47.25,48.25,6.01347686623548e-06,179.005437896955
k2020,11228,47.3,48.3,5.94716162064529e-06,179.005438195968
k2020,11228,47.35,48.35,5.88160816520933e-06,179.005438491684
k2020,11228,47.4,48.4,5.81680732567247e-06,179.005438784141
k2020,11228,47.45,48.45,5.75275004395289e-06,179.005439073377
k2020,11228,47.5,48.5,5.68942737659704e-06,179.005439359428
k2020,11228,47.55,48.55,5.62683049325585e-06,179.005439642332
k2020,11228,47.6,48.6,5.5649506751822e-06,179.005439922123
k2020,11228,47.65,48.65,5.50377931374943e-06,179.005440198838
k2020,11228,47.7,48.7,5.44330790899016e-06,179.005440472513
k2020,11228,47.75,48.75,5.38352806815563e-06,179.005440743181
k2020,11228,47.8,48.8,5.3244315042949e-06,179.005441010877
k2020,11228,47.85,48.85,5.26601003485376e-06,179.005441275635
k2020,11228,47.9,48.9,5.20825558029313e-06,179.005441537489
k2020,11228,47.95,48.95,5.15116016272652e-06,179.005441796472
k2020,11228,48,49,5.0947159045764e-06,179.005442052616
k2020,11228,48.05,49.05,5.03891502724908e-06,179.005442305954
k2020,11228,48.1,49.1,4.98374984982806e-06,179.005442556518
k2020,11228,48.15,49.15,4.92921278778526e-06,179.005442804339
k2020,11228,48.2,49.2,4.87529635171016e-06,179.00544304945
k2020,11228,48.25,49.25,4.82199314605648e-06,179.005443291879
k2020,11228,48.3,49.3,4.76929586790607e-06,179.005443531659
k2020,11228,48.35,49.35,4.71719730574989e-06,179.005443768819
k2020,11228,48.4,49.4,4.66569033828586e-06,179.005444003389
k2020,11228,48.45,49.45,4.61476793323308e-06,179.005444235398
k2020,11228,48.5,49.5,4.56442314616255e-06,179.005444464875
k2020,11228,48.55,49.55,4.51464911934387e-06,179.00544469185
k2020,11228,48.6,49.6,4.46543908060782e-06,179.005444916349
k2020,11228,48.65,49.65,4.41678634222458e-06,179.005445138403
k2020,11228,48.7,49.7,4.3686842997973e-06,179.005445358037
k2020,11228,48.75,49.75,4.32112643117094e-06,179.00544557528
k2020,11228,48.8,49.8,4.27410629535598e-06,179.005445790159
k2020,11228,48.85,49.85,4.22761753146693e-06,179.0054460027
k2020,11228,48.9,49.9,4.18165385767538e-06,179.005446212929
k2020,11228,48.95,49.95,4.13620907017738e-06,179.005446420874
k2020,11228,49,50,4.09127704217493e-06,179.005446626559
k2020,11228,49.05,50.05,4.04685172287139e-06,179.00544683001
k2020,11228,49.1,50.1,4.00292713648066e-06,179.005447031252
k2020,11228,49.15,50.15,3.95949738124988e-06,179.005447230311
k2020,11228,49.2,50.2,3.91655662849542e-06,179.00544742721
k2020,11228,49.25,50.25,3.87409912165207e-06,179.005447621975
k2020,11228,49.3,50.3,3.8321191753352e-06,179.005447814628
k2020,11228,49.35,50.35,3.79061117441564e-06,179.005448005194
k2020,11228,49.4,50.4,3.74956957310723e-06,179.005448193697
k2020,11228,49.45,50.45,3.70898889406673e-06,179.005448380159
k2020,11228,49.5,50.5,3.66886372750601e-06,179.005448564603
k2020,11228,49.55,50.55,3.62918873031629e-06,179.005448747053
k2020,11228,49.6,50.6,3.58995862520426e-06,179.00544892753
k2020,11228,49.65,50.65,3.55116819983998e-06,179.005449106056
k2020,11228,49.7,50.7,3.51281230601631e-06,179.005449282654
k2020,11228,49.75,50.75,3.47488585881971e-06,179.005449457344
k2020,11228,49.8,50.8,3.43738383581235e-06,179.005449630149
k2020,11228,49.85,50.85,3.40030127622523e-06,179.00544980109
k2020,11228,49.9,50.9,3.36363328016226e-06,179.005449970186
k2020,11228,49.95,50.95,3.32737500781509e-06,179.00545013746
k2020,11228,50,51,3.29152167868862e-06,179.005450302931
k2020,11228,50.05,51.05,3.25606857083684e-06,179.005450466619
k2020,11228,50.1,51.1,3.22101102010912e-06,179.005450628544
k2020,11228,50.15,51.15,3.18634441940663e-06,179.005450788726
k2020,11228,50.2,51.2,3.15206421794876e-06,179.005450947185
k2020,11228,50.25,51.25,3.11816592054949e-06,179.005451103939
k2020,11228,50.3,51.3,3.08464508690345e-06,179.005451259008
k2020,11228,50.35,51.35,3.05149733088161e-06,179.00545141241
k2020,11228,50.4,51.4,3.0187183198365e-06,179.005451564164
k2020,11228,50.45,51.45,2.98630377391669e-06,179.005451714288
k2020,11228,50.5,51.5,2.95424946539056e-06,179.0054518628
k2020,11228,50.55,51.55,2.9225512179791e-06,179.005452009719
k2020,11228,50.6,51.6,2.89120490619767e-06,179.005452155061
k2020,11228,50.65,51.65,2.86020645470667e-06,179.005452298845
k2020,11228,50.7,51.7,2.8295518376708e-06,179.005452441088
k2020,11228,50.75,51.75,2.79923707812701e-06,179.005452581806
k2020,11228,50.8,51.8,2.76925824736083e-06,179.005452721017
k2020,11228,50.85,51.85,2.7396114642911e-06,179.005452858737
k2020,11228,50.9,51.9,2.71029289486295e-06,179.005452994984
k2020,11228,50.95,51.95,2.68129875144884e-06,179.005453129772
k2020,11228,51,52,2.65262529225761e-06,179.005453263119
k2020,11228,51.05,52.05,2.62426882075149e-06,179.00545339504
k2020,11228,51.1,52.1,2.5962256850708e-06,179.005453525551
k2020,11228,51.15,52.15,2.56849227746637e-06,179.005453654668
k2020,11228,51.2,52.2,2.54106503373954e-06,179.005453782405
k2020,11228,51.25,52.25,2.51394043268959e-06,179.005453908779
k2020,11228,51.3,52.3,2.48711499556853e-06,179.005454033804
k2020,11228,51.35,52.35,2.46058528554313e-06,179.005454157495
k2020,11228,51.4,52.4,2.43434790716421e-06,179.005454279868
k2020,11228,51.45,52.45,2.40839950584278e-06,179.005454400935
k2020,11228,51.5,52.5,2.38273676733336e-06,179.005454520712
k2020,11228,51.55,52.55,2.35735641722399e-06,179.005454639213
k2020,11228,51.6,52.6,2.33225522043309e-06,179.005454756453
k2020,11228,51.65,52.65,2.307429980713e-06,179.005454872444
k2020,11228,51.7,52.7,2.28287754016002e-06,179.0054549872
k2020,11228,51.75,52.75,2.25859477873101e-06,179.005455100736
k2020,11228,51.8,52.8,2.23457861376639e-06,179.005455213064
k2020,11228,51.85,52.85,2.21082599951937e-06,179.005455324198
k2020,11228,51.9,52.9,2.18733392669151e-06,179.005455434151
k2020,11228,51.95,52.95,2.16409942197432e-06,179.005455542936
k2020,11228,52,53,2.14111954759699e-06,179.005455650565
k2020,11228,52.05,53.05,2.11839140088002e-06,179.005455757052
k2020,11228,52.1,53.1,2.09591211379477e-06,179.005455862408
k2020,11228,52.15,53.15,2.07367885252886e-06,179.005455966647
k2020,11228,52.2,53.2,2.05168881705715e-06,179.00545606978
k2020,11228,52.25,53.25,2.02993924071857e-06,179.00545617182
k2020,11228,52.3,53.3,2.00842738979832e-06,179.005456272778
k2020,11228,52.35,53.35,1.98715056311571e-06,179.005456372667
k2020,11228,52.4,53.4,1.96610609161733e-06,179.005456471497
k2020,11228,52.45,53.45,1.94529133797557e-06,179.005456569281
k2020,11228,52.5,53.5,1.92470369619247e-06,179.00545666603
k2020,11228,52.55,53.55,1.90434059120869e-06,179.005456761755
k2020,11228,52.6,53.6,1.88419947851764e-06,179.005456856468
k2020,11228,52.65,53.65,1.86427784378467e-06,179.005456950179
k2020,11228,52.7,53.7,1.84457320247123e-06,179.005457042899
k2020,11228,52.75,53.75,1.82508309946396e-06,179.00545713464
k2020,11228,52.8,53.8,1.80580510870858e-06,179.005457225411
k2020,11228,52.85,53.85,1.78673683284869e-06,179.005457315224
k2020,11228,52.9,53.9,1.7678759028691e-06,179.005457404088
k2020,11228,52.95,53.95,1.749219977744e-06,179.005457492015
k2020,11228,53,54,1.7307667440896e-06,179.005457579014
k2020,11228,53.05,54.05,1.71251391582133e-06,179.005457665095
k2020,11228,53.1,54.1,1.69445923381549e-06,179.005457750268
k2020,11228,53.15,54.15,1.6766004655754e-06,179.005457834544
k2020,11228,53.2,54.2,1.65893540490171e-06,179.005457917932
k2020,11228,53.25,54.25,1.64146187156718e-06,179.005458000441
k2020,11228,53.3,54.3,1.6241777109956e-06,179.005458082081
k2020,11228,53.35,54.35,1.60708079394484e-06,179.005458162862
k2020,11228,53.4,54.4,1.59016901619412e-06,179.005458242792
k2020,11228,53.45,54.45,1.57344029823526e-06,179.005458321882
k2020,11228,53.5,54.5,1.55689258496793e-06,179.005458400139
k2020,11228,53.55,54.55,1.54052384539889e-06,179.005458477574
k2020,11228,53.6,54.6,1.5243320723451e-06,179.005458554195
k2020,11228,53.65,54.65,1.50831528214069e-06,179.00545863001
k2020,11228,53.7,54.7,1.49247151434764e-06,179.005458705029
k2020,11228,53.75,54.75,1.47679883147033e-06,179.00545877926
k2020,11228,53.8,54.8,1.4612953186737e-06,179.005458852712
k2020,11228,53.85,54.85,1.44595908350501e-06,179.005458925392
k2020,11228,53.9,54.9,1.43078825561927e-06,179.00545899731
k2020,11228,53.95,54.95,1.41578098650818e-06,179.005459068474
k2020,11228,54,55,1.40093544923251e-06,179.005459138891
k2020,11228,54.05,55.05,1.38624983815804e-06,179.00545920857
k2020,11228,54.1,55.1,1.37172236869476e-06,179.005459277519
k2020,11228,54.15,55.15,1.35735127703954e-06,179.005459345745
k2020,11228,54.2,55.2,1.34313481992203e-06,179.005459413257
k2020,11228,54.25,55.25,1.32907127435389e-06,179.005459480061
k2020,11228,54.3,55.3,1.31515893738113e-06,179.005459546166
k2020,11228,54.35,55.35,1.30139612583977e-06,179.005459611579
k2020,11228,54.4,55.4,1.28778117611453e-06,179.005459676308
k2020,11228,54.45,55.45,1.27431244390063e-06,179.00545974036
k2020,11228,54.5,55.5,1.26098830396867e-06,179.005459803742
k2020,11228,54.55,55.55,1.2478071499325e-06,179.005459866461
k2020,11228,54.6,55.6,1.23476739402002e-06,179.005459928525
k2020,11228,54.65,55.65,1.22186746684699e-06,179.00545998994
k2020,11228,54.7,55.7,1.20910581719366e-06,179.005460050714
k2020,11228,54.75,55.75,1.19648091178429e-06,179.005460110853
k2020,11228,54.8,55.8,1.18399123506946e-06,179.005460170364
k2020,11228,54.85,55.85,1.17163528901115e-06,179.005460229254
k2020,11228,54.9,55.9,1.15941159287059e-06,179.00546028753
k2020,11228,54.95,55.95,1.14731868299877e-06,179.005460345198
k2020,11228,55,56,1.13535511262966e-06,179.005460402264
k2020,11228,55.05,56.05,1.12351945167603e-06,179.005460458735
k2020,11228,55.1,56.1,1.11181028652785e-06,179.005460514618
k2020,11228,55.15,56.15,1.1002262198533e-06,179.005460569919
k2020,11228,55.2,56.2,1.08876587040223e-06,179.005460624643
k2020,11228,55.25,56.25,1.07742787281222e-06,179.005460678797
k2020,11228,55.3,56.3,1.06621087741699e-06,179.005460732388
k2020,11228,55.35,56.35,1.05511355005729e-06,179.00546078542
k2020,11228,55.4,56.4,1.04413457189422e-06,179.005460837901
k2020,11228,55.45,56.45,1.0332726392248e-06,179.005460889836
k2020,11228,55.5,56.5,1.02252646329999e-06,179.00546094123
k2020,11228,55.55,56.55,1.01189477014495e-06,179.00546099209
k2020,11228,55.6,56.6,1.00137630038157e-06,179.005461042422
k2020,11228,55.65,56.65,9.90969809053266e-07,179.00546109223
k2020,11228,55.7,56.7,9.80674065451964e-07,179.00546114152
k2020,11228,55.75,56.75,9.70487852947264e-07,179.005461190299
k2020,11228,55.8,56.8,9.60409968817767e-07,179.005461238571
k2020,11228,55.85,56.85,9.50439224084523e-07,179.005461286342
k2020,11228,55.9,56.9,9.40574443346569e-07,179.005461333617
k2020,11228,55.95,56.95,9.30814464618539e-07,179.005461380401
k2020,11228,56,57,9.21158139170313e-07,179.0054614267
k2020,11228,56.05,57.05,9.11604331368679e-07,179.005461472518
k2020,11228,56.1,57.1,9.02151918520981e-07,179.005461517862
k2020,11228,56.15,57.15,8.92799790720735e-07,179.005461562735
k2020,11228,56.2,57.2,8.83546850695165e-07,179.005461607144
k2020,11228,56.25,57.25,8.74392013654668e-07,179.005461651092
k2020,11228,56.3,57.3,8.65334207144147e-07,179.005461694584
k2020,11228,56.35,57.35,8.56372370896208e-07,179.005461737627
k2020,11228,56.4,57.4,8.47505456686202e-07,179.005461780223
k2020,11228,56.45,57.45,8.38732428189061e-07,179.005461822379
k2020,11228,56.5,57.5,8.30052260837939e-07,179.005461864098
k2020,11228,56.55,57.55,8.21463941684603e-07,179.005461905386
k2020,11228,56.6,57.6,8.12966469261572e-07,179.005461946246
k2020,11228,56.65,57.65,8.04558853445976e-07,179.005461986684
k2020,11228,56.7,57.7,7.96240115325101e-07,179.005462026703
k2020,11228,56.75,57.75,7.88009287063621e-07,179.005462066309
k2020,11228,56.8,57.8,7.79865411772467e-07,179.005462105506
k2020,11228,56.85,57.85,7.71807543379337e-07,179.005462144297
k2020,11228,56.9,57.9,7.63834746500817e-07,179.005462182688
k2020,11228,56.95,57.95,7.55946096316069e-07,179.005462220682
k2020,11228,57,58,7.48140678442117e-07,179.005462258284
k2020,11228,57.05,58.05,7.40417588810654e-07,179.005462295497
k2020,11228,57.1,58.1,7.32775933546384e-07,179.005462332327
k2020,11228,57.15,58.15,7.25214828846882e-07,179.005462368776
k2020,11228,57.2,58.2,7.17733400863917e-07,179.00546240485
k2020,11228,57.25,58.25,7.1033078558627e-07,179.005462440551
k2020,11228,57.3,58.3,7.03006128723975e-07,179.005462475884
k2020,11228,57.35,58.35,6.95758585594009e-07,179.005462510853
k2020,11228,57.4,58.4,6.88587321007387e-07,179.005462545461
k2020,11228,57.45,58.45,6.81491509157645e-07,179.005462579713
k2020,11228,57.5,58.5,6.74470333510706e-07,179.005462613612
k2020,11228,57.55,58.55,6.67522986696097e-07,179.005462647161
k2020,11228,57.6,58.6,6.60648670399509e-07,179.005462680365
k2020,11228,57.65,58.65,6.5384659525668e-07,179.005462713227
k2020,11228,57.7,58.7,6.47115980748576e-07,179.005462745751
k2020,11228,57.75,58.75,6.40456055097876e-07,179.00546277794
k2020,11228,57.8,58.8,6.33866055166707e-07,179.005462809798
k2020,11228,57.85,58.85,6.27345226355651e-07,179.005462841328
k2020,11228,57.9,58.9,6.20892822503991e-07,179.005462872534
k2020,11228,57.95,58.95,6.14508105791163e-07,179.005462903418
k2020,11228,58,59,6.08190346639441e-07,179.005462933985
k2020,11228,58.05,59.05,6.0193882361779e-07,179.005462964238
k2020,11228,58.1,59.1,5.95752823346908e-07,179.00546299418
k2020,11228,58.15,59.15,5.89631640405434e-07,179.005463023815
k2020,11228,58.2,59.2,5.83574577237283e-07,179.005463053145
k2020,11228,58.25,59.25,5.7758094406014e-07,179.005463082173
k2020,11228,58.3,59.3,5.71650058775043e-07,179.005463110904
k2020,11228,58.35,59.35,5.65781246877091e-07,179.005463139339
k2020,11228,58.4,59.4,5.5997384136723e-07,179.005463167483
k2020,11228,58.45,59.45,5.54227182665116e-07,179.005463195338
k2020,11228,58.5,59.5,5.48540618523039e-07,179.005463222907
k2020,11228,58.55,59.55,5.42913503940893e-07,179.005463250193
k2020,11228,58.6,59.6,5.37345201082185e-07,179.005463277199
k2020,11228,58.65,59.65,5.31835079191061e-07,179.005463303928
k2020,11228,58.7,59.7,5.26382514510336e-07,179.005463330383
k2020,11228,58.75,59.75,5.20986890200531e-07,179.005463356567
k2020,11228,58.8,59.8,5.15647596259877e-07,179.005463382483
k2020,11228,58.85,59.85,5.10364029445302e-07,179.005463408133
k2020,11228,58.9,59.9,5.0513559319437e-07,179.00546343352
k2020,11228,58.95,59.95,4.9996169754816e-07,179.005463458648
k2020,11228,59,60,4.9484175907509e-07,179.005463483517
k2020,11228,59.05,60.05,4.89775200795652e-07,179.005463508133
k2020,11228,59.1,60.1,4.84761452108059e-07,179.005463532496
k2020,11228,59.15,60.15,4.79799948714798e-07,179.00546355661
k2020,11228,59.2,60.2,4.74890132550056e-07,179.005463580477
k2020,11228,59.25,60.25,4.70031451708034e-07,179.0054636041
k2020,11228,59.3,60.3,4.65223360372117e-07,179.005463627481
k2020,11228,59.35,60.35,4.60465318744903e-07,179.005463650623
k2020,11228,59.4,60.4,4.5575679297907e-07,179.005463673528
k2020,11228,59.45,60.45,4.51097255109078e-07,179.005463696199
k2020,11228,59.5,60.5,4.46486182983694e-07,179.005463718639
k2020,11228,59.55,60.55,4.4192306019932e-07,179.005463740849
k2020,11228,59.6,60.6,4.37407376034133e-07,179.005463762832
k2020,11228,59.65,60.65,4.32938625383008e-07,179.00546378459
k2020,11228,59.7,60.7,4.28516308693223e-07,179.005463806126
k2020,11228,59.75,60.75,4.24139931900941e-07,179.005463827442
k2020,11228,59.8,60.8,4.19809006368438e-07,179.005463848541
k2020,11228,59.85,60.85,4.15523048822103e-07,179.005463869424
k2020,11228,59.9,60.9,4.11281581291165e-07,179.005463890094
k2020,11228,59.95,60.95,4.07084131047157e-07,179.005463910553
k2020,11228,60,61,4.02930230544108e-07,179.005463930803
k2020,11228,60.05,61.05,3.98819417359441e-07,179.005463950847
k2020,11228,60.1,61.1,3.94751234135586e-07,179.005463970686
k2020,11228,60.15,61.15,3.90725228522282e-07,179.005463990323
k2020,11228,60.2,61.2,3.86740953119571e-07,179.005464009759
k2020,11228,60.25,61.25,3.82797965421474e-07,179.005464028997
k2020,11228,60.3,61.3,3.78895827760327e-07,179.00546404804
k2020,11228,60.35,61.35,3.75034107251793e-07,179.005464066888
k2020,11228,60.4,61.4,3.71212375740522e-07,179.005464085544
k2020,11228,60.45,61.45,3.67430209746453e-07,179.00546410401
k2020,11228,60.5,61.5,3.63687190411762e-07,179.005464122287
k2020,11228,60.55,61.55,3.59982903448435e-07,179.005464140379
k2020,11228,60.6,61.6,3.56316939086461e-07,179.005464158286
k2020,11228,60.65,61.65,3.52688892022651e-07,179.005464176011
k2020,11228,60.7,61.7,3.49098361370045e-07,179.005464193556
k2020,11228,60.75,61.75,3.45544950607936e-07,179.005464210922
k2020,11228,60.8,61.8,3.42028267532476e-07,179.005464228111
k2020,11228,60.85,61.85,3.38547924207866e-07,179.005464245125
k2020,11228,60.9,61.9,3.35103536918132e-07,179.005464261966
k2020,11228,60.95,61.95,3.31694726119459e-07,179.005464278636
k2020,11228,61,62,3.28321116393097e-07,179.005464295136
k2020,11228,61.05,62.05,3.24982336398818e-07,179.005464311469
k2020,11228,61.1,62.1,3.21678018828922e-07,179.005464327635
k2020,11228,61.15,62.15,3.18407800362792e-07,179.005464343637
k2020,11228,61.2,62.2,3.15171321621974e-07,179.005464359476
k2020,11228,61.25,62.25,3.11968227125795e-07,179.005464375155
k2020,11228,61.3,62.3,3.08798165247497e-07,179.005464390674
k2020,11228,61.35,62.35,3.05660788170888e-07,179.005464406035
k2020,11228,61.4,62.4,3.0255575184751e-07,179.00546442124
k2020,11228,61.45,62.45,2.99482715954297e-07,179.005464436291
k2020,11228,61.5,62.5,2.96441343851744e-07,179.005464451189
k2020,11228,61.55,62.55,2.93431302542553e-07,179.005464465936
k2020,11228,61.6,62.6,2.90452262630777e-07,179.005464480533
k2020,11228,61.65,62.65,2.87503898281434e-07,179.005464494982
k2020,11228,61.7,62.7,2.84585887180597e-07,179.005464509284
k2020,11228,61.75,62.75,2.81697910495952e-07,179.005464523441
k2020,11228,61.8,62.8,2.78839652837815e-07,179.005464537454
k2020,11228,61.85,62.85,2.76010802220607e-07,179.005464551325
k2020,11228,61.9,62.9,2.73211050024782e-07,179.005464565056
k2020,11228,61.95,62.95,2.70440090959187e-07,179.005464578647
k2020,11228,62,63,2.67697623023881e-07,179.0054645921
k2020,11228,62.05,63.05,2.64983347473372e-07,179.005464605417
k2020,11228,62.1,63.1,2.62296968780284e-07,179.005464618599
k2020,11228,62.15,63.15,2.59638194599461e-07,179.005464631647
k2020,11228,62.2,63.2,2.57006735732469e-07,179.005464644563
k2020,11228,62.25,63.25,2.54402306092527e-07,179.005464657348
k2020,11228,62.3,63.3,2.51824622669839e-07,179.005464670004
k2020,11228,62.35,63.35,2.49273405497329e-07,179.005464682531
k2020,11228,62.4,63.4,2.46748377616778e-07,179.005464694932
k2020,11228,62.45,63.45,2.44249265045345e-07,179.005464707206
k2020,11228,62.5,63.5,2.41775796742493e-07,179.005464719357
k2020,11228,62.55,63.55,2.39327704577278e-07,179.005464731384
k2020,11228,62.6,63.6,2.36904723296034e-07,179.00546474329
k2020,11228,62.65,63.65,2.34506590490426e-07,179.005464755075
k2020,11228,62.7,63.7,2.3213304656587e-07,179.005464766741
k2020,11228,62.75,63.75,2.29783834710323e-07,179.005464778289
k2020,11228,62.8,63.8,2.27458700863433e-07,179.00546478972
k2020,11228,62.85,63.85,2.25157393686042e-07,179.005464801035
k2020,11228,62.9,63.9,2.22879664530047e-07,179.005464812236
k2020,11228,62.95,63.95,2.20625267408606e-07,179.005464823324
k2020,11228,63,64,2.18393958966688e-07,179.005464834299
k2020,11228,63.05,64.05,2.16185498451959e-07,179.005464845163
k2020,11228,63.1,64.1,2.13999647686011e-07,179.005464855918
k2020,11228,63.15,64.15,2.11836171035918e-07,179.005464866564
k2020,11228,63.2,64.2,2.09694835386119e-07,179.005464877102
k2020,11228,63.25,64.25,2.07575410110627e-07,179.005464887534
k2020,11228,63.3,64.3,2.05477667045554e-07,179.00546489786
k2020,11228,63.35,64.35,2.03401380461954e-07,179.005464908082
k2020,11228,63.4,64.4,2.0134632703898e-07,179.0054649182
k2020,11228,63.45,64.45,1.99312285837347e-07,179.005464928217
k2020,11228,63.5,64.5,1.97299038273097e-07,179.005464938132
k2020,11228,63.55,64.55,1.9530636809167e-07,179.005464947947
k2020,11228,63.6,64.6,1.93334061342268e-07,179.005464957663
k2020,11228,63.65,64.65,1.91381906352514e-07,179.005464967281
k2020,11228,63.7,64.7,1.89449693703405e-07,179.005464976801
k2020,11228,63.75,64.75,1.87537216204543e-07,179.005464986226
k2020,11228,63.8,64.8,1.85644268869658e-07,179.005464995556
k2020,11228,63.85,64.85,1.83770648892405e-07,179.005465004791
k2020,11228,63.9,64.9,1.81916155622441e-07,179.005465013933
k2020,11228,63.95,64.95,1.80080590541773e-07,179.005465022983
k2020,11228,64,65,1.78263757241377e-07,179.005465031941
k2020,11228,64.05,65.05,1.76465461398082e-07,179.005465040809
k2020,11228,64.1,65.1,1.74685510751723e-07,179.005465049588
k2020,11228,64.15,65.15,1.72923715082544e-07,179.005465058278
k2020,11228,64.2,65.2,1.7117988618887e-07,179.005465066881
k2020,11228,64.25,65.25,1.69453837865023e-07,179.005465075397
k2020,11228,64.3,65.3,1.67745385879499e-07,179.005465083827
k2020,11228,64.35,65.35,1.66054347953382e-07,179.005465092171
k2020,11228,64.4,65.4,1.64380543739013e-07,179.005465100432
k2020,11228,64.45,65.45,1.62723794798897e-07,179.00546510861
k2020,11228,64.5,65.5,1.61083924584849e-07,179.005465116705
k2020,11228,64.55,65.55,1.59460758417376e-07,179.005465124718
k2020,11228,64.6,65.6,1.57854123465299e-07,179.005465132651
k2020,11228,64.65,65.65,1.56263848725595e-07,179.005465140504
k2020,11228,64.7,65.7,1.54689765003477e-07,179.005465148278
k2020,11228,64.75,65.75,1.53131704892696e-07,179.005465155973
k2020,11228,64.8,65.8,1.51589502756064e-07,179.005465163591
k2020,11228,64.85,65.85,1.500629947062e-07,179.005465171133
k2020,11228,64.9,65.9,1.48552018586492e-07,179.005465178598
k2020,11228,64.95,65.95,1.47056413952279e-07,179.005465185988
k2020,11228,65,66,1.45576022052234e-07,179.005465193304
k2020,11228,65.05,66.05,1.44110685809967e-07,179.005465200546
k2020,11228,65.1,66.1,1.42660249805838e-07,179.005465207715
k2020,11228,65.15,66.15,1.4122456025896e-07,179.005465214812
k2020,11228,65.2,66.2,1.39803465009426e-07,179.005465221838
k2020,11228,65.25,66.25,1.38396813500714e-07,179.005465228793
k2020,11228,65.3,66.3,1.37004456762308e-07,179.005465235678
k2020,11228,65.35,66.35,1.35626247392504e-07,179.005465242493
k2020,11228,65.4,66.4,1.34262039541414e-07,179.005465249241
k2020,11228,65.45,66.45,1.3291168889416e-07,179.00546525592
k2020,11228,65.5,66.5,1.31575052654253e-07,179.005465262532
k2020,11228,65.55,66.55,1.30251989527168e-07,179.005465269078
k2020,11228,65.6,66.6,1.28942359704092e-07,179.005465275557
k2020,11228,65.65,66.65,1.27646024845862e-07,179.005465281972
k2020,11228,65.7,66.7,1.26362848067082e-07,179.005465288322
k2020,11228,65.75,66.75,1.25092693920411e-07,179.005465294609
k2020,11228,65.8,66.8,1.23835428381041e-07,179.005465300832
k2020,11228,65.85,66.85,1.22590918831332e-07,179.005465306992
k2020,11228,65.9,66.9,1.21359034045635e-07,179.005465313091
k2020,11228,65.95,66.95,1.2013964417527e-07,179.005465319128
k2020,11228,66,67,1.18932620733684e-07,179.005465325105
k2020,11228,66.05,67.05,1.17737836581766e-07,179.005465331022
k2020,11228,66.1,67.1,1.16555165913331e-07,179.005465336879
k2020,11228,66.15,67.15,1.15384484240765e-07,179.005465342678
k2020,11228,66.2,67.2,1.14225668380832e-07,179.005465348418
k2020,11228,66.25,67.25,1.13078596440629e-07,179.0054653541
k2020,11228,66.3,67.3,1.11943147803716e-07,179.005465359726
k2020,11228,66.35,67.35,1.10819203116381e-07,179.005465365295
k2020,11228,66.4,67.4,1.09706644274073e-07,179.005465370808
k2020,11228,66.45,67.45,1.08605354407975e-07,179.005465376266
k2020,11228,66.5,67.5,1.07515217871736e-07,179.005465381669
k2020,11228,66.55,67.55,1.06436120228341e-07,179.005465387017
k2020,11228,66.6,67.6,1.05367948237134e-07,179.005465392313
k2020,11228,66.65,67.65,1.04310589840982e-07,179.005465397554
k2020,11228,66.7,67.7,1.03263934153583e-07,179.005465402744
k2020,11228,66.75,67.75,1.02227871446914e-07,179.005465407881
k2020,11228,66.8,67.8,1.01202293138813e-07,179.005465412967
k2020,11228,66.85,67.85,1.00187091780714e-07,179.005465418001
k2020,11228,66.9,67.9,9.91821610454959e-08,179.005465422986
k2020,11228,66.95,67.95,9.81873957154877e-08,179.00546542792
k2020,11228,67,68,9.72026916705899e-08,179.005465432804
k2020,11228,67.05,68.05,9.62279458765368e-08,179.00546543764
k2020,11228,67.1,68.1,9.52630563732848e-08,179.005465442427
k2020,11228,67.15,68.15,9.43079222635299e-08,179.005465447167
k2020,11228,67.2,68.2,9.33624437013532e-08,179.005465451858
k2020,11228,67.25,68.25,9.24265218809888e-08,179.005465456503
k2020,11228,67.3,68.3,9.15000590257186e-08,179.005465461101
k2020,11228,67.35,68.35,9.05829583768887e-08,179.005465465653
k2020,11228,67.4,68.4,8.96751241830459e-08,179.00546547016
k2020,11228,67.45,68.45,8.87764616891961e-08,179.005465474621
k2020,11228,67.5,68.5,8.78868771261783e-08,179.005465479037
k2020,11228,67.55,68.55,8.7006277700158e-08,179.00546548341
k2020,11228,67.6,68.6,8.61345715822349e-08,179.005465487738
k2020,11228,67.65,68.65,8.52716678981652e-08,179.005465492023
k2020,11228,67.7,68.7,8.4417476718198e-08,179.005465496266
k2020,11228,67.75,68.75,8.35719090470212e-08,179.005465500465
k2020,11228,67.8,68.8,8.27348768138197e-08,179.005465504623
k2020,11228,67.85,68.85,8.19062928624425e-08,179.005465508739
k2020,11228,67.9,68.9,8.10860709416765e-08,179.005465512814
k2020,11228,67.95,68.95,8.02741256956298e-08,179.005465516848
k2020,11228,68,69,7.94703726542166e-08,179.005465520841
k2020,11228,68.05,69.05,7.86747282237493e-08,179.005465524795
k2020,11228,68.1,69.1,7.78871096776333e-08,179.005465528709
k2020,11228,68.15,69.15,7.71074351471623e-08,179.005465532584
k2020,11228,68.2,69.2,7.63356236124166e-08,179.00546553642
k2020,11228,68.25,69.25,7.55715948932582e-08,179.005465540217
k2020,11228,68.3,69.3,7.4815269640427e-08,179.005465543977
k2020,11228,68.35,69.35,7.40665693267329e-08,179.005465547699
k2020,11228,68.4,69.4,7.33254162383443e-08,179.005465551384
k2020,11228,68.45,69.45,7.25917334661732e-08,179.005465555032
k2020,11228,68.5,69.5,7.1865444897351e-08,179.005465558643
k2020,11228,68.55,69.55,7.11464752068015e-08,179.005465562218
k2020,11228,68.6,69.6,7.04347498489027e-08,179.005465565758
k2020,11228,68.65,69.65,6.97301950492411e-08,179.005465569262
k2020,11228,68.7,69.7,6.90327377964555e-08,179.005465572731
k2020,11228,68.75,69.75,6.83423058341692e-08,179.005465576165
k2020,11228,68.8,69.8,6.7658827653011e-08,179.005465579565
k2020,11228,68.85,69.85,6.69822324827219e-08,179.005465582931
k2020,11228,68.9,69.9,6.63124502843486e-08,179.005465586264
k2020,11228,68.95,69.95,6.56494117425227e-08,179.005465589563
k2020,11228,69,70,6.49930482578206e-08,179.005465592829
k2020,12784,0.05,1.05,0.116302762500018,0.00125096737506547
k2020,12784,0.1,1.1,0.784376881354742,0.0219094716783249
k2020,12784,0.15,1.15,1.66831325913325,0.0830134103901146
k2020,12784,0.2,1.2,2.55906255698728,0.188775225658168
k2020,12784,0.25,1.25,3.42723241954732,0.338534867118002
k2020,12784,0.3,1.3,4.27088800205331,0.531089275239351
k2020,12784,0.35,1.35,5.09051802837886,0.76522321557079
k2020,12784,0.4,1.4,5.88675479828645,1.0397511997476
k2020,12784,0.45,1.45,6.66021968663816,1.35351917413581
k2020,12784,0.5,1.5,7.41151611577074,1.70540370337918
k2020,12784,0.55,1.55,8.14123042088917,2.0943110981482
k2020,12784,0.6,1.6,8.84993274170249,2.51917656688431
k2020,12784,0.65,1.65,9.53817770333601,2.97896342061177
k2020,12784,0.7,1.7,10.2065049433288,3.47266237109754
k2020,12784,0.75,1.75,10.8554396434716,3.99929071776731
k2020,12784,0.8,1.8,11.4854929590378,4.5578916611961
k2020,12784,0.85,1.85,12.0971624259655,5.14753362096409
k2020,12784,0.9,1.9,12.6909323411177,5.76730958087122
k2020,12784,0.95,1.95,13.2672741520487,6.41633640135439
k2020,12784,1,2,13.8266468105606,7.09375418875157
k2020,12784,1.05,2.05,14.3694971005566,7.79872570536524
k2020,12784,1.1,2.1,14.8962599684199,8.53043577010404
k2020,12784,1.15,2.15,15.4073588605182,9.28809064214563
k2020,12784,1.2,2.2,15.9032060212551,10.0709174755743
k2020,12784,1.25,2.25,16.3842028085779,10.8781637393184
k2020,12784,1.3,2.3,16.8507399461752,11.709096753737
k2020,12784,1.35,2.35,17.3031978509515,12.5630030858263
k2020,12784,1.4,2.4,17.7419468912761,13.4391880723729
k2020,12784,1.45,2.45,18.1673476663353,14.3369753031003
k2020,12784,1.5,2.5,18.5797512304763,15.2557062060057
k2020,12784,1.55,2.55,18.9794994004299,16.1947394774016
k2020,12784,1.6,2.6,19.3669249519288,17.1534507177656
k2020,12784,1.65,2.65,19.7423518863573,18.1312319370508
k2020,12784,1.7,2.7,20.1060956606268,19.1274911280485
k2020,12784,1.75,2.75,20.4584634127798,20.1416518474961
k2020,12784,1.8,2.8,20.7997541849243,21.1731528019842
k2020,12784,1.85,2.85,21.1302591368301,22.2214474510832
k2020,12784,1.9,2.9,21.4502617340915,23.2860036576217
k2020,12784,1.95,2.95,21.7600379964239,24.366303226139
k2020,12784,2,3,22.0598566850463,25.4618415544146
k2020,12784,2.05,3.05,22.3499794696966,26.572127322772
k2020,12784,2.1,3.1,22.6306611151076,27.6966821471728
k2020,12784,2.15,3.15,22.9021496779175,28.8350402128694
k2020,12784,2.2,3.2,23.1646866914833,29.9867479304819
k2020,12784,2.25,3.25,23.4185073347175,31.151363621715
k2020,12784,2.3,3.3,23.6638405951225,32.3284572158188
k2020,12784,2.35,3.35,23.9009094325287,33.5176099447128
k2020,12784,2.4,3.4,24.1299309413116,34.7184140409057
k2020,12784,2.45,3.45,24.3511165069868,35.9304724458362
k2020,12784,2.5,3.5,24.5646719566221,37.1533985296775
k2020,12784,2.55,3.55,24.77079770508,38.3868158188696
k2020,12784,2.6,3.6,24.9696888983109,39.6303577291124
k2020,12784,2.65,3.65,25.1615355533135,40.8836673045363
k2020,12784,2.7,3.7,25.3465226940961,42.1463969642888
k2020,12784,2.75,3.75,25.5248304836605,43.4182082564974
k2020,12784,2.8,3.8,25.6966343524667,44.6987716187608
k2020,12784,2.85,3.85,25.8621051236584,45.9877661446489
k2020,12784,2.9,3.9,26.021409135038,47.284879356232
k2020,12784,2.95,3.95,26.1747083577429,48.5898069827335
k2020,12784,3,4,26.3221605117028,49.9022527451551
k2020,12784,3.05,4.05,26.4639191780305,51.2219281465943
k2020,12784,3.1,4.1,26.6001339084592,52.5485522680456
k2020,12784,3.15,4.15,26.7309503318839,53.8818515695753
k2020,12784,3.2,4.2,26.8565102580623,55.2215596967747
k2020,12784,3.25,4.25,26.9769517785477,56.5674172923494
k2020,12784,3.3,4.3,27.0924093649432,57.9191718126863
k2020,12784,3.35,4.35,27.2030139645517,59.2765773492558
k2020,12784,3.4,4.4,27.3088930934878,60.63939445473
k2020,12784,3.45,4.45,27.4101709273151,62.0073899736975
k2020,12784,3.5,4.5,27.5069683892745,63.3803368778536
k2020,12784,3.55,4.55,27.5994032361707,64.7580141055431
k2020,12784,3.6,4.6,27.6875901419798,66.1402064055372
k2020,12784,3.65,4.65,27.7716407792373,67.5267041849352
k2020,12784,3.7,4.7,27.8516638982665,68.9173033610815
k2020,12784,3.75,4.75,27.9277654043028,70.3118052173923
k2020,12784,3.8,4.8,28.000048432572,71.7100162629871
k2020,12784,3.85,4.85,28.0686134213768,73.1117480960231
k2020,12784,3.9,4.9,28.1335581832436,74.5168172706358
k2020,12784,3.95,4.95,28.1949779741822,75.9250451673893
k2020,12784,4,5,28.2529655611083,77.3362578671436
k2020,12784,4.05,5.05,28.3076112874771,78.7502860282481
k2020,12784,4.1,5.1,28.3590031371768,80.1669647669732
k2020,12784,4.15,5.15,28.4072267967272,81.586133541094
k2020,12784,4.2,5.2,28.4523657158295,83.0076360365419
k2020,12784,4.25,5.25,28.4945011663105,84.4313200570442
k2020,12784,4.3,5.3,28.5337122995035,85.8570374166715
k2020,12784,4.35,5.35,28.5700762021088,87.2846438352154
k2020,12784,4.4,5.4,28.6036679505737,88.7139988363229
k2020,12784,4.45,5.45,28.6345606640302,90.1449656483125
k2020,12784,4.5,5.5,28.6628255558309,91.5774111076031
k2020,12784,4.55,5.55,28.6885319837188,93.0112055646849
k2020,12784,4.6,5.6,28.7117474986675,94.4462227925649
k2020,12784,4.65,5.65,28.7325378924281,95.8823398976231
k2020,12784,4.7,5.7,28.7509672438163,97.319437232813
k2020,12784,4.75,5.75,28.7670979637731,98.7573983131471
k2020,12784,4.8,5.8,28.780990839233,100.196109733404
k2020,12784,4.85,5.85,28.7927050758295,101.635461088002
k2020,12784,4.9,5.9,28.8022983394703,103.075344892976
k2020,12784,4.95,5.95,28.8098267968117,104.515656510008
k2020,12784,5,6,28.8153451546617,105.956294072457
k2020,12784,5.05,6.05,28.8189066983396,107.397158413324
k2020,12784,5.1,6.1,28.8205633290207,108.838152995123
k2020,12784,5.15,6.15,28.8203656000925,110.279183841579
k2020,12784,5.2,6.2,28.8183627525494,111.720159471132
k2020,12784,5.25,6.25,28.81460274945,113.160990832183
k2020,12784,5.3,6.3,28.8091323094636,114.601591240038
k2020,12784,5.35,6.35,28.8019969395289,116.041876315506
k2020,12784,5.4,6.4,28.7932409666493,117.481763925119
k2020,12784,5.45,6.45,28.7829075688469,118.921174122902
k2020,12784,5.5,6.5,28.7710388052983,120.360029093691
k2020,12784,5.55,6.55,28.7576756456738,121.798253097918
k2020,12784,5.6,6.6,28.7428579987003,123.235772417861
k2020,12784,5.65,6.65,28.7266247399701,124.672515305289
k2020,12784,5.7,6.7,28.7090137390141,126.108411930491
k2020,12784,5.75,6.75,28.69006188566,127.543394332628
k2020,12784,5.8,6.8,28.6698051156935,128.977396371398
k2020,12784,5.85,6.85,28.6482784358422,130.410353679958
k2020,12784,5.9,6.9,28.6255159480992,131.842203619086
k2020,12784,5.95,6.95,28.6015508734044,133.272885232531
k2020,12784,6,7,28.5764155747001,134.702339203548
k2020,12784,6.05,7.05,28.5501415793784,136.130507812556
k2020,12784,6.1,7.1,28.5227596011354,137.557334895914
k2020,12784,6.15,7.15,28.4942995612492,138.982765805765
k2020,12784,6.2,7.2,28.4647906092953,140.40674737094
k2020,12784,6.25,7.25,28.4342611433163,141.829227858877
k2020,12784,6.3,7.3,28.4027388294592,143.250156938536
k2020,12784,6.35,7.35,28.3702506210941,144.66948564429
k2020,12784,6.4,7.4,28.336822777429,146.087166340748
k2020,12784,6.45,7.45,28.302480881634,147.503152688504
k2020,12784,6.5,7.5,28.2672498584869,148.917399610778
k2020,12784,6.55,7.55,28.231153991554,150.329863260928
k2020,12784,6.6,7.6,28.1942169399176,151.74050099081
k2020,12784,6.65,7.65,28.1564617544633,153.149271319962
k2020,12784,6.7,7.7,28.1179108937375,154.556133905591
k2020,12784,6.75,7.75,28.0785862393869,155.961049513349
k2020,12784,6.8,7.8,28.0385091111924,157.363979988858
k2020,12784,6.85,7.85,27.9977002817051,158.764888229991
k2020,12784,6.9,7.9,27.9561799904991,160.163738159863
k2020,12784,6.95,7.95,27.9139679580469,161.560494700536
k2020,12784,7,8,27.8710833992311,162.955123747398
k2020,12784,7.05,8.05,27.8275450364998,164.347592144217
k2020,12784,7.1,8.1,27.7833711126752,165.73786765884
k2020,12784,7.15,8.15,27.7385794034268,167.125918959525
k2020,12784,7.2,8.2,27.6931872294144,168.511715591888
k2020,12784,7.25,8.25,27.6472114681134,169.895227956452
k2020,12784,7.3,8.3,27.6006685653285,171.27642728677
k2020,12784,7.35,8.35,27.553574546404,172.655285628133
k2020,12784,7.4,8.4,27.5059450271409,174.031775816812
k2020,12784,7.45,8.45,27.4577952244254,175.405871459853
k2020,12784,7.5,8.5,27.4091399665796,176.777546915388
k2020,12784,7.55,8.55,27.3599937034389,178.146777273465
k2020,12784,7.6,8.6,27.3103705161658,179.513538337362
k2020,12784,7.65,8.65,27.2602841268054,180.877806605403
k2020,12784,7.7,8.7,27.2097479075899,182.239559253226
k2020,12784,7.75,8.75,27.1587748899996,183.598774116527
k2020,12784,7.8,8.8,27.1073777735848,184.955429674241
k2020,12784,7.85,8.85,27.0555689345573,186.309505032162
k2020,12784,7.9,8.9,27.0033604341564,187.660979906986
k2020,12784,7.95,8.95,26.9507640267946,189.009834610766
k2020,12784,8,9,26.8977911679909,190.356050035771
k2020,12784,8.05,9.05,26.8444530220948,191.699607639736
k2020,12784,8.1,9.1,26.7907604698092,193.040489431489
k2020,12784,8.15,9.15,26.7367241155151,194.378677956957
k2020,12784,8.2,9.2,26.6823542944049,195.714156285527
k2020,12784,8.25,9.25,26.6276610794283,197.046907996759
k2020,12784,8.3,9.3,26.5726542880575,198.376917167449
k2020,12784,8.35,9.35,26.5173434888736,199.704168359015
k2020,12784,8.4,9.4,26.4617380079822,201.028646605215
k2020,12784,8.45,9.45,26.4058469352596,202.350337400183
k2020,12784,8.5,9.5,26.3496791304372,203.669226686767
k2020,12784,8.55,9.55,26.2932432290252,204.985300845172
k2020,12784,8.6,9.6,26.2365476480825,206.298546681893
k2020,12784,8.65,9.65,26.1796005918352,207.608951418935
k2020,12784,8.7,9.7,26.1224100571482,208.916502683308
k2020,12784,8.75,9.75,26.0649838388545,210.22118849679
k2020,12784,8.8,9.8,26.0073295349441,211.522997265961
k2020,12784,8.85,9.85,25.9494545516187,212.821917772483
k2020,12784,8.9,9.9,25.8913661082135,214.117939163639
k2020,12784,8.95,9.95,25.8330712419908,215.411050943104
k2020,12784,9,10,25.7745768128087,216.701242961964
k2020,12784,9.05,10.05,25.7158895076676,217.988505409957
k2020,12784,9.1,10.1,25.6570158451384,219.272828806941
k2020,12784,9.15,10.15,25.5979621796755,220.554203994583
k2020,12784,9.2,10.2,25.5387347058164,221.832622128259
k2020,12784,9.25,10.25,25.4793394622732,223.108074669157
k2020,12784,9.3,10.3,25.4197823359165,224.38055337659
k2020,12784,9.35,10.35,25.3600690656558,225.650050300497
k2020,12784,9.4,10.4,25.3002052462193,226.916557774144
k2020,12784,9.45,10.45,25.2401963318344,228.180068407008
k2020,12784,9.5,10.5,25.1800476398137,229.440575077835
k2020,12784,9.55,10.55,25.1197643540463,230.698070927892
k2020,12784,9.6,10.6,25.0593515283997,231.95254935437
k2020,12784,9.65,10.65,24.9988140900319,233.204004003978
k2020,12784,9.7,10.7,24.9381568426187,234.452428766678
k2020,12784,9.75,10.75,24.8773844694963,235.697817769596
k2020,12784,9.8,10.8,24.8165015367226,236.940165371082
k2020,12784,9.85,10.85,24.7555124960591,238.179466154916
k2020,12784,9.9,10.9,24.694421687875,239.415714924672
k2020,12784,9.95,10.95,24.6332333439764,240.648906698215
k2020,12784,10,11,24.5719515903623,241.879036702345
k2020,12784,10.05,11.05,24.510580449908,243.106100367572
k2020,12784,10.1,11.1,24.4491238449808,244.330093323027
k2020,12784,10.15,11.15,24.3875855999858,245.551011391498
k2020,12784,10.2,11.2,24.3259694438478,246.7688505846
k2020,12784,10.25,11.25,24.2642790124274,247.983607098053
k2020,12784,10.3,11.3,24.2025178508755,249.195277307096
k2020,12784,10.35,11.35,24.1406894159261,250.403857762004
k2020,12784,10.4,11.4,24.0787970781309,251.609345183726
k2020,12784,10.45,11.45,24.016844124035,252.811736459628
k2020,12784,10.5,11.5,23.954833758297,254.011028639349
k2020,12784,10.55,11.55,23.8927691057543,255.207218930756
k2020,12784,10.6,11.6,23.8306532134347,256.400304696004
k2020,12784,10.65,11.65,23.7684890525165,257.590283447697
k2020,12784,10.7,11.7,23.7062795202381,258.777152845139
k2020,12784,10.75,11.75,23.6440274417577,259.960910690688
k2020,12784,10.8,11.8,23.5817355719656,261.141554926195
k2020,12784,10.85,11.85,23.5194065972498,262.319083629536
k2020,12784,10.9,11.9,23.4570431372159,263.49349501123
k2020,12784,10.95,11.95,23.3946477463626,264.664787411141
k2020,12784,11,12,23.3322229157147,265.832959295265
k2020,12784,11.05,12.05,23.2697710744133,266.998009252595
k2020,12784,11.1,12.1,23.2072945912654,268.159935992068
k2020,12784,11.15,12.15,23.1447957762543,269.318738339582
k2020,12784,11.2,12.2,23.08227688201,270.474415235095
k2020,12784,11.25,12.25,23.0197401052425,271.626965729795
k2020,12784,11.3,12.3,22.9571875881388,272.776388983334
k2020,12784,11.35,12.35,22.894621419723,273.922684261139
k2020,12784,11.4,12.4,22.8320436371822,275.065850931788
k2020,12784,11.45,12.45,22.7694562271585,276.205888464449
k2020,12784,11.5,12.5,22.7068611270072,277.342796426383
k2020,12784,11.55,12.55,22.6442602260235,278.476574480515
k2020,12784,11.6,12.6,22.5816553666375,279.607222383058
k2020,12784,11.65,12.65,22.5190483455786,280.734739981196
k2020,12784,11.7,12.7,22.4564409150103,281.859127210834
k2020,12784,11.75,12.75,22.3938347836354,282.980384094392
k2020,12784,11.8,12.8,22.3312316177743,284.098510738664
k2020,12784,11.85,12.85,22.268633042414,285.213507332718
k2020,12784,11.9,12.9,22.2060406422316,286.325374145864
k2020,12784,11.95,12.95,22.1434559625916,287.434111525655
k2020,12784,12,13,22.0808805105168,288.539719895953
k2020,12784,12.05,13.05,22.018315755636,289.64219975503
k2020,12784,12.1,13.1,21.9557631311057,290.741551673725
k2020,12784,12.15,13.15,21.8932240345105,291.837776293641
k2020,12784,12.2,13.2,21.8306998287384,292.93087432539
k2020,12784,12.25,13.25,21.7681918428355,294.020846546878
k2020,12784,12.3,13.3,21.7057013728383,295.107693801637
k2020,12784,12.35,13.35,21.6432296825846,296.191416997189
k2020,12784,12.4,13.4,21.5807780045046,297.272017103462
k2020,12784,12.45,13.45,21.5183475403912,298.349495151235
k2020,12784,12.5,13.5,21.4559394621509,299.423852230628
k2020,12784,12.55,13.55,21.3935549125363,300.495089489623
k2020,12784,12.6,13.6,21.3311950058591,301.563208132625
k2020,12784,12.65,13.65,21.2688608286857,302.62820941906
k2020,12784,12.7,13.7,21.2065534405152,303.690094662003
k2020,12784,12.75,13.75,21.1442738744397,304.748865226839
k2020,12784,12.8,13.8,21.0820231377886,305.804522529962
k2020,12784,12.85,13.85,21.0198022127564,306.857068037502
k2020,12784,12.9,13.9,20.9576120570142,307.906503264083
k2020,12784,12.95,13.95,20.8954536043067,308.952829771611
k2020,12784,13,14,20.8333277650331,309.996049168094
k2020,12784,13.05,14.05,20.7712354268145,311.036163106487
k2020,12784,13.1,14.1,20.7091774550457,312.07317328357
k2020,12784,13.15,14.15,20.6471546934348,313.107081438848
k2020,12784,13.2,14.2,20.5851679645271,314.137889353479
k2020,12784,13.25,14.25,20.5232180702182,315.165598849231
k2020,12784,13.3,14.3,20.4613057922523,316.19021178746
k2020,12784,13.35,14.35,20.3994318927089,317.211730068115
k2020,12784,13.4,14.4,20.3375971144772,318.230155628771
k2020,12784,13.45,14.45,20.2758021817189,319.245490443672
k2020,12784,13.5,14.5,20.2140478003184,320.257736522816
k2020,12784,13.55,14.55,20.152334658323,321.266895911045
k2020,12784,13.6,14.6,20.0906634263712,322.272970687166
k2020,12784,13.65,14.65,20.0290347581108,323.275962963093
k2020,12784,13.7,14.7,19.9674492906063,324.275874883006
k2020,12784,13.75,14.75,19.9059076447364,325.27270862253
k2020,12784,13.8,14.8,19.844410425581,326.26646638794
k2020,12784,13.85,14.85,19.7829582227996,327.257150415376
k2020,12784,13.9,14.9,19.721551610999,328.244762970084
k2020,12784,13.95,14.95,19.6601911500931,329.229306345671
k2020,12784,14,15,19.598877385653,330.210782863381
k2020,12784,14.05,15.05,19.5376108492483,331.189194871384
k2020,12784,14.1,15.1,19.4763920587806,332.164544744085
k2020,12784,14.15,15.15,19.4152215188085,333.13683488145
k2020,12784,14.2,15.2,19.3540997208638,334.106067708345
k2020,12784,14.25,15.25,19.293027143761,335.072245673895
k2020,12784,14.3,15.3,19.2320042538986,336.035371250854
k2020,12784,14.35,15.35,19.1710315055528,336.995446934989
k2020,12784,14.4,15.4,19.1101093411642,337.952475244486
k2020,12784,14.45,15.45,19.0492381916175,338.906458719363
k2020,12784,14.5,15.5,18.9884184765141,339.857399920899
k2020,12784,14.55,15.55,18.9276506044382,340.805301431076
k2020,12784,14.6,15.6,18.8669349732157,341.750165852034
k2020,12784,14.65,15.65,18.806271970168,342.691995805544
k2020,12784,14.7,15.7,18.7456619723586,343.630793932481
k2020,12784,14.75,15.75,18.6851053468333,344.566562892327
k2020,12784,14.8,15.8,18.624602450856,345.499305362667
k2020,12784,14.85,15.85,18.5641536321371,346.429024038709
k2020,12784,14.9,15.9,18.5037592290575,347.355721632816
k2020,12784,14.95,15.95,18.4434195708864,348.279400874039
k2020,12784,15,16,18.383134977994,349.200064507668
k2020,12784,15.05,16.05,18.3229057620591,350.117715294796
k2020,12784,15.1,16.1,18.2627322262718,351.032356011885
k2020,12784,15.15,16.15,18.2026146655307,351.943989450348
k2020,12784,15.2,16.2,18.1425533666358,352.852618416143
k2020,12784,15.25,16.25,18.0825486084765,353.758245729365
k2020,12784,15.3,16.3,18.0226006622155,354.660874223863
k2020,12784,15.35,16.35,17.9627097914669,355.560506746852
k2020,12784,15.4,16.4,17.902876252472,356.457146158546
k2020,12784,15.45,16.45,17.843100294269,357.350795331786
k2020,12784,15.5,16.5,17.7833821588597,358.241457151692
k2020,12784,15.55,16.55,17.7237220813715,359.129134515311
k2020,12784,15.6,16.6,17.6641202902164,360.013830331275
k2020,12784,15.65,16.65,17.604577007245,360.895547519475
k2020,12784,15.7,16.7,17.5450924478976,361.774289010732
k2020,12784,15.75,16.75,17.4856668213515,362.650057746484
k2020,12784,15.8,16.8,17.4263003306646,363.522856678471
k2020,12784,15.85,16.85,17.3669931729157,364.392688768438
k2020,12784,15.9,16.9,17.3077455393413,365.259556987837
k2020,12784,15.95,16.95,17.2485576154694,366.123464317539
k2020,12784,16,17,17.1894295812495,366.98441374755
k2020,12784,16.05,17.05,17.1303616111806,367.842408276739
k2020,12784,16.1,17.1,17.0713538744345,368.697450912562
k2020,12784,16.15,17.15,17.0124065349779,369.549544670808
k2020,12784,16.2,17.2,16.9535197516905,370.398692575334
k2020,12784,16.25,17.25,16.8946936784805,371.244897657817
k2020,12784,16.3,17.3,16.8359284643974,372.088162957506
k2020,12784,16.35,17.35,16.7772242537425,372.928491520985
k2020,12784,16.4,17.4,16.718581186176,373.765886401936
k2020,12784,16.45,17.45,16.6599993968222,374.60035066091
k2020,12784,16.5,17.5,16.6014790163721,375.431887365104
k2020,12784,16.55,17.55,16.5430201711834,376.260499588139
k2020,12784,16.6,17.6,16.484622983378,377.086190409849
k2020,12784,16.65,17.65,16.4262875709379,377.90896291607
k2020,12784,16.7,17.7,16.3680140477979,378.728820198435
k2020,12784,16.75,17.75,16.3098025239369,379.545765354175
k2020,12784,16.8,17.8,16.2516531054665,380.359801485922
k2020,12784,16.85,17.85,16.1935658947182,381.17093170152
k2020,12784,16.9,17.9,16.1355409903275,381.979159113837
k2020,12784,16.95,17.95,16.0775784873171,382.784486840579
k2020,12784,17,18,16.0196784771776,383.586918004119
k2020,12784,17.05,18.05,15.9618410479465,384.386455731316
k2020,12784,17.1,18.1,15.904066284285,385.183103153344
k2020,12784,17.15,18.15,15.8463542675538,385.976863405529
k2020,12784,17.2,18.2,15.788705075886,386.767739627186
k2020,12784,17.25,18.25,15.7311187842594,387.555734961455
k2020,12784,17.3,18.3,15.6735954645669,388.340852555147
k2020,12784,17.35,18.35,15.6161351856841,389.123095558595
k2020,12784,17.4,18.4,15.5587380135374,389.902467125497
k2020,12784,17.45,18.45,15.5014040111685,390.678970412781
k2020,12784,17.5,18.5,15.444133238799,391.45260858045
k2020,12784,17.55,18.55,15.3869257538924,392.223384791454
k2020,12784,17.6,18.6,15.329781611215,392.991302211546
k2020,12784,17.65,18.65,15.2727008628962,393.756364009151
k2020,12784,17.7,18.7,15.2156835584858,394.518573355236
k2020,12784,17.75,18.75,15.1587297450118,395.277933423184
k2020,12784,17.8,18.8,15.1018394670352,396.034447388665
k2020,12784,17.85,18.85,15.0450127667049,396.788118429517
k2020,12784,17.9,18.9,14.9882496838106,397.538949725628
k2020,12784,17.95,18.95,14.9315502558346,398.286944458816
k2020,12784,18,19,14.8749145180026,399.032105812716
k2020,12784,18.05,19.05,14.8183425033333,399.774436972671
k2020,12784,18.1,19.1,14.7618342426868,400.513941125618
k2020,12784,18.15,19.15,14.7053897648119,401.250621459987
k2020,12784,18.2,19.2,14.6490090963922,401.984481165592
k2020,12784,18.25,19.25,14.5926922620919,402.71552343353
k2020,12784,18.3,19.3,14.5364392845992,403.443751456083
k2020,12784,18.35,19.35,14.4802501846702,404.169168426618
k2020,12784,18.4,19.4,14.4241249811708,404.891777539493
k2020,12784,18.45,19.45,14.3680636911182,405.611581989961
k2020,12784,18.5,19.5,14.3120663297209,406.328584974084
k2020,12784,18.55,19.55,14.2561329104185,407.042789688636
k2020,12784,18.6,19.6,14.2002634449205,407.754199331024
k2020,12784,18.65,19.65,14.1444579432433,408.462817099194
k2020,12784,18.7,19.7,14.0887164137479,409.168646191553
k2020,12784,18.75,19.75,14.0330388631754,409.871689806885
k2020,12784,18.8,19.8,13.9774252966827,410.571951144273
k2020,12784,18.85,19.85,13.9218757178765,411.269433403016
k2020,12784,18.9,19.9,13.8663901288476,411.964139782558
k2020,12784,18.95,19.95,13.8109685302036,412.656073482409
k2020,12784,19,20,13.7556109211009,413.345237702072
k2020,12784,19.05,20.05,13.700317299277,414.031635640975
k2020,12784,19.1,20.1,13.6450876610806,414.715270498395
k2020,12784,19.15,20.15,13.5899220015022,415.396145473395
k2020,12784,19.2,20.2,13.5348203142036,416.074263764751
k2020,12784,19.25,20.25,13.4797825915466,416.749628570894
k2020,12784,19.3,20.3,13.4248088246215,417.422243089836
k2020,12784,19.35,20.35,13.3698990032746,418.092110519117
k2020,12784,19.4,20.4,13.3150531161354,418.759234055735
k2020,12784,19.45,20.45,13.2602711506428,419.423616896092
k2020,12784,19.5,20.5,13.2055530930714,420.085262235932
k2020,12784,19.55,20.55,13.1508989285562,420.744173270285
k2020,12784,19.6,20.6,13.0963086411182,421.400353193407
k2020,12784,19.65,20.65,13.0417822136879,422.053805198731
k2020,12784,19.7,20.7,12.9873196281296,422.704532478808
k2020,12784,19.75,20.75,12.9329208652643,423.352538225256
k2020,12784,19.8,20.8,12.8785859048926,423.99782562871
k2020,12784,19.85,20.85,12.824314725817,424.640397878768
k2020,12784,19.9,20.9,12.7701073058633,425.280258163945
k2020,12784,19.95,20.95,12.7159636219026,425.917409671622
k2020,12784,20,21,12.6618836498714,426.551855588001
k2020,12784,20.05,21.05,12.6078673647926,427.183599098059
k2020,12784,20.1,21.1,12.5539147407954,427.812643385499
k2020,12784,20.15,21.15,12.5000257511346,428.438991632712
k2020,12784,20.2,21.2,12.4462003682101,429.062647020726
k2020,12784,20.25,21.25,12.3924385635854,429.683612729172
k2020,12784,20.3,21.3,12.3387403080062,430.301891936236
k2020,12784,20.35,21.35,12.2851055714182,430.917487818623
k2020,12784,20.4,21.4,12.2315343229851,431.530403551514
k2020,12784,20.45,21.45,12.1780265311054,432.140642308531
k2020,12784,20.5,21.5,12.1245821634293,432.748207261696
k2020,12784,20.55,21.55,12.0712011868759,433.353101581394
k2020,12784,20.6,21.6,12.0178835676486,433.955328436339
k2020,12784,20.65,21.65,11.9646292712514,434.55489099354
k2020,12784,20.7,21.7,11.9114382625047,435.151792418259
k2020,12784,20.75,21.75,11.8583105055599,435.746035873988
k2020,12784,20.8,21.8,11.8052459639149,436.337624522404
k2020,12784,20.85,21.85,11.7522446004284,436.926561523349
k2020,12784,20.9,21.9,11.6993063773346,437.512850034788
k2020,12784,20.95,21.95,11.6464312562566,438.096493212783
k2020,12784,21,22,11.593619198221,438.677494211465
k2020,12784,21.05,22.05,11.5408701636707,439.255856182997
k2020,12784,21.1,22.1,11.4881841124785,439.831582277555
k2020,12784,21.15,22.15,11.43556100396,440.40467564329
k2020,12784,21.2,22.2,11.3830007968862,440.975139426309
k2020,12784,21.25,22.25,11.330503449496,441.542976770641
k2020,12784,21.3,22.3,11.2780689195085,442.108190818216
k2020,12784,21.35,22.35,11.2256971641348,442.670784708836
k2020,12784,21.4,22.4,11.1733881400901,443.230761580152
k2020,12784,21.45,22.45,11.1211418036045,443.788124567638
k2020,12784,21.5,22.5,11.0689581104353,444.342876804568
k2020,12784,21.55,22.55,11.016837015877,444.895021421992
k2020,12784,21.6,22.6,10.9647784747729,445.444561548714
k2020,12784,21.65,22.65,10.9127824415256,445.991500311267
k2020,12784,21.7,22.7,10.8608488701073,446.535840833897
k2020,12784,21.75,22.75,10.8089777140701,447.077586238535
k2020,12784,21.8,22.8,10.757168926556,447.61673964478
k2020,12784,21.85,22.85,10.705422460307,448.153304169879
k2020,12784,21.9,22.9,10.6537382676746,448.687282928705
k2020,12784,21.95,22.95,10.6021163006293,449.21867903374
k2020,12784,22,23,10.55055651077,449.747495595054
k2020,12784,22.05,23.05,10.4990588493333,450.273735720291
k2020,12784,22.1,23.1,10.4476232672019,450.797402514643
k2020,12784,22.15,23.15,10.3962497149144,451.318499080842
k2020,12784,22.2,23.2,10.344938142673,451.837028519136
k2020,12784,22.25,23.25,10.2936885003527,452.352993927275
k2020,12784,22.3,23.3,10.2425007375094,452.866398400496
k2020,12784,22.35,23.35,10.1913748033879,453.377245031505
k2020,12784,22.4,23.4,10.1403106469305,453.885536910463
k2020,12784,22.45,23.45,10.0893082167844,454.39127712497
k2020,12784,22.5,23.5,10.03836746131,454.894468760053
k2020,12784,22.55,23.55,9.98748832858799,455.395114898147
k2020,12784,22.6,23.6,9.93667076642742,455.893218619088
k2020,12784,22.65,23.65,9.88591472237277,456.388783000092
k2020,12784,22.7,23.7,9.83522014371136,456.881811115748
k2020,12784,22.75,23.75,9.78458697748046,457.372306038004
k2020,12784,22.8,23.8,9.73401517047441,457.86027083615
k2020,12784,22.85,23.85,9.68350466925144,458.345708576815
k2020,12784,22.9,23.9,9.6330554201406,458.828622323944
k2020,12784,22.95,23.95,9.58266736924839,459.309015138799
k2020,12784,23,24,9.53234046246542,459.786890079938
k2020,12784,23.05,24.05,9.48207464547286,460.262250203209
k2020,12784,23.1,24.1,9.43186986374888,460.73509856174
k2020,12784,23.15,24.15,9.38172606257498,461.205438205927
k2020,12784,23.2,24.2,9.33164318704213,461.673272183425
k2020,12784,23.25,24.25,9.28162118205696,462.13860353914
k2020,12784,23.3,24.3,9.23165999234778,462.601435315219
k2020,12784,23.35,24.35,9.1817595624705,463.061770551039
k2020,12784,23.4,24.4,9.13191983681452,463.519612283203
k2020,12784,23.45,24.45,9.0821407596085,463.974963545528
k2020,12784,23.5,24.5,9.0324222749261,464.42782736904
k2020,12784,23.55,24.55,8.98276432669157,464.878206781962
k2020,12784,23.6,24.6,8.93316685868533,465.326104809713
k2020,12784,23.65,24.65,8.88362981454945,465.771524474895
k2020,12784,23.7,24.7,8.83415313779308,466.214468797291
k2020,12784,23.75,24.75,8.78473677179782,466.654940793854
k2020,12784,23.8,24.8,8.73538065982297,467.092943478705
k2020,12784,23.85,24.85,8.6860847450108,467.528479863123
k2020,12784,23.9,24.9,8.6368489703917,467.961552955542
k2020,12784,23.95,24.95,8.58767327888931,468.392165761547
k2020,12784,24,25,8.5385576133256,468.820321283864
k2020,12784,24.05,25.05,8.48950191642586,469.246022522358
k2020,12784,24.1,25.1,8.44050613082367,469.669272474028
k2020,12784,24.15,25.15,8.39157019906583,470.090074133004
k2020,12784,24.2,25.2,8.34269406361723,470.50843049054
k2020,12784,24.25,25.25,8.29387766686568,470.924344535011
k2020,12784,24.3,25.3,8.24512095112673,471.33781925191
k2020,12784,24.35,25.35,8.19642385864839,471.748857623845
k2020,12784,24.4,25.4,8.14778633161589,472.157462630532
k2020,12784,24.45,25.45,8.09920831215636,472.563637248799
k2020,12784,24.5,25.5,8.05068974234349,472.967384452576
k2020,12784,24.55,25.55,8.00223056420217,473.368707212895
k2020,12784,24.6,25.6,7.95383071971311,473.76760849789
k2020,12784,24.65,25.65,7.90549015081744,474.164091272793
k2020,12784,24.7,25.7,7.85720879942123,474.55815849993
k2020,12784,24.75,25.75,7.80898660740013,474.949813138724
k2020,12784,24.8,25.8,7.76082351660383,475.339058145691
k2020,12784,24.85,25.85,7.71271946886062,475.725896474436
k2020,12784,24.9,25.9,7.66467440598194,476.110331075658
k2020,12784,24.95,25.95,7.61668826976684,476.492364897145
k2020,12784,25,26,7.56876100200653,476.872000883776
k2020,12784,25.05,26.05,7.52089254448885,477.249241977517
k2020,12784,25.1,26.1,7.47308283900281,477.624091117425
k2020,12784,25.15,26.15,7.4253318273431,477.996551239647
k2020,12784,25.2,26.2,7.37763945131461,478.36662527742
k2020,12784,25.25,26.25,7.33000565273695,478.73431616107
k2020,12784,25.3,26.3,7.28243037344901,479.099626818015
k2020,12784,25.35,26.35,7.2349135553135,479.462560172767
k2020,12784,25.4,26.4,7.18745514022157,479.823119146931
k2020,12784,25.45,26.45,7.14005507009739,480.181306659206
k2020,12784,25.5,26.5,7.09271328690277,480.537125625389
k2020,12784,25.55,26.55,7.04542973264184,480.890578958378
k2020,12784,25.6,26.6,6.99820434936574,481.24166956817
k2020,12784,25.65,26.65,6.95103707917735,481.590400361866
k2020,12784,25.7,26.7,6.90392786423605,481.936774243675
k2020,12784,25.75,26.75,6.85687664676255,482.280794114914
k2020,12784,25.8,26.8,6.80988336904376,482.622462874014
k2020,12784,25.85,26.85,6.76294797343766,482.961783416521
k2020,12784,25.9,26.9,6.71607040237834,483.2987586351
k2020,12784,25.95,26.95,6.66925059838099,483.633391419543
k2020,12784,26,27,6.62248850404701,483.965684656766
k2020,12784,26.05,27.05,6.57578406206917,484.29564123082
k2020,12784,26.1,27.1,6.52913721523686,484.623264022892
k2020,12784,26.15,27.15,6.48254790644142,484.948555911311
k2020,12784,26.2,27.2,6.43601607868157,485.271519771554
k2020,12784,26.25,27.25,6.38954167506884,485.592158476249
k2020,12784,26.3,27.3,6.34312463883325,485.910474895183
k2020,12784,26.35,27.35,6.29676491332895,486.226471895311
k2020,12784,26.4,27.4,6.25046244204005,486.540152340753
k2020,12784,26.45,27.45,6.20421716858653,486.851519092812
k2020,12784,26.5,27.5,6.15802903673032,487.160575009972
k2020,12784,26.55,27.55,6.11189799038142,487.46732294791
k2020,12784,26.6,27.6,6.06582397360421,487.771765759503
k2020,12784,26.65,27.65,6.01980693062394,488.073906294834
k2020,12784,26.7,27.7,5.97384680583332,488.373747401202
k2020,12784,26.75,27.75,5.92794354379922,488.67129192313
k2020,12784,26.8,27.8,5.88209708926968,488.966542702374
k2020,12784,26.85,27.85,5.83630738718095,489.259502577931
k2020,12784,26.9,27.9,5.79057438266483,489.550174386051
k2020,12784,26.95,27.95,5.7448980210561,489.838560960246
k2020,12784,27,28,5.69927824790026,490.124665131298
k2020,12784,27.05,28.05,5.65371500896142,490.408489727273
k2020,12784,27.1,28.1,5.60820825023042,490.690037573531
k2020,12784,27.15,28.15,5.56275791793324,490.969311492736
k2020,12784,27.2,28.2,5.51736395853964,491.246314304872
k2020,12784,27.25,28.25,5.47202631877199,491.521048827251
k2020,12784,27.3,28.3,5.42674494561454,491.793517874526
k2020,12784,27.35,28.35,5.38151978632284,492.06372425871
k2020,12784,27.4,28.4,5.33635078843353,492.331670789182
k2020,12784,27.45,28.45,5.29123789977449,492.597360272707
k2020,12784,27.5,28.5,5.24618106847525,492.860795513449
k2020,12784,27.55,28.55,5.20118024297785,493.121979312985
k2020,12784,27.6,28.6,5.15623537204801,493.380914470323
k2020,12784,27.65,28.65,5.11134640478677,493.637603781917
k2020,12784,27.7,28.7,5.0665132906425,493.892050041687
k2020,12784,27.75,28.75,5.02173597942337,494.14425604103
k2020,12784,27.8,28.8,4.97701442131033,494.394224568847
k2020,12784,27.85,28.85,4.9323485668705,494.641958411556
k2020,12784,27.9,28.9,4.88773836707117,494.887460353112
k2020,12784,27.95,28.95,4.84318377329433,495.13073317503
k2020,12784,28,29,4.79868473735173,495.371779656405
k2020,12784,28.05,29.05,4.75424121150061,495.610602573933
k2020,12784,28.1,29.1,4.70985314846004,495.847204701935
k2020,12784,28.15,29.15,4.665520501428,496.081588812379
k2020,12784,28.2,29.2,4.6212432240991,496.313757674907
k2020,12784,28.25,29.25,4.57702127068314,496.543714056855
k2020,12784,28.3,29.3,4.53285459592441,496.771460723286
k2020,12784,28.35,29.35,4.48874315512189,496.997000437013
k2020,12784,28.4,29.4,4.44468690415034,497.220335958629
k2020,12784,28.45,29.45,4.4006857994823,497.441470046533
k2020,12784,28.5,29.5,4.35673979821119,497.660405456967
k2020,12784,28.55,29.55,4.31284885807538,497.87714494404
k2020,12784,28.6,29.6,4.26901293748345,498.091691259767
k2020,12784,28.65,29.65,4.22523199554065,498.304047154099
k2020,12784,28.7,29.7,4.18150599207658,498.514215374962
k2020,12784,28.75,29.75,4.13783488767431,498.722198668291
k2020,12784,28.8,29.8,4.09421864370082,498.92799977807
k2020,12784,28.85,29.85,4.05065722233909,499.131621446372
k2020,12784,28.9,29.9,4.00715058662166,499.333066413398
k2020,12784,28.95,29.95,3.96369870046607,499.532337417526
k2020,12784,29,30,3.92030152871198,499.729437195351
k2020,12784,29.05,30.05,3.87695903716036,499.924368481734
k2020,12784,29.1,30.1,3.83367119261463,500.117134009851
k2020,12784,29.15,30.15,3.79043796292413,500.307736511244
k2020,12784,29.2,30.2,3.74725931702989,500.496178715873
k2020,12784,29.25,30.25,3.70413522501286,500.682463352178
k2020,12784,29.3,30.3,3.66106565814495,500.866593147127
k2020,12784,29.35,30.35,3.61805058894278,501.048570826287
k2020,12784,29.4,30.4,3.57508999122468,501.22839911388
k2020,12784,29.45,30.45,3.53218384017075,501.406080732854
k2020,12784,29.5,30.5,3.48933211238667,501.581618404952
k2020,12784,29.55,30.55,3.44653478597104,501.755014850782
k2020,12784,29.6,30.6,3.40379184058691,501.9262727899
k2020,12784,29.65,30.65,3.36110325753762,502.09539494088
k2020,12784,29.7,30.7,3.31846901984718,502.262384021409
k2020,12784,29.75,30.75,3.27588911234578,502.427242748368
k2020,12784,29.8,30.8,3.23336352176056,502.589973837926
k2020,12784,29.85,30.85,3.19089223681226,502.750580005639
k2020,12784,29.9,30.9,3.14847524831801,502.909063966549
k2020,12784,29.95,30.95,3.10611254930091,503.065428435296
k2020,12784,30,31,3.06380413510683,503.219676126227
k2020,12784,30.05,31.05,3.02155000352902,503.371809753517
k2020,12784,30.1,31.1,2.97935015494128,503.521832031297
k2020,12784,30.15,31.15,2.93720459244021,503.66974567378
k2020,12784,30.2,31.2,2.89511332199746,503.815553395409
k2020,12784,30.25,31.25,2.85307635262273,503.959257910999
k2020,12784,30.3,31.3,2.81109369653856,504.100861935894
k2020,12784,30.35,31.35,2.76916536936769,504.240368186135
k2020,12784,30.4,31.4,2.72729139033451,504.377779378634
k2020,12784,30.45,31.45,2.68547178248139,504.513098231356
k2020,12784,30.5,31.5,2.64370657290163,504.646327463521
k2020,12784,30.55,31.55,2.60199579299034,504.777469795809
k2020,12784,30.6,31.6,2.56033947871503,504.906527950582
k2020,12784,30.65,31.65,2.51873767090775,505.033504652123
k2020,12784,30.7,31.7,2.47719041558086,505.158402626883
k2020,12784,30.75,31.75,2.43569776426876,505.28122460375
k2020,12784,30.8,31.8,2.39425977439816,505.401973314336
k2020,12784,30.85,31.85,2.35287650968984,505.520651493279
k2020,12784,30.9,31.9,2.31154804059497,505.637261878569
k2020,12784,30.95,31.95,2.2702744447699,505.751807211896
k2020,12784,31,32,2.22905580759317,505.864290239027
k2020,12784,31.05,32.05,2.18789222272964,505.974713710198
k2020,12784,31.1,32.1,2.14678379274672,506.083080380552
k2020,12784,31.15,32.15,2.10573062978866,506.189393010595
k2020,12784,31.2,32.2,2.06473285631549,506.293654366694
k2020,12784,31.25,32.25,2.02379060591413,506.395867221617
k2020,12784,31.3,32.3,1.9829040241904,506.496034355104
k2020,12784,31.35,32.35,1.94207326975143,506.594158554498
k2020,12784,31.4,32.4,1.90129851528992,506.69024261542
k2020,12784,31.45,32.45,1.86057994878296,506.784289342503
k2020,12784,31.5,32.5,1.81991777482011,506.876301550185
k2020,12784,31.55,32.55,1.77931221607781,506.966282063584
k2020,12784,31.6,32.6,1.73876351495961,507.054233719433
k2020,12784,31.65,32.65,1.69827193542526,507.140159367121
k2020,12784,31.7,32.7,1.65783776503468,507.224061869813
k2020,12784,31.75,32.75,1.61746131723819,507.305944105688
k2020,12784,31.8,32.8,1.57714293394869,507.385808969301
k2020,12784,31.85,32.85,1.53688298843855,507.463659373071
k2020,12784,31.9,32.9,1.49668188861113,507.539498248935
k2020,12784,31.95,32.95,1.45654008070624,507.613328550165
k2020,12784,32,33,1.41645805350989,507.685153253389
k2020,12784,32.05,33.05,1.37643634315248,507.754975360841
k2020,12784,32.1,33.1,1.33647553859617,507.822797902853
k2020,12784,32.15,33.15,1.29657628793272,507.888623940658
k2020,12784,32.2,33.2,1.25673930563891,507.952456569521
k2020,12784,32.25,33.25,1.21696538096819,508.014298922263
k2020,12784,32.3,33.3,1.17725538769748,508.074154173236
k2020,12784,32.35,33.35,1.13761029549825,508.132025542829
k2020,12784,32.4,33.4,1.09803118326553,508.187916302585
k2020,12784,32.45,33.45,1.05851925481999,508.241829781043
k2020,12784,32.5,33.5,1.01907585750667,508.29376937044
k2020,12784,32.55,33.55,0.979702504348206,508.343738534421
k2020,12784,32.6,33.6,0.94040090059405,508.39174081697
k2020,12784,32.65,33.65,0.901172975749447,508.437779852793
k2020,12784,32.7,33.7,0.862020922484454,508.481859379475
k2020,12784,32.75,33.75,0.822947244263622,508.523983251789
k2020,12784,32.8,33.8,0.783954814130446,508.564155458654
k2020,12784,32.85,33.85,0.745046947906631,508.602380143374
k2020,12784,32.9,33.9,0.706227496221765,508.638661627996
k2020,12784,32.95,33.95,0.667500961480319,508.673004442857
k2020,12784,33,34,0.628872647887696,508.705413362718
k2020,12784,33.05,34.05,0.590348853980789,508.735893451009
k2020,12784,33.1,34.1,0.551937139465188,508.764450117123
k2020,12784,33.15,34.15,0.513646666788647,508.79108918685
k2020,12784,33.2,34.2,0.475488666523378,508.815816992354
k2020,12784,33.25,34.25,0.437477110733688,508.838640493605
k2020,12784,33.3,34.3,0.399629643793273,508.859567436879
k2020,12784,33.35,34.35,0.36196894303371,508.878606568323
k2020,12784,33.4,34.4,0.324524798187244,508.895767936257
k2020,12784,33.45,34.45,0.287337300115596,508.911063318342
k2020,12784,33.5,34.5,0.25046205825102,508.924506858312
k2020,12784,33.55,34.55,0.213979043792129,508.936116040749
k2020,12784,33.6,34.6,0.178008562879736,508.945913268112
k2020,12784,33.65,34.65,0.142742208118468,508.953928562155
k2020,12784,33.7,34.7,0.10850835854715,508.960204550141
k2020,12784,33.75,34.75,0.0759264066862709,508.964806584181
k2020,12784,33.8,34.8,0.0463121117104278,508.967845754212
k2020,12784,33.85,34.85,0.0227214015044983,508.969536312772
k2020,12784,33.9,34.9,0.0102369431476739,508.970307015872
k2020,12784,33.95,34.95,0.00725901538639435,508.970722627868
k2020,12784,34,35,0.00676013865425453,508.971070212471
k2020,12784,34.05,35.05,0.00655838494431454,508.971402874424
k2020,12784,34.1,35.1,0.00638996631009954,508.971726534054
k2020,12784,34.15,35.15,0.00622973656761651,508.972042000963
k2020,12784,34.2,35.2,0.00607523492142622,508.972349602607
k2020,12784,34.25,35.25,0.00592601385798599,508.972649612405
k2020,12784,34.3,35.3,0.00578180936180056,508.972942287582
k2020,12784,34.35,35.35,0.0056423862238985,508.973227873014
k2020,12784,34.4,35.4,0.00550752467831198,508.973506602216
k2020,12784,34.45,35.45,0.00537701835543219,508.973778698055
k2020,12784,34.5,35.5,0.00525067320656466,508.974044373392
k2020,12784,34.55,35.55,0.00512830658203851,508.974303831673
k2020,12784,34.6,35.6,0.00500974639596221,508.97455726748
k2020,12784,34.65,35.65,0.00489483036404373,508.974804867039
k2020,12784,34.7,35.7,0.00478340530728009,508.975046808691
k2020,12784,34.75,35.75,0.00467532651544399,508.975283263333
k2020,12784,34.8,35.8,0.0045704571635771,508.975514394826
k2020,12784,34.85,35.85,0.00446866777606748,508.975740360375
k2020,12784,34.9,35.9,0.0043698357354057,508.975961310886
k2020,12784,34.95,35.95,0.00427384482938153,508.976177391295
k2020,12784,35,36,0.00418058483416834,508.976388740879
k2020,12784,35.05,36.05,0.00408995113040217,508.976595493545
k2020,12784,35.1,36.1,0.00400184434805654,508.976797778103
k2020,12784,35.15,36.15,0.00391617003860013,508.976995718517
k2020,12784,35.2,36.2,0.00383283837147296,508.977189434146
k2020,12784,35.25,36.25,0.00375176383294372,508.977379040027
k2020,12784,35.3,36.3,0.00367286504032795,508.977564647114
k2020,12784,35.35,36.35,0.00359606437129762,508.977746362063
k2020,12784,35.4,36.4,0.00352128785693881,508.977924287882
k2020,12784,35.45,36.45,0.0034484649513374,508.978098523979
k2020,12784,35.5,36.5,0.00337752828131224,508.978269166352
k2020,12784,35.55,36.55,0.00330841350180607,508.978436307699
k2020,12784,35.6,36.6,0.00324105914332984,508.978600037542
k2020,12784,35.65,36.65,0.00317540640021864,508.978760442447
k2020,12784,35.7,36.7,0.00311139904533905,508.978917606065
k2020,12784,35.75,36.75,0.00304898325354187,508.979071609312
k2020,12784,35.8,36.8,0.00298810748087456,508.979222530476
k2020,12784,35.85,36.85,0.00292872235654058,508.979370445307
k2020,12784,35.9,36.9,0.00287078055183542,508.97951542715
k2020,12784,35.95,36.95,0.00281423668458649,508.979657547033
k2020,12784,36,37,0.00275904722631844,508.979796873746
k2020,12784,36.05,37.05,0.00270517038251357,508.979933473976
k2020,12784,36.1,37.1,0.0026525660463381,508.980067412325
k2020,12784,36.15,37.15,0.00260119567387889,508.980198751459
k2020,12784,36.2,37.2,0.00255102222959381,508.98032755215
k2020,12784,36.25,37.25,0.00250201012023327,508.980453873335
k2020,12784,36.3,37.3,0.00245412510173253,508.980577772227
k2020,12784,36.35,37.35,0.00240733422960496,508.980699304358
k2020,12784,36.4,37.4,0.0023616058049224,508.980818523627
k2020,12784,36.45,37.45,0.00231690930052889,508.980935482391
k2020,12784,36.5,37.5,0.00227321531205536,508.981050231511
k2020,12784,36.55,37.55,0.00223049550947969,508.981162820402
k2020,12784,36.6,37.6,0.00218872259184902,508.98127329708
k2020,12784,36.65,37.65,0.00214787023207604,508.981381708229
k2020,12784,36.7,37.7,0.00210791303678975,508.981488099239
k2020,12784,36.75,37.75,0.00206882650646536,508.981592514255
k2020,12784,36.8,37.8,0.00203058699679932,508.981694996216
k2020,12784,36.85,37.85,0.00199317168310875,508.981795586894
k2020,12784,36.9,37.9,0.00195655852017201,508.981894326947
k2020,12784,36.95,37.95,0.00192072621148192,508.981991255947
k2020,12784,37,38,0.00188565417804021,508.982086412421
k2020,12784,37.05,38.05,0.001851322528303,508.982179833884
k2020,12784,37.1,38.1,0.00181771203041695,508.98227155687
k2020,12784,37.15,38.15,0.00178480408501252,508.982361616968
k2020,12784,37.2,38.2,0.0017525806970638,508.982450048853
k2020,12784,37.25,38.25,0.00172102445305702,508.982536886316
k2020,12784,37.3,38.3,0.00169011849771135,508.982622162291
k2020,12784,37.35,38.35,0.00165984651176157,508.982705908885
k2020,12784,37.4,38.4,0.00163019269122632,508.982788157397
k2020,12784,37.45,38.45,0.00160114172788278,508.982868938349
k2020,12784,37.5,38.5,0.00157267878760231,508.982948281512
k2020,12784,37.55,38.55,0.00154478949333916,508.983026215926
k2020,12784,37.6,38.6,0.00151745990779523,508.983102769924
k2020,12784,37.65,38.65,0.00149067651678541,508.983177971154
k2020,12784,37.7,38.7,0.00146442621403913,508.983251846595
k2020,12784,37.75,38.75,0.00143869628583783,508.983324422579
k2020,12784,37.8,38.8,0.00141347439311519,508.98339572482
k2020,12784,37.85,38.85,0.00138874856267214,508.983465778417
k2020,12784,37.9,38.9,0.00136450717373862,508.983534607878
k2020,12784,37.95,38.95,0.00134073893834352,508.983602237147
k2020,12784,38,39,0.00131743289961588,508.9836686896
k2020,12784,38.05,39.05,0.0012945784090549,508.983733988086
k2020,12784,38.1,39.1,0.00127216512240036,508.983798154915
k2020,12784,38.15,39.15,0.00125018299102922,508.983861211905
k2020,12784,38.2,39.2,0.00122862223604958,508.983923180351
k2020,12784,38.25,39.25,0.00120747336990939,508.983984081114
k2020,12784,38.3,39.3,0.00118672715755907,508.984043934511
k2020,12784,38.35,39.35,0.00116637461842966,508.984102760457
k2020,12784,38.4,39.4,0.00114640706814796,508.984160578384
k2020,12784,38.45,39.45,0.00112681595855905,508.984217407402
k2020,12784,38.5,39.5,0.00110759297658958,508.984273266091
k2020,12784,38.55,39.55,0.00108873014530424,508.98432817266
k2020,12784,38.6,39.6,0.00107021961298771,508.984382144929
k2020,12784,38.65,39.65,0.00105205373620965,508.984435200349
k2020,12784,38.7,39.7,0.00103422510495447,508.98448735595
k2020,12784,38.75,39.75,0.00101672649172133,508.98453862839
k2020,12784,38.8,39.8,0.00099955084966642,508.984589033994
k2020,12784,38.85,39.85,0.000982691316495655,508.984638588744
k2020,12784,38.9,39.9,0.000966141206673126,508.984687308282
k2020,12784,38.95,39.95,0.000949894006087271,508.984735207915
k2020,12784,39,40,0.000933943365270833,508.984782302629
k2020,12784,39.05,40.05,0.000918283094836198,508.984828607095
k2020,12784,39.1,40.1,0.000902907160261719,508.984874135681
k2020,12784,39.15,40.15,0.000887809677748249,508.984918902455
k2020,12784,39.2,40.2,0.000872984909044876,508.984962921197
k2020,12784,39.25,40.25,0.000858427257542941,508.985006205401
k2020,12784,39.3,40.3,0.00084413126346354,508.985048768286
k2020,12784,39.35,40.35,0.000830091600382589,508.985090622802
k2020,12784,39.4,40.4,0.000816303070634527,508.985131781635
k2020,12784,39.45,40.45,0.00080276060220349,508.985172257213
k2020,12784,39.5,40.5,0.000789459244262578,508.985212061716
k2020,12784,39.55,40.55,0.000776394164509671,508.985251207077
k2020,12784,39.6,40.6,0.00076356064508084,508.985289704994
k2020,12784,39.65,40.65,0.000750954079052351,508.985327566927
k2020,12784,39.7,40.7,0.00073856996804993,508.985364804111
k2020,12784,39.75,40.75,0.000726403918885895,508.98540142756
k2020,12784,39.8,40.8,0.000714451640308743,508.985437448068
k2020,12784,39.85,40.85,0.00070270894051668,508.985472876218
k2020,12784,39.9,40.9,0.000691171723681543,508.985507722387
k2020,12784,39.95,40.95,0.000679835987717244,508.985541996748
k2020,12784,40,41,0.00066869782251452,508.985575709278
k2020,12784,40.05,41.05,0.000657753406213894,508.985608869759
k2020,12784,40.1,41.1,0.000646999002473679,508.985641487785
k2020,12784,40.15,41.15,0.000636430959753375,508.985673572765
k2020,12784,40.2,41.2,0.000626045708531619,508.985705133928
k2020,12784,40.25,41.25,0.00061583975754306,508.985736180324
k2020,12784,40.3,41.3,0.000605809693026732,508.985766720835
k2020,12784,40.35,41.35,0.000595952177671293,508.985796764169
k2020,12784,40.4,41.4,0.000586263946661184,508.985826318874
k2020,12784,40.45,41.45,0.000576741805705135,508.985855393332
k2020,12784,40.5,41.5,0.000567382631211457,508.985883995771
k2020,12784,40.55,41.55,0.000558183367476508,508.98591213426
k2020,12784,40.6,41.6,0.00054914102340588,508.985939816722
k2020,12784,40.65,41.65,0.000540252672730872,508.985967050929
k2020,12784,40.7,41.7,0.000531515452374091,508.985993844509
k2020,12784,40.75,41.75,0.000522926559667529,508.986020204947
k2020,12784,40.8,41.8,0.000514483251275611,508.986046139591
k2020,12784,40.85,41.85,0.000506182842093245,508.986071655653
k2020,12784,40.9,41.9,0.000498022703511965,508.986096760213
k2020,12784,40.95,41.95,0.000490000261883595,508.986121460219
k2020,12784,41,42,0.000482112997294064,508.986145762492
k2020,12784,41.05,42.05,0.000474358442273467,508.98616967373
k2020,12784,41.1,42.1,0.000466734180442965,508.986193200508
k2020,12784,41.15,42.15,0.000459237845253639,508.98621634928
k2020,12784,41.2,42.2,0.000451867118802252,508.986239126386
k2020,12784,41.25,42.25,0.000444619730656887,508.986261538048
k2020,12784,41.3,42.3,0.000437493456699753,508.986283590377
k2020,12784,41.35,42.35,0.00043048611801436,508.986305289376
k2020,12784,41.4,42.4,0.000423595579812015,508.986326640936
k2020,12784,41.45,42.45,0.000416819750383986,508.986347650845
k2020,12784,41.5,42.5,0.000410156580079861,508.986368324788
k2020,12784,41.55,42.55,0.000403604060316793,508.986388668348
k2020,12784,41.6,42.6,0.000397160222617669,508.986408687006
k2020,12784,41.65,42.65,0.000390823137677748,508.986428386149
k2020,12784,41.7,42.7,0.000384590914452603,508.986447771067
k2020,12784,41.75,42.75,0.000378461699272747,508.986466846957
k2020,12784,41.8,42.8,0.000372433674985512,508.986485618924
k2020,12784,41.85,42.85,0.000366505060118039,508.986504091981
k2020,12784,41.9,42.9,0.000360674108062492,508.986522271057
k2020,12784,41.95,42.95,0.000354939106284458,508.986540160991
k2020,12784,42,43,0.000349298375552715,508.986557766539
k2020,12784,42.05,43.05,0.000343750269189137,508.986575092373
k2020,12784,42.1,43.1,0.000338293172338709,508.986592143083
k2020,12784,42.15,43.15,0.000332925501259126,508.98660892318
k2020,12784,42.2,43.2,0.0003276457026291,508.986625437097
k2020,12784,42.25,43.25,0.000322452252874795,508.986641689189
k2020,12784,42.3,43.3,0.000317343657513911,508.986657683737
k2020,12784,42.35,43.35,0.000312318450516899,508.986673424945
k2020,12784,42.4,43.4,0.000307375193684726,508.986688916948
k2020,12784,42.45,43.45,0.000302512476042677,508.986704163807
k2020,12784,42.5,43.5,0.000297728913249747,508.986719169514
k2020,12784,42.55,43.55,0.000293023147023132,508.986733937994
k2020,12784,42.6,43.6,0.000288393844577163,508.986748473103
k2020,12784,42.65,43.65,0.000283839698077348,508.986762778631
k2020,12784,42.7,43.7,0.000279359424106892,508.986776858304
k2020,12784,42.75,43.75,0.000274951763146931,508.986790715784
k2020,12784,42.8,43.8,0.000270615479070661,508.98680435467
k2020,12784,42.85,43.85,0.000266349358649334,508.986817778501
k2020,12784,42.9,43.9,0.000262152211070335,508.986830990756
k2020,12784,42.95,43.95,0.000258022867467472,508.986843994853
k2020,12784,43,44,0.000253960180462811,508.986856794154
k2020,12784,43.05,44.05,0.000249963023719541,508.986869391963
k2020,12784,43.1,44.1,0.000246030291505759,508.98688179153
k2020,12784,43.15,44.15,0.000242160898268882,508.986893996048
k2020,12784,43.2,44.2,0.000238353778220297,508.986906008657
k2020,12784,43.25,44.25,0.000234607884929967,508.986917832446
k2020,12784,43.3,44.3,0.000230922190930736,508.986929470449
k2020,12784,43.35,44.35,0.000227295687332071,508.986940925652
k2020,12784,43.4,44.4,0.00022372738344296,508.986952200988
k2020,12784,43.45,44.45,0.000220216306403688,508.986963299344
k2020,12784,43.5,44.5,0.000216761500826303,508.986974223557
k2020,12784,43.55,44.55,0.000213362028443469,508.986984976416
k2020,12784,43.6,44.6,0.000210016967765443,508.986995560666
k2020,12784,43.65,44.65,0.000206725413745371,508.987005979005
k2020,12784,43.7,44.7,0.000203486477451795,508.987016234085
k2020,12784,43.75,44.75,0.000200299285748838,508.987026328515
k2020,12784,43.8,44.8,0.000197162980984088,508.987036264861
k2020,12784,43.85,44.85,0.000194076720683324,508.987046045647
k2020,12784,43.9,44.9,0.000191039677252108,508.987055673354
k2020,12784,43.95,44.95,0.000188051037684301,508.987065150422
k2020,12784,44,45,0.000185110003277136,508.987074479251
k2020,12784,44.05,45.05,0.000182215789352643,508.987083662202
k2020,12784,44.1,45.1,0.000179367624985325,508.987092701598
k2020,12784,44.15,45.15,0.000176564752735932,508.98710159972
k2020,12784,44.2,45.2,0.000173806428391141,508.987110358815
k2020,12784,44.25,45.25,0.000171091920708982,508.987118981093
k2020,12784,44.3,45.3,0.000168420511169894,508.987127468726
k2020,12784,44.35,45.35,0.000165791493733241,508.987135823851
k2020,12784,44.4,45.4,0.000163204174599159,508.98714404857
k2020,12784,44.45,45.45,0.000160657871975594,508.987152144952
k2020,12784,44.5,45.5,0.000158151915850399,508.98716011503
k2020,12784,44.55,45.55,0.00015568564776836,508.987167960805
k2020,12784,44.6,45.6,0.000153258420612998,508.987175684245
k2020,12784,44.65,45.65,0.000150869598393215,508.987183287287
k2020,12784,44.7,45.7,0.000148518556034271,508.987190771835
k2020,12784,44.75,45.75,0.00014620467917329,508.987198139762
k2020,12784,44.8,45.8,0.000143927363959256,508.987205392912
k2020,12784,44.85,45.85,0.00014168601685713,508.987212533098
k2020,12784,44.9,45.9,0.000139480054456059,508.987219562103
k2020,12784,44.95,45.95,0.000137308903281695,508.987226481683
k2020,12784,45,46,0.000135171999612433,508.987233293564
k2020,12784,45.05,46.05,0.000133068789299462,508.987239999445
k2020,12784,45.1,46.1,0.000130998727590572,508.987246600996
k2020,12784,45.15,46.15,0.000128961278957622,508.987253099861
k2020,12784,45.2,46.2,0.000126955916927573,508.987259497658
k2020,12784,45.25,46.25,0.00012498212391699,508.987265795979
k2020,12784,45.3,46.3,0.000123039391069955,508.987271996389
k2020,12784,45.35,46.35,0.000121127218099294,508.987278100428
k2020,12784,45.4,46.4,0.000119245113131043,508.987284109612
k2020,12784,45.45,46.45,0.000117392592552071,508.987290025432
k2020,12784,45.5,46.5,0.000115569180860801,508.987295849356
k2020,12784,45.55,46.55,0.000113774410520937,508.987301582827
k2020,12784,45.6,46.6,0.000112007821818133,508.987307227267
k2020,12784,45.65,46.65,0.000110268962719596,508.987312784072
k2020,12784,45.7,46.7,0.000108557388736408,508.987318254618
k2020,12784,45.75,46.75,0.000106872662788617,508.987323640258
k2020,12784,45.8,46.8,0.000105214355073083,508.987328942324
k2020,12784,45.85,46.85,0.000103582042933887,508.987334162127
k2020,12784,45.9,46.9,0.000101975310735293,508.987339300955
k2020,12784,45.95,46.95,0.000100393749737239,508.987344360078
k2020,12784,46,47,9.88369579732755e-05,508.987349340743
k2020,12784,46.05,47.05,9.7304540130887e-05,508.98735424418
k2020,12784,46.1,47.1,9.579610743415e-05,508.987359071597
k2020,12784,46.15,47.15,9.43112775286877e-05,508.987363824184
k2020,12784,46.2,47.2,9.28496743688529e-05,508.987368503111
k2020,12784,46.25,47.25,9.14109281070994e-05,508.987373109532
k2020,12784,46.3,47.3,8.99946749854889e-05,508.987377644579
k2020,12784,46.35,47.35,8.86005572292909e-05,508.987382109368
k2020,12784,46.4,47.4,8.72282229426257e-05,508.987386504998
k2020,12784,46.45,47.45,8.58773260061066e-05,508.987390832548
k2020,12784,46.5,47.5,8.454752597644e-05,508.987395093082
k2020,12784,46.55,47.55,8.32384879879371e-05,508.987399287647
k2020,12784,46.6,47.6,8.19498826558914e-05,508.987403417271
k2020,12784,46.65,47.65,8.06813859818221e-05,508.98740748297
k2020,12784,46.7,47.7,7.94326792604592e-05,508.98741148574
k2020,12784,46.75,47.75,7.82034489884976e-05,508.987415426563
k2020,12784,46.8,47.8,7.69933867751e-05,508.987419306404
k2020,12784,46.85,47.85,7.58021892540525e-05,508.987423126216
k2020,12784,46.9,47.9,7.46295579975604e-05,508.987426886933
k2020,12784,46.95,47.95,7.34751994316641e-05,508.987430589476
k2020,12784,47,48,7.23388247532342e-05,508.987434234752
k2020,12784,47.05,48.05,7.12201498484987e-05,508.987437823654
k2020,12784,47.1,48.1,7.01188952130852e-05,508.987441357058
k2020,12784,47.15,48.15,6.90347858735444e-05,508.987444835829
k2020,12784,47.2,48.2,6.7967551310318e-05,508.987448260818
k2020,12784,47.25,48.25,6.69169253821258e-05,508.987451632861
k2020,12784,47.3,48.3,6.58826462517417e-05,508.987454952783
k2020,12784,47.35,48.35,6.48644563131292e-05,508.987458221394
k2020,12784,47.4,48.4,6.38621021199107e-05,508.987461439492
k2020,12784,47.45,48.45,6.28753343151387e-05,508.987464607864
k2020,12784,47.5,48.5,6.19039075623485e-05,508.987467727281
k2020,12784,47.55,48.55,6.09475804778603e-05,508.987470798506
k2020,12784,47.6,48.6,6.00061155643066e-05,508.987473822287
k2020,12784,47.65,48.65,5.90792791453769e-05,508.987476799361
k2020,12784,47.7,48.7,5.81668413017159e-05,508.987479730455
k2020,12784,47.75,48.75,5.72685758079838e-05,508.987482616282
k2020,12784,47.8,48.8,5.63842600710621e-05,508.987485457545
k2020,12784,47.85,48.85,5.55136750693557e-05,508.987488254937
k2020,12784,47.9,48.9,5.4656605293178e-05,508.987491009138
k2020,12784,47.95,48.95,5.3812838686207e-05,508.987493720819
k2020,12784,48,49,5.29821665879862e-05,508.98749639064
k2020,12784,48.05,49.05,5.21643836774431e-05,508.98749901925
k2020,12784,48.1,49.1,5.13592879174138e-05,508.98750160729
k2020,12784,48.15,49.15,5.0566680500151e-05,508.987504155387
k2020,12784,48.2,49.2,4.97863657937945e-05,508.987506664163
k2020,12784,48.25,49.25,4.90181512897883e-05,508.987509134225
k2020,12784,48.3,49.3,4.82618475512226e-05,508.987511566176
k2020,12784,48.35,49.35,4.75172681620862e-05,508.987513960606
k2020,12784,48.4,49.4,4.67842296774092e-05,508.987516318095
k2020,12784,48.45,49.45,4.60625515742793e-05,508.987518639218
k2020,12784,48.5,49.5,4.53520562037162e-05,508.987520924537
k2020,12784,48.55,49.55,4.4652568743385e-05,508.987523174607
k2020,12784,48.6,49.6,4.39639171511338e-05,508.987525389974
k2020,12784,48.65,49.65,4.3285932119347e-05,508.987527571176
k2020,12784,48.7,49.7,4.26184470300806e-05,508.987529718742
k2020,12784,48.75,49.75,4.1961297910979e-05,508.987531833193
k2020,12784,48.8,49.8,4.13143233919626e-05,508.987533915042
k2020,12784,48.85,49.85,4.06773646626584e-05,508.987535964793
k2020,12784,48.9,49.9,4.00502654305643e-05,508.987537982943
k2020,12784,48.95,49.95,3.94328718799367e-05,508.987539969981
k2020,12784,49,50,3.88250326313868e-05,508.987541926389
k2020,12784,49.05,50.05,3.8226598702168e-05,508.987543852641
k2020,12784,49.1,50.1,3.76374234671466e-05,508.987545749203
k2020,12784,49.15,50.15,3.7057362620441e-05,508.987547616535
k2020,12784,49.2,50.2,3.6486274137716e-05,508.987549455089
k2020,12784,49.25,50.25,3.5924018239122e-05,508.98755126531
k2020,12784,49.3,50.3,3.53704573528657e-05,508.987553047636
k2020,12784,49.35,50.35,3.48254560794014e-05,508.987554802498
k2020,12784,49.4,50.4,3.42888811562309e-05,508.987556530322
k2020,12784,49.45,50.45,3.37606014233015e-05,508.987558231525
k2020,12784,49.5,50.5,3.32404877889906e-05,508.987559906518
k2020,12784,49.55,50.55,3.27284131966659e-05,508.987561555707
k2020,12784,49.6,50.6,3.22242525918109e-05,508.987563179491
k2020,12784,49.65,50.65,3.17278828897089e-05,508.987564778262
k2020,12784,49.7,50.7,3.12391829436668e-05,508.987566352407
k2020,12784,49.75,50.75,3.07580335137753e-05,508.987567902307
k2020,12784,49.8,50.8,3.02843172361983e-05,508.987569428335
k2020,12784,49.85,50.85,2.98179185929757e-05,508.98757093086
k2020,12784,49.9,50.9,2.93587238823322e-05,508.987572410246
k2020,12784,49.95,50.95,2.8906621189484e-05,508.987573866851
k2020,12784,50,51,2.84615003579362e-05,508.987575301025
k2020,12784,50.05,51.05,2.8023252961257e-05,508.987576713115
k2020,12784,50.1,51.1,2.75917722753252e-05,508.987578103463
k2020,12784,50.15,51.15,2.71669532510403e-05,508.987579472404
k2020,12784,50.2,51.2,2.67486924874865e-05,508.987580820268
k2020,12784,50.25,51.25,2.63368882055436e-05,508.98758214738
k2020,12784,50.3,51.3,2.5931440221937e-05,508.987583454062
k2020,12784,50.35,51.35,2.55322499237175e-05,508.987584740629
k2020,12784,50.4,51.4,2.51392202431654e-05,508.98758600739
k2020,12784,50.45,51.45,2.47522556331093e-05,508.987587254652
k2020,12784,50.5,51.5,2.43712620426546e-05,508.987588482715
k2020,12784,50.55,51.55,2.39961468933112e-05,508.987589691876
k2020,12784,50.6,51.6,2.36268190555173e-05,508.987590882426
k2020,12784,50.65,51.65,2.32631888255508e-05,508.987592054653
k2020,12784,50.7,51.7,2.29051679028188e-05,508.987593208839
k2020,12784,50.75,51.75,2.25526693675217e-05,508.987594345262
k2020,12784,50.8,51.8,2.22056076586867e-05,508.987595464196
k2020,12784,50.85,51.85,2.18638985525604e-05,508.987596565912
k2020,12784,50.9,51.9,2.15274591413561e-05,508.987597650674
k2020,12784,50.95,51.95,2.11962078123495e-05,508.987598718744
k2020,12784,51,52,2.08700642273184e-05,508.98759977038
k2020,12784,51.05,52.05,2.05489493023166e-05,508.987600805835
k2020,12784,51.1,52.1,2.02327851877804e-05,508.987601825357
k2020,12784,51.15,52.15,1.99214952489592e-05,508.987602829194
k2020,12784,51.2,52.2,1.96150040466657e-05,508.987603817587
k2020,12784,51.25,52.25,1.93132373183403e-05,508.987604790773
k2020,12784,51.3,52.3,1.90161219594234e-05,508.987605748988
k2020,12784,51.35,52.35,1.87235860050321e-05,508.987606692462
k2020,12784,51.4,52.4,1.84355586119336e-05,508.987607621422
k2020,12784,51.45,52.45,1.81519700408123e-05,508.987608536092
k2020,12784,51.5,52.5,1.78727516388256e-05,508.987609436692
k2020,12784,51.55,52.55,1.75978358224407e-05,508.987610323438
k2020,12784,51.6,52.6,1.73271560605518e-05,508.987611196546
k2020,12784,51.65,52.65,1.70606468578703e-05,508.987612056224
k2020,12784,51.7,52.7,1.67982437385827e-05,508.987612902679
k2020,12784,51.75,52.75,1.65398832302739e-05,508.987613736115
k2020,12784,51.8,52.8,1.62855028481102e-05,508.987614556733
k2020,12784,51.85,52.85,1.60350410792782e-05,508.987615364731
k2020,12784,51.9,52.9,1.57884373676735e-05,508.987616160302
k2020,12784,51.95,52.95,1.55456320988379e-05,508.987616943638
k2020,12784,52,53,1.53065665851383e-05,508.987617714927
k2020,12784,52.05,53.05,1.50711830511847e-05,508.987618474356
k2020,12784,52.1,53.1,1.48394246194827e-05,508.987619222106
k2020,12784,52.15,53.15,1.46112352963173e-05,508.987619958358
k2020,12784,52.2,53.2,1.43865599578624e-05,508.987620683288
k2020,12784,52.25,53.25,1.41653443365148e-05,508.987621397071
k2020,12784,52.3,53.3,1.39475350074465e-05,508.987622099879
k2020,12784,52.35,53.35,1.37330793753731e-05,508.987622791881
k2020,12784,52.4,53.4,1.35219256615343e-05,508.987623473242
k2020,12784,52.45,53.45,1.33140228908829e-05,508.987624144128
k2020,12784,52.5,53.5,1.3109320879479e-05,508.987624804698
k2020,12784,52.55,53.55,1.29077702220856e-05,508.987625455112
k2020,12784,52.6,53.6,1.27093222799629e-05,508.987626095527
k2020,12784,52.65,53.65,1.25139291688577e-05,508.987626726095
k2020,12784,52.7,53.7,1.23215437471841e-05,508.98762734697
k2020,12784,52.75,53.75,1.21321196043933e-05,508.987627958299
k2020,12784,52.8,53.8,1.19456110495287e-05,508.98762856023
k2020,12784,52.85,53.85,1.17619730999637e-05,508.987629152908
k2020,12784,52.9,53.9,1.15811614703192e-05,508.987629736475
k2020,12784,52.95,53.95,1.14031325615564e-05,508.987630311071
k2020,12784,53,54,1.12278434502449e-05,508.987630876834
k2020,12784,53.05,54.05,1.10552518780004e-05,508.9876314339
k2020,12784,53.1,54.1,1.08853162410903e-05,508.987631982403
k2020,12784,53.15,54.15,1.07179955802055e-05,508.987632522475
k2020,12784,53.2,54.2,1.05532495703934e-05,508.987633054246
k2020,12784,53.25,54.25,1.03910385111518e-05,508.987633577842
k2020,12784,53.3,54.3,1.0231323316679e-05,508.987634093391
k2020,12784,53.35,54.35,1.00740655062798e-05,508.987634601016
k2020,12784,53.4,54.4,9.91922719492209e-06,508.987635100838
k2020,12784,53.45,54.45,9.76677108394437e-06,508.987635592978
k2020,12784,53.5,54.5,9.61666045190977e-06,508.987636077554
k2020,12784,53.55,54.55,9.46885914560493e-06,508.987636554683
k2020,12784,53.6,54.6,9.32333157118143e-06,508.987637024478
k2020,12784,53.65,54.65,9.18004268543752e-06,508.987637487053
k2020,12784,53.7,54.7,9.03895798723717e-06,508.987637942519
k2020,12784,53.75,54.75,8.90004350906506e-06,508.987638390985
k2020,12784,53.8,54.8,8.76326580871501e-06,508.987638832559
k2020,12784,53.85,54.85,8.62859196110953e-06,508.987639267347
k2020,12784,53.9,54.9,8.49598955024853e-06,508.987639695453
k2020,12784,53.95,54.95,8.3654266612849e-06,508.98764011698
k2020,12784,54,55,8.23687187272535e-06,508.987640532029
k2020,12784,54.05,55.05,8.11029424875389e-06,508.9876409407
k2020,12784,54.1,55.1,7.98566333167645e-06,508.987641343091
k2020,12784,54.15,55.15,7.86294913448451e-06,508.987641739298
k2020,12784,54.2,55.2,7.74212213353565e-06,508.987642129417
k2020,12784,54.25,55.25,7.62315326134959e-06,508.987642513541
k2020,12784,54.3,55.3,7.50601389951727e-06,508.987642891763
k2020,12784,54.35,55.35,7.39067587172162e-06,508.987643264173
k2020,12784,54.4,55.4,7.27711143686812e-06,508.98764363086
k2020,12784,54.45,55.45,7.16529328232311e-06,508.987643991913
k2020,12784,54.5,55.5,7.05519451725858e-06,508.987644347418
k2020,12784,54.55,55.55,6.94678866610126e-06,508.987644697461
k2020,12784,54.6,55.6,6.8400496620847e-06,508.987645042125
k2020,12784,54.65,55.65,6.73495184090264e-06,508.987645381493
k2020,12784,54.7,55.7,6.63146993446167e-06,508.987645715647
k2020,12784,54.75,55.75,6.52957906473209e-06,508.987646044667
k2020,12784,54.8,55.8,6.42925473769518e-06,508.987646368631
k2020,12784,54.85,55.85,6.33047283738531e-06,508.987646687618
k2020,12784,54.9,55.9,6.23320962002542e-06,508.987647001703
k2020,12784,54.95,55.95,6.13744170825429e-06,508.987647310964
k2020,12784,55,56,6.0431460854444e-06,508.987647615472
k2020,12784,55.05,56.05,5.95030009010855e-06,508.987647915302
k2020,12784,55.1,56.1,5.85888141039412e-06,508.987648210526
k2020,12784,55.15,56.15,5.76886807866355e-06,508.987648501214
k2020,12784,55.2,56.2,5.68023846615937e-06,508.987648787436
k2020,12784,55.25,56.25,5.59297127775296e-06,508.987649069261
k2020,12784,55.3,56.3,5.50704554677512e-06,508.987649346755
k2020,12784,55.35,56.35,5.42244062992762e-06,508.987649619987
k2020,12784,55.4,56.4,5.33913620227424e-06,508.987649889021
k2020,12784,55.45,56.45,5.25711225230995e-06,508.987650153922
k2020,12784,55.5,56.5,5.17634907710721e-06,508.987650414753
k2020,12784,55.55,56.55,5.09682727753799e-06,508.987650671578
k2020,12784,55.6,56.6,5.01852775357035e-06,508.987650924456
k2020,12784,55.65,56.65,4.94143169963862e-06,508.987651173451
k2020,12784,55.7,56.7,4.86552060008542e-06,508.987651418619
k2020,12784,55.75,56.75,4.79077622467517e-06,508.987651660022
k2020,12784,55.8,56.8,4.71718062417732e-06,508.987651897716
k2020,12784,55.85,56.85,4.64471612601855e-06,508.987652131759
k2020,12784,55.9,56.9,4.57336533000271e-06,508.987652362206
k2020,12784,55.95,56.95,4.50311110409743e-06,508.987652589114
k2020,12784,56,57,4.43393658028642e-06,508.987652812535
k2020,12784,56.05,57.05,4.36582515048635e-06,508.987653032525
k2020,12784,56.1,57.1,4.2987604625273e-06,508.987653249135
k2020,12784,56.15,57.15,4.23272641619587e-06,508.987653462418
k2020,12784,56.2,57.2,4.16770715933975e-06,508.987653672425
k2020,12784,56.25,57.25,4.1036870840331e-06,508.987653879206
k2020,12784,56.3,57.3,4.0406508228014e-06,508.98765408281
k2020,12784,56.35,57.35,3.97858324490514e-06,508.987654283287
k2020,12784,56.4,57.4,3.91746945268137e-06,508.987654480684
k2020,12784,56.45,57.45,3.85729477794196e-06,508.98765467505
k2020,12784,56.5,57.5,3.79804477842808e-06,508.987654866429
k2020,12784,56.55,57.55,3.73970523431958e-06,508.987655054869
k2020,12784,56.6,57.6,3.68226214479877e-06,508.987655240415
k2020,12784,56.65,57.65,3.6257017246676e-06,508.98765542311
k2020,12784,56.7,57.7,3.57001040101725e-06,508.987655602999
k2020,12784,56.75,57.75,3.51517480994963e-06,508.987655780125
k2020,12784,56.8,57.8,3.46118179334966e-06,508.987655954531
k2020,12784,56.85,57.85,3.40801839570776e-06,508.987656126257
k2020,12784,56.9,57.9,3.35567186099168e-06,508.987656295346
k2020,12784,56.95,57.95,3.30412962956675e-06,508.987656461838
k2020,12784,57,58,3.25337933516414e-06,508.987656625772
k2020,12784,57.05,58.05,3.20340880189598e-06,508.987656787189
k2020,12784,57.1,58.1,3.15420604131687e-06,508.987656946126
k2020,12784,57.15,58.15,3.10575924953104e-06,508.987657102622
k2020,12784,57.2,58.2,3.05805680434422e-06,508.987657256714
k2020,12784,57.25,58.25,3.01108726245985e-06,508.98765740844
k2020,12784,57.3,58.3,2.96483935671861e-06,508.987657557835
k2020,12784,57.35,58.35,2.91930199338089e-06,508.987657704936
k2020,12784,57.4,58.4,2.87446424945129e-06,508.987657849777
k2020,12784,57.45,58.45,2.83031537004458e-06,508.987657992394
k2020,12784,57.5,58.5,2.78684476579258e-06,508.98765813282
k2020,12784,57.55,58.55,2.7440420102911e-06,508.987658271089
k2020,12784,57.6,58.6,2.7018968375865e-06,508.987658407235
k2020,12784,57.65,58.65,2.6603991397012e-06,508.98765854129
k2020,12784,57.7,58.7,2.61953896419746e-06,508.987658673286
k2020,12784,57.75,58.75,2.57930651177889e-06,508.987658803254
k2020,12784,57.8,58.8,2.53969213392917e-06,508.987658931227
k2020,12784,57.85,58.85,2.50068633058726e-06,508.987659057234
k2020,12784,57.9,58.9,2.46227974785861e-06,508.987659181305
k2020,12784,57.95,58.95,2.42446317576183e-06,508.987659303471
k2020,12784,58,59,2.38722754601021e-06,508.987659423761
k2020,12784,58.05,59.05,2.35056392982751e-06,508.987659542204
k2020,12784,58.1,59.1,2.31446353579771e-06,508.987659658827
k2020,12784,58.15,59.15,2.27891770774783e-06,508.987659773659
k2020,12784,58.2,59.2,2.24391792266365e-06,508.987659886728
k2020,12784,58.25,59.25,2.2094557886376e-06,508.98765999806
k2020,12784,58.3,59.3,2.17552304284839e-06,508.987660107682
k2020,12784,58.35,59.35,2.14211154957188e-06,508.987660215621
k2020,12784,58.4,59.4,2.10921329822277e-06,508.987660321902
k2020,12784,58.45,59.45,2.07682040142648e-06,508.987660426551
k2020,12784,58.5,59.5,2.04492509312088e-06,508.987660529592
k2020,12784,58.55,59.55,2.01351972668736e-06,508.987660631051
k2020,12784,58.6,59.6,1.98259677311077e-06,508.987660730952
k2020,12784,58.65,59.65,1.95214881916786e-06,508.987660829319
k2020,12784,58.7,59.7,1.92216856564359e-06,508.987660926175
k2020,12784,58.75,59.75,1.89264882557515e-06,508.987661021544
k2020,12784,58.8,59.8,1.86358252252298e-06,508.987661115447
k2020,12784,58.85,59.85,1.83496268886856e-06,508.987661207909
k2020,12784,58.9,59.9,1.80678246413855e-06,508.987661298951
k2020,12784,58.95,59.95,1.77903509335465e-06,508.987661388595
k2020,12784,59,60,1.75171392540917e-06,508.987661476862
k2020,12784,59.05,60.05,1.72481241146545e-06,508.987661563773
k2020,12784,59.1,60.1,1.69832410338318e-06,508.98766164935
k2020,12784,59.15,60.15,1.6722426521679e-06,508.987661733612
k2020,12784,59.2,60.2,1.64656180644452e-06,508.987661816581
k2020,12784,59.25,60.25,1.62127541095434e-06,508.987661898275
k2020,12784,59.3,60.3,1.59637740507533e-06,508.987661978715
k2020,12784,59.35,60.35,1.57186182136521e-06,508.987662057919
k2020,12784,59.4,60.4,1.54772278412702e-06,508.987662135907
k2020,12784,59.45,60.45,1.52395450799685e-06,508.987662212698
k2020,12784,59.5,60.5,1.50055129655335e-06,508.987662288309
k2020,12784,59.55,60.55,1.47750754094869e-06,508.987662362759
k2020,12784,59.6,60.6,1.45481771856061e-06,508.987662436065
k2020,12784,59.65,60.65,1.43247639166539e-06,508.987662508246
k2020,12784,59.7,60.7,1.41047820613112e-06,508.987662579319
k2020,12784,59.75,60.75,1.38881789013127e-06,508.9876626493
k2020,12784,59.8,60.8,1.367490252878e-06,508.987662718206
k2020,12784,59.85,60.85,1.3464901833751e-06,508.987662786054
k2020,12784,59.9,60.9,1.32581264919008e-06,508.987662852861
k2020,12784,59.95,60.95,1.30545269524526e-06,508.987662918641
k2020,12784,60,61,1.28540544262744e-06,508.987662983411
k2020,12784,60.05,61.05,1.26566608741599e-06,508.987663047187
k2020,12784,60.1,61.1,1.24622989952896e-06,508.987663109983
k2020,12784,60.15,61.15,1.22709222158702e-06,508.987663171815
k2020,12784,60.2,61.2,1.20824846779485e-06,508.987663232697
k2020,12784,60.25,61.25,1.18969412283987e-06,508.987663292644
k2020,12784,60.3,61.3,1.17142474080785e-06,508.987663351671
k2020,12784,60.35,61.35,1.15343594411528e-06,508.987663409791
k2020,12784,60.4,61.4,1.13572342245824e-06,508.987663467019
k2020,12784,60.45,61.45,1.11828293177733e-06,508.987663523368
k2020,12784,60.5,61.5,1.10111029323876e-06,508.987663578852
k2020,12784,60.55,61.55,1.08420139223092e-06,508.987663633484
k2020,12784,60.6,61.6,1.06755217737658e-06,508.987663687276
k2020,12784,60.65,61.65,1.05115865956022e-06,508.987663740243
k2020,12784,60.7,61.7,1.03501691097039e-06,508.987663792397
k2020,12784,60.75,61.75,1.01912306415681e-06,508.987663843749
k2020,12784,60.8,61.8,1.00347331110199e-06,508.987663894313
k2020,12784,60.85,61.85,9.88063902307133e-07,508.9876639441
k2020,12784,60.9,61.9,9.72891145892203e-07,508.987663993123
k2020,12784,60.95,61.95,9.5795140670974e-07,508.987664041393
k2020,12784,61,62,9.43241105472411e-07,508.987664088922
k2020,12784,61.05,62.05,9.28756717893961e-07,508.987664135721
k2020,12784,61.1,62.1,9.14494773843399e-07,508.987664181802
k2020,12784,61.15,62.15,9.00451856512229e-07,508.987664227174
k2020,12784,61.2,62.2,8.8662460159447e-07,508.98766427185
k2020,12784,61.25,62.25,8.73009696479347e-07,508.98766431584
k2020,12784,61.3,62.3,8.5960387945637e-07,508.987664359155
k2020,12784,61.35,62.35,8.46403938932687e-07,508.987664401804
k2020,12784,61.4,62.4,8.33406712662477e-07,508.987664443799
k2020,12784,61.45,62.45,8.20609086988193e-07,508.987664485148
k2020,12784,61.5,62.5,8.08007996093518e-07,508.987664525863
k2020,12784,61.55,62.55,7.95600421267786e-07,508.987664565952
k2020,12784,61.6,62.6,7.83383390181756e-07,508.987664605426
k2020,12784,61.65,62.65,7.71353976174529e-07,508.987664644294
k2020,12784,61.7,62.7,7.59509297551421e-07,508.987664682565
k2020,12784,61.75,62.75,7.47846516892678e-07,508.987664720248
k2020,12784,61.8,62.8,7.36362840372801e-07,508.987664757352
k2020,12784,61.85,62.85,7.25055517090367e-07,508.987664793887
k2020,12784,61.9,62.9,7.1392183840816e-07,508.987664829861
k2020,12784,61.95,62.95,7.0295913730345e-07,508.987664865282
k2020,12784,62,63,6.92164787728289e-07,508.987664900159
k2020,12784,62.05,63.05,6.81536203979628e-07,508.987664934501
k2020,12784,62.1,63.1,6.7107084007915e-07,508.987664968316
k2020,12784,62.15,63.15,6.60766189162636e-07,508.987665001611
k2020,12784,62.2,63.2,6.50619782878722e-07,508.987665034395
k2020,12784,62.25,63.25,6.40629190796924e-07,508.987665066675
k2020,12784,62.3,63.3,6.30792019824753e-07,508.98766509846
k2020,12784,62.35,63.35,6.21105913633811e-07,508.987665129757
k2020,12784,62.4,63.4,6.11568552094719e-07,508.987665160573
k2020,12784,62.45,63.45,6.02177650720723e-07,508.987665190916
k2020,12784,62.5,63.5,5.92930960119883e-07,508.987665220794
k2020,12784,62.55,63.55,5.83826265455668e-07,508.987665250212
k2020,12784,62.6,63.6,5.74861385915864e-07,508.987665279179
k2020,12784,62.65,63.65,5.66034174189652e-07,508.9876653077
k2020,12784,62.7,63.7,5.57342515952715e-07,508.987665335784
k2020,12784,62.75,63.75,5.48784329360286e-07,508.987665363437
k2020,12784,62.8,63.8,5.40357564547982e-07,508.987665390665
k2020,12784,62.85,63.85,5.32060203140315e-07,508.987665417475
k2020,12784,62.9,63.9,5.23890257766775e-07,508.987665443873
k2020,12784,62.95,63.95,5.15845771585337e-07,508.987665469866
k2020,12784,63,64,5.07924817813321e-07,508.98766549546
k2020,12784,63.05,64.05,5.00125499265442e-07,508.98766552066
k2020,12784,63.1,64.1,4.92445947898985e-07,508.987665545474
k2020,12784,63.15,64.15,4.84884324365968e-07,508.987665569907
k2020,12784,63.2,64.2,4.77438817572185e-07,508.987665593965
k2020,12784,63.25,64.25,4.70107644243046e-07,508.987665617653
k2020,12784,63.3,64.3,4.62889048496077e-07,508.987665640977
k2020,12784,63.35,64.35,4.55781301420006e-07,508.987665663944
k2020,12784,63.4,64.4,4.48782700660322e-07,508.987665686557
k2020,12784,63.45,64.45,4.41891570011194e-07,508.987665708824
k2020,12784,63.5,64.5,4.35106259013682e-07,508.987665730748
k2020,12784,63.55,64.55,4.28425142560115e-07,508.987665752336
k2020,12784,63.6,64.6,4.21846620504551e-07,508.987665773592
k2020,12784,63.65,64.65,4.15369117279246e-07,508.987665794522
k2020,12784,63.7,64.7,4.08991081516985e-07,508.987665815131
k2020,12784,63.75,64.75,4.02710985679258e-07,508.987665835423
k2020,12784,63.8,64.8,3.96527325690125e-07,508.987665855404
k2020,12784,63.85,64.85,3.90438620575721e-07,508.987665875077
k2020,12784,63.9,64.9,3.84443412109308e-07,508.987665894449
k2020,12784,63.95,64.95,3.78540264461773e-07,508.987665913523
k2020,12784,64,65,3.7272776385751e-07,508.987665932305
k2020,12784,64.05,65.05,3.67004518235579e-07,508.987665950797
k2020,12784,64.1,65.1,3.61369156916095e-07,508.987665969006
k2020,12784,64.15,65.15,3.55820330271721e-07,508.987665986936
k2020,12784,64.2,65.2,3.50356709404234e-07,508.98766600459
k2020,12784,64.25,65.25,3.4497698582604e-07,508.987666021973
k2020,12784,64.3,65.3,3.39679871146608e-07,508.987666039089
k2020,12784,64.35,65.35,3.34464096763706e-07,508.987666055942
k2020,12784,64.4,65.4,3.29328413559393e-07,508.987666072537
k2020,12784,64.45,65.45,3.24271591600685e-07,508.987666088876
k2020,12784,64.5,65.5,3.19292419844809e-07,508.987666104965
k2020,12784,64.55,65.55,3.14389705849007e-07,508.987666120807
k2020,12784,64.6,65.6,3.09562275484784e-07,508.987666136405
k2020,12784,64.65,65.65,3.04808972656556e-07,508.987666151764
k2020,12784,64.7,65.7,3.00128659024627e-07,508.987666166888
k2020,12784,64.75,65.75,2.95520213732407e-07,508.987666181778
k2020,12784,64.8,65.8,2.90982533137844e-07,508.987666196441
k2020,12784,64.85,65.85,2.86514530548964e-07,508.987666210878
k2020,12784,64.9,65.9,2.82115135963492e-07,508.987666225093
k2020,12784,64.95,65.95,2.77783295812468e-07,508.987666239091
k2020,12784,65,66,2.73517972707796e-07,508.987666252873
k2020,12784,65.05,66.05,2.69318145193686e-07,508.987666266443
k2020,12784,65.1,66.1,2.65182807501906e-07,508.987666279806
k2020,12784,65.15,66.15,2.611109693108e-07,508.987666292963
k2020,12784,65.2,66.2,2.57101655508015e-07,508.987666305918
k2020,12784,65.25,66.25,2.53153905956854e-07,508.987666318674
k2020,12784,65.3,66.3,2.49266775266247e-07,508.987666331234
k2020,12784,65.35,66.35,2.45439332564235e-07,508.987666343602
k2020,12784,65.4,66.4,2.41670661274945e-07,508.987666355779
k2020,12784,65.45,66.45,2.37959858898996e-07,508.98766636777
k2020,12784,65.5,66.5,2.34306036797265e-07,508.987666379576
k2020,12784,65.55,66.55,2.30708319977992e-07,508.987666391201
k2020,12784,65.6,66.6,2.27165846887145e-07,508.987666402648
k2020,12784,65.65,66.65,2.23677769202012e-07,508.987666413919
k2020,12784,65.7,66.7,2.20243251627964e-07,508.987666425016
k2020,12784,65.75,66.75,2.1686147169834e-07,508.987666435944
k2020,12784,65.8,66.8,2.13531619577404e-07,508.987666446704
k2020,12784,65.85,66.85,2.10252897866337e-07,508.987666457298
k2020,12784,65.9,66.9,2.07024521412203e-07,508.98766646773
k2020,12784,65.95,66.95,2.03845717119855e-07,508.987666478001
k2020,12784,66,67,2.00715723766727e-07,508.987666488115
k2020,12784,66.05,67.05,1.97633791820475e-07,508.987666498074
k2020,12784,66.1,67.1,1.94599183259419e-07,508.987666507879
k2020,12784,66.15,67.15,1.91611171395742e-07,508.987666517534
k2020,12784,66.2,67.2,1.88669040701411e-07,508.987666527041
k2020,12784,66.25,67.25,1.85772086636763e-07,508.987666536402
k2020,12784,66.3,67.3,1.82919615481734e-07,508.987666545619
k2020,12784,66.35,67.35,1.80110944169677e-07,508.987666554695
k2020,12784,66.4,67.4,1.77345400123732e-07,508.987666563631
k2020,12784,66.45,67.45,1.74622321095713e-07,508.98766657243
k2020,12784,66.5,67.5,1.71941055007469e-07,508.987666581094
k2020,12784,66.55,67.55,1.69300959794678e-07,508.987666589625
k2020,12784,66.6,67.6,1.66701403253052e-07,508.987666598025
k2020,12784,66.65,67.65,1.6414176288689e-07,508.987666606295
k2020,12784,66.7,67.7,1.61621425759972e-07,508.987666614439
k2020,12784,66.75,67.75,1.59139788348731e-07,508.987666622458
k2020,12784,66.8,67.8,1.56696256397691e-07,508.987666630354
k2020,12784,66.85,67.85,1.54290244777121e-07,508.987666638129
k2020,12784,66.9,67.9,1.51921177342872e-07,508.987666645784
k2020,12784,66.95,67.95,1.4958848679838e-07,508.987666653321
k2020,12784,67,68,1.47291614558774e-07,508.987666660743
k2020,12784,67.05,68.05,1.45030010617078e-07,508.987666668051
k2020,12784,67.1,68.1,1.42803133412472e-07,508.987666675247
k2020,12784,67.15,68.15,1.40610449700572e-07,508.987666682332
k2020,12784,67.2,68.2,1.38451434425705e-07,508.987666689308
k2020,12784,67.25,68.25,1.36325570595142e-07,508.987666696178
k2020,12784,67.3,68.3,1.34232349155272e-07,508.987666702941
k2020,12784,67.35,68.35,1.32171268869665e-07,508.987666709601
k2020,12784,67.4,68.4,1.30141836199021e-07,508.987666716159
k2020,12784,67.45,68.45,1.28143565182958e-07,508.987666722616
k2020,12784,67.5,68.5,1.26175977323611e-07,508.987666728974
k2020,12784,67.55,68.55,1.24238601471026e-07,508.987666735234
k2020,12784,67.6,68.6,1.22330973710314e-07,508.987666741398
k2020,12784,67.65,68.65,1.20452637250533e-07,508.987666747468
k2020,12784,67.7,68.7,1.18603142315284e-07,508.987666753444
k2020,12784,67.75,68.75,1.1678204603498e-07,508.987666759329
k2020,12784,67.8,68.8,1.14988912340777e-07,508.987666765123
k2020,12784,67.85,68.85,1.13223311860128e-07,508.987666770828
k2020,12784,67.9,68.9,1.11484821813947e-07,508.987666776446
k2020,12784,67.95,68.95,1.09773025915349e-07,508.987666781977
k2020,12784,68,69,1.08087514269946e-07,508.987666787423
k2020,12784,68.05,69.05,1.06427883277674e-07,508.987666792786
k2020,12784,68.1,69.1,1.0479373553613e-07,508.987666798067
k2020,12784,68.15,69.15,1.03184679745393e-07,508.987666803266
k2020,12784,68.2,69.2,1.01600330614306e-07,508.987666808385
k2020,12784,68.25,69.25,1.00040308768196e-07,508.987666813426
k2020,12784,68.3,69.3,9.85042406580141e-08,508.98766681839
k2020,12784,68.35,69.35,9.6991758470874e-08,508.987666823277
k2020,12784,68.4,69.4,9.5502500041956e-08,508.987666828089
k2020,12784,68.45,69.45,9.40361087677728e-08,508.987666832828
k2020,12784,68.5,69.5,9.25922335207612e-08,508.987666837493
k2020,12784,68.55,69.55,9.117052856519e-08,508.987666842087
k2020,12784,68.6,69.6,8.97706534743571e-08,508.987666846611
k2020,12784,68.65,69.65,8.8392273049059e-08,508.987666851065
k2020,12784,68.7,69.7,8.70350572373136e-08,508.98766685545
k2020,12784,68.75,69.75,8.56986810553133e-08,508.987666859769
k2020,12784,68.8,69.8,8.43828245095949e-08,508.987666864021
k2020,12784,68.85,69.85,8.3087172520404e-08,508.987666868207
k2020,12784,68.9,69.9,8.18114148462355e-08,508.98766687233
k2020,12784,68.95,69.95,8.05552460095356e-08,508.987666876389
k2020,12784,69,70,7.9318365223541e-08,508.987666880386
k2020,14636,0.05,1.05,0.0178221078266097,0.000176289188350693
k2020,14636,0.1,1.1,0.243690779434381,0.00535735922904433
k2020,14636,0.15,1.15,0.752764571807185,0.0293883433837865
k2020,14636,0.2,1.2,1.39606582927846,0.0828231050243768
k2020,14636,0.25,1.25,2.07323482353204,0.169523416361609
k2020,14636,0.3,1.3,2.74739782401885,0.290083321019832
k2020,14636,0.35,1.35,3.40836162548109,0.444039538972608
k2020,14636,0.4,1.4,4.05394548595786,0.630662274636355
k2020,14636,0.45,1.45,4.68397558114961,0.849174672721936
k2020,14636,0.5,1.5,5.29871995072963,1.09880503803265
k2020,14636,0.55,1.55,5.89852956632637,1.37879775364832
k2020,14636,0.6,1.6,6.4837632351462,1.68841506639191
k2020,14636,0.65,1.65,7.05477321397621,2.02693702068812
k2020,14636,0.7,1.7,7.6119028848702,2.39366105432477
k2020,14636,0.75,1.75,8.15548665315984,2.78790154897775
k2020,14636,0.8,1.8,8.68585020188885,3.20898938733228
k2020,14636,0.85,1.85,9.20331077584339,3.65627152405646
k2020,14636,0.9,1.9,9.7081774378584,4.12911058921616
k2020,14636,0.95,1.95,10.2007513558556,4.62688440723978
k2020,14636,1,2,10.6813259661217,5.14898573577523
k2020,14636,1.05,2.05,11.1501872444621,5.69482178351584
k2020,14636,1.1,2.1,11.6076138852431,6.26381389669385
k2020,14636,1.15,2.15,12.0538775276455,6.85539714747049
k2020,14636,1.2,2.2,12.4892429369803,7.46902000454475
k2020,14636,1.25,2.25,12.9139681428202,8.10414408469116
k2020,14636,1.3,2.3,13.3283046935398,8.76024367440536
k2020,14636,1.35,2.35,13.7324977843638,9.43680549599102
k2020,14636,1.4,2.4,14.1267864302997,10.1333283839524
k2020,14636,1.45,2.45,14.5114036417824,10.8493229561816
k2020,14636,1.5,2.5,14.8865765666495,11.5843113470988
k2020,14636,1.55,2.55,15.2525266525165,12.3378269022454
k2020,14636,1.6,2.6,15.6094697943918,13.1094138998965
k2020,14636,1.65,2.65,15.9576164796274,13.8986272772695
k2020,14636,1.7,2.7,16.2971719289791,14.7050323637065
k2020,14636,1.75,2.75,16.6283362338233,15.5282046207896
k2020,14636,1.8,2.8,16.9513044896502,16.3677293892235
k2020,14636,1.85,2.85,17.2662669259461,17.2232016423038
k2020,14636,1.9,2.9,17.5734090325832,18.0942257457904
k2020,14636,1.95,2.95,17.8729116828169,18.9804152240158
k2020,14636,2,3,18.1649512529949,19.8813925320607
k2020,14636,2.05,3.05,18.4496997390704,20.7967888338342
k2020,14636,2.1,3.1,18.7273248700146,21.7262437859024
k2020,14636,2.15,3.15,18.9979902182133,22.6694053269115
k2020,14636,2.2,3.2,19.2618553069341,23.6259294724571
k2020,14636,2.25,3.25,19.5190757153502,24.5954801144803
k2020,14636,2.3,3.3,19.7698031783747,25.5777288304536
k2020,14636,2.35,3.35,20.0141856905351,26.5723546847117
k2020,14636,2.4,3.4,20.2523675979915,27.5790440523458
k2020,14636,2.45,3.45,20.4844896918693,28.5974904404627
k2020,14636,2.5,3.5,20.7106893032095,29.6273943062556
k2020,14636,2.55,3.55,20.9311003909121,30.6684628883737
k2020,14636,2.6,3.6,21.145853628216,31.7204100409927
k2020,14636,2.65,3.65,21.3550764872181,32.7829560715546
k2020,14636,2.7,3.7,21.5588933211041,33.8558275827982
k2020,14636,2.75,3.75,21.7574254442297,34.9387573188215
k2020,14636,2.8,3.8,21.9507912100961,36.0314840150984
k2020,14636,2.85,3.85,22.1391060872762,37.1337522523427
k2020,14636,2.9,3.9,22.3224827333472,38.245312314118
k2020,14636,2.95,3.95,22.5010310668828,39.3659200480956
k2020,14636,3,4,22.6748583375558,40.495336730865
k2020,14636,3.05,4.05,22.8440691944026,41.6333289362027
k2020,14636,3.1,4.1,23.0087657522978,42.7796684067099
k2020,14636,3.15,4.15,23.1690476566865,43.9341319287294
k2020,14636,3.2,4.2,23.3250121466211,45.0965012104577
k2020,14636,3.25,4.25,23.4767541161474,46.266562763166
k2020,14636,3.3,4.3,23.6243661740829,47.4441077854517
k2020,14636,3.35,4.35,23.7679387022324,48.6289320504382
k2020,14636,3.4,4.4,23.9075599120789,49.8208357958483
k2020,14636,3.45,4.45,24.0433158999937,51.0196236168741
k2020,14636,3.5,4.5,24.1752907007937,52.2251043621769
k2020,14636,3.55,4.55,24.3035663411001,53.437091030197
k2020,14636,3.6,4.6,24.4282228867702,54.6554006769098
k2020,14636,3.65,4.65,24.5493384991928,55.879854306278
k2020,14636,3.7,4.7,24.6669894789255,57.1102767852402
k2020,14636,3.75,4.75,24.7812503123103,58.3464967528386
k2020,14636,3.8,4.8,24.8921937192377,59.58834652707
k2020,14636,3.85,4.85,24.9998906973235,60.8356620186269
k2020,14636,3.9,4.9,25.1044105653842,62.088282645953
k2020,14636,3.95,4.95,25.2058210058356,63.3460512523346
k2020,14636,4,5,25.3041881059596,64.6088140251355
k2020,14636,4.05,5.05,25.3995763981106,65.8764204170449
k2020,14636,4.1,5.1,25.4920488988713,67.1487230693143
k2020,14636,4.15,5.15,25.5816671471907,68.4255777369266
k2020,14636,4.2,5.2,25.6684912415307,69.706843215647
k2020,14636,4.25,5.25,25.7525798760463,70.9923812709079
k2020,14636,4.3,5.3,25.8339903758266,72.2820565684773
k2020,14636,4.35,5.35,25.9127787312203,73.5757366068685
k2020,14636,4.4,5.4,25.9889996312699,74.8732916514416
k2020,14636,4.45,5.45,26.0627064962783,76.1745946701575
k2020,14636,4.5,5.5,26.1339515095309,77.4795212709356
k2020,14636,4.55,5.55,26.2027856481963,78.7879496405784
k2020,14636,4.6,5.6,26.2692587134229,80.0997604852242
k2020,14636,4.65,5.65,26.3334193596591,81.41483697228
k2020,14636,4.7,5.7,26.3953151232133,82.7330646738044
k2020,14636,4.75,5.75,26.454992450074,84.0543315112989
k2020,14636,4.8,5.8,26.5124967230113,85.3785277018728
k2020,14636,4.85,5.85,26.5678722879768,86.7055457057447
k2020,14636,4.9,5.9,26.6211624798217,88.0352801750475
k2020,14636,4.95,5.95,26.6724096473502,89.3676279039025
k2020,14636,5,6,26.721655177726,90.7024877797297
k2020,14636,5.05,6.05,26.7689395202494,92.0397607357632
k2020,14636,5.1,6.1,26.8143022095204,93.3793497047392
k2020,14636,5.15,6.15,26.8577818880053,94.7211595737276
k2020,14636,5.2,6.2,26.8994163280208,96.0650971400776
k2020,14636,5.25,6.25,26.9392424531534,97.4110710684481
k2020,14636,5.3,6.3,26.9772963592065,98.7589918487315
k2020,14636,5.35,6.35,27.0136133341293,100.108771755982
k2020,14636,5.4,6.4,27.0482278787663,101.460324808635
k2020,14636,5.45,6.45,27.0811737252501,102.813566731436
k2020,14636,5.5,6.5,27.1124838556827,104.168414917731
k2020,14636,5.55,6.55,27.1421905211403,105.524788391066
k2020,14636,5.6,6.6,27.170325259277,106.88260776957
k2020,14636,5.65,6.65,27.1969189116853,108.241795230781
k2020,14636,5.7,6.7,27.2220016408424,109.602274477269
k2020,14636,5.75,6.75,27.2456029466227,110.963970703095
k2020,14636,5.8,6.8,27.2677516823884,112.326810561084
k2020,14636,5.85,6.85,27.2884760706673,113.690722130895
k2020,14636,5.9,6.9,27.3078037184309,115.05563488786
k2020,14636,5.95,6.95,27.3257616319813,116.421479672583
k2020,14636,6,7,27.3423762314591,117.788188661269
k2020,14636,6.05,7.05,27.3576733649251,119.155695336884
k2020,14636,6.1,7.1,27.3716783223995,120.523934460361
k2020,14636,6.15,7.15,27.3844158483502,121.892842044949
k2020,14636,6.2,7.2,27.3959101565221,123.262355325721
k2020,14636,6.25,7.25,27.406184941444,124.632412735851
k2020,14636,6.3,7.3,27.4152633907273,126.002953881247
k2020,14636,6.35,7.35,27.4231681976723,127.373919514508
k2020,14636,6.4,7.4,27.4299215729406,128.745251510769
k2020,14636,6.45,7.45,27.4355452560479,130.116892843875
k2020,14636,6.5,7.5,27.4400605265816,131.488787563101
k2020,14636,6.55,7.55,27.4434882151261,132.860880770431
k2020,14636,6.6,7.6,27.4458487139145,134.233118598376
k2020,14636,6.65,7.65,27.4471619872115,135.605448188316
k2020,14636,6.7,7.7,27.4474475814326,136.977817669358
k2020,14636,6.75,7.75,27.4467246350081,138.350176137688
k2020,14636,6.8,7.8,27.4450118879988,139.722473636416
k2020,14636,6.85,7.85,27.4423276914682,141.094661135891
k2020,14636,6.9,7.9,27.4386900166196,142.466690514481
k2020,14636,6.95,7.95,27.4341164637021,143.838514539803
k2020,14636,7,8,27.4286242706938,145.210086850395
k2020,14636,7.05,8.05,27.4222303217659,146.581361937815
k2020,14636,7.1,8.1,27.4149511555348,147.952295129153
k2020,14636,7.15,8.15,27.4068029731065,149.322842569963
k2020,14636,7.2,8.2,27.3978016459206,150.692961207578
k2020,14636,7.25,8.25,27.3879627233965,152.062608774822
k2020,14636,7.3,8.3,27.3773014403896,153.431743774094
k2020,14636,7.35,8.35,27.3658327244598,154.800325461826
k2020,14636,7.4,8.4,27.3535712029601,156.16831383329
k2020,14636,7.45,8.45,27.3405312099466,157.535669607769
k2020,14636,7.5,8.5,27.3267267929179,158.902354214053
k2020,14636,7.55,8.55,27.3121717193859,160.268329776283
k2020,14636,7.6,8.6,27.2968794832831,161.633559100109
k2020,14636,7.65,8.65,27.2808633112108,162.998005659168
k2020,14636,7.7,8.7,27.2641361685329,164.361633581873
k2020,14636,7.75,8.75,27.2467107653174,165.724407638496
k2020,14636,7.8,8.8,27.2285995621316,167.086293228552
k2020,14636,7.85,8.85,27.209814775716,168.447256368416
k2020,14636,7.9,8.9,27.1903683843863,169.807263679511
k2020,14636,7.95,8.95,27.1702721336661,171.166282375961
k2020,14636,8,9,27.1495375412838,172.524280253615
k2020,14636,8.05,9.05,27.1281759022544,173.881225678861
k2020,14636,8.1,9.1,27.1061982940502,175.237087577222
k2020,14636,8.15,9.15,27.0836155814027,176.591835422735
k2020,14636,8.2,9.2,27.0604384210409,177.945439227454
k2020,14636,8.25,9.25,27.0366772663198,179.297869531164
k2020,14636,8.3,9.3,27.0123423717371,180.649097391329
k2020,14636,8.35,9.35,26.9874437973395,181.999094373257
k2020,14636,8.4,9.4,26.9619914130206,183.34783254049
k2020,14636,8.45,9.45,26.9359949027138,184.695284445397
k2020,14636,8.5,9.5,26.9094637684856,186.041423119982
k2020,14636,8.55,9.55,26.8824073345292,187.38622206688
k2020,14636,8.6,9.6,26.8548347510536,188.72965525058
k2020,14636,8.65,9.65,26.8267549980877,190.071697088806
k2020,14636,8.7,9.7,26.7981768891878,191.41232244411
k2020,14636,8.75,9.75,26.7691090750556,192.751506615632
k2020,14636,8.8,9.8,26.7395600470697,194.089225331052
k2020,14636,8.85,9.85,26.709538140731,195.425454738708
k2020,14636,8.9,9.9,26.6790515390255,196.760171399885
k2020,14636,8.95,9.95,26.648108275706,198.093352281273
k2020,14636,9,10,26.6167162384949,199.424974747587
k2020,14636,9.05,10.05,26.58488317221,200.75501655434
k2020,14636,9.1,10.1,26.552616681816,202.083455840781
k2020,14636,9.15,10.15,26.5199242354021,203.41027112297
k2020,14636,9.2,10.2,26.4868131670891,204.735441287011
k2020,14636,9.25,10.25,26.4532906798669,206.058945582424
k2020,14636,9.3,10.3,26.4193638483645,207.380763615659
k2020,14636,9.35,10.35,26.3850396215537,208.700875343743
k2020,14636,9.4,10.4,26.3503248253896,210.019261068068
k2020,14636,9.45,10.45,26.3152261653874,211.335901428301
k2020,14636,9.5,10.5,26.2797502291387,212.650777396424
k2020,14636,9.55,10.55,26.2439034887684,213.963870270905
k2020,14636,9.6,10.6,26.2076923033243,215.275161671003
k2020,14636,9.65,10.65,26.171122921164,216.584633531067
k2020,14636,9.7,10.7,26.1342014820825,217.892268095441
k2020,14636,9.75,10.75,26.0969340198428,219.198047912385
k2020,14636,9.8,10.8,26.0593264641461,220.501955829328
k2020,14636,9.85,10.85,26.02138464274,221.803974987767
k2020,14636,9.9,10.9,25.9831142835827,223.104088818031
k2020,14636,9.95,10.95,25.9445210168536,224.402281034389
k2020,14636,10,11,25.9056103769354,225.698535630219
k2020,14636,10.05,11.05,25.8663878043543,226.99283687326
k2020,14636,10.1,11.1,25.8268586476727,228.285169300972
k2020,14636,10.15,11.15,25.7870281653395,229.575517715985
k2020,14636,10.2,11.2,25.7469015274974,230.863867181633
k2020,14636,10.25,11.25,25.7064838177482,232.150203017587
k2020,14636,10.3,11.3,25.6657800348778,233.434510795571
k2020,14636,10.35,11.35,25.6247950945417,234.716776335165
k2020,14636,10.4,11.4,25.5835338309115,235.996985699685
k2020,14636,10.45,11.45,25.5420009982842,237.275125192153
k2020,14636,10.5,11.5,25.5002012726544,238.551181351342
k2020,14636,10.55,11.55,25.458139253251,239.8251409479
k2020,14636,10.6,11.6,25.4158194640386,241.096990980547
k2020,14636,10.65,11.65,25.3732463551852,242.366718672353
k2020,14636,10.7,11.7,25.3304243044968,243.634311467077
k2020,14636,10.75,11.75,25.2873576188188,244.899757025594
k2020,14636,10.8,11.8,25.244050535407,246.163043222371
k2020,14636,10.85,11.85,25.2005072232668,247.424158142029
k2020,14636,10.9,11.9,25.1567317844628,248.683090075959
k2020,14636,10.95,11.95,25.112728255399,249.939827519009
k2020,14636,11,12,25.0685006080704,251.194359166232
k2020,14636,11.05,12.05,25.0240527512867,252.446673909695
k2020,14636,11.1,12.1,24.9793885318688,253.696760835352
k2020,14636,11.15,12.15,24.9345117358188,254.944609219973
k2020,14636,11.2,12.2,24.889426089464,256.190208528131
k2020,14636,11.25,12.25,24.8441352605757,257.433548409245
k2020,14636,11.3,12.3,24.7986428594634,258.674618694685
k2020,14636,11.35,12.35,24.7529524400447,259.913409394919
k2020,14636,11.4,12.4,24.7070675008922,261.149910696726
k2020,14636,11.45,12.45,24.6609914862573,262.384112960448
k2020,14636,11.5,12.5,24.6147277870712,263.616006717306
k2020,14636,11.55,12.55,24.568279741925,264.845582666753
k2020,14636,11.6,12.6,24.5216506380276,266.072831673883
k2020,14636,11.65,12.65,24.4748437121438,267.297744766885
k2020,14636,11.7,12.7,24.4278621515112,268.520313134547
k2020,14636,11.75,12.75,24.3807090947379,269.740528123796
k2020,14636,11.8,12.8,24.333387632681,270.958381237294
k2020,14636,11.85,12.85,24.2859008093059,272.173864131069
k2020,14636,11.9,12.9,24.2382516225272,273.386968612194
k2020,14636,11.95,12.95,24.1904430250322,274.597686636503
k2020,14636,12,13,24.1424779250896,275.80601030634
k2020,14636,12.05,13.05,24.0943591873223,277.011931868406
k2020,14636,12.1,13.1,24.046089633516,278.215443711489
k2020,14636,12.15,13.15,23.9976720433399,279.416538364441
k2020,14636,12.2,13.2,23.949109155081,280.615208494105
k2020,14636,12.25,13.25,23.9004036663953,281.811446903189
k2020,14636,12.3,13.3,23.8515582350071,283.005246528281
k2020,14636,12.35,13.35,23.8025754794024,284.196600437869
k2020,14636,12.4,13.4,23.7534579795082,285.385501830401
k2020,14636,12.45,13.45,23.7042082773585,286.571944032369
k2020,14636,12.5,13.5,23.6548288777462,287.755920496434
k2020,14636,12.55,13.55,23.6053222488618,288.937424799579
k2020,14636,12.6,13.6,23.5556908229183,290.116450641295
k2020,14636,12.65,13.65,23.5059369967639,291.292991841794
k2020,14636,12.7,13.7,23.4560631324821,292.467042340263
k2020,14636,12.75,13.75,23.4060715579795,293.638596193134
k2020,14636,12.8,13.8,23.3559645675614,294.807647572392
k2020,14636,12.85,13.85,23.3057444224961,295.974190763911
k2020,14636,12.9,13.9,23.2554133515678,297.13822016581
k2020,14636,12.95,13.95,23.2049735516181,298.29973028685
k2020,14636,13,14,23.1544271880766,299.458715744847
k2020,14636,13.05,14.05,23.1037763954814,300.61517126511
k2020,14636,13.1,14.1,23.0530232779885,301.769091678916
k2020,14636,13.15,14.15,23.0021699098714,302.920471922003
k2020,14636,13.2,14.2,22.9512183360114,304.06930703308
k2020,14636,13.25,14.25,22.9001705723746,305.215592152386
k2020,14636,13.3,14.3,22.8490286064927,306.359322520222
k2020,14636,13.35,14.35,22.7977943978912,307.50049347564
k2020,14636,13.4,14.4,22.7464698786018,308.639100454875
k2020,14636,13.45,14.45,22.6950569535634,309.775138990104
k2020,14636,13.5,14.5,22.6435575010528,310.908604708123
k2020,14636,13.55,14.55,22.5919733731275,312.039493328968
k2020,14636,13.6,14.6,22.540306396039,313.167800664631
k2020,14636,13.65,14.65,22.4885583706437,314.293522617781
k2020,14636,13.7,14.7,22.4367310728041,315.416655180503
k2020,14636,13.75,14.75,22.3848262537839,316.537194433056
k2020,14636,13.8,14.8,22.3328456406347,317.65513654266
k2020,14636,13.85,14.85,22.2807909365757,318.770477762285
k2020,14636,13.9,14.9,22.228663821366,319.883214429478
k2020,14636,13.95,14.95,22.1764659516703,320.993342965193
k2020,14636,14,15,22.1241989614169,322.100859872649
k2020,14636,14.05,15.05,22.0718644621498,323.205761736198
k2020,14636,14.1,15.1,22.0194640433739,324.308045220218
k2020,14636,14.15,15.15,21.9669992728934,325.407707068019
k2020,14636,14.2,15.2,21.9144716971449,326.504744100765
k2020,14636,14.25,15.25,21.8618828415229,327.599153216415
k2020,14636,14.3,15.3,21.8092342107009,328.690931388676
k2020,14636,14.35,15.35,21.756527288945,329.780075665981
k2020,14636,14.4,15.4,21.7037635404231,330.86658317047
k2020,14636,14.45,15.45,21.6509444095079,331.950451096995
k2020,14636,14.5,15.5,21.5980713210737,333.03167671214
k2020,14636,14.55,15.55,21.5451456807894,334.110257353249
k2020,14636,14.6,15.6,21.4921688754046,335.186190427478
k2020,14636,14.65,15.65,21.4391422730317,336.25947341085
k2020,14636,14.7,15.7,21.386067223422,337.330103847338
k2020,14636,14.75,15.75,21.3329450582378,338.398079347943
k2020,14636,14.8,15.8,21.279777091319,339.463397589809
k2020,14636,14.85,15.85,21.2265646189451,340.526056315328
k2020,14636,14.9,15.9,21.1733089200925,341.586053331272
k2020,14636,14.95,15.95,21.1200112566878,342.643386507938
k2020,14636,15,16,21.0666728738557,343.698053778294
k2020,14636,15.05,16.05,21.0132950001635,344.750053137152
k2020,14636,15.1,16.1,20.9598788478606,345.799382640343
k2020,14636,15.15,16.15,20.9064256131144,346.846040403906
k2020,14636,15.2,16.2,20.8529364762415,347.890024603294
k2020,14636,15.25,16.25,20.7994126019357,348.931333472582
k2020,14636,15.3,16.3,20.7458551394914,349.969965303695
k2020,14636,15.35,16.35,20.6922652230234,351.00591844564
k2020,14636,15.4,16.4,20.6386439716829,352.039191303758
k2020,14636,15.45,16.45,20.58499248987,353.069782338975
k2020,14636,15.5,16.5,20.5313118674424,354.097690067076
k2020,14636,15.55,16.55,20.4776031799207,355.122913057976
k2020,14636,15.6,16.6,20.4238674886901,356.145449935014
k2020,14636,15.65,16.65,20.3701058411987,357.165299374249
k2020,14636,15.7,16.7,20.3163192711528,358.182460103766
k2020,14636,15.75,16.75,20.2625087987085,359.196930902999
k2020,14636,15.8,16.8,20.2086754306606,360.208710602051
k2020,14636,15.85,16.85,20.1548201606276,361.217798081039
k2020,14636,15.9,16.9,20.1009439692347,362.224192269432
k2020,14636,15.95,16.95,20.0470478242929,363.227892145411
k2020,14636,16,17,19.9931326809757,364.228896735229
k2020,14636,16.05,17.05,19.9391994819926,365.227205112588
k2020,14636,16.1,17.1,19.8852491577599,366.222816398015
k2020,14636,16.15,17.15,19.8312826265687,367.215729758255
k2020,14636,16.2,17.2,19.7773007947505,368.205944405668
k2020,14636,16.25,17.25,19.7233045568392,369.193459597635
k2020,14636,16.3,17.3,19.669294795732,370.178274635972
k2020,14636,16.35,17.35,19.6152723828463,371.160388866352
k2020,14636,16.4,17.4,19.5612381782746,372.139801677735
k2020,14636,16.45,17.45,19.5071930309375,373.116512501806
k2020,14636,16.5,17.5,19.4531377787334,374.090520812421
k2020,14636,16.55,17.55,19.3990732486869,375.061826125053
k2020,14636,16.6,17.6,19.3450002570916,376.03042799627
k2020,14636,16.65,17.65,19.2909196096593,376.996326023169
k2020,14636,16.7,17.7,19.2368321016554,377.959519842882
k2020,14636,16.75,17.75,19.1827385180358,378.920009132053
k2020,14636,16.8,17.8,19.1286396335888,379.877793606317
k2020,14636,16.85,17.85,19.0745362130677,380.83287301979
k2020,14636,16.9,17.9,19.0204290113231,381.785247164582
k2020,14636,16.95,17.95,18.966318773433,382.734915870299
k2020,14636,17,18,18.9122062348311,383.68187900356
k2020,14636,17.05,18.05,18.8580921214336,384.626136467515
k2020,14636,17.1,18.1,18.8039771497633,385.567688201379
k2020,14636,17.15,18.15,18.7498620270723,386.506534179955
k2020,14636,17.2,18.2,18.6957474514626,387.442674413184
k2020,14636,17.25,18.25,18.6416341120053,388.376108945685
k2020,14636,17.3,18.3,18.5875226888575,389.306837856305
k2020,14636,17.35,18.35,18.5334138533777,390.23486125768
k2020,14636,17.4,18.4,18.4793082682395,391.160179295796
k2020,14636,17.45,18.45,18.4252065875436,392.08279214956
k2020,14636,17.5,18.5,18.3711094569281,393.002700030368
k2020,14636,17.55,18.55,18.3170175136772,393.919903181691
k2020,14636,17.6,18.6,18.2629313868283,394.834401878658
k2020,14636,17.65,18.65,18.2088516972772,395.746196427645
k2020,14636,17.7,18.7,18.1547790578827,396.655287165872
k2020,14636,17.75,18.75,18.1007140735685,397.561674461002
k2020,14636,17.8,18.8,18.0466573414243,398.465358710749
k2020,14636,17.85,18.85,17.9926094508056,399.366340342487
k2020,14636,17.9,18.9,17.9385709834313,400.264619812867
k2020,14636,17.95,18.95,17.8845425134808,401.160197607438
k2020,14636,18,19,17.8305246076889,402.053074240269
k2020,14636,18.05,19.05,17.7765178254399,402.943250253584
k2020,14636,18.1,19.1,17.7225227188601,403.830726217393
k2020,14636,18.15,19.15,17.6685398329093,404.715502729132
k2020,14636,18.2,19.2,17.6145697054701,405.597580413311
k2020,14636,18.25,19.25,17.5606128674375,406.476959921155
k2020,14636,18.3,19.3,17.5066698428055,407.353641930263
k2020,14636,18.35,19.35,17.4527411487537,408.227627144264
k2020,14636,18.4,19.4,17.3988272957323,409.098916292475
k2020,14636,18.45,19.45,17.3449287875457,409.967510129571
k2020,14636,18.5,19.5,17.2910461214356,410.833409435251
k2020,14636,18.55,19.55,17.2371797881614,411.696615013916
k2020,14636,18.6,19.6,17.1833302720827,412.55712769434
k2020,14636,18.65,19.65,17.1294980512331,413.414948329374
k2020,14636,18.7,19.7,17.075683597408,414.27007779559
k2020,14636,18.75,19.75,17.021887376235,415.122516993
k2020,14636,18.8,19.8,16.9681098472489,415.972266844754
k2020,14636,18.85,19.85,16.9143514639696,416.819328296824
k2020,14636,18.9,19.9,16.8606126739752,417.663702317709
k2020,14636,18.95,19.95,16.8068939189752,418.505389898141
k2020,14636,19,20,16.7531956348821,419.344392050791
k2020,14636,19.05,20.05,16.6995182518828,420.180709809984
k2020,14636,19.1,20.1,16.6458621945082,421.01434423141
k2020,14636,19.15,20.15,16.5922278817025,421.845296391848
k2020,14636,19.2,20.2,16.5386157268916,422.673567388883
k2020,14636,19.25,20.25,16.4850261380499,423.499158340639
k2020,14636,19.3,20.3,16.4314595177669,424.322070385501
k2020,14636,19.35,20.35,16.3779162633127,425.14230468185
k2020,14636,19.4,20.4,16.3243967667025,425.959862407799
k2020,14636,19.45,20.45,16.2709014147604,426.774744760934
k2020,14636,19.5,20.5,16.2174305891824,427.586952958051
k2020,14636,19.55,20.55,16.163984666598,428.396488234905
k2020,14636,19.6,20.6,16.1105640186323,429.203351845957
k2020,14636,19.65,20.65,16.0571690119655,430.007545064126
k2020,14636,19.7,20.7,16.0038000083934,430.809069180541
k2020,14636,19.75,20.75,15.9504573648857,431.607925504302
k2020,14636,19.8,20.8,15.8971414336443,432.404115362237
k2020,14636,19.85,20.85,15.8438525621608,433.197640098665
k2020,14636,19.9,20.9,15.7905910932727,433.988501075166
k2020,14636,19.95,20.95,15.7373573652199,434.776699670343
k2020,14636,20,21,15.6841517116993,435.562237279599
k2020,14636,20.05,21.05,15.6309744619196,436.345115314911
k2020,14636,20.1,21.1,15.5778259406547,437.125335204602
k2020,14636,20.15,21.15,15.5247064682971,437.902898393127
k2020,14636,20.2,21.2,15.4716163609102,438.677806340851
k2020,14636,20.25,21.25,15.4185559302799,439.450060523833
k2020,14636,20.3,21.3,15.3655254839655,440.21966243362
k2020,14636,20.35,21.35,15.3125253253507,440.986613577027
k2020,14636,20.4,21.4,15.2595557536925,441.75091547594
k2020,14636,20.45,21.45,15.2066170641712,442.512569667101
k2020,14636,20.5,21.5,15.1537095479382,443.271577701914
k2020,14636,20.55,21.55,15.1008334921644,444.027941146238
k2020,14636,20.6,21.6,15.0479891800871,444.781661580194
k2020,14636,20.65,21.65,14.9951768910571,445.532740597966
k2020,14636,20.7,21.7,14.942396900584,446.281179807611
k2020,14636,20.75,21.75,14.8896494803837,447.026980830864
k2020,14636,20.8,21.8,14.8369348984213,447.77014530295
k2020,14636,20.85,21.85,14.7842534189553,448.510674872406
k2020,14636,20.9,21.9,14.731605302583,449.248571200889
k2020,14636,20.95,21.95,14.6789908062833,449.983835962992
k2020,14636,21,22,14.6264101834593,450.716470846068
k2020,14636,21.05,22.05,14.5738636839806,451.446477550052
k2020,14636,21.1,22.1,14.5213515542249,452.173857787287
k2020,14636,21.15,22.15,14.4688740371196,452.898613282345
k2020,14636,21.2,22.2,14.4164313721819,453.620745771861
k2020,14636,21.25,22.25,14.3640237955596,454.340257004362
k2020,14636,21.3,22.3,14.3116515400704,455.057148740096
k2020,14636,21.35,22.35,14.2593148352412,455.771422750873
k2020,14636,21.4,22.4,14.2070139073471,456.483080819896
k2020,14636,21.45,22.45,14.1547489794493,457.192124741601
k2020,14636,21.5,22.5,14.1025202714331,457.898556321498
k2020,14636,21.55,22.55,14.0503280000453,458.602377376015
k2020,14636,21.6,22.6,13.998172378931,459.303589732334
k2020,14636,21.65,22.65,13.94605361867,460.002195228249
k2020,14636,21.7,22.7,13.8939719268129,460.698195712002
k2020,14636,21.75,22.75,13.8419275079167,461.39159304214
k2020,14636,21.8,22.8,13.7899205635798,462.082389087363
k2020,14636,21.85,22.85,13.7379512924769,462.770585726379
k2020,14636,21.9,22.9,13.6860198903931,463.456184847755
k2020,14636,21.95,22.95,13.6341265502579,464.139188349778
k2020,14636,22,23,13.5822714621789,464.81959814031
k2020,14636,22.05,23.05,13.5304548134743,465.497416136646
k2020,14636,22.1,23.1,13.4786767887063,466.172644265383
k2020,14636,22.15,23.15,13.4269375697129,466.845284462274
k2020,14636,22.2,23.2,13.3752373356401,467.515338672098
k2020,14636,22.25,23.25,13.323576262973,468.182808848523
k2020,14636,22.3,23.3,13.2719545255678,468.847696953977
k2020,14636,22.35,23.35,13.2203722946816,469.510004959516
k2020,14636,22.4,23.4,13.1688297390035,470.169734844694
k2020,14636,22.45,23.45,13.1173270246847,470.826888597434
k2020,14636,22.5,23.5,13.0658643153677,471.481468213907
k2020,14636,22.55,23.55,13.0144417722161,472.133475698402
k2020,14636,22.6,23.6,12.9630595539434,472.782913063205
k2020,14636,22.65,23.65,12.9117178168419,473.429782328478
k2020,14636,22.7,23.7,12.860416714811,474.074085522135
k2020,14636,22.75,23.75,12.8091563993841,474.715824679734
k2020,14636,22.8,23.8,12.757937019759,475.35500184434
k2020,14636,22.85,23.85,12.7067587228233,475.991619066424
k2020,14636,22.9,23.9,12.6556216531811,476.625678403746
k2020,14636,22.95,23.95,12.6045259531807,477.257181921238
k2020,14636,23,24,12.5534717629405,477.886131690894
k2020,14636,23.05,24.05,12.5024592203755,478.512529791661
k2020,14636,23.1,24.1,12.4514884612229,479.136378309323
k2020,14636,23.15,24.15,12.4005596190677,479.757679336401
k2020,14636,23.2,24.2,12.3496728253678,480.376434972039
k2020,14636,23.25,24.25,12.2988282094792,480.992647321903
k2020,14636,23.3,24.3,12.2480258986802,481.606318498073
k2020,14636,23.35,24.35,12.1972660181962,482.217450618944
k2020,14636,23.4,24.4,12.1465486912237,482.826045809119
k2020,14636,23.45,24.45,12.0958740389537,483.432106199312
k2020,14636,23.5,24.5,12.045242180596,484.035633926247
k2020,14636,23.55,24.55,11.9946532334017,484.636631132559
k2020,14636,23.6,24.6,11.9441073126866,485.235099966697
k2020,14636,23.65,24.65,11.8936045318539,485.831042582827
k2020,14636,23.7,24.7,11.8431450024168,486.42446114074
k2020,14636,23.75,24.75,11.7927288340203,487.015357805754
k2020,14636,23.8,24.8,11.7423561344638,487.603734748623
k2020,14636,23.85,24.85,11.6920270097222,488.189594145448
k2020,14636,23.9,24.9,11.641741563968,488.77293817758
k2020,14636,23.95,24.95,11.5914998995918,489.353769031535
k2020,14636,24,25,11.5413021172242,489.932088898907
k2020,14636,24.05,25.05,11.4911483157558,490.507899976274
k2020,14636,24.1,25.1,11.4410385923581,491.081204465118
k2020,14636,24.15,25.15,11.3909730425038,491.652004571736
k2020,14636,24.2,25.2,11.3409517599869,492.220302507158
k2020,14636,24.25,25.25,11.2909748369422,492.78610048706
k2020,14636,24.3,25.3,11.2410423638656,493.349400731686
k2020,14636,24.35,25.35,11.1911544296329,493.910205465762
k2020,14636,24.4,25.4,11.1413111215192,494.468516918419
k2020,14636,24.45,25.45,11.0915125252182,495.024337323112
k2020,14636,24.5,25.5,11.0417587248606,495.577668917541
k2020,14636,24.55,25.55,10.9920498030326,496.128513943574
k2020,14636,24.6,25.6,10.9423858407947,496.676874647171
k2020,14636,24.65,25.65,10.8927669176997,497.222753278307
k2020,14636,24.7,25.7,10.8431931118105,497.766152090896
k2020,14636,24.75,25.75,10.7936644997179,498.307073342719
k2020,14636,24.8,25.8,10.7441811565584,498.84551929535
k2020,14636,24.85,25.85,10.6947431560316,499.381492214086
k2020,14636,24.9,25.9,10.645350570417,499.91499436787
k2020,14636,24.95,25.95,10.5960034705915,500.446028029225
k2020,14636,25,26,10.5467019260459,500.974595474184
k2020,14636,25.05,26.05,10.497446004902,501.50069898222
k2020,14636,25.1,26.1,10.4482357739282,502.024340836178
k2020,14636,25.15,26.15,10.399071298557,502.545523322207
k2020,14636,25.2,26.2,10.3499526429,503.064248729696
k2020,14636,25.25,26.25,10.3008798697647,503.580519351207
k2020,14636,25.3,26.3,10.2518530406697,504.094337482408
k2020,14636,25.35,26.35,10.2028722158607,504.605705422013
k2020,14636,25.4,26.4,10.1539374543258,505.114625471716
k2020,14636,25.45,26.45,10.1050488138108,505.62109993613
k2020,14636,25.5,26.5,10.0562063508342,506.125131122723
k2020,14636,25.55,26.55,10.0074101207027,506.626721341761
k2020,14636,25.6,26.6,9.95866017752537,507.125872906243
k2020,14636,25.65,26.65,9.90995657422862,507.622588131846
k2020,14636,25.7,26.7,9.86129936257078,508.116869336861
k2020,14636,25.75,26.75,9.81268859315637,508.608718842141
k2020,14636,25.8,26.8,9.76412431545035,509.098138971039
k2020,14636,25.85,26.85,9.71560657779218,509.585132049354
k2020,14636,25.9,26.9,9.6671354274098,510.069700405273
k2020,14636,25.95,26.95,9.61871091043338,510.551846369319
k2020,14636,26,27,9.57033307190903,511.031572274292
k2020,14636,26.05,27.05,9.52200195581228,511.508880455218
k2020,14636,26.1,27.1,9.47371760506148,511.983773249296
k2020,14636,26.15,27.15,9.42548006153107,512.456252995845
k2020,14636,26.2,27.2,9.37728936606471,512.926322036251
k2020,14636,26.25,27.25,9.32914555848826,513.393982713917
k2020,14636,26.3,27.3,9.28104867762268,513.859237374212
k2020,14636,26.35,27.35,9.23299876129676,514.322088364422
k2020,14636,26.4,27.4,9.18499584635975,514.782538033699
k2020,14636,26.45,27.45,9.1370399686939,515.240588733013
k2020,14636,26.5,27.5,9.08913116322682,515.696242815105
k2020,14636,26.55,27.55,9.04126946394376,516.149502634439
k2020,14636,26.6,27.6,8.9934549038998,516.600370547154
k2020,14636,26.65,27.65,8.94568751523185,517.048848911019
k2020,14636,26.7,27.7,8.89796732917066,517.494940085388
k2020,14636,26.75,27.75,8.8502943760526,517.938646431153
k2020,14636,26.8,27.8,8.80266868533141,518.3799703107
k2020,14636,26.85,27.85,8.75509028558983,518.818914087869
k2020,14636,26.9,27.9,8.7075592045511,519.255480127905
k2020,14636,26.95,27.95,8.66007546909042,519.689670797418
k2020,14636,27,28,8.61263910524627,520.121488464341
k2020,14636,27.05,28.05,8.56525013823158,520.55093549789
k2020,14636,27.1,28.1,8.51790859244496,520.978014268519
k2020,14636,27.15,28.15,8.47061449148174,521.402727147882
k2020,14636,27.2,28.2,8.4233678581447,521.825076508795
k2020,14636,27.25,28.25,8.37616871445547,522.245064725191
k2020,14636,27.3,28.3,8.32901708166484,522.662694172088
k2020,14636,27.35,28.35,8.28191298026333,523.077967225546
k2020,14636,27.4,28.4,8.23485642999225,523.490886262631
k2020,14636,27.45,28.45,8.18784744985408,523.901453661379
k2020,14636,27.5,28.5,8.14088605812288,524.309671800755
k2020,14636,27.55,28.55,8.09397227235476,524.715543060622
k2020,14636,27.6,28.6,8.0471061093981,525.119069821703
k2020,14636,27.65,28.65,8.00028758540387,525.520254465543
k2020,14636,27.7,28.7,7.95351671583578,525.919099374482
k2020,14636,27.75,28.75,7.90679351548038,526.315606931613
k2020,14636,27.8,28.8,7.8601179984571,526.709779520751
k2020,14636,27.85,28.85,7.81349017822828,527.101619526403
k2020,14636,27.9,28.9,7.76691006760904,527.491129333733
k2020,14636,27.95,28.95,7.72037767877718,527.878311328526
k2020,14636,28,29,7.673893023283,528.263167897165
k2020,14636,28.05,29.05,7.62745611205905,528.645701426591
k2020,14636,28.1,29.1,7.58106695542981,529.025914304279
k2020,14636,28.15,29.15,7.53472556312138,529.403808918205
k2020,14636,28.2,29.2,7.48843194427125,529.779387656815
k2020,14636,28.25,29.25,7.44218610743721,530.152652908999
k2020,14636,28.3,29.3,7.39598806060814,530.523607064059
k2020,14636,28.35,29.35,7.34983781121262,530.892252511684
k2020,14636,28.4,29.4,7.30373536612833,531.258591641919
k2020,14636,28.45,29.45,7.25768073169181,531.622626845141
k2020,14636,28.5,29.5,7.2116739137078,531.98436051203
k2020,14636,28.55,29.55,7.16571491745861,532.343795033541
k2020,14636,28.6,29.6,7.11980374771347,532.700932800884
k2020,14636,28.65,29.65,7.07394040873788,533.055776205492
k2020,14636,28.7,29.7,7.02812490430297,533.408327639
k2020,14636,28.75,29.75,6.98235723769476,533.75858949322
k2020,14636,28.8,29.8,6.9366374117235,534.106564160114
k2020,14636,28.85,29.85,6.89096542873296,534.452254031775
k2020,14636,28.9,29.9,6.84534129060973,534.795661500402
k2020,14636,28.95,29.95,6.79976499879254,535.136788958275
k2020,14636,29,30,6.7542365542815,535.475638797737
k2020,14636,29.05,30.05,6.70875595764751,535.812213411168
k2020,14636,29.1,30.1,6.6633232090415,536.146515190969
k2020,14636,29.15,30.15,6.61793830820382,536.478546529535
k2020,14636,29.2,30.2,6.5726012544736,536.808309819241
k2020,14636,29.25,30.25,6.52731204679813,537.135807452417
k2020,14636,29.3,30.3,6.48207068374231,537.461041821331
k2020,14636,29.35,30.35,6.43687716349808,537.784015318171
k2020,14636,29.4,30.4,6.39173148389392,538.104730335025
k2020,14636,29.45,30.45,6.34663364240444,538.423189263863
k2020,14636,29.5,30.5,6.30158363615991,538.73939449652
k2020,14636,29.55,30.55,6.25658146195597,539.053348424679
k2020,14636,29.6,30.6,6.21162711626332,539.365053439857
k2020,14636,29.65,30.65,6.16672059523749,539.674511933384
k2020,14636,29.7,30.7,6.12186189472873,539.98172629639
k2020,14636,29.75,30.75,6.07705101029194,540.286698919792
k2020,14636,29.8,30.8,6.03228793719668,540.589432194275
k2020,14636,29.85,30.85,5.9875726704373,540.889928510284
k2020,14636,29.9,30.9,5.94290520474319,541.188190258004
k2020,14636,29.95,30.95,5.89828553458908,541.484219827351
k2020,14636,30,31,5.85371365420552,541.778019607959
k2020,14636,30.05,31.05,5.80918955758944,542.069591989167
k2020,14636,30.1,31.1,5.76471323851485,542.35893936001
k2020,14636,30.15,31.15,5.72028469054376,542.646064109204
k2020,14636,30.2,31.2,5.67590390703713,542.930968625139
k2020,14636,30.25,31.25,5.63157088116608,543.213655295869
k2020,14636,30.3,31.3,5.58728560592322,543.4941265091
k2020,14636,30.35,31.35,5.5430480741342,543.772384652185
k2020,14636,30.4,31.4,5.49885827846946,544.048432112116
k2020,14636,30.45,31.45,5.45471621145613,544.32227127551
k2020,14636,30.5,31.5,5.41062186549025,544.593904528612
k2020,14636,30.55,31.55,5.36657523284918,544.863334257281
k2020,14636,30.6,31.6,5.32257630570401,545.130562846989
k2020,14636,30.65,31.65,5.27862507613311,545.395592682811
k2020,14636,30.7,31.7,5.23472153613469,545.658426149428
k2020,14636,30.75,31.75,5.19086567764026,545.919065631116
k2020,14636,30.8,31.8,5.14705749252885,546.177513511748
k2020,14636,30.85,31.85,5.10329697264098,546.433772174789
k2020,14636,30.9,31.9,5.05958410979319,546.687844003296
k2020,14636,30.95,31.95,5.01591889579286,546.939731379916
k2020,14636,31,32,4.97230132245347,547.189436686887
k2020,14636,31.05,32.05,4.92873138161029,547.436962306036
k2020,14636,31.1,32.1,4.88520906513649,547.682310618787
k2020,14636,31.15,32.15,4.84173436495974,547.925484006155
k2020,14636,31.2,32.2,4.79830727307925,548.166484848755
k2020,14636,31.25,32.25,4.75492778158341,548.405315526803
k2020,14636,31.3,32.3,4.7115958826679,548.641978420123
k2020,14636,31.35,32.35,4.66831156865446,548.876475908152
k2020,14636,31.4,32.4,4.62507483201022,549.108810369945
k2020,14636,31.45,32.45,4.58188566536772,549.338984184186
k2020,14636,31.5,32.5,4.5387440615456,549.566999729196
k2020,14636,31.55,32.55,4.49565001357006,549.792859382939
k2020,14636,31.6,32.6,4.45260351469701,550.016565523038
k2020,14636,31.65,32.65,4.40960455843518,550.238120526786
k2020,14636,31.7,32.7,4.36665313856999,550.457526771156
k2020,14636,31.75,32.75,4.32374924918835,550.674786632818
k2020,14636,31.8,32.8,4.28089288470454,550.889902488157
k2020,14636,31.85,32.85,4.23808403988698,551.102876713284
k2020,14636,31.9,32.9,4.19532270988628,551.31371168406
k2020,14636,31.95,32.95,4.15260889026425,551.522409776113
k2020,14636,32,33,4.10994257702437,551.72897336486
k2020,14636,32.05,33.05,4.06732376664344,551.933404825531
k2020,14636,32.1,33.1,4.02475245610463,552.13570653319
k2020,14636,32.15,33.15,3.98222864293214,552.335880862765
k2020,14636,32.2,33.2,3.93975232522733,552.533930189075
k2020,14636,32.25,33.25,3.89732350170657,552.729856886859
k2020,14636,32.3,33.3,3.85494217174093,552.923663330806
k2020,14636,32.35,33.35,3.81260833539772,553.115351895595
k2020,14636,32.4,33.4,3.77032199348418,553.304924955922
k2020,14636,32.45,33.45,3.72808314759316,553.492384886545
k2020,14636,32.5,33.5,3.68589180015133,553.677734062323
k2020,14636,32.55,33.55,3.64374795446953,553.860974858258
k2020,14636,32.6,33.6,3.60165161479705,554.042109649539
k2020,14636,32.65,33.65,3.55960278637391,554.221140811592
k2020,14636,32.7,33.7,3.51760147549702,554.398070720134
k2020,14636,32.75,33.75,3.47564768957763,554.572901751223
k2020,14636,32.8,33.8,3.43374143720663,554.745636281317
k2020,14636,32.85,33.85,3.39188272822594,554.916276687333
k2020,14636,32.9,33.9,3.35007157380166,555.084825346715
k2020,14636,32.95,33.95,3.30830798650176,555.251284637498
k2020,14636,33,34,3.26659198037862,555.415656938384
k2020,14636,33.05,34.05,3.22492357105633,555.577944628815
k2020,14636,33.1,34.1,3.18330277582342,555.738150089057
k2020,14636,33.15,34.15,3.14172961373134,555.896275700282
k2020,14636,33.2,34.2,3.100204105699,556.052323844664
k2020,14636,33.25,34.25,3.0587262746241,556.206296905468
k2020,14636,33.3,34.3,3.01729614550162,556.358197267158
k2020,14636,33.35,34.35,2.97591374555003,556.508027315503
k2020,14636,33.4,34.4,2.934579104346,556.655789437691
k2020,14636,33.45,34.45,2.89329225396811,556.80148602245
k2020,14636,33.5,34.5,2.85205322915051,556.945119460179
k2020,14636,33.55,34.55,2.81086206744728,557.086692143082
k2020,14636,33.6,34.6,2.76971880940835,557.226206465317
k2020,14636,33.65,34.65,2.72862349876813,557.363664823145
k2020,14636,33.7,34.7,2.68757618264783,557.4990696151
k2020,14636,33.75,34.75,2.64657691177282,557.632423242162
k2020,14636,33.8,34.8,2.60562574070637,557.763728107939
k2020,14636,33.85,34.85,2.56472272810109,557.892986618872
k2020,14636,33.9,34.9,2.52386793697016,558.020201184438
k2020,14636,33.95,34.95,2.4830614349797,558.145374217385
k2020,14636,34,35,2.44230329476472,558.268508133964
k2020,14636,34.05,35.05,2.4015935942709,558.389605354188
k2020,14636,34.1,35.1,2.36093241712445,558.508668302111
k2020,14636,34.15,35.15,2.32031985303346,558.625699406115
k2020,14636,34.2,35.2,2.27975599822339,558.740701099232
k2020,14636,34.25,35.25,2.23924095591069,558.853675819476
k2020,14636,34.3,35.3,2.19877483681848,558.964626010207
k2020,14636,34.35,35.35,2.15835775973866,559.073554120521
k2020,14636,34.4,35.4,2.11798985214598,559.180462605668
k2020,14636,34.45,35.45,2.07767125086938,559.285353927503
k2020,14636,34.5,35.5,2.03740210282761,559.388230554971
k2020,14636,34.55,35.55,1.99718256583635,559.489094964632
k2020,14636,34.6,35.6,1.95701280949526,559.587949641227
k2020,14636,34.65,35.65,1.91689301616492,559.684797078292
k2020,14636,34.7,35.7,1.87682338204434,559.779639778824
k2020,14636,34.75,35.75,1.83680411836205,559.872480255997
k2020,14636,34.8,35.8,1.79683545269516,559.963321033953
k2020,14636,34.85,35.85,1.7569176304331,560.052164648649
k2020,14636,34.9,35.9,1.71705091640566,560.139013648791
k2020,14636,34.95,35.95,1.6772355966976,560.223870596852
k2020,14636,35,36,1.63747198067595,560.306738070179
k2020,14636,35.05,36.05,1.59776040326069,560.387618662218
k2020,14636,35.1,36.1,1.55810122747409,560.466514983853
k2020,14636,35.15,36.15,1.51849484731095,560.543429664879
k2020,14636,35.2,36.2,1.47894169097881,560.618365355633
k2020,14636,35.25,36.25,1.43944222456662,560.691324728793
k2020,14636,35.3,36.3,1.39999695621125,560.762310481373
k2020,14636,35.35,36.35,1.36060644084453,560.831325336944
k2020,14636,35.4,36.4,1.32127128562002,560.898372048105
k2020,14636,35.45,36.45,1.28199215613877,560.963453399244
k2020,14636,35.5,36.5,1.24276978361882,561.026572209641
k2020,14636,35.55,36.55,1.20360497318388,561.087731336944
k2020,14636,35.6,36.6,1.16449861348579,561.146933681105
k2020,14636,35.65,36.65,1.12545168792575,561.204182188824
k2020,14636,35.7,36.7,1.08646528780062,561.259479858612
k2020,14636,35.75,36.75,1.04754062778224,561.312829746558
k2020,14636,35.8,36.8,1.00867906424064,561.364234972943
k2020,14636,35.85,36.85,0.969882117056995,561.413698729859
k2020,14636,35.9,36.9,0.93115149574912,561.46122429001
k2020,14636,35.95,36.95,0.892489130966081,561.506815016961
k2020,14636,36,37,0.853897212721687,561.550474377121
k2020,14636,36.05,37.05,0.815378237159557,561.592205953837
k2020,14636,36.1,37.1,0.776935064220757,561.632013464089
k2020,14636,36.15,37.15,0.738570989385923,561.669900778413
k2020,14636,36.2,37.2,0.700289833786919,561.705871944841
k2020,14636,36.25,37.25,0.662096058582981,561.739931217927
k2020,14636,36.3,37.3,0.623994911802958,561.772083094263
k2020,14636,36.35,37.35,0.5859926193027,561.802332356387
k2020,14636,36.4,37.4,0.548096636526493,561.830684127671
k2020,14636,36.45,37.45,0.51031598554803,561.857143941811
k2020,14636,36.5,37.5,0.472661714550447,561.88171783204
k2020,14636,36.55,37.55,0.435147535928356,561.90441244748
k2020,14636,36.6,37.6,0.397790727234389,561.925235207179
k2020,14636,36.65,37.65,0.360613468986829,561.944194510838
k2020,14636,36.7,37.7,0.323644798811737,561.961300027186
k2020,14636,36.75,37.75,0.286923711186376,561.976563110405
k2020,14636,36.8,37.8,0.250504089522982,561.989997411119
k2020,14636,36.85,37.85,0.21446312153131,562.001619810953
k2020,14636,36.9,37.9,0.178916325498226,562.011451924873
k2020,14636,36.95,37.95,0.144046454733081,562.019522659802
k2020,14636,37,38,0.110164013160537,562.025872891455
k2020,14636,37.05,38.05,0.0778477970127936,562.030564850275
k2020,14636,37.1,38.1,0.0483089242674466,562.033703153611
k2020,14636,37.15,38.15,0.0243347897066972,562.0354867199
k2020,14636,37.2,38.2,0.0108735568950924,562.036314610552
k2020,14636,37.25,38.25,0.00735676764836788,562.036745411995
k2020,14636,37.3,38.3,0.00677056762646736,562.037094970972
k2020,14636,37.35,38.35,0.00655966579716551,562.037427841594
k2020,14636,37.4,38.4,0.00639069538588672,562.037751543097
k2020,14636,37.45,38.45,0.00623074244475567,562.03806705268
k2020,14636,37.5,38.5,0.00607657381316225,562.038374712965
k2020,14636,37.55,38.55,0.0059276712191746,562.038674797749
k2020,14636,37.6,38.6,0.00578376570728308,562.038967563349
k2020,14636,37.65,38.65,0.00564462285990135,562.03925325368
k2020,14636,37.7,38.7,0.00551002409147363,562.039532101354
k2020,14636,37.75,38.75,0.00537976415768243,562.03980432839
k2020,14636,37.8,38.8,0.00525365005239391,562.040070146855
k2020,14636,37.85,38.85,0.00513150009073959,562.040329759453
k2020,14636,37.9,38.9,0.00501314308034059,562.040583360069
k2020,14636,37.95,38.95,0.00489841756549224,562.040831134276
k2020,14636,38,39,0.00478717113662164,562.041073259802
k2020,14636,38.05,39.05,0.00467925979795418,562.041309906967
k2020,14636,38.1,39.1,0.00457454738875218,562.04154123909
k2020,14636,38.15,39.15,0.0044729050523979,562.041767412867
k2020,14636,38.2,39.2,0.00437421074727659,562.041988578722
k2020,14636,38.25,39.25,0.00427834879867857,562.042204881141
k2020,14636,38.3,39.3,0.00418520948426616,562.042416458974
k2020,14636,38.35,39.35,0.00409468865296358,562.042623445726
k2020,14636,38.4,39.4,0.00400668737262944,562.042825969827
k2020,14636,38.45,39.45,0.00392111160427552,562.043024154884
k2020,14636,38.5,39.5,0.0038378719008056,562.043218119917
k2020,14636,38.55,39.55,0.00375688312758255,562.043407979586
k2020,14636,38.6,39.6,0.00367806417994436,562.043593844658
k2020,14636,38.65,39.65,0.00360133782178875,562.043775821441
k2020,14636,38.7,39.7,0.00352663033876491,562.043954012678
k2020,14636,38.75,39.75,0.00345387146518878,562.04412851754
k2020,14636,38.8,39.8,0.00338299410245535,562.044299431752
k2020,14636,38.85,39.85,0.00331393416322078,562.04446684777
k2020,14636,38.9,39.9,0.00324663037762325,562.044630854943
k2020,14636,38.95,39.95,0.00318102418247361,562.044791539597
k2020,14636,39,40,0.0031170595571638,562.044948985185
k2020,14636,39.05,40.05,0.00305468285380356,562.045103272463
k2020,14636,39.1,40.1,0.00299384272956653,562.045254479513
k2020,14636,39.15,40.15,0.00293448997578984,562.045402681934
k2020,14636,39.2,40.2,0.00287657742916712,562.045547952911
k2020,14636,39.25,40.25,0.00282005986883704,562.045690363306
k2020,14636,39.3,40.3,0.00276489389874649,562.045829981788
k2020,14636,39.35,40.35,0.00271103787915162,562.045966874881
k2020,14636,39.4,40.4,0.00265845181971066,562.046101107077
k2020,14636,39.45,40.45,0.00260709730392489,562.046232740916
k2020,14636,39.5,40.5,0.00255693742388026,562.046361837032
k2020,14636,39.55,40.55,0.00250793667878331,562.04648845428
k2020,14636,39.6,40.6,0.00246006094505425,562.046612649744
k2020,14636,39.65,40.65,0.00241327737628427,562.046734478855
k2020,14636,39.7,40.7,0.00236755435941023,562.046853995432
k2020,14636,39.75,40.75,0.00232286146606554,562.046971251725
k2020,14636,39.8,40.8,0.00227916937506536,562.04708629851
k2020,14636,39.85,40.85,0.00223644983664542,562.047199185121
k2020,14636,39.9,40.9,0.00219467562944755,562.047309959491
k2020,14636,39.95,40.95,0.00215382049754822,562.04741866823
k2020,14636,40,41,0.00211385911600155,562.047525356661
k2020,14636,40.05,41.05,0.00207476705624074,562.047630068852
k2020,14636,40.1,41.1,0.00203652073822615,562.047732847673
k2020,14636,40.15,41.15,0.00199909739302662,562.047833734844
k2020,14636,40.2,41.2,0.00196247503207687,562.047932770963
k2020,14636,40.25,41.25,0.00192663241782489,562.04802999554
k2020,14636,40.3,41.3,0.00189154902373185,562.048125447045
k2020,14636,40.35,41.35,0.0018572050069401,562.048219162946
k2020,14636,40.4,41.4,0.00182358118163244,562.048311179729
k2020,14636,40.45,41.45,0.00179065899524211,562.048401532934
k2020,14636,40.5,41.5,0.00175842049662332,562.048490257192
k2020,14636,40.55,41.55,0.00172684831282627,562.048577386251
k2020,14636,40.6,41.6,0.00169592562740984,562.048662953009
k2020,14636,40.65,41.65,0.00166563616089047,562.048746989527
k2020,14636,40.7,41.7,0.00163596414618118,562.048829527069
k2020,14636,40.75,41.75,0.0016068943073068,562.048910596125
k2020,14636,40.8,41.8,0.00157841184237815,562.048990226435
k2020,14636,40.85,41.85,0.0015505024073542,562.049068447005
k2020,14636,40.9,41.9,0.00152315209730794,562.049145286136
k2020,14636,40.95,41.95,0.00149634742473617,562.049220771448
k2020,14636,41,42,0.00147007531112435,562.049294929896
k2020,14636,41.05,42.05,0.00144432307092874,562.049367787783
k2020,14636,41.1,42.1,0.00141907838907037,562.0494393708
k2020,14636,41.15,42.15,0.00139432931930981,562.04950970402
k2020,14636,41.2,42.2,0.00137006425723705,562.049578811932
k2020,14636,41.25,42.25,0.00134627194470008,562.049646718454
k2020,14636,41.3,42.3,0.00132294143580666,562.04971344695
k2020,14636,41.35,42.35,0.00130006211614517,562.049779020244
k2020,14636,41.4,42.4,0.00127762364946104,562.049843460633
k2020,14636,41.45,42.45,0.00125561603190298,562.049906789908
k2020,14636,41.5,42.5,0.0012340294824078,562.049969029379
k2020,14636,41.55,42.55,0.00121285451637569,562.050030199845
k2020,14636,41.6,42.6,0.00119208194302194,562.050090321666
k2020,14636,41.65,42.65,0.00117170279516812,562.050149414714
k2020,14636,41.7,42.7,0.00115170832701087,562.05020749845
k2020,14636,41.75,42.75,0.00113209009846189,562.050264591919
k2020,14636,41.8,42.8,0.00111283983639513,562.050320713721
k2020,14636,41.85,42.85,0.00109394946130416,562.05037588201
k2020,14636,41.9,42.9,0.00107541122976371,562.05043011464
k2020,14636,41.95,42.95,0.00105721749932994,562.050483429005
k2020,14636,42,43,0.00103936082083061,562.05053584212
k2020,14636,42.05,43.05,0.00102183404158872,562.050587370698
k2020,14636,42.1,43.1,0.00100463006375134,562.050638031003
k2020,14636,42.15,43.15,0.000987742088137097,562.050687839059
k2020,14636,42.2,43.2,0.000971163427281117,562.050736810471
k2020,14636,42.25,43.25,0.000954887552671769,562.050784960533
k2020,14636,42.3,43.3,0.000938908150734371,562.050832304207
k2020,14636,42.35,43.35,0.000923219045522612,562.050878856187
k2020,14636,42.4,43.4,0.000907814213048109,562.050924630834
k2020,14636,42.45,43.45,0.000892687748165727,562.050969642221
k2020,14636,42.5,43.5,0.000877833931817695,562.051013904138
k2020,14636,42.55,43.55,0.000863247183242513,562.051057430076
k2020,14636,42.6,43.6,0.000848922048201982,562.051100233234
k2020,14636,42.65,43.65,0.000834853204820358,562.051142326559
k2020,14636,42.7,43.7,0.000821035463831992,562.051183722739
k2020,14636,42.75,43.75,0.000807463759669563,562.051224434205
k2020,14636,42.8,43.8,0.000794133149485479,562.051264473135
k2020,14636,42.85,43.85,0.000781038805722685,562.051303851461
k2020,14636,42.9,43.9,0.000768176018129732,562.051342580877
k2020,14636,42.95,43.95,0.000755540183547684,562.051380672848
k2020,14636,43,44,0.000743126812935995,562.051418138606
k2020,14636,43.05,44.05,0.0007309315132639,562.051454989165
k2020,14636,43.1,44.1,0.000718950006241775,562.051491235322
k2020,14636,43.15,44.15,0.000707178093473717,562.051526887661
k2020,14636,43.2,44.2,0.000695611701369748,562.051561956559
k2020,14636,43.25,44.25,0.000684246806942354,562.051596452191
k2020,14636,43.3,44.3,0.000673079529177092,562.051630384535
k2020,14636,43.35,44.35,0.000662106036370958,562.051663763376
k2020,14636,43.4,44.4,0.000651322623129113,562.051696598309
k2020,14636,43.45,44.45,0.000640725603950291,562.051728898746
k2020,14636,43.5,44.5,0.000630311422840423,562.051760673918
k2020,14636,43.55,44.55,0.000620076604722737,562.05179193288
k2020,14636,43.6,44.6,0.000610017736307704,562.051822684513
k2020,14636,43.65,44.65,0.000600131479391209,562.051852937531
k2020,14636,43.7,44.7,0.000590414573345157,562.051882700485
k2020,14636,43.75,44.75,0.000580863828937624,562.05191198176
k2020,14636,43.8,44.8,0.000571476125091201,562.051940789586
k2020,14636,43.85,44.85,0.000562248408169218,562.05196913204
k2020,14636,43.9,44.9,0.000553177690682649,562.051997017045
k2020,14636,43.95,44.95,0.000544261049332126,562.052024452378
k2020,14636,44,45,0.000535495623220495,562.052051445671
k2020,14636,44.05,45.05,0.000526878612268043,562.052078004415
k2020,14636,44.1,45.1,0.000518407275962297,562.052104135961
k2020,14636,44.15,45.15,0.000510078931344293,562.052129847526
k2020,14636,44.2,45.2,0.000501890951868732,562.052155146193
k2020,14636,44.25,45.25,0.00049384076629179,562.052180038917
k2020,14636,44.3,45.3,0.000485925856812057,562.052204532524
k2020,14636,44.35,45.35,0.000478143757721793,562.052228633717
k2020,14636,44.4,45.4,0.000470492054689327,562.052252349074
k2020,14636,44.45,45.45,0.000462968383161568,562.052275685056
k2020,14636,44.5,45.5,0.000455570426858427,562.052298648007
k2020,14636,44.55,45.55,0.000448295916984719,562.052321244156
k2020,14636,44.6,45.6,0.000441142631124268,562.052343479619
k2020,14636,44.65,45.65,0.000434108391926902,562.052365360403
k2020,14636,44.7,45.7,0.000427191066050436,562.052386892407
k2020,14636,44.75,45.75,0.000420388563204152,562.052408081423
k2020,14636,44.8,45.8,0.000413698835109657,562.052428933143
k2020,14636,44.85,45.85,0.00040711987447683,562.052449453153
k2020,14636,44.9,45.9,0.000400649714057593,562.052469646944
k2020,14636,44.95,45.95,0.000394286425725628,562.052489519906
k2020,14636,45,46,0.000388028119560718,562.052509077336
k2020,14636,45.05,46.05,0.000381872942960906,562.052528324437
k2020,14636,45.1,46.1,0.000375819079787842,562.052547266319
k2020,14636,45.15,46.15,0.000369864749533558,562.052565908004
k2020,14636,45.2,46.2,0.000364008206506084,562.052584254424
k2020,14636,45.25,46.25,0.000358247739038267,562.052602310426
k2020,14636,45.3,46.3,0.00035258166871961,562.052620080771
k2020,14636,45.35,46.35,0.000347008349648122,562.052637570138
k2020,14636,45.4,46.4,0.000341526167701306,562.052654783125
k2020,14636,45.45,46.45,0.000336133539826403,562.052671724248
k2020,14636,45.5,46.5,0.00033082891335139,562.052688397946
k2020,14636,45.55,46.55,0.000325610765311441,562.05270480858
k2020,14636,45.6,46.6,0.00032047760179409,562.052720960439
k2020,14636,45.65,46.65,0.00031542795730226,562.052736857733
k2020,14636,45.7,46.7,0.000310460394133036,562.052752504602
k2020,14636,45.75,46.75,0.000305573501772228,562.052767905117
k2020,14636,45.8,46.8,0.000300765896304886,562.052783063274
k2020,14636,45.85,46.85,0.00029603621984092,562.052797983005
k2020,14636,45.9,46.9,0.000291383139955138,562.052812668173
k2020,14636,45.95,46.95,0.000286805349141486,562.052827122574
k2020,14636,46,47,0.000282301564281139,562.052841349941
k2020,14636,46.05,47.05,0.000277870526123905,562.052855353943
k2020,14636,46.1,47.1,0.000273510998782561,562.052869138185
k2020,14636,46.15,47.15,0.000269221769239777,562.052882706214
k2020,14636,46.2,47.2,0.000265001646867255,562.052896061514
k2020,14636,46.25,47.25,0.000260849462956721,562.052909207511
k2020,14636,46.3,47.3,0.000256764070262416,562.052922147574
k2020,14636,46.35,47.35,0.000252744342554766,562.052934885013
k2020,14636,46.4,47.4,0.000248789174184916,562.052947423084
k2020,14636,46.45,47.45,0.000244897479659665,562.052959764988
k2020,14636,46.5,47.5,0.00024106819322728,562.052971913872
k2020,14636,46.55,47.55,0.000237300268472235,562.05298387283
k2020,14636,46.6,47.6,0.00023359267792018,562.052995644904
k2020,14636,46.65,47.65,0.000229944412652586,562.053007233086
k2020,14636,46.7,47.7,0.000226354481930174,562.053018640318
k2020,14636,46.75,47.75,0.000222821912825173,562.053029869491
k2020,14636,46.8,47.8,0.000219345749862389,562.053040923449
k2020,14636,46.85,47.85,0.000215925054668677,562.05305180499
k2020,14636,46.9,47.9,0.0002125589056305,562.053062516864
k2020,14636,46.95,47.95,0.000209246397559452,562.053073061775
k2020,14636,47,48,0.000205986641365549,562.053083442383
k2020,14636,47.05,48.05,0.000202778763738028,562.053093661304
k2020,14636,47.1,48.1,0.00019962190683345,562.053103721109
k2020,14636,47.15,48.15,0.000196515227970929,562.05311362433
k2020,14636,47.2,48.2,0.000193457899334308,562.053123373455
k2020,14636,47.25,48.25,0.000190449107681067,562.053132970929
k2020,14636,47.3,48.3,0.0001874880540578,562.053142419161
k2020,14636,47.35,48.35,0.000184573953522091,562.053151720517
k2020,14636,47.4,48.4,0.000181706034870619,562.053160877326
k2020,14636,47.45,48.45,0.000178883540373253,562.053169891878
k2020,14636,47.5,48.5,0.000176105725513341,562.053178766425
k2020,14636,47.55,48.55,0.000173371858733293,562.053187503183
k2020,14636,47.6,48.6,0.000170681221186017,562.053196104331
k2020,14636,47.65,48.65,0.000168033106491925,562.053204572014
k2020,14636,47.7,48.7,0.0001654268205011,562.053212908339
k2020,14636,47.75,48.75,0.000162861681060633,562.053221115382
k2020,14636,47.8,48.8,0.000160337017787075,562.053229195182
k2020,14636,47.85,48.85,0.000157852171843819,562.053237149747
k2020,14636,47.9,48.9,0.000155406495723236,562.053244981052
k2020,14636,47.95,48.95,0.00015299935303351,562.053252691039
k2020,14636,48,49,0.000150630118290041,562.053260281619
k2020,14636,48.05,49.05,0.000148298176711288,562.053267754672
k2020,14636,48.1,49.1,0.000146002924018951,562.053275112048
k2020,14636,48.15,49.15,0.000143743766242383,562.053282355566
k2020,14636,48.2,49.2,0.000141520119527127,562.053289487017
k2020,14636,48.25,49.25,0.000139331409947484,562.053296508161
k2020,14636,48.3,49.3,0.000137177073322999,562.053303420731
k2020,14636,48.35,49.35,0.000135056555038785,562.053310226431
k2020,14636,48.4,49.4,0.000132969309869585,562.053316926941
k2020,14636,48.45,49.45,0.00013091480180745,562.053323523908
k2020,14636,48.5,49.5,0.000128892503893105,562.053330018958
k2020,14636,48.55,49.55,0.000126901898050592,562.053336413687
k2020,14636,48.6,49.6,0.000124942474925408,562.053342709667
k2020,14636,48.65,49.65,0.000123013733726017,562.053348908445
k2020,14636,48.7,49.7,0.000121115182068511,562.053355011544
k2020,14636,48.75,49.75,0.000119246335824433,562.053361020459
k2020,14636,48.8,49.8,0.000117406718971712,562.053366936664
k2020,14636,48.85,49.85,0.000115595863448604,562.05337276161
k2020,14636,48.9,49.9,0.000113813309010564,562.053378496722
k2020,14636,48.95,49.95,0.000112058603089993,562.053384143405
k2020,14636,49,50,0.000110331300658797,562.053389703039
k2020,14636,49.05,50.05,0.000108630964093686,562.053395176985
k2020,14636,49.1,50.1,0.000106957163044151,562.053400566578
k2020,14636,49.15,50.15,0.000105309474303058,562.053405873136
k2020,14636,49.2,50.2,0.000103687481679799,562.053411097954
k2020,14636,49.25,50.25,0.000102090775875952,562.053416242306
k2020,14636,49.3,50.3,0.000100518954363369,562.053421307446
k2020,14636,49.35,50.35,9.89716212646708e-05,562.053426294609
k2020,14636,49.4,50.4,9.74483872360593e-05,562.05343120501
k2020,14636,49.45,50.45,9.59488693524141e-05,562.053436039843
k2020,14636,49.5,50.5,9.44726909946685e-05,562.053440800286
k2020,14636,49.55,50.55,9.30194817392809e-05,562.053445487495
k2020,14636,49.6,50.6,9.15888772498884e-05,562.05345010261
k2020,14636,49.65,50.65,9.01805191710719e-05,562.053454646753
k2020,14636,49.7,50.7,8.87940550241286e-05,562.053459121027
k2020,14636,49.75,50.75,8.74291381048396e-05,562.053463526518
k2020,14636,49.8,50.8,8.60854273832043e-05,562.053467864295
k2020,14636,49.85,50.85,8.47625874050852e-05,562.053472135409
k2020,14636,49.9,50.9,8.34602881957143e-05,562.053476340896
k2020,14636,49.95,50.95,8.21782051650309e-05,562.053480481774
k2020,14636,50,51,8.09160190148126e-05,562.053484559048
k2020,14636,50.05,51.05,7.96734156475545e-05,562.053488573703
k2020,14636,50.1,51.1,7.84500860770622e-05,562.053492526711
k2020,14636,50.15,51.15,7.72457263407236e-05,562.053496419027
k2020,14636,50.2,51.2,7.60600374134212e-05,562.053500251594
k2020,14636,50.25,51.25,7.4892725123053e-05,562.053504025337
k2020,14636,50.3,51.3,7.37435000676246e-05,562.053507741168
k2020,14636,50.35,51.35,7.26120775338828e-05,562.053511399984
k2020,14636,50.4,51.4,7.1498177417458e-05,562.053515002668
k2020,14636,50.45,51.45,7.04015241444745e-05,562.053518550089
k2020,14636,50.5,51.5,6.93218465946357e-05,562.053522043104
k2020,14636,50.55,51.55,6.82588780256804e-05,562.053525482553
k2020,14636,50.6,51.6,6.72123559992497e-05,562.053528869265
k2020,14636,50.65,51.65,6.6182022308123e-05,562.053532204058
k2020,14636,50.7,51.7,6.51676229047683e-05,562.053535487733
k2020,14636,50.75,51.75,6.41689078311942e-05,562.053538721082
k2020,14636,50.8,51.8,6.31856311500847e-05,562.053541904881
k2020,14636,50.85,51.85,6.22175508771843e-05,562.053545039898
k2020,14636,50.9,51.9,6.12644289149049e-05,562.053548126886
k2020,14636,50.95,51.95,6.03260309871322e-05,562.053551166586
k2020,14636,51,52,5.94021265752124e-05,562.05355415973
k2020,14636,51.05,52.05,5.84924888550869e-05,562.053557107037
k2020,14636,51.1,52.1,5.75968946355586e-05,562.053560009213
k2020,14636,51.15,52.15,5.6715124297664e-05,562.053562866957
k2020,14636,51.2,52.2,5.58469617351297e-05,562.053565680952
k2020,14636,51.25,52.25,5.49921942958931e-05,562.053568451876
k2020,14636,51.3,52.3,5.41506127246633e-05,562.053571180392
k2020,14636,51.35,52.35,5.33220111065049e-05,562.053573867154
k2020,14636,51.4,52.4,5.25061868114226e-05,562.053576512806
k2020,14636,51.45,52.45,5.17029404399244e-05,562.053579117982
k2020,14636,51.5,52.5,5.09120757695604e-05,562.053581683306
k2020,14636,51.55,52.55,5.01333997023836e-05,562.053584209393
k2020,14636,51.6,52.6,4.93667222133484e-05,562.053586696846
k2020,14636,51.65,52.65,4.86118562996211e-05,562.053589146262
k2020,14636,51.7,52.7,4.78686179307721e-05,562.053591558226
k2020,14636,51.75,52.75,4.71368259998415e-05,562.053593933314
k2020,14636,51.8,52.8,4.64163022752615e-05,562.053596272096
k2020,14636,51.85,52.85,4.570687135362e-05,562.053598575129
k2020,14636,51.9,52.9,4.50083606132448e-05,562.053600842965
k2020,14636,51.95,52.95,4.43206001685949e-05,562.053603076144
k2020,14636,52,53,4.36434228254465e-05,562.053605275201
k2020,14636,52.05,53.05,4.29766640368535e-05,562.05360744066
k2020,14636,52.1,53.1,4.23201618598713e-05,562.053609573039
k2020,14636,52.15,53.15,4.16737569130283e-05,562.053611672845
k2020,14636,52.2,53.2,4.10372923345311e-05,562.05361374058
k2020,14636,52.25,53.25,4.04106137411894e-05,562.053615776737
k2020,14636,52.3,53.3,3.97935691880474e-05,562.053617781802
k2020,14636,52.35,53.35,3.91860091287081e-05,562.053619756252
k2020,14636,52.4,53.4,3.85877863763389e-05,562.053621700559
k2020,14636,52.45,53.45,3.79987560653408e-05,562.053623615184
k2020,14636,52.5,53.5,3.74187756136823e-05,562.053625500585
k2020,14636,52.55,53.55,3.68477046858629e-05,562.05362735721
k2020,14636,52.6,53.6,3.62854051565152e-05,562.053629185501
k2020,14636,52.65,53.65,3.57317410746283e-05,562.053630985895
k2020,14636,52.7,53.7,3.51865786283753e-05,562.053632758817
k2020,14636,52.75,53.75,3.46497861105377e-05,562.053634504692
k2020,14636,52.8,53.8,3.41212338845168e-05,562.053636223933
k2020,14636,52.85,53.85,3.36007943509202e-05,562.05363791695
k2020,14636,52.9,53.9,3.3088341914713e-05,562.053639584146
k2020,14636,52.95,53.95,3.25837529529216e-05,562.053641225916
k2020,14636,53,54,3.20869057828842e-05,562.05364284265
k2020,14636,53.05,54.05,3.15976806310339e-05,562.053644434733
k2020,14636,53.1,54.1,3.1115959602207e-05,562.053646002543
k2020,14636,53.15,54.15,3.06416266494667e-05,562.053647546453
k2020,14636,53.2,54.2,3.01745675444323e-05,562.053649066827
k2020,14636,53.25,54.25,2.97146698481055e-05,562.053650564029
k2020,14636,53.3,54.3,2.92618228821843e-05,562.053652038412
k2020,14636,53.35,54.35,2.88159177008564e-05,562.053653490327
k2020,14636,53.4,54.4,2.83768470630624e-05,562.053654920117
k2020,14636,53.45,54.45,2.79445054052215e-05,562.053656328123
k2020,14636,53.5,54.5,2.75187888144135e-05,562.053657714678
k2020,14636,53.55,54.55,2.70995950020015e-05,562.053659080111
k2020,14636,53.6,54.6,2.66868232776959e-05,562.053660424745
k2020,14636,53.65,54.65,2.62803745240493e-05,562.053661748899
k2020,14636,53.7,54.7,2.58801511713721e-05,562.053663052886
k2020,14636,53.75,54.75,2.5486057173064e-05,562.053664337016
k2020,14636,53.8,54.8,2.50979979813525e-05,562.053665601592
k2020,14636,53.85,54.85,2.47158805234332e-05,562.053666846915
k2020,14636,53.9,54.9,2.43396131780033e-05,562.053668073278
k2020,14636,53.95,54.95,2.39691057521808e-05,562.053669280972
k2020,14636,54,55,2.36042694588049e-05,562.053670470283
k2020,14636,54.05,55.05,2.32450168941091e-05,562.053671641492
k2020,14636,54.1,55.1,2.2891262015761e-05,562.053672794876
k2020,14636,54.15,55.15,2.25429201212628e-05,562.053673930708
k2020,14636,54.2,55.2,2.21999078267054e-05,562.053675049257
k2020,14636,54.25,55.25,2.18621430458711e-05,562.053676150787
k2020,14636,54.3,55.3,2.1529544969678e-05,562.053677235557
k2020,14636,54.35,55.35,2.120203404596e-05,562.053678303826
k2020,14636,54.4,55.4,2.08795319595779e-05,562.053679355844
k2020,14636,54.45,55.45,2.0561961612854e-05,562.053680391861
k2020,14636,54.5,55.5,2.02492471063276e-05,562.053681412121
k2020,14636,54.55,55.55,1.99413137198211e-05,562.053682416866
k2020,14636,54.6,55.6,1.96380878938157e-05,562.053683406331
k2020,14636,54.65,55.65,1.93394972111311e-05,562.053684380752
k2020,14636,54.7,55.7,1.9045470378901e-05,562.053685340357
k2020,14636,54.75,55.75,1.8755937210842e-05,562.053686285374
k2020,14636,54.8,55.8,1.84708286098096e-05,562.053687216025
k2020,14636,54.85,55.85,1.81900765506375e-05,562.053688132529
k2020,14636,54.9,55.9,1.79136140632546e-05,562.053689035104
k2020,14636,54.95,55.95,1.76413752160744e-05,562.053689923961
k2020,14636,55,56,1.73732950996541e-05,562.05369079931
k2020,14636,55.05,56.05,1.71093098106166e-05,562.053691661359
k2020,14636,55.1,56.1,1.68493564358329e-05,562.053692510309
k2020,14636,55.15,56.15,1.65933730368587e-05,562.053693346361
k2020,14636,55.2,56.2,1.63412986346228e-05,562.053694169711
k2020,14636,55.25,56.25,1.60930731943612e-05,562.053694980554
k2020,14636,55.3,56.3,1.58486376107942e-05,562.053695779081
k2020,14636,55.35,56.35,1.56079336935415e-05,562.05369656548
k2020,14636,55.4,56.4,1.53709041527722e-05,562.053697339936
k2020,14636,55.45,56.45,1.51374925850844e-05,562.053698102631
k2020,14636,55.5,56.5,1.49076434596128e-05,562.053698853745
k2020,14636,55.55,56.55,1.46813021043571e-05,562.053699593454
k2020,14636,55.6,56.6,1.44584146927308e-05,562.053700321933
k2020,14636,55.65,56.65,1.42389282303256e-05,562.053701039352
k2020,14636,55.7,56.7,1.4022790541887e-05,562.053701745881
k2020,14636,55.75,56.75,1.38099502584982e-05,562.053702441686
k2020,14636,55.8,56.8,1.36003568049692e-05,562.05370312693
k2020,14636,55.85,56.85,1.3393960387427e-05,562.053703801775
k2020,14636,55.9,56.9,1.31907119811044e-05,562.053704466379
k2020,14636,55.95,56.95,1.2990563318323e-05,562.053705120898
k2020,14636,56,57,1.27934668766683e-05,562.053705765486
k2020,14636,56.05,57.05,1.25993758673527e-05,562.053706400295
k2020,14636,56.1,57.1,1.24082442237646e-05,562.053707025473
k2020,14636,56.15,57.15,1.22200265901988e-05,562.053707641168
k2020,14636,56.2,57.2,1.20346783107671e-05,562.053708247524
k2020,14636,56.25,57.25,1.18521554184844e-05,562.053708844683
k2020,14636,56.3,57.3,1.16724146245288e-05,562.053709432786
k2020,14636,56.35,57.35,1.14954133076717e-05,562.05371001197
k2020,14636,56.4,57.4,1.13211095038765e-05,562.053710582372
k2020,14636,56.45,57.45,1.11494618960612e-05,562.053711144125
k2020,14636,56.5,57.5,1.09804298040245e-05,562.053711697361
k2020,14636,56.55,57.55,1.08139731745305e-05,562.053712242211
k2020,14636,56.6,57.6,1.06500525715506e-05,562.053712778801
k2020,14636,56.65,57.65,1.04886291666609e-05,562.053713307258
k2020,14636,56.7,57.7,1.03296647295904e-05,562.053713827705
k2020,14636,56.75,57.75,1.0173121618919e-05,562.053714340265
k2020,14636,56.8,57.8,1.00189627729228e-05,562.053714845057
k2020,14636,56.85,57.85,9.86715170056367e-06,562.0537153422
k2020,14636,56.9,57.9,9.71765247262143e-06,562.053715831811
k2020,14636,56.95,57.95,9.57042971296585e-06,562.053716314003
k2020,14636,57,58,9.42544858996644e-06,562.053716788891
k2020,14636,57.05,58.05,9.28267480803757e-06,562.053717256585
k2020,14636,57.1,58.1,9.142074599317e-06,562.053717717195
k2020,14636,57.15,58.15,9.00361471547558e-06,562.053718170828
k2020,14636,57.2,58.2,8.86726241965572e-06,562.053718617591
k2020,14636,57.25,58.25,8.73298547853705e-06,562.053719057589
k2020,14636,57.3,58.3,8.60075215452672e-06,562.053719490924
k2020,14636,57.35,58.35,8.47053119807266e-06,562.053719917698
k2020,14636,57.4,58.4,8.34229184009772e-06,562.05372033801
k2020,14636,57.45,58.45,8.21600378455254e-06,562.053720751959
k2020,14636,57.5,58.5,8.09163720108591e-06,562.053721159642
k2020,14636,57.55,58.55,7.96916271782951e-06,562.053721561155
k2020,14636,57.6,58.6,7.84855141429644e-06,562.05372195659
k2020,14636,57.65,58.65,7.72977481439117e-06,562.05372234604
k2020,14636,57.7,58.7,7.61280487952894e-06,562.053722729597
k2020,14636,57.75,58.75,7.49761400186319e-06,562.053723107351
k2020,14636,57.8,58.8,7.38417499761909e-06,562.053723479388
k2020,14636,57.85,58.85,7.27246110053153e-06,562.053723845797
k2020,14636,57.9,58.9,7.16244595538604e-06,562.053724206662
k2020,14636,57.95,58.95,7.05410361166059e-06,562.053724562069
k2020,14636,58,59,6.94740851726719e-06,562.0537249121
k2020,14636,58.05,59.05,6.8423355123912e-06,562.053725256837
k2020,14636,58.1,59.1,6.73885982342714e-06,562.05372559636
k2020,14636,58.15,59.15,6.63695705700935e-06,562.053725930749
k2020,14636,58.2,59.2,6.53660319413579e-06,562.053726260082
k2020,14636,58.25,59.25,6.43777458438391e-06,562.053726584435
k2020,14636,58.3,59.3,6.34044794021667e-06,562.053726903884
k2020,14636,58.35,59.35,6.24460033137761e-06,562.053727218504
k2020,14636,58.4,59.4,6.15020917937341e-06,562.053727528368
k2020,14636,58.45,59.45,6.05725225204248e-06,562.053727833549
k2020,14636,58.5,59.5,5.96570765820852e-06,562.053728134117
k2020,14636,58.55,59.55,5.87555384241714e-06,562.053728430143
k2020,14636,58.6,59.6,5.78676957975481e-06,562.053728721695
k2020,14636,58.65,59.65,5.69933397074856e-06,562.053729008842
k2020,14636,58.7,59.7,5.61322643634504e-06,562.053729291651
k2020,14636,58.75,59.75,5.52842671296796e-06,562.053729570187
k2020,14636,58.8,59.8,5.44491484765236e-06,562.053729844515
k2020,14636,58.85,59.85,5.36267119325482e-06,562.0537301147
k2020,14636,58.9,59.9,5.28167640373811e-06,562.053730380803
k2020,14636,58.95,59.95,5.20191142952923e-06,562.053730642888
k2020,14636,59,60,5.12335751294983e-06,562.053730901015
k2020,14636,59.05,60.05,5.04599618371747e-06,562.053731155243
k2020,14636,59.1,60.1,4.96980925451705e-06,562.053731405634
k2020,14636,59.15,60.15,4.89477881664102e-06,562.053731652244
k2020,14636,59.2,60.2,4.8208872356973e-06,562.053731895131
k2020,14636,59.25,60.25,4.74811714738404e-06,562.053732134351
k2020,14636,59.3,60.3,4.67645145332986e-06,562.053732369961
k2020,14636,59.35,60.35,4.6058733169988e-06,562.053732602014
k2020,14636,59.4,60.4,4.53636615965891e-06,562.053732830566
k2020,14636,59.45,60.45,4.46791365641326e-06,562.053733055669
k2020,14636,59.5,60.5,4.40049973229279e-06,562.053733277375
k2020,14636,59.55,60.55,4.33410855840955e-06,562.053733495736
k2020,14636,59.6,60.6,4.26872454816975e-06,562.053733710802
k2020,14636,59.65,60.65,4.20433235354561e-06,562.053733922625
k2020,14636,59.7,60.7,4.14091686140489e-06,562.053734131252
k2020,14636,59.75,60.75,4.07846318989743e-06,562.053734336732
k2020,14636,59.8,60.8,4.01695668489764e-06,562.053734539114
k2020,14636,59.85,60.85,3.95638291650217e-06,562.053734738443
k2020,14636,59.9,60.9,3.89672767558186e-06,562.053734934767
k2020,14636,59.95,60.95,3.83797697038703e-06,562.053735128131
k2020,14636,60,61,3.78011702320545e-06,562.05373531858
k2020,14636,60.05,61.05,3.723134267072e-06,562.053735506158
k2020,14636,60.1,61.1,3.66701534252927e-06,562.053735690908
k2020,14636,60.15,61.15,3.61174709443839e-06,562.053735872873
k2020,14636,60.2,61.2,3.55731656883909e-06,562.053736052096
k2020,14636,60.25,61.25,3.50371100985846e-06,562.053736228619
k2020,14636,60.3,61.3,3.45091785666745e-06,562.053736402481
k2020,14636,60.35,61.35,3.39892474048454e-06,562.053736573724
k2020,14636,60.4,61.4,3.34771948162568e-06,562.053736742387
k2020,14636,60.45,61.45,3.29729008659982e-06,562.053736908509
k2020,14636,60.5,61.5,3.2476247452495e-06,562.053737072128
k2020,14636,60.55,61.55,3.19871182793541e-06,562.053737233284
k2020,14636,60.6,61.6,3.15053988276466e-06,562.053737392012
k2020,14636,60.65,61.65,3.10309763286178e-06,562.05373754835
k2020,14636,60.7,61.7,3.05637397368191e-06,562.053737702334
k2020,14636,60.75,61.75,3.01035797036551e-06,562.053737853999
k2020,14636,60.8,61.8,2.96503885513384e-06,562.053738003381
k2020,14636,60.85,61.85,2.92040602472483e-06,562.053738150514
k2020,14636,60.9,61.9,2.87644903786835e-06,562.053738295433
k2020,14636,60.95,61.95,2.83315761280059e-06,562.05373843817
k2020,14636,61,62,2.79052162481675e-06,562.05373857876
k2020,14636,61.05,62.05,2.74853110386149e-06,562.053738717233
k2020,14636,61.1,62.1,2.7071762321566e-06,562.053738853623
k2020,14636,61.15,62.15,2.66644734186526e-06,562.053738987961
k2020,14636,61.2,62.2,2.62633491279228e-06,562.053739120278
k2020,14636,61.25,62.25,2.58682957011993e-06,562.053739250605
k2020,14636,61.3,62.3,2.5479220821785e-06,562.053739378971
k2020,14636,61.35,62.35,2.50960335825146e-06,562.053739505407
k2020,14636,61.4,62.4,2.47186444641426e-06,562.053739629941
k2020,14636,61.45,62.45,2.43469653140659e-06,562.053739752603
k2020,14636,61.5,62.5,2.39809093253735e-06,562.05373987342
k2020,14636,61.55,62.55,2.36203910162195e-06,562.053739992421
k2020,14636,61.6,62.6,2.32653262095133e-06,562.053740109633
k2020,14636,61.65,62.65,2.29156320129241e-06,562.053740225083
k2020,14636,61.7,62.7,2.25712267991916e-06,562.053740338798
k2020,14636,61.75,62.75,2.22320301867416e-06,562.053740450804
k2020,14636,61.8,62.8,2.1897963020599e-06,562.053740561127
k2020,14636,61.85,62.85,2.15689473535955e-06,562.053740669792
k2020,14636,61.9,62.9,2.12449064278663e-06,562.053740776825
k2020,14636,61.95,62.95,2.09257646566314e-06,562.05374088225
k2020,14636,62,63,2.06114476062581e-06,562.053740986091
k2020,14636,62.05,63.05,2.0301881978599e-06,562.053741088372
k2020,14636,62.1,63.1,1.99969955936017e-06,562.053741189117
k2020,14636,62.15,63.15,1.96967173721871e-06,562.05374128835
k2020,14636,62.2,63.2,1.94009773193894e-06,562.053741386092
k2020,14636,62.25,63.25,1.91097065077577e-06,562.053741482367
k2020,14636,62.3,63.3,1.88228370610108e-06,562.053741577196
k2020,14636,62.35,63.35,1.85403021379449e-06,562.053741670603
k2020,14636,62.4,63.4,1.82620359165884e-06,562.053741762607
k2020,14636,62.45,63.45,1.79879735785995e-06,562.05374185323
k2020,14636,62.5,63.5,1.77180512939055e-06,562.053741942493
k2020,14636,62.55,63.55,1.74522062055764e-06,562.053742030417
k2020,14636,62.6,63.6,1.71903764149323e-06,562.053742117022
k2020,14636,62.65,63.65,1.69325009668794e-06,562.053742202327
k2020,14636,62.7,63.7,1.66785198354706e-06,562.053742286353
k2020,14636,62.75,63.75,1.64283739096899e-06,562.053742369119
k2020,14636,62.8,63.8,1.6182004979453e-06,562.053742450643
k2020,14636,62.85,63.85,1.59393557218244e-06,562.053742530945
k2020,14636,62.9,63.9,1.57003696874463e-06,562.053742610043
k2020,14636,62.95,63.95,1.54649912871752e-06,562.053742687955
k2020,14636,63,64,1.52331657789246e-06,562.053742764699
k2020,14636,63.05,64.05,1.5004839254709e-06,562.053742840292
k2020,14636,63.1,64.1,1.47799586278874e-06,562.053742914753
k2020,14636,63.15,64.15,1.4558471620603e-06,562.053742988098
k2020,14636,63.2,64.2,1.43403267514148e-06,562.053743060343
k2020,14636,63.25,64.25,1.41254733231201e-06,562.053743131507
k2020,14636,63.3,64.3,1.39138614107634e-06,562.053743201603
k2020,14636,63.35,64.35,1.37054418498293e-06,562.05374327065
k2020,14636,63.4,64.4,1.35001662246174e-06,562.053743338663
k2020,14636,63.45,64.45,1.32979868567944e-06,562.053743405657
k2020,14636,63.5,64.5,1.30988567941233e-06,562.053743471648
k2020,14636,63.55,64.55,1.29027297993644e-06,562.053743536651
k2020,14636,63.6,64.6,1.27095603393471e-06,562.05374360068
k2020,14636,63.65,64.65,1.25193035742097e-06,562.053743663751
k2020,14636,63.7,64.7,1.23319153468036e-06,562.053743725878
k2020,14636,63.75,64.75,1.21473521722605e-06,562.053743787075
k2020,14636,63.8,64.8,1.19655712277197e-06,562.053743847356
k2020,14636,63.85,64.85,1.17865303422124e-06,562.053743906736
k2020,14636,63.9,64.9,1.16101879867021e-06,562.053743965226
k2020,14636,63.95,64.95,1.14365032642769e-06,562.053744022842
k2020,14636,64,65,1.12654359004925e-06,562.053744079596
k2020,14636,64.05,65.05,1.10969462338635e-06,562.0537441355
k2020,14636,64.1,65.1,1.09309952064999e-06,562.053744190569
k2020,14636,64.15,65.15,1.07675443548881e-06,562.053744244814
k2020,14636,64.2,65.2,1.06065558008124e-06,562.053744298249
k2020,14636,64.25,65.25,1.04479922424157e-06,562.053744350884
k2020,14636,64.3,65.3,1.02918169453979e-06,562.053744402733
k2020,14636,64.35,65.35,1.01379937343487e-06,562.053744453806
k2020,14636,64.4,65.4,9.98648698421312e-07,562.053744504116
k2020,14636,64.45,65.45,9.83726161188829e-07,562.053744553675
k2020,14636,64.5,65.5,9.6902830679485e-07,562.053744602493
k2020,14636,64.55,65.55,9.54551732849742e-07,562.053744650581
k2020,14636,64.6,65.6,9.40293088714499e-07,562.053744697952
k2020,14636,64.65,65.65,9.26249074710724e-07,562.053744744614
k2020,14636,64.7,65.7,9.12416441342733e-07,562.05374479058
k2020,14636,64.75,65.75,8.98791988531533e-07,562.053744835859
k2020,14636,64.8,65.8,8.85372564860576e-07,562.053744880463
k2020,14636,64.85,65.85,8.72155066833052e-07,562.0537449244
k2020,14636,64.9,65.9,8.59136438140543e-07,562.053744967681
k2020,14636,64.95,65.95,8.46313668942909e-07,562.053745010317
k2020,14636,65,66,8.33683795159158e-07,562.053745052316
k2020,14636,65.05,66.05,8.21243897769216e-07,562.053745093689
k2020,14636,65.1,66.1,8.08991102126366e-07,562.053745134444
k2020,14636,65.15,66.15,7.96922577280214e-07,562.053745174591
k2020,14636,65.2,66.2,7.85035535310042e-07,562.053745214139
k2020,14636,65.25,66.25,7.73327230668332e-07,562.053745253097
k2020,14636,65.3,66.3,7.61794959534366e-07,562.053745291475
k2020,14636,65.35,66.35,7.50436059177712e-07,562.05374532928
k2020,14636,65.4,66.4,7.39247907331453e-07,562.053745366521
k2020,14636,65.45,66.45,7.28227921575014e-07,562.053745403207
k2020,14636,65.5,66.5,7.17373558726418e-07,562.053745439347
k2020,14636,65.55,66.55,7.06682314243863e-07,562.053745474947
k2020,14636,65.6,66.6,6.96151721636443e-07,562.053745510017
k2020,14636,65.65,66.65,6.8577935188389e-07,562.053745544565
k2020,14636,65.7,66.7,6.75562812865206e-07,562.053745578598
k2020,14636,65.75,66.75,6.65499748796007e-07,562.053745612124
k2020,14636,65.8,66.8,6.55587839674507e-07,562.053745645151
k2020,14636,65.85,66.85,6.45824800735958e-07,562.053745677685
k2020,14636,65.9,66.9,6.36208381915441e-07,562.053745709735
k2020,14636,65.95,66.95,6.26736367318889e-07,562.053745741308
k2020,14636,66,67,6.17406574702164e-07,562.053745772411
k2020,14636,66.05,67.05,6.08216854958141e-07,562.053745803052
k2020,14636,66.1,67.1,5.99165091611614e-07,562.053745833236
k2020,14636,66.15,67.15,5.90249200321931e-07,562.05374586297
k2020,14636,66.2,67.2,5.81467128393244e-07,562.053745892263
k2020,14636,66.25,67.25,5.72816854292229e-07,562.053745921119
k2020,14636,66.3,67.3,5.64296387173198e-07,562.053745949547
k2020,14636,66.35,67.35,5.55903766410461e-07,562.053745977551
k2020,14636,66.4,67.4,5.47637061137846e-07,562.053746005139
k2020,14636,66.45,67.45,5.39494369795256e-07,562.053746032317
k2020,14636,66.5,67.5,5.31473819682149e-07,562.053746059091
k2020,14636,66.55,67.55,5.23573566517854e-07,562.053746085466
k2020,14636,66.6,67.6,5.1579179400861e-07,562.05374611145
k2020,14636,66.65,67.65,5.08126713421211e-07,562.053746137047
k2020,14636,66.7,67.7,5.00576563163182e-07,562.053746162264
k2020,14636,66.75,67.75,4.93139608369353e-07,562.053746187107
k2020,14636,66.8,67.8,4.85814140494771e-07,562.05374621158
k2020,14636,66.85,67.85,4.78598476913818e-07,562.05374623569
k2020,14636,66.9,67.9,4.71490960525461e-07,562.053746259442
k2020,14636,66.95,67.95,4.6448995936454e-07,562.053746282841
k2020,14636,67,68,4.57593866218976e-07,562.053746305893
k2020,14636,67.05,68.05,4.5080109825285e-07,562.053746328602
k2020,14636,67.1,68.1,4.44110096635228e-07,562.053746350974
k2020,14636,67.15,68.15,4.37519326174654e-07,562.053746373015
k2020,14636,67.2,68.2,4.31027274959244e-07,562.053746394728
k2020,14636,67.25,68.25,4.2463245400225e-07,562.053746416119
k2020,14636,67.3,68.3,4.18333396893061e-07,562.053746437193
k2020,14636,67.35,68.35,4.12128659453528e-07,562.053746457954
k2020,14636,67.4,68.4,4.06016819399533e-07,562.053746478407
k2020,14636,67.45,68.45,3.99996476007736e-07,562.053746498557
k2020,14636,67.5,68.5,3.94066249787399e-07,562.053746518408
k2020,14636,67.55,68.55,3.88224782157231e-07,562.053746537965
k2020,14636,67.6,68.6,3.82470735127168e-07,562.053746557232
k2020,14636,67.65,68.65,3.76802790985005e-07,562.053746576214
k2020,14636,67.7,68.7,3.71219651987821e-07,562.053746594914
k2020,14636,67.75,68.75,3.65720040058108e-07,562.053746613337
k2020,14636,67.8,68.8,3.60302696484543e-07,562.053746631487
k2020,14636,67.85,68.85,3.5496638162733e-07,562.053746649369
k2020,14636,67.9,68.9,3.49709874628034e-07,562.053746666986
k2020,14636,67.95,68.95,3.44531973123854e-07,562.053746684341
k2020,14636,68,69,3.39431492966248e-07,562.05374670144
k2020,14636,68.05,69.05,3.34407267943854e-07,562.053746718286
k2020,14636,68.1,69.1,3.29458149509649e-07,562.053746734882
k2020,14636,68.15,69.15,3.24583006512262e-07,562.053746751233
k2020,14636,68.2,69.2,3.19780724931395e-07,562.053746767341
k2020,14636,68.25,69.25,3.15050207617272e-07,562.053746783212
k2020,14636,68.3,69.3,3.10390374034074e-07,562.053746798848
k2020,14636,68.35,69.35,3.05800160007286e-07,562.053746814252
k2020,14636,68.4,69.4,3.01278517474898e-07,562.053746829429
k2020,14636,68.45,69.45,2.96824414242401e-07,562.053746844381
k2020,14636,68.5,69.5,2.92436833741523e-07,562.053746859112
k2020,14636,68.55,69.55,2.88114774792647e-07,562.053746873626
k2020,14636,68.6,69.6,2.83857251370849e-07,562.053746887925
k2020,14636,68.65,69.65,2.79663292375511e-07,562.053746902013
k2020,14636,68.7,69.7,2.75531941403446e-07,562.053746915892
k2020,14636,68.75,69.75,2.7146225652548e-07,562.053746929567
k2020,14636,68.8,69.8,2.67453310066447e-07,562.05374694304
k2020,14636,68.85,69.85,2.63504188388537e-07,562.053746956313
k2020,14636,68.9,69.9,2.59613991677948e-07,562.053746969391
k2020,14636,68.95,69.95,2.55781833734798e-07,562.053746982276
k2020,14636,69,70,2.52006841766227e-07,562.05374699497
