document,section,item,source_file,locator,value_raw,value_printed,source_sha256,slide_n,source_commit
deck_core,S1,body weight inclusion range (kg),config/trial_design.yaml,weight.inclusion_kg,60; 90,60~90,553eceab74155a3497fef1ab587f3b8d2be1319704e17ae1f0e177601726e84f,1,d925f7a
deck_core,S1,dose (mg),config/trial_design.yaml,dose_mg,300,300,553eceab74155a3497fef1ab587f3b8d2be1319704e17ae1f0e177601726e84f,1,d925f7a
deck_core,S2,"share without a reliable AUCinf, set (iii), two models",results/trialpop/tp_failure_by_set.csv,range over 2 rows [set=='iii'] :: fail_pct,33.215; 38.760,33~39%,245552b2db5039299ce2f100ed592fc537ebac8bb1693371509535992aa6ca09,2,d925f7a
deck_core,S2,criteria set (iii) adj_r2_min,config/prereg_20260926.yaml,section4.criteria_sets.iii.adj_r2_min,0.9,0.90,dc2c9f1bd4d62e13ad9f5f551dcf97eb7ee1359ba13aaa3af8efc063dfc6303e,2,d925f7a
deck_core,S2,criteria set (iii) extrap_max_pct,config/prereg_20260926.yaml,section4.criteria_sets.iii.extrap_max_pct,20,20,dc2c9f1bd4d62e13ad9f5f551dcf97eb7ee1359ba13aaa3af8efc063dfc6303e,2,d925f7a
deck_core,S2,"window coverage (true), base case, smallest subject over both models, rounded down",results/trialpop/tp_coverage_individual.csv,metric=='window coverage (true AUC0-tlast / true AUC0-inf)' :: floor(min(min) x 100),84.3159734852213,84%,beb14fd4f7176e6f2ef9052b677f4abdb908dd5be2e4a19aacbf68c1122be409,2,d925f7a
deck_core,S2,"window coverage (true), median, two models",results/trialpop/tp_coverage_individual.csv,range over 2 rows [metric=='window coverage (true AUC0-tlast / true AUC0-inf)'] :: median x 100,99.3479499465381; 99.3596498487100,99%,beb14fd4f7176e6f2ef9052b677f4abdb908dd5be2e4a19aacbf68c1122be409,2,d925f7a
deck_core,S2,"largest boundary type I error, AUCinf (set iii, rule A) + Cmax, M1",results/criteria/criteria_g2_type1.csv,max over 16 rows [analysis_model=='M1' & config=='G2_A_iii'] :: pass_pct,17.47,17.5%,b450c534a36e2e03b49bad2427de6317153e3b71210dce8caab616e43ef64981,2,d925f7a
deck_core,S2,"largest boundary type I error, AUClast + Cmax, M1",results/oc_models/type1_models.csv,max over 16 rows [analysis_model=='M1' & config=='P2'] :: pass_pct,5.625,5.6%,d6e5c650fb4d6d241a554f896de38205ac2c890bfa442f4f9cb2749c70b5f261,2,d925f7a
deck_core,S2,nominal type I error per one-sided test (%) = (1 - be.ci_level) / 2,config/trial_design.yaml,be.ci_level :: (1 - x) / 2 x 100,5,5%,553eceab74155a3497fef1ab587f3b8d2be1319704e17ae1f0e177601726e84f,2,d925f7a
deck_core,S2,virtual subjects per model (trial population),results/trialpop/tp_failure_by_set.csv,pk_model=='k2016' & set=='iii' :: n,20000,"20,000",245552b2db5039299ce2f100ed592fc537ebac8bb1693371509535992aa6ca09,2,d925f7a
deck_core,S2,boundary cells,results/oc_models/type1_models.csv,count of rows [analysis_model=='M1' & config=='P2'],16,16,d6e5c650fb4d6d241a554f896de38205ac2c890bfa442f4f9cb2749c70b5f261,2,d925f7a
deck_core,S2,"share without a reliable AUCinf, set (iii), 2016 model",results/trialpop/tp_failure_by_set.csv,pk_model=='k2016' & set=='iii' :: fail_pct,38.76,38.8%,245552b2db5039299ce2f100ed592fc537ebac8bb1693371509535992aa6ca09,2,d925f7a
deck_core,S2,"share without a reliable AUCinf, set (iii), 2020 model",results/trialpop/tp_failure_by_set.csv,pk_model=='k2020' & set=='iii' :: fail_pct,33.215,33.2%,245552b2db5039299ce2f100ed592fc537ebac8bb1693371509535992aa6ca09,2,d925f7a
deck_core,S2,"window coverage minimum, 2016 model",results/trialpop/tp_coverage_individual.csv,metric=='window coverage (true AUC0-tlast / true AUC0-inf)' & pk_model=='k2016' :: min x 100,84.7764361879052,84.8%,beb14fd4f7176e6f2ef9052b677f4abdb908dd5be2e4a19aacbf68c1122be409,2,d925f7a
deck_core,S2,"window coverage minimum, 2020 model",results/trialpop/tp_coverage_individual.csv,metric=='window coverage (true AUC0-tlast / true AUC0-inf)' & pk_model=='k2020' :: min x 100,84.3159734852213,84.3%,beb14fd4f7176e6f2ef9052b677f4abdb908dd5be2e4a19aacbf68c1122be409,2,d925f7a
deck_core,S2,M1 G2_A_iii cells above 5%,results/criteria/criteria_g2_type1.csv,count of rows [analysis_model=='M1' & config=='G2_A_iii' & pass_pct > 5],10,10,b450c534a36e2e03b49bad2427de6317153e3b71210dce8caab616e43ef64981,2,d925f7a
deck_core,S2,M1 P2 cells above 5%,results/oc_models/type1_models.csv,count of rows [analysis_model=='M1' & config=='P2' & pass_pct > 5],1,1,d6e5c650fb4d6d241a554f896de38205ac2c890bfa442f4f9cb2749c70b5f261,2,d925f7a
deck_core,S2,boundary cells,results/oc_models/type1_models.csv,count of rows [analysis_model=='M1' & config=='P2'],16,16,d6e5c650fb4d6d241a554f896de38205ac2c890bfa442f4f9cb2749c70b5f261,2,d925f7a
deck_core,S2,body weight inclusion range (kg),config/trial_design.yaml,weight.inclusion_kg,60; 90,60~90,553eceab74155a3497fef1ab587f3b8d2be1319704e17ae1f0e177601726e84f,2,d925f7a
deck_core,S2,"window coverage minimum, curve-shape study base draw",results/core_deck/coverage_by_case.csv,case=='curve_base' :: min x 100,83.4104685882608,83.4%,86b24303338b849efe6e6cdac069d0f6da9fb675d38b1a33fee44624d611791e,2,d925f7a
deck_core,S3,gate tolerance for the simulated AUClast mean (%),config/design_clot2021.yaml,gate.auclast_mean_tol_pct,15,15,4b3ddc374dfbf3f451d3fe3d6a865645b0b5d93b0ea7eea9a3f24cd8d2f05da5,3,d925f7a
deck_core,S3,"simulated / observed AUClast mean, 300 mg gate rows, 2016 model",results/step1/step1b_quant_gate.csv,"over 3 rows [gate_role=='gate' & dose_mg==300] :: min(AUClast_ratio), max(AUClast_ratio)",0.938864110808444; 1.040222532356500,0.94~1.04,8f846e1fd1160532af6b26f020969bb945f0903e3ba7549c0bb5fd2a50117bb5,3,d925f7a
deck_core,S3,"simulated / observed AUClast mean, 300 mg gate rows, 2020 model",results/step1_k2020/step1b_quant_gate.csv,"over 3 rows [gate_role=='gate' & dose_mg==300] :: min(AUClast_ratio), max(AUClast_ratio)",1.01545509615009; 1.12815869190091,1.02~1.13,fe98e2255a97c7dc46ced95bd39619686078d95324349342d596324314490544,3,d925f7a
deck_core,S3,dose (mg),config/trial_design.yaml,dose_mg,300,300,553eceab74155a3497fef1ab587f3b8d2be1319704e17ae1f0e177601726e84f,3,d925f7a
deck_core,S3,EMA mAb biosimilar guideline year,config/literature_precedents.yaml,ema_2012_mab.year,2012,2012,44c48b27ac1afbe90f1e23f55480f148dfa34e03a4dca31a81d29096a0537e67,3,d925f7a
deck_core,S3,body weight inclusion range (kg),config/trial_design.yaml,weight.inclusion_kg,60; 90,60~90,553eceab74155a3497fef1ab587f3b8d2be1319704e17ae1f0e177601726e84f,3,d925f7a
deck_core,S3,dose (mg),config/trial_design.yaml,dose_mg,300,300,553eceab74155a3497fef1ab587f3b8d2be1319704e17ae1f0e177601726e84f,3,d925f7a
deck_core,S3,"schedule B0, n (study day = days after dose + 1)",config/trial_design.yaml,schedules.B0.days :: n, 1.25;  2.00;  4.00;  6.00;  8.00; 11.00; 15.00; 22.00; 29.00; 36.00; 43.00; 50.00; 57.00,13,553eceab74155a3497fef1ab587f3b8d2be1319704e17ae1f0e177601726e84f,3,d925f7a
deck_core,S3,"schedule B0, last (study day = days after dose + 1)",config/trial_design.yaml,schedules.B0.days :: last, 1.25;  2.00;  4.00;  6.00;  8.00; 11.00; 15.00; 22.00; 29.00; 36.00; 43.00; 50.00; 57.00,57,553eceab74155a3497fef1ab587f3b8d2be1319704e17ae1f0e177601726e84f,3,d925f7a
deck_core,S3,evaluable subjects per arm,config/trial_design.yaml,n_per_arm,117,117,553eceab74155a3497fef1ab587f3b8d2be1319704e17ae1f0e177601726e84f,3,d925f7a
deck_core,S3,study LLOQ (mg/L),config/assay.yaml,lloq_mg_L.value,0.078,0.078,13bb4e6e5a604962f3e30a9f31dffb53fcfcaa71272e41d6a12413c1cec26604,3,d925f7a
deck_core,S3,lambda-z minimum points,config/nca_rules.yaml,standard.lambda_z.min_points,3,3,0f53d9e003bf1df504df24201f06301cabe423babd1078def5c5a4b3b2c1db94,3,d925f7a
deck_core,S4,"median concentration at cliff start (mg/L), two models",results/cliff/cliff_summary.csv,range over 2 rows [weight=='base'] :: c_start1_median,0.879043200268077; 0.890140885272395,0.9,f853aba868c8cd024ca3a2c4a971159d7aece8f76fb8f2156c300c88e0dfd115,4,d925f7a
deck_core,S4,"median cliff length (days), two models",results/cliff/cliff_summary.csv,range over 2 rows [weight=='base'] :: len1_median,1.38152205729940; 1.38301245217869,1.4,f853aba868c8cd024ca3a2c4a971159d7aece8f76fb8f2156c300c88e0dfd115,4,d925f7a
deck_core,S4,representative subject: percentile of the LLOQ day,results/deck_inputs/rep_subjects.csv,percentile==50 :: percentile,50,50,abcacc697f81e179904bc2e6bcaafdefa7eb29a5d828da692b599642e96a80e9,4,d925f7a
deck_core,S4,study LLOQ (mg/L),config/assay.yaml,lloq_mg_L.value,0.078,0.078,13bb4e6e5a604962f3e30a9f31dffb53fcfcaa71272e41d6a12413c1cec26604,4,d925f7a
deck_core,S4,"cliff start: instantaneous half-life threshold, primary definition (days)",config/oc_design.yaml,cliff.definition_days :: first element (primary definition),1,1,629011b264fbc4c3f03f8a3989bac1f2711d49959f3268f5e8f758c80f93ea0a,4,d925f7a
deck_core,S4,sampling interval of the current schedule in the cliff window (days),results/cliff/cliff_points.csv,model=='k2016' & weight=='base' & timing=='nominal' & definition_day==1 & schedule=='current' :: min_interval_day,7,7,0d0ea5c5b1e2ada1b9ff68be6415c912fec7ea8806f75a2d201b46932359fead,4,d925f7a
deck_core,S4,"share with one or more current samples on the cliff, two models",results/cliff/cliff_points.csv,range over 2 rows [weight=='base' & timing=='nominal' & definition_day==1 & schedule=='current'] :: pct_ge1,18.825; 19.965,19~20%,0d0ea5c5b1e2ada1b9ff68be6415c912fec7ea8806f75a2d201b46932359fead,4,d925f7a
deck_core,S4,"share with two or more current samples on the cliff, two models",results/cliff/cliff_points.csv,range over 2 rows [weight=='base' & timing=='nominal' & definition_day==1 & schedule=='current'] :: pct_ge2,0; 0,0%,0d0ea5c5b1e2ada1b9ff68be6415c912fec7ea8806f75a2d201b46932359fead,4,d925f7a
deck_core,S4,"FDA BLA 761055 clinical pharmacology review page (as given, unverified)",config/literature_core_deck.yaml,fda_bla761055_clinpharm.page,48,48,ed067a30878b498ed7f584d96695f25a6abb14944cb426992c8036b09acb3a80,4,d925f7a
deck_core,S4,figure s4_cliff,results/deck_inputs/rep_profiles.csv,whole object,NA,(figure),787f586a785dc0ee4da4fe4c1f17821f525e1625667861a65a176381fb8db4df,4,d925f7a
deck_core,S4,figure s4_cliff,results/deck_inputs/rep_subjects.csv,whole object,NA,(figure),abcacc697f81e179904bc2e6bcaafdefa7eb29a5d828da692b599642e96a80e9,4,d925f7a
deck_core,S4,literature statement Kovalenko 2020 Results,results/literature/literature_qualitative.csv,whole object,NA,(table),4fbd3d888edc887242439362d8a2742497061095f4ab5ddda1ba0146b04ac26e,4,d925f7a
deck_core,S4,representative subject id,results/deck_inputs/rep_subjects.csv,percentile==50 :: id,3538,3538,abcacc697f81e179904bc2e6bcaafdefa7eb29a5d828da692b599642e96a80e9,4,d925f7a
deck_core,S4,representative subject: study day at the LLOQ,results/deck_inputs/rep_subjects.csv,percentile==50 :: study_day_lloq,38.4637748088678,38.5,abcacc697f81e179904bc2e6bcaafdefa7eb29a5d828da692b599642e96a80e9,4,d925f7a
deck_core,S4,"median concentration at cliff start, 2016 (mg/L)",results/cliff/cliff_summary.csv,model=='k2016' & weight=='base' :: c_start1_median,0.879043200268077,0.88,f853aba868c8cd024ca3a2c4a971159d7aece8f76fb8f2156c300c88e0dfd115,4,d925f7a
deck_core,S4,"median concentration at cliff start, 2020 (mg/L)",results/cliff/cliff_summary.csv,model=='k2020' & weight=='base' :: c_start1_median,0.890140885272395,0.89,f853aba868c8cd024ca3a2c4a971159d7aece8f76fb8f2156c300c88e0dfd115,4,d925f7a
deck_core,S4,"median cliff length, 2016 (days)",results/cliff/cliff_summary.csv,model=='k2016' & weight=='base' :: len1_median,1.3815220572994,1.38,f853aba868c8cd024ca3a2c4a971159d7aece8f76fb8f2156c300c88e0dfd115,4,d925f7a
deck_core,S4,"median cliff length, 2020 (days)",results/cliff/cliff_summary.csv,model=='k2020' & weight=='base' :: len1_median,1.38301245217869,1.38,f853aba868c8cd024ca3a2c4a971159d7aece8f76fb8f2156c300c88e0dfd115,4,d925f7a
deck_core,S4,"5th to 95th percentile cliff length, 2016",results/cliff/cliff_summary.csv,"over 1 rows [model=='k2016' & weight=='base'] :: min(len1_p05), max(len1_p95)",1.32671146732455; 1.42857852790450,1.33~1.43,f853aba868c8cd024ca3a2c4a971159d7aece8f76fb8f2156c300c88e0dfd115,4,d925f7a
deck_core,S4,"median study day at the LLOQ, 2016",results/cliff/cliff_summary.csv,model=='k2016' & weight=='base' :: lloq_studyday_median,38.4647596937202,38.5,f853aba868c8cd024ca3a2c4a971159d7aece8f76fb8f2156c300c88e0dfd115,4,d925f7a
deck_core,S4,"median study day at the LLOQ, 2020",results/cliff/cliff_summary.csv,model=='k2020' & weight=='base' :: lloq_studyday_median,40.7685378859273,40.8,f853aba868c8cd024ca3a2c4a971159d7aece8f76fb8f2156c300c88e0dfd115,4,d925f7a
deck_core,S4,virtual subjects per model (cliff analysis),results/cliff/cliff_summary.csv,model=='k2016' & weight=='base' :: n,20000,"20,000",f853aba868c8cd024ca3a2c4a971159d7aece8f76fb8f2156c300c88e0dfd115,4,d925f7a
deck_core,S4,body weight inclusion range (kg),config/trial_design.yaml,weight.inclusion_kg,60; 90,60~90,553eceab74155a3497fef1ab587f3b8d2be1319704e17ae1f0e177601726e84f,4,d925f7a
deck_core,S5,criteria set (iii) adj_r2_min,config/prereg_20260926.yaml,section4.criteria_sets.iii.adj_r2_min,0.9,0.90,dc2c9f1bd4d62e13ad9f5f551dcf97eb7ee1359ba13aaa3af8efc063dfc6303e,5,d925f7a
deck_core,S5,"share without a reliable AUCinf, set (iii), two models",results/trialpop/tp_failure_by_set.csv,range over 2 rows [set=='iii'] :: fail_pct,33.215; 38.760,33~39%,245552b2db5039299ce2f100ed592fc537ebac8bb1693371509535992aa6ca09,5,d925f7a
deck_core,S5,evaluable subjects per arm,config/trial_design.yaml,n_per_arm,117,117,553eceab74155a3497fef1ab587f3b8d2be1319704e17ae1f0e177601726e84f,5,d925f7a
deck_core,S5,"share with an estimable lambda-z (100 - lz_pct), two models",results/trialpop/tp_failure_by_set.csv,"set=='iii' :: 100 - lz_pct, range over models",98.540; 99.385,98.5~99.4%,245552b2db5039299ce2f100ed592fc537ebac8bb1693371509535992aa6ca09,5,d925f7a
deck_core,S5,number of public SAPs recorded,config/prereg_20260926.yaml,section6.s2_1_failure_by_set.public_saps :: count of NCT identifiers,3,3,dc2c9f1bd4d62e13ad9f5f551dcf97eb7ee1359ba13aaa3af8efc063dfc6303e,5,d925f7a
deck_core,S5,public SAP NCT04117607: adjusted R-squared at least,config/prereg_20260926.yaml,section6.s2_1_failure_by_set.public_saps :: regex 'NCT04117607 \(adjusted R-squared at least ([0-9.]+)',0.9,0.90,dc2c9f1bd4d62e13ad9f5f551dcf97eb7ee1359ba13aaa3af8efc063dfc6303e,5,d925f7a
deck_core,S5,evaluable subjects per arm,config/trial_design.yaml,n_per_arm,117,117,553eceab74155a3497fef1ab587f3b8d2be1319704e17ae1f0e177601726e84f,5,d925f7a
deck_core,S5,"median evaluable subjects per arm with a reliable AUCinf, set (iii), two models",results/trialpop/tp_retained_per_arm.csv,range over 2 rows [set=='iii'] :: retained_median,72; 78,72~78,e1a344b97e641ca3ed72e33d48c23d516fede36ceb0f55a6a4d1df8ed658a64d,5,d925f7a
deck_core,S5,public SAP NCT04441905: adjusted R-squared at least,config/prereg_20260926.yaml,section6.s2_1_failure_by_set.public_saps :: regex 'NCT04441905 \(adjusted R-squared at least ([0-9.]+)',0.9,0.90,dc2c9f1bd4d62e13ad9f5f551dcf97eb7ee1359ba13aaa3af8efc063dfc6303e,5,d925f7a
deck_core,S5,criteria set (iii) extrap_max_pct,config/prereg_20260926.yaml,section4.criteria_sets.iii.extrap_max_pct,20,20,dc2c9f1bd4d62e13ad9f5f551dcf97eb7ee1359ba13aaa3af8efc063dfc6303e,5,d925f7a
deck_core,S5,figure s5_reliable,results/trialpop/tp_failure_by_set.csv,whole object,NA,(figure),245552b2db5039299ce2f100ed592fc537ebac8bb1693371509535992aa6ca09,5,d925f7a
deck_core,S5,figure s5_reliable,results/trialpop/tp_retained_per_arm.csv,whole object,NA,(figure),e1a344b97e641ca3ed72e33d48c23d516fede36ceb0f55a6a4d1df8ed658a64d,5,d925f7a
deck_core,S5,"set (i) failing share, 2016",results/trialpop/tp_failure_by_set.csv,pk_model=='k2016' & set=='i' :: fail_pct,13.435,13.4%,245552b2db5039299ce2f100ed592fc537ebac8bb1693371509535992aa6ca09,5,d925f7a
deck_core,S5,"set (i) failing share, 2020",results/trialpop/tp_failure_by_set.csv,pk_model=='k2020' & set=='i' :: fail_pct,8.165,8.2%,245552b2db5039299ce2f100ed592fc537ebac8bb1693371509535992aa6ca09,5,d925f7a
deck_core,S5,"set (iii) failing share, 2016",results/trialpop/tp_failure_by_set.csv,pk_model=='k2016' & set=='iii' :: fail_pct,38.76,38.8%,245552b2db5039299ce2f100ed592fc537ebac8bb1693371509535992aa6ca09,5,d925f7a
deck_core,S5,"set (iii) failing share, 2020",results/trialpop/tp_failure_by_set.csv,pk_model=='k2020' & set=='iii' :: fail_pct,33.215,33.2%,245552b2db5039299ce2f100ed592fc537ebac8bb1693371509535992aa6ca09,5,d925f7a
deck_core,S5,"set (iii) failing with an estimable lambda-z, 2016",results/trialpop/tp_failure_by_set.csv,pk_model=='k2016' & set=='iii' :: est_fail_pct,37.3,37.3%,245552b2db5039299ce2f100ed592fc537ebac8bb1693371509535992aa6ca09,5,d925f7a
deck_core,S5,"set (iii) failing with an estimable lambda-z, 2020",results/trialpop/tp_failure_by_set.csv,pk_model=='k2020' & set=='iii' :: est_fail_pct,32.6,32.6%,245552b2db5039299ce2f100ed592fc537ebac8bb1693371509535992aa6ca09,5,d925f7a
deck_core,S5,criteria set (i) adj_r2_min,config/prereg_20260926.yaml,section4.criteria_sets.i.adj_r2_min,0.8,0.80,dc2c9f1bd4d62e13ad9f5f551dcf97eb7ee1359ba13aaa3af8efc063dfc6303e,5,d925f7a
deck_core,S5,criteria set (iii) extrap_max_pct,config/prereg_20260926.yaml,section4.criteria_sets.iii.extrap_max_pct,20,20,dc2c9f1bd4d62e13ad9f5f551dcf97eb7ee1359ba13aaa3af8efc063dfc6303e,5,d925f7a
deck_core,S5,public SAP NCT04700163: adjusted R-squared above,config/prereg_20260926.yaml,section6.s2_1_failure_by_set.public_saps :: regex 'NCT04700163 \(adjusted R-squared above ([0-9.]+)',0.9,0.90,dc2c9f1bd4d62e13ad9f5f551dcf97eb7ee1359ba13aaa3af8efc063dfc6303e,5,d925f7a
deck_core,S5,"median evaluable subjects per arm meeting set (i), two models",results/trialpop/tp_retained_per_arm.csv,range over 2 rows [set=='i'] :: retained_median,101; 107,101~107,e1a344b97e641ca3ed72e33d48c23d516fede36ceb0f55a6a4d1df8ed658a64d,5,d925f7a
deck_core,S5,"5th to 95th percentile subjects per arm meeting set (iii), two models",results/trialpop/tp_retained_per_arm.csv,"over 2 rows [set=='iii'] :: min(retained_p05), max(retained_p95)",63; 86,63~86,e1a344b97e641ca3ed72e33d48c23d516fede36ceb0f55a6a4d1df8ed658a64d,5,d925f7a
deck_core,S5,"proportional residual, 2016 model (%)",results/trialpop/tp_residual_sensitivity.csv,variant=='k2016' & set=='iii' :: sigma_prop_pct,24.2,24.2%,860c21b7b69a4dd5e1e0ae43bef40eb83c308ae0d97f6e2bcf3a6f1c98454e09,5,d925f7a
deck_core,S5,halved proportional residual (%),results/trialpop/tp_residual_sensitivity.csv,variant=='resid12' & set=='iii' :: sigma_prop_pct,12,12%,860c21b7b69a4dd5e1e0ae43bef40eb83c308ae0d97f6e2bcf3a6f1c98454e09,5,d925f7a
deck_core,S5,"set (iii) failing share with the halved residual, 2016 model",results/trialpop/tp_residual_sensitivity.csv,variant=='resid12' & set=='iii' :: fail_pct,27.235,27.2%,860c21b7b69a4dd5e1e0ae43bef40eb83c308ae0d97f6e2bcf3a6f1c98454e09,5,d925f7a
deck_core,S5,body weight inclusion range (kg),config/trial_design.yaml,weight.inclusion_kg,60; 90,60~90,553eceab74155a3497fef1ab587f3b8d2be1319704e17ae1f0e177601726e84f,5,d925f7a
deck_core,S5,virtual subjects per model,results/trialpop/tp_failure_by_set.csv,pk_model=='k2016' & set=='iii' :: n,20000,"20,000",245552b2db5039299ce2f100ed592fc537ebac8bb1693371509535992aa6ca09,5,d925f7a
deck_core,S5,simulated trials per model (retained per arm),results/trialpop/tp_retained_per_arm.csv,pk_model=='k2016' & set=='iii' :: n_trials,10000,"10,000",e1a344b97e641ca3ed72e33d48c23d516fede36ceb0f55a6a4d1df8ed658a64d,5,d925f7a
deck_core,S6,"change in the share meeting set (iii), D1-D4 vs B0, range over schedules and models (percentage points)",results/core_deck/reliable_iii_by_schedule.csv,schedule!='B0' :: range(diff_vs_B0_pp),-2.43000000000001;  1.35999999999999,-2.4~+1.4%p,d2b4e3ec8cddd1130f06ddbcee6c7462054cb03d65c02f9df26d361fdca68647,6,d925f7a
deck_core,S6,"share with two or more samples on the cliff, candidate schedules with visit windows, largest over schedules and models",results/cliff/cliff_points.csv,"weight=='base' & definition_day==1 & timing=='windowed' & grepl('^plus_', schedule) :: max(pct_ge2)",0.04,0.04%,0d0ea5c5b1e2ada1b9ff68be6415c912fec7ea8806f75a2d201b46932359fead,6,d925f7a
deck_core,S6,smallest late sampling interval with candidate schedule D3 (days),config/trial_design.yaml,schedules.D3.days :: min(diff(days >= 28)),3,3,553eceab74155a3497fef1ab587f3b8d2be1319704e17ae1f0e177601726e84f,6,d925f7a
deck_core,S6,"median cliff length, two models",results/cliff/cliff_summary.csv,range over 2 rows [weight=='base'] :: len1_median,1.38152205729940; 1.38301245217869,1.4,f853aba868c8cd024ca3a2c4a971159d7aece8f76fb8f2156c300c88e0dfd115,6,d925f7a
deck_core,S6,"true AUCinf ratio, failing to retained subjects, set (iii), two models",results/trialpop/tp_characteristics.csv,range over 2 rows [set=='iii'] :: true_aucinf_gmr,0.895137990266898; 0.928174485565535,0.90~0.93,4ecec80dd889cc798aad376dbb7a21a23d30d530a0ef29366e3caf9011779573,6,d925f7a
deck_core,S6,figure s6_schedule_and_bias,results/core_deck/reliable_iii_by_schedule.csv,whole object,NA,(figure),d2b4e3ec8cddd1130f06ddbcee6c7462054cb03d65c02f9df26d361fdca68647,6,d925f7a
deck_core,S6,figure s6_schedule_and_bias,results/trialpop/tp_characteristics.csv,whole object,NA,(figure),4ecec80dd889cc798aad376dbb7a21a23d30d530a0ef29366e3caf9011779573,6,d925f7a
deck_core,S6,figure s6_schedule_and_bias,results/deck_inputs/rep_subjects.csv,whole object,NA,(figure),abcacc697f81e179904bc2e6bcaafdefa7eb29a5d828da692b599642e96a80e9,6,d925f7a
deck_core,S6,late B0 sampling interval (days),config/trial_design.yaml,schedules.B0.days :: diff(days >= 28),7,7,553eceab74155a3497fef1ab587f3b8d2be1319704e17ae1f0e177601726e84f,6,d925f7a
deck_core,S6,"share meeting set (iii), B0, 2016",results/core_deck/reliable_iii_by_schedule.csv,model=='k2016' & schedule=='B0' :: pct_reliable_iii,61.24,61.2%,d2b4e3ec8cddd1130f06ddbcee6c7462054cb03d65c02f9df26d361fdca68647,6,d925f7a
deck_core,S6,"share meeting set (iii), B0, 2020",results/core_deck/reliable_iii_by_schedule.csv,model=='k2020' & schedule=='B0' :: pct_reliable_iii,66.785,66.8%,d2b4e3ec8cddd1130f06ddbcee6c7462054cb03d65c02f9df26d361fdca68647,6,d925f7a
deck_core,S6,"change with D3, two models",results/core_deck/reliable_iii_by_schedule.csv,range over 2 rows [schedule=='D3'] :: diff_vs_B0_pp,0.649999999999995; 1.359999999999990,0.7~1.4%p,d2b4e3ec8cddd1130f06ddbcee6c7462054cb03d65c02f9df26d361fdca68647,6,d925f7a
deck_core,S6,"weight difference failing minus retained (kg), set (iii), two models",results/trialpop/tp_characteristics.csv,range over 2 rows [set=='iii'] :: wt_diff_kg,0.349640423512781; 0.415961827771483,0.3~0.4,4ecec80dd889cc798aad376dbb7a21a23d30d530a0ef29366e3caf9011779573,6,d925f7a
deck_core,S6,"AUClast ratio failing to retained, set (iii), two models",results/trialpop/tp_characteristics.csv,range over 2 rows [set=='iii'] :: auclast_gmr,0.891153763621704; 0.909969139514214,0.89~0.91,4ecec80dd889cc798aad376dbb7a21a23d30d530a0ef29366e3caf9011779573,6,d925f7a
deck_core,S6,smallest late sampling interval with candidate schedule D3 (days),config/trial_design.yaml,schedules.D3.days :: min(diff(days >= 28)),3,3,553eceab74155a3497fef1ab587f3b8d2be1319704e17ae1f0e177601726e84f,6,d925f7a
deck_core,S6,virtual subjects per model,results/core_deck/reliable_iii_by_schedule.csv,model=='k2016' & schedule=='B0' :: n,20000,"20,000",d2b4e3ec8cddd1130f06ddbcee6c7462054cb03d65c02f9df26d361fdca68647,6,d925f7a
deck_core,S6,"arm difference in the set (iii) failing share (test - reference), boundary cells except absorption rate, two models",results/trialpop/tp_arm_difference.csv,"range over 14 rows [set=='iii' & grepl('_(080|125)$', scenario) & !grepl('^ka_', scenario)] :: diff_mean",-9.38290598290598;  8.94871794871795,-9.4~8.9%p,cdf32cb67af28daa0f22468c8f79ffcfdc1b7f3fdd7b124be9b27f61fddec8d4,6,d925f7a
deck_core,S7,"window coverage (true), 2016 median-coverage subject",results/core_deck/rep_subjects.csv,model=='k2016' & role=='median' :: coverage_true x 100,99.3480115093352,99%,36857f76544767ea75bbdfc5009f7099e844f03490451943ac6957ed5675c4de,7,d925f7a
deck_core,S7,"window coverage (true), 2016 minimum-coverage subject",results/core_deck/rep_subjects.csv,model=='k2016' & role=='min' :: coverage_true x 100,84.7764361879052,84.8%,36857f76544767ea75bbdfc5009f7099e844f03490451943ac6957ed5675c4de,7,d925f7a
deck_core,S7,"median NCA-to-true extrapolated area ratio, subjects with a reliable AUCinf, two models",results/core_deck/extrap_ratio_by_group.csv,range over 2 rows [group=='reliable_iii'] :: median,4.45692055818446; 4.50620839896194,4.5,5b6a177458e039ee43639d0accd5171d8ed86ebd7b864a019506af9cf434e0c3,7,d925f7a
deck_core,S7,"virtual subjects, 2016",results/rationale/pillar1_coverage_B0.csv,model=='k2016' & group=='all' :: n_subjects,20000,"20,000",f5bd530b5e2198d6fc9ae9dcf29e9fda50cb699af423210a732c31d1ccf6cbb6,7,d925f7a
deck_core,S7,"median NCA extrapolated share, 2016",results/rationale/pillar1_coverage_B0.csv,model=='k2016' & group=='all' :: extrap_nca_median,2.74409890951039,2.7%,f5bd530b5e2198d6fc9ae9dcf29e9fda50cb699af423210a732c31d1ccf6cbb6,7,d925f7a
deck_core,S7,"median true extrapolated share, 2016",results/rationale/pillar1_coverage_B0.csv,model=='k2016' & group=='all' :: extrap_true_median,0.652050053461906,0.65%,f5bd530b5e2198d6fc9ae9dcf29e9fda50cb699af423210a732c31d1ccf6cbb6,7,d925f7a
deck_core,S7,"NCA-to-true extrapolated area ratio, minimum subject",results/core_deck/rep_subjects.csv,model=='k2016' & role=='min' :: extrap_ratio_nca_to_true,0.785437540355662,0.79,36857f76544767ea75bbdfc5009f7099e844f03490451943ac6957ed5675c4de,7,d925f7a
deck_core,S7,figure s7_shaded_k2016,results/core_deck/rep_subjects.csv,whole object,NA,(figure),36857f76544767ea75bbdfc5009f7099e844f03490451943ac6957ed5675c4de,7,d925f7a
deck_core,S7,figure s7_shaded_k2016,results/core_deck/rep_profiles.csv,whole object,NA,(figure),5a8d205d0bf4a00d85b50a585e9eebf69dacd7eef2b364e68c5976b356b1ddff,7,d925f7a
deck_core,S7,figure s7_shaded_k2016,results/core_deck/rep_obs.csv,whole object,NA,(figure),505bf3279e101131cd18fec69b046a7b8464bbcfc48736cc69e74ab008d0fe40,7,d925f7a
deck_core,S7,"subject id, median",results/core_deck/rep_subjects.csv,model=='k2016' & role=='median' :: id,8070,8070,36857f76544767ea75bbdfc5009f7099e844f03490451943ac6957ed5675c4de,7,d925f7a
deck_core,S7,"subject id, 5th percentile",results/core_deck/rep_subjects.csv,model=='k2016' & role=='p05' :: id,9220,9220,36857f76544767ea75bbdfc5009f7099e844f03490451943ac6957ed5675c4de,7,d925f7a
deck_core,S7,"subject id, minimum",results/core_deck/rep_subjects.csv,model=='k2016' & role=='min' :: id,10279,10279,36857f76544767ea75bbdfc5009f7099e844f03490451943ac6957ed5675c4de,7,d925f7a
deck_core,S7,"study day of the observed tlast, median subject",results/core_deck/rep_subjects.csv,model=='k2016' & role=='median' :: study_day_tlast,29.145892388653,29.1,36857f76544767ea75bbdfc5009f7099e844f03490451943ac6957ed5675c4de,7,d925f7a
deck_core,S7,"study day of tlast, 5th percentile subject",results/core_deck/rep_subjects.csv,model=='k2016' & role=='p05' :: study_day_tlast,21.5355445239693,21.5,36857f76544767ea75bbdfc5009f7099e844f03490451943ac6957ed5675c4de,7,d925f7a
deck_core,S7,"study day of tlast, minimum subject",results/core_deck/rep_subjects.csv,model=='k2016' & role=='min' :: study_day_tlast,14.8775843959302,14.9,36857f76544767ea75bbdfc5009f7099e844f03490451943ac6957ed5675c4de,7,d925f7a
deck_core,S7,"NCA extrapolated area, median subject",results/core_deck/rep_subjects.csv,model=='k2016' & role=='median' :: extrap_area_nca,24.4531693896237,24.5,36857f76544767ea75bbdfc5009f7099e844f03490451943ac6957ed5675c4de,7,d925f7a
deck_core,S7,"true extrapolated area, median subject",results/core_deck/rep_subjects.csv,model=='k2016' & role=='median' :: extrap_area_true,3.06156502522373,3.1,36857f76544767ea75bbdfc5009f7099e844f03490451943ac6957ed5675c4de,7,d925f7a
deck_core,S7,"NCA extrapolated area, minimum subject",results/core_deck/rep_subjects.csv,model=='k2016' & role=='min' :: extrap_area_nca,22.740515326078,22.7,36857f76544767ea75bbdfc5009f7099e844f03490451943ac6957ed5675c4de,7,d925f7a
deck_core,S7,"true extrapolated area, minimum subject",results/core_deck/rep_subjects.csv,model=='k2016' & role=='min' :: extrap_area_true,28.9526718009692,29.0,36857f76544767ea75bbdfc5009f7099e844f03490451943ac6957ed5675c4de,7,d925f7a
deck_core,S7,"NCA-to-true extrapolated area ratio, minimum subject",results/core_deck/rep_subjects.csv,model=='k2016' & role=='min' :: extrap_ratio_nca_to_true,0.785437540355662,0.79,36857f76544767ea75bbdfc5009f7099e844f03490451943ac6957ed5675c4de,7,d925f7a
deck_core,S7,"virtual subjects, 2016",results/rationale/pillar1_coverage_B0.csv,model=='k2016' & group=='all' :: n_subjects,20000,"20,000",f5bd530b5e2198d6fc9ae9dcf29e9fda50cb699af423210a732c31d1ccf6cbb6,7,d925f7a
deck_core,S7,"adjusted R-squared, minimum subject",results/core_deck/rep_subjects.csv,model=='k2016' & role=='min' :: adj_r2,0.695173222110377,0.70,36857f76544767ea75bbdfc5009f7099e844f03490451943ac6957ed5675c4de,7,d925f7a
deck_core,S7,"NCA extrapolated share, minimum subject",results/core_deck/rep_subjects.csv,model=='k2016' & role=='min' :: pct_extrap_nca,10.9233471601978,10.9%,36857f76544767ea75bbdfc5009f7099e844f03490451943ac6957ed5675c4de,7,d925f7a
deck_core,S7,"observed Clast, minimum subject (mg/L)",results/core_deck/rep_subjects.csv,model=='k2016' & role=='min' :: Clast,4.60307211265038,4.60,36857f76544767ea75bbdfc5009f7099e844f03490451943ac6957ed5675c4de,7,d925f7a
deck_core,S7,"true concentration at the observed tlast, minimum subject (mg/L)",results/core_deck/rep_obs.csv,model=='k2016' & id==<minimum subject> & time_after_dose==tlast :: conc_true,7.89979947694992,7.90,505bf3279e101131cd18fec69b046a7b8464bbcfc48736cc69e74ab008d0fe40,7,d925f7a
deck_core,S7,"observed Clast / true concentration at tlast, minimum subject",results/core_deck/rep_obs.csv,Clast (rep_subjects.csv) / conc_true at tlast,0.582682146057156,0.58,505bf3279e101131cd18fec69b046a7b8464bbcfc48736cc69e74ab008d0fe40,7,d925f7a
deck_core,S7,"extrapolation from the true concentration with the NCA lambda-z / true extrapolated area, minimum subject",results/core_deck/rep_obs.csv,conc_true at tlast / lambda_z / extrap_area_true (rep_subjects.csv),1.34796912119325,1.35,505bf3279e101131cd18fec69b046a7b8464bbcfc48736cc69e74ab008d0fe40,7,d925f7a
deck_core,S7,"adjusted R-squared, median subject",results/core_deck/rep_subjects.csv,model=='k2016' & role=='median' :: adj_r2,0.881673504013002,0.88,36857f76544767ea75bbdfc5009f7099e844f03490451943ac6957ed5675c4de,7,d925f7a
deck_core,S7,"adjusted R-squared, 5th percentile subject",results/core_deck/rep_subjects.csv,model=='k2016' & role=='p05' :: adj_r2,0.818378497052637,0.82,36857f76544767ea75bbdfc5009f7099e844f03490451943ac6957ed5675c4de,7,d925f7a
deck_core,S7,"median NCA-to-true extrapolated area ratio, lambda-z estimable, two models",results/core_deck/extrap_ratio_by_group.csv,range over 2 rows [group=='estimable'] :: median,4.95287552454416; 5.01443003351988,5.0,5b6a177458e039ee43639d0accd5171d8ed86ebd7b864a019506af9cf434e0c3,7,d925f7a
deck_core,S7,"share with NCA below true, reliable subjects, 2016",results/core_deck/extrap_ratio_by_group.csv,model=='k2016' & group=='reliable_iii' :: pct_below_1,0.514369693011104,0.5%,5b6a177458e039ee43639d0accd5171d8ed86ebd7b864a019506af9cf434e0c3,7,d925f7a
deck_core,S7,"share with NCA below true, reliable subjects, 2020",results/core_deck/extrap_ratio_by_group.csv,model=='k2020' & group=='reliable_iii' :: pct_below_1,0.0299468443512765,0.03%,5b6a177458e039ee43639d0accd5171d8ed86ebd7b864a019506af9cf434e0c3,7,d925f7a
deck_core,S7,"median NCA extrapolated share, 2016",results/rationale/pillar1_coverage_B0.csv,model=='k2016' & group=='all' :: extrap_nca_median,2.74409890951039,2.7%,f5bd530b5e2198d6fc9ae9dcf29e9fda50cb699af423210a732c31d1ccf6cbb6,7,d925f7a
deck_core,S7,"median true extrapolated share, 2016",results/rationale/pillar1_coverage_B0.csv,model=='k2016' & group=='all' :: extrap_true_median,0.652050053461906,0.65%,f5bd530b5e2198d6fc9ae9dcf29e9fda50cb699af423210a732c31d1ccf6cbb6,7,d925f7a
deck_core,S7,body weight inclusion range (kg),config/trial_design.yaml,weight.inclusion_kg,60; 90,60~90,553eceab74155a3497fef1ab587f3b8d2be1319704e17ae1f0e177601726e84f,7,d925f7a
deck_core,S7,"95th percentile NCA extrapolated share, 2016",results/rationale/pillar1_coverage_B0.csv,model=='k2016' & group=='all' :: extrap_nca_p95,12.148489019961,12.1%,f5bd530b5e2198d6fc9ae9dcf29e9fda50cb699af423210a732c31d1ccf6cbb6,7,d925f7a
deck_core,S7,"95th percentile true extrapolated share, 2016",results/rationale/pillar1_coverage_B0.csv,model=='k2016' & group=='all' :: extrap_true_p95,3.6326565403682,3.6%,f5bd530b5e2198d6fc9ae9dcf29e9fda50cb699af423210a732c31d1ccf6cbb6,7,d925f7a
deck_core,S8,"window coverage, base case minimum over both models, rounded down",results/core_deck/title_rule.csv,"TRUE :: floor(min(base_min_k2016, base_min_k2020) x 100)",84.3159734852213,84%,c68418ff3429ae7d6d40e7421267a9fa5041f08b1941cd9354622f48bff14eb6,8,d925f7a
deck_core,S8,"largest share below 80% over all cases, rounded up",results/core_deck/title_rule.csv,"TRUE :: ceiling(max_pct_lt80, 3 decimals)",0.005,0.005%,c68418ff3429ae7d6d40e7421267a9fa5041f08b1941cd9354622f48bff14eb6,8,d925f7a
deck_core,S8,"smallest 5th percentile over all cases, rounded down",results/core_deck/title_rule.csv,TRUE :: floor(min_p05 x 100),94.7062585115505,94%,c68418ff3429ae7d6d40e7421267a9fa5041f08b1941cd9354622f48bff14eb6,8,d925f7a
deck_core,S8,EMA BE guideline: minimum coverage of AUC0-t (%),config/literature_core_deck.yaml,ema_be_guideline_80pct.coverage_min_pct,80,80,ed067a30878b498ed7f584d96695f25a6abb14944cb426992c8036b09acb3a80,8,d925f7a
deck_core,S8,EMA BE guideline: share of observations below 80% that triggers discussion (%),config/literature_core_deck.yaml,ema_be_guideline_80pct.observations_share_pct,20,20,ed067a30878b498ed7f584d96695f25a6abb14944cb426992c8036b09acb3a80,8,d925f7a
deck_core,S8,"NCA extrapolated share above 20% (lambda-z estimable), two models",results/rationale/pillar1_coverage_B0.csv,range over 2 rows [group=='all'] :: extrap_gt20_pct,0.804950445238215; 1.096001623706110,0.8~1.1%,f5bd530b5e2198d6fc9ae9dcf29e9fda50cb699af423210a732c31d1ccf6cbb6,8,d925f7a
deck_core,S8,"simulated true minus NCA mean ratio for the two literature cohorts, two models (percentage points)",results/literature/literature_numeric.csv,"Clot 300 mg and PKM12350 rows :: range(100 x (true_mean_ratio - nca_mean_ratio)), both models",2.44482135565259; 2.80383782207990,2.4~2.8%p,0d20c4fc00fc0f6b1caf7e5089f0728ba0b3674535a5cfff28f412c7269c4b14,8,d925f7a
deck_core,S8,figure s8_case_ranges,results/core_deck/coverage_by_case.csv,whole object,NA,(figure),86b24303338b849efe6e6cdac069d0f6da9fb675d38b1a33fee44624d611791e,8,d925f7a
deck_core,S8,figure s8_case_ranges,results/literature/literature_numeric.csv,whole object,NA,(figure),0d20c4fc00fc0f6b1caf7e5089f0728ba0b3674535a5cfff28f412c7269c4b14,8,d925f7a
deck_core,S8,figure s8_case_ranges,config/literature_core_deck.yaml,whole object,NA,(figure),ed067a30878b498ed7f584d96695f25a6abb14944cb426992c8036b09acb3a80,8,d925f7a
deck_core,S8,"minimum, base 2016",results/core_deck/coverage_by_case.csv,case=='k2016_base' :: min x 100,84.7764361879052,84.8%,86b24303338b849efe6e6cdac069d0f6da9fb675d38b1a33fee44624d611791e,8,d925f7a
deck_core,S8,"minimum, base 2020",results/core_deck/coverage_by_case.csv,case=='k2020_base' :: min x 100,84.3159734852213,84.3%,86b24303338b849efe6e6cdac069d0f6da9fb675d38b1a33fee44624d611791e,8,d925f7a
deck_core,S8,"minimum, LLOQ 0.5",results/core_deck/coverage_by_case.csv,case=='lloq05' :: min x 100,79.3468548230559,79.3%,86b24303338b849efe6e6cdac069d0f6da9fb675d38b1a33fee44624d611791e,8,d925f7a
deck_core,S8,"minimum, Vmax x1.25",results/core_deck/coverage_by_case.csv,case=='vmax125' :: min x 100,80.1067050041309,80.1%,86b24303338b849efe6e6cdac069d0f6da9fb675d38b1a33fee44624d611791e,8,d925f7a
deck_core,S8,"minimum, Km x0.5",results/core_deck/coverage_by_case.csv,case=='km05' :: min x 100,82.389752769147,82.4%,86b24303338b849efe6e6cdac069d0f6da9fb675d38b1a33fee44624d611791e,8,d925f7a
deck_core,S8,"minimum, proportional residual 12%",results/core_deck/coverage_by_case.csv,case=='resid12' :: min x 100,83.0249405813659,83.0%,86b24303338b849efe6e6cdac069d0f6da9fb675d38b1a33fee44624d611791e,8,d925f7a
deck_core,S8,"minimum, curve-shape base draw (note row)",results/core_deck/coverage_by_case.csv,case=='curve_base' :: min x 100,83.4104685882608,83.4%,86b24303338b849efe6e6cdac069d0f6da9fb675d38b1a33fee44624d611791e,8,d925f7a
deck_core,S8,"5th percentile, Vmax x1.25",results/core_deck/coverage_by_case.csv,case=='vmax125' :: p05 x 100,94.7062585115505,94.7%,86b24303338b849efe6e6cdac069d0f6da9fb675d38b1a33fee44624d611791e,8,d925f7a
deck_core,S8,"share below 80%, LLOQ 0.5",results/core_deck/coverage_by_case.csv,case=='lloq05' :: pct_lt80,0.005,0.005%,86b24303338b849efe6e6cdac069d0f6da9fb675d38b1a33fee44624d611791e,8,d925f7a
deck_core,S8,"subjects, LLOQ 0.5 case",results/core_deck/coverage_by_case.csv,case=='lloq05' :: n,20000,"20,000",86b24303338b849efe6e6cdac069d0f6da9fb675d38b1a33fee44624d611791e,8,d925f7a
deck_core,S8,"subjects below 80%, LLOQ 0.5 case",results/core_deck/coverage_by_case.csv,case=='lloq05' :: pct_lt80 x n / 100,1,1,86b24303338b849efe6e6cdac069d0f6da9fb675d38b1a33fee44624d611791e,8,d925f7a
deck_core,S8,title rule threshold (%),config/prereg_20260929.yaml,section7.title_rule.all_cases_min_ge_84 :: threshold,84,84,28ea2856c8efec41a1a9db949f5c0b1893b1433904aec3eac949121c9380a869,8,d925f7a
deck_core,S8,LLOQ of the LLOQ case (mg/L),results/core_deck/coverage_by_case.csv,"case=='lloq05' :: label, regex 'LLOQ ([0-9.]+)'",0.5,0.5,86b24303338b849efe6e6cdac069d0f6da9fb675d38b1a33fee44624d611791e,8,d925f7a
deck_core,S8,Vmax multiplier,results/core_deck/coverage_by_case.csv,"case=='vmax125' :: label, regex 'x([0-9.]+)'",1.25,1.25,86b24303338b849efe6e6cdac069d0f6da9fb675d38b1a33fee44624d611791e,8,d925f7a
deck_core,S8,Km multiplier,results/core_deck/coverage_by_case.csv,"case=='km05' :: label, regex 'x([0-9.]+)'",0.5,0.5,86b24303338b849efe6e6cdac069d0f6da9fb675d38b1a33fee44624d611791e,8,d925f7a
deck_core,S8,proportional residual (%),results/core_deck/coverage_by_case.csv,"case=='resid12' :: label, regex 'residual ([0-9.]+)%'",12,12,86b24303338b849efe6e6cdac069d0f6da9fb675d38b1a33fee44624d611791e,8,d925f7a
deck_core,S8,Clot 2021 dose (mg),results/literature/literature_numeric.csv,"grepl('^Clot 2021', source) & dose_mg==300 :: dose_mg",300,300,0d20c4fc00fc0f6b1caf7e5089f0728ba0b3674535a5cfff28f412c7269c4b14,8,d925f7a
deck_core,S8,EMA BE guideline: share of observations below 80% that triggers discussion (%),config/literature_core_deck.yaml,ema_be_guideline_80pct.observations_share_pct,20,20,ed067a30878b498ed7f584d96695f25a6abb14944cb426992c8036b09acb3a80,8,d925f7a
deck_core,S8,Clot 2021 300 mg published NCA mean ratio,results/literature/literature_numeric.csv,"grepl('^Clot 2021', source) & dose_mg==300 :: lit_mean_ratio x 100",98.1412639405205,98.1%,0d20c4fc00fc0f6b1caf7e5089f0728ba0b3674535a5cfff28f412c7269c4b14,8,d925f7a
deck_core,S8,"simulated true mean ratio, Clot 300 mg cohort, 2016",results/literature/literature_numeric.csv,"grepl('^Clot 2021', source) & dose_mg==300 :: true_mean_ratio_k2016 x 100",99.1580247941781,99.2%,0d20c4fc00fc0f6b1caf7e5089f0728ba0b3674535a5cfff28f412c7269c4b14,8,d925f7a
deck_core,S8,PKM12350 control arm published NCA mean ratio,results/literature/literature_numeric.csv,"grepl('PKM12350', source) :: lit_mean_ratio x 100",95.9692898272553,96.0%,0d20c4fc00fc0f6b1caf7e5089f0728ba0b3674535a5cfff28f412c7269c4b14,8,d925f7a
deck_core,S8,"simulated true mean ratio, PKM12350 cohort, 2016",results/literature/literature_numeric.csv,"grepl('PKM12350', source) :: true_mean_ratio_k2016 x 100",99.0366874383141,99.0%,0d20c4fc00fc0f6b1caf7e5089f0728ba0b3674535a5cfff28f412c7269c4b14,8,d925f7a
deck_core,S9,nominal type I error per one-sided test (%) = (1 - be.ci_level) / 2,config/trial_design.yaml,be.ci_level :: (1 - x) / 2 x 100,5,5%,553eceab74155a3497fef1ab587f3b8d2be1319704e17ae1f0e177601726e84f,9,d925f7a
deck_core,S9,"largest boundary type I error, AUCinf (set iii, rule A) + Cmax, M1",results/criteria/criteria_g2_type1.csv,max over 16 rows [analysis_model=='M1' & config=='G2_A_iii'] :: pass_pct,17.47,17.5%,b450c534a36e2e03b49bad2427de6317153e3b71210dce8caab616e43ef64981,9,d925f7a
deck_core,S9,boundary cells,results/oc_models/type1_models.csv,count of rows [analysis_model=='M1' & config=='P2'],16,16,d6e5c650fb4d6d241a554f896de38205ac2c890bfa442f4f9cb2749c70b5f261,9,d925f7a
deck_core,S9,"AUCinf (set iii) + Cmax cells above 5%, M1",results/criteria/criteria_g2_type1.csv,count of rows [analysis_model=='M1' & config=='G2_A_iii' & pass_pct > 5],10,10,b450c534a36e2e03b49bad2427de6317153e3b71210dce8caab616e43ef64981,9,d925f7a
deck_core,S9,"AUClast + Cmax cells at or below 5%, M1",results/oc_models/type1_models.csv,count of rows [analysis_model=='M1' & config=='P2' & pass_pct <= 5],15,15,d6e5c650fb4d6d241a554f896de38205ac2c890bfa442f4f9cb2749c70b5f261,9,d925f7a
deck_core,S9,"largest boundary type I error, AUClast + Cmax, M1",results/oc_models/type1_models.csv,max over 16 rows [analysis_model=='M1' & config=='P2'] :: pass_pct,5.625,5.6%,d6e5c650fb4d6d241a554f896de38205ac2c890bfa442f4f9cb2749c70b5f261,9,d925f7a
deck_core,S9,"AUCinf (all lambda-z estimable) + Cmax cells above 5%, M1",results/criteria/criteria_g2_type1.csv,count of rows [analysis_model=='M1' & config=='G2_B' & pass_pct > 5],10,10,b450c534a36e2e03b49bad2427de6317153e3b71210dce8caab616e43ef64981,9,d925f7a
deck_core,S9,"largest boundary type I error, AUCinf (all lambda-z estimable) + Cmax, M1",results/criteria/criteria_g2_type1.csv,max over 16 rows [analysis_model=='M1' & config=='G2_B'] :: pass_pct,16.03,16.0%,b450c534a36e2e03b49bad2427de6317153e3b71210dce8caab616e43ef64981,9,d925f7a
deck_core,S9,boundary true AUCinf ratios (both),config/oc_design.yaml,boundary_targets :: both values,0.80; 1.25,"0.80, 1.25",629011b264fbc4c3f03f8a3989bac1f2711d49959f3268f5e8f758c80f93ea0a,9,d925f7a
deck_core,S9,trials per boundary scenario (pre-specified),config/oc_design.yaml,trials.reps_boundary,10000,"10,000",629011b264fbc4c3f03f8a3989bac1f2711d49959f3268f5e8f758c80f93ea0a,9,d925f7a
deck_core,S9,trials in the extended cell,results/oc_models/type1_models.csv,analysis_model=='M1' & config=='P2' & pk_model=='k2020' & scenario=='V2_up_080' :: n_trials,20000,"20,000",d6e5c650fb4d6d241a554f896de38205ac2c890bfa442f4f9cb2749c70b5f261,9,d925f7a
deck_core,S9,figure s9_type1,results/oc_models/type1_models.csv,whole object,NA,(figure),d6e5c650fb4d6d241a554f896de38205ac2c890bfa442f4f9cb2749c70b5f261,9,d925f7a
deck_core,S9,figure s9_type1,results/criteria/criteria_g2_type1.csv,whole object,NA,(figure),b450c534a36e2e03b49bad2427de6317153e3b71210dce8caab616e43ef64981,9,d925f7a
deck_core,S9,largest cell G2_A_iii k2016 M1,results/criteria/criteria_g2_type1.csv,analysis_model=='M1' & config=='G2_A_iii' & pk_model=='k2016' & pass_pct==max(pass_pct[analysis_model=='M1' & config=='G2_A_iii' & pk_model=='k2016']) :: pass_pct,17.47,17.47%,b450c534a36e2e03b49bad2427de6317153e3b71210dce8caab616e43ef64981,9,d925f7a
deck_core,S9,largest cell G2_A_iii k2020 M1,results/criteria/criteria_g2_type1.csv,analysis_model=='M1' & config=='G2_A_iii' & pk_model=='k2020' & pass_pct==max(pass_pct[analysis_model=='M1' & config=='G2_A_iii' & pk_model=='k2020']) :: pass_pct,14.08,14.08%,b450c534a36e2e03b49bad2427de6317153e3b71210dce8caab616e43ef64981,9,d925f7a
deck_core,S9,"AUClast + Cmax, 2020 model V2 up cell, M1",results/oc_models/type1_models.csv,"analysis_model=='M1' & config=='P2' & pk_model=='k2020' & scenario=='V2_up_080' :: pass_pct [lo, hi]",5.62500000000000; 5.31412097634036; 5.95292222363892,5.63% (95% CI 5.31~5.95),d6e5c650fb4d6d241a554f896de38205ac2c890bfa442f4f9cb2749c70b5f261,9,d925f7a
deck_core,S9,"reference judged with the true AUCinf, M1",results/oc_models/type1_models.csv,range over 16 rows [analysis_model=='M1' & config=='AUCinf_true_only'] :: pass_pct,4.53; 5.83,4.53~5.83%,d6e5c650fb4d6d241a554f896de38205ac2c890bfa442f4f9cb2749c70b5f261,9,d925f7a
deck_core,S9,"AUCinf (set iii) + Cmax cells above 5%, M0",results/criteria/criteria_g2_type1.csv,count of rows [analysis_model=='M0' & config=='G2_A_iii' & pass_pct > 5],9,9,b450c534a36e2e03b49bad2427de6317153e3b71210dce8caab616e43ef64981,9,d925f7a
deck_core,S9,"AUClast + Cmax cells above 5%, M0",results/oc_models/type1_models.csv,count of rows [analysis_model=='M0' & config=='P2' & pass_pct > 5],1,1,d6e5c650fb4d6d241a554f896de38205ac2c890bfa442f4f9cb2749c70b5f261,9,d925f7a
deck_core,S9,criteria set (iii) adj_r2_min,config/prereg_20260926.yaml,section4.criteria_sets.iii.adj_r2_min,0.9,0.90,dc2c9f1bd4d62e13ad9f5f551dcf97eb7ee1359ba13aaa3af8efc063dfc6303e,9,d925f7a
deck_core,S9,criteria set (iii) extrap_max_pct,config/prereg_20260926.yaml,section4.criteria_sets.iii.extrap_max_pct,20,20,dc2c9f1bd4d62e13ad9f5f551dcf97eb7ee1359ba13aaa3af8efc063dfc6303e,9,d925f7a
deck_core,S9,"AUCinf GMR bias toward 1, set (iii) rule A, 2016 Vmax up",results/criteria/criteria_bias.csv,analysis_model=='M1' & pk_model=='k2016' & scenario=='Vmax_up_080' & endpoint=='AUCinf_Aiii' :: bias_pct,4.46857272682535,4.5%,bc5ff89ec184d87a6cf94f6b56fe05cf2769267911df0b6e6b64f6f5c9660481,9,d925f7a
deck_core,S9,"AUCinf GMR bias toward 1, set (iii) rule A, 2020 Vmax up",results/criteria/criteria_bias.csv,analysis_model=='M1' & pk_model=='k2020' & scenario=='Vmax_up_080' & endpoint=='AUCinf_Aiii' :: bias_pct,3.63923801804498,3.6%,bc5ff89ec184d87a6cf94f6b56fe05cf2769267911df0b6e6b64f6f5c9660481,9,d925f7a
deck_core,S9,"AUCinf GMR bias toward 1, all estimable, 2016 Vmax up",results/criteria/criteria_bias.csv,analysis_model=='M1' & pk_model=='k2016' & scenario=='Vmax_up_080' & endpoint=='AUCinf_B' :: bias_pct,3.27074840544843,3.3%,bc5ff89ec184d87a6cf94f6b56fe05cf2769267911df0b6e6b64f6f5c9660481,9,d925f7a
deck_core,S9,"AUCinf GMR bias toward 1, all estimable, 2020 Vmax up",results/criteria/criteria_bias.csv,analysis_model=='M1' & pk_model=='k2020' & scenario=='Vmax_up_080' & endpoint=='AUCinf_B' :: bias_pct,2.60151057624936,2.6%,bc5ff89ec184d87a6cf94f6b56fe05cf2769267911df0b6e6b64f6f5c9660481,9,d925f7a
deck_core,S9,"AUCinf (set iii) + Cmax, 2016 ke up cell, M1",results/criteria/criteria_g2_type1.csv,"analysis_model=='M1' & config=='G2_A_iii' & pk_model=='k2016' & scenario=='ke_up_080' :: pass_pct [lo, hi]",5.30000000000000; 4.87781606143201; 5.75651339290647,5.30% (95% CI 4.88~5.76),b450c534a36e2e03b49bad2427de6317153e3b71210dce8caab616e43ef64981,9,d925f7a
deck_core,S9,trials in the extended cell,results/oc_models/type1_models.csv,analysis_model=='M1' & config=='P2' & pk_model=='k2020' & scenario=='V2_up_080' :: n_trials,20000,"20,000",d6e5c650fb4d6d241a554f896de38205ac2c890bfa442f4f9cb2749c70b5f261,9,d925f7a
deck_core,S9,"boundary cells where the NCA AUClast GMR lies beyond the true AUCinf ratio, M1",results/oc_models/p2_decomposition_models.csv,count of rows [analysis_model=='M1' & auclast_bias_dir=='away_from_1'],15,15,fe790d12806d3723abd2f8487d6f987498b247683354cade26ddb18fc6217f2f,9,d925f7a
deck_core,S9,"NCA AUClast GMR offset away from 1 relative to the true AUCinf ratio, range of absolute values, M1",results/oc_models/p2_decomposition_models.csv,analysis_model=='M1' & auclast_bias_dir=='away_from_1' :: range(abs(auclast_bias_pct)),0.227318047100333; 1.501435862317620,0.2~1.5%,fe790d12806d3723abd2f8487d6f987498b247683354cade26ddb18fc6217f2f,9,d925f7a
deck_core,S9,"NCA AUClast GMR offset toward 1, 2020 V2 up cell, absolute value, M1",results/oc_models/p2_decomposition_models.csv,analysis_model=='M1' & auclast_bias_dir=='toward_1' :: abs(auclast_bias_pct),0.411740547589035,0.4%,fe790d12806d3723abd2f8487d6f987498b247683354cade26ddb18fc6217f2f,9,d925f7a
deck_core,S10,"schedule B0, n (study day = days after dose + 1)",config/trial_design.yaml,schedules.B0.days :: n, 1.25;  2.00;  4.00;  6.00;  8.00; 11.00; 15.00; 22.00; 29.00; 36.00; 43.00; 50.00; 57.00,13,553eceab74155a3497fef1ab587f3b8d2be1319704e17ae1f0e177601726e84f,10,d925f7a
deck_core,S10,"schedule B0, last (study day = days after dose + 1)",config/trial_design.yaml,schedules.B0.days :: last, 1.25;  2.00;  4.00;  6.00;  8.00; 11.00; 15.00; 22.00; 29.00; 36.00; 43.00; 50.00; 57.00,57,553eceab74155a3497fef1ab587f3b8d2be1319704e17ae1f0e177601726e84f,10,d925f7a
deck_core,S10,"share without a reliable AUCinf, set (iii), two models",results/trialpop/tp_failure_by_set.csv,range over 2 rows [set=='iii'] :: fail_pct,33.215; 38.760,33~39%,245552b2db5039299ce2f100ed592fc537ebac8bb1693371509535992aa6ca09,10,d925f7a
deck_core,S10,"window coverage (true), median, two models",results/trialpop/tp_coverage_individual.csv,range over 2 rows [metric=='window coverage (true AUC0-tlast / true AUC0-inf)'] :: median x 100,99.3479499465381; 99.3596498487100,99%,beb14fd4f7176e6f2ef9052b677f4abdb908dd5be2e4a19aacbf68c1122be409,10,d925f7a
deck_core,S10,"window coverage (true), base case, smallest subject over both models, rounded down",results/trialpop/tp_coverage_individual.csv,metric=='window coverage (true AUC0-tlast / true AUC0-inf)' :: floor(min(min) x 100),84.3159734852213,84%,beb14fd4f7176e6f2ef9052b677f4abdb908dd5be2e4a19aacbf68c1122be409,10,d925f7a
deck_core,S10,"largest boundary type I error, AUCinf (set iii) + Cmax, M1",results/criteria/criteria_g2_type1.csv,max over 16 rows [analysis_model=='M1' & config=='G2_A_iii'] :: pass_pct,17.47,17.5%,b450c534a36e2e03b49bad2427de6317153e3b71210dce8caab616e43ef64981,10,d925f7a
deck_core,S10,"largest boundary type I error, AUClast + Cmax, M1",results/oc_models/type1_models.csv,max over 16 rows [analysis_model=='M1' & config=='P2'] :: pass_pct,5.625,5.6%,d6e5c650fb4d6d241a554f896de38205ac2c890bfa442f4f9cb2749c70b5f261,10,d925f7a
deck_core,S10,criteria set (iii) adj_r2_min,config/prereg_20260926.yaml,section4.criteria_sets.iii.adj_r2_min,0.9,0.90,dc2c9f1bd4d62e13ad9f5f551dcf97eb7ee1359ba13aaa3af8efc063dfc6303e,10,d925f7a
deck_core,S10,criteria set (iii) extrap_max_pct,config/prereg_20260926.yaml,section4.criteria_sets.iii.extrap_max_pct,20,20,dc2c9f1bd4d62e13ad9f5f551dcf97eb7ee1359ba13aaa3af8efc063dfc6303e,10,d925f7a
deck_core,A1,gate tolerance for the simulated AUClast mean (%),config/design_clot2021.yaml,gate.auclast_mean_tol_pct,15,15,4b3ddc374dfbf3f451d3fe3d6a865645b0b5d93b0ea7eea9a3f24cd8d2f05da5,11,d925f7a
deck_core,A1,"simulated / observed AUClast mean, study presentation, range over both models",results/step1/step1b_quant_gate.csv,gate_role=='gate' :: range(AUClast_ratio) over step1/step1b_quant_gate.csv and step1_k2020/step1b_quant_gate.csv,0.938864110808444; 1.131021365988370,0.94~1.13,8f846e1fd1160532af6b26f020969bb945f0903e3ba7549c0bb5fd2a50117bb5,11,d925f7a
deck_core,A1,study-presentation gate data sets (title),results/step1/step1b_quant_gate.csv,count of rows [gate_role=='gate'],5,5,8f846e1fd1160532af6b26f020969bb945f0903e3ba7549c0bb5fd2a50117bb5,11,d925f7a
deck_core,A1,development-data status of the validation data sets (hollow markers),config/design_clot2021.yaml,whole object,NA,(figure),4b3ddc374dfbf3f451d3fe3d6a865645b0b5d93b0ea7eea9a3f24cd8d2f05da5,11,d925f7a
deck_core,A1,"observed median tmax, 200 mg presentation (days)",results/step1/step1b_quant_gate.csv,range over 4 rows [gate_role=='external'] :: tmax_obs_median,3.0; 3.1,3.0~3.1,8f846e1fd1160532af6b26f020969bb945f0903e3ba7549c0bb5fd2a50117bb5,11,d925f7a
deck_core,A1,"simulated median tmax, 200 mg presentation, 2016 model (days)",results/step1/step1b_quant_gate.csv,range over 4 rows [gate_role=='external'] :: tmax_sim_median,7; 7,7,8f846e1fd1160532af6b26f020969bb945f0903e3ba7549c0bb5fd2a50117bb5,11,d925f7a
deck_core,A1,study presentation: concentration (mg/mL),results/step1/step1b_quant_gate.csv,"id=='clot300_chinese' :: presentation, number 2 of 2 (regex [0-9]+(\.[0-9]+)?)",150,150,8f846e1fd1160532af6b26f020969bb945f0903e3ba7549c0bb5fd2a50117bb5,11,d925f7a
deck_core,A1,study presentation: volume (mL),results/step1/step1b_quant_gate.csv,"id=='clot300_chinese' :: presentation, number 1 of 2 (regex [0-9]+(\.[0-9]+)?)",2,2,8f846e1fd1160532af6b26f020969bb945f0903e3ba7549c0bb5fd2a50117bb5,11,d925f7a
deck_core,A1,higher study-presentation dose (mg),results/step1/step1b_quant_gate.csv,range over 2 rows [gate_role=='gate' & dose_mg > 300] :: dose_mg,600; 600,600,8f846e1fd1160532af6b26f020969bb945f0903e3ba7549c0bb5fd2a50117bb5,11,d925f7a
deck_core,A1,study-presentation data sets,results/step1/step1b_quant_gate.csv,count of rows [gate_role=='gate'],5,5,8f846e1fd1160532af6b26f020969bb945f0903e3ba7549c0bb5fd2a50117bb5,11,d925f7a
deck_core,A1,"AUClast sim/obs range, 2016 model, study presentation",results/step1/step1b_quant_gate.csv,range over 5 rows [gate_role=='gate'] :: AUClast_ratio,0.938864110808444; 1.068312835545530,0.94~1.07,8f846e1fd1160532af6b26f020969bb945f0903e3ba7549c0bb5fd2a50117bb5,11,d925f7a
deck_core,A1,"AUClast sim/obs range, 2020 model, study presentation",results/step1_k2020/step1b_quant_gate.csv,range over 5 rows [gate_role=='gate'] :: AUClast_ratio,1.01545509615009; 1.13102136598837,1.02~1.13,fe98e2255a97c7dc46ced95bd39619686078d95324349342d596324314490544,11,d925f7a
deck_core,A1,dose of the other presentation (mg),results/step1/step1b_quant_gate.csv,range over 4 rows [gate_role=='external'] :: dose_mg,200; 200,200,8f846e1fd1160532af6b26f020969bb945f0903e3ba7549c0bb5fd2a50117bb5,11,d925f7a
deck_core,A1,other presentation: concentration (mg/mL),results/step1/step1b_quant_gate.csv,"id=='PKM14271_200mg_test' :: presentation, number 2 of 2 (regex [0-9]+(\.[0-9]+)?)",175,175,8f846e1fd1160532af6b26f020969bb945f0903e3ba7549c0bb5fd2a50117bb5,11,d925f7a
deck_core,A1,other presentation: volume (mL),results/step1/step1b_quant_gate.csv,"id=='PKM14271_200mg_test' :: presentation, number 1 of 2 (regex [0-9]+(\.[0-9]+)?)",1.14,1.14,8f846e1fd1160532af6b26f020969bb945f0903e3ba7549c0bb5fd2a50117bb5,11,d925f7a
deck_core,A1,study-presentation single-injection dose (mg),results/step1/step1b_quant_gate.csv,range over 3 rows [gate_role=='gate' & dose_mg==300] :: dose_mg,300; 300,300,8f846e1fd1160532af6b26f020969bb945f0903e3ba7549c0bb5fd2a50117bb5,11,d925f7a
deck_core,A1,study-presentation 300 mg data sets,results/step1/step1b_quant_gate.csv,count of rows [gate_role=='gate' & dose_mg==300],3,3,8f846e1fd1160532af6b26f020969bb945f0903e3ba7549c0bb5fd2a50117bb5,11,d925f7a
deck_core,A1,"AUClast sim/obs range, 2016 model, 300 mg study presentation (as S3)",results/step1/step1b_quant_gate.csv,range over 3 rows [gate_role=='gate' & dose_mg==300] :: AUClast_ratio,0.938864110808444; 1.040222532356500,0.94~1.04,8f846e1fd1160532af6b26f020969bb945f0903e3ba7549c0bb5fd2a50117bb5,11,d925f7a
deck_core,A1,"AUClast sim/obs range, 2020 model, 300 mg study presentation (as S3)",results/step1_k2020/step1b_quant_gate.csv,range over 3 rows [gate_role=='gate' & dose_mg==300] :: AUClast_ratio,1.01545509615009; 1.12815869190091,1.02~1.13,fe98e2255a97c7dc46ced95bd39619686078d95324349342d596324314490544,11,d925f7a
deck_core,A1,assumed mean weight of the single arms (kg),config/design_clot2021.yaml,arm_checks_300mg.weight.mean,78,78,4b3ddc374dfbf3f451d3fe3d6a865645b0b5d93b0ea7eea9a3f24cd8d2f05da5,11,d925f7a
deck_core,A1,"fully external items, 2016 model",results/step1/step1h_external_only_gate.csv,count of rows [TRUE],10,10,92088915393287a550844346e4d1714982847755835cb048bfd36d4bc80eba72,11,d925f7a
deck_core,A1,"fully external items failing, 2016 model",results/step1/step1h_external_only_gate.csv,count of rows [pass_mean==FALSE],1,1,92088915393287a550844346e4d1714982847755835cb048bfd36d4bc80eba72,11,d925f7a
deck_core,A1,"fully external items, 2020 model",results/step1_k2020/step1h_external_only_gate.csv,count of rows [TRUE],8,8,35d4f1f5822da9e61d90566beefe6ddc9ac0cd253d5b5fa22e9cc98ebe0afc8a,11,d925f7a
deck_core,A1,"fully external items failing, 2020 model",results/step1_k2020/step1h_external_only_gate.csv,count of rows [pass_mean==FALSE],3,3,35d4f1f5822da9e61d90566beefe6ddc9ac0cd253d5b5fa22e9cc98ebe0afc8a,11,d925f7a
deck_core,A1,figure a1_qualification,results/step1/step1b_quant_gate.csv,whole object,NA,(figure),8f846e1fd1160532af6b26f020969bb945f0903e3ba7549c0bb5fd2a50117bb5,11,d925f7a
deck_core,A1,figure a1_qualification,results/step1_k2020/step1b_quant_gate.csv,whole object,NA,(figure),fe98e2255a97c7dc46ced95bd39619686078d95324349342d596324314490544,11,d925f7a
deck_core,A1,"agreement tolerance of the NCA mean ratio (points), from the judgment label",results/literature/literature_numeric.csv,"source==""Clot 2021 Table 3"" & dose_mg==300 :: judgment, regex +/-([0-9]+)%p",3,3,0d20c4fc00fc0f6b1caf7e5089f0728ba0b3674535a5cfff28f412c7269c4b14,11,d925f7a
deck_core,A1,"lowest assumed mean weight with both PKM12350 arms within 15%, k2016 (kg)",results/step1/step1i_arm_weight_sensitivity.csv,study=='PKM12350' :: min(weight_mean) with all(within_15),82,82,f075ee5189e44ac72f8a5f6d186dec455f1799830b9768bf727bf70f210fecc0,11,d925f7a
deck_core,A1,"lowest assumed mean weight with both PKM12350 arms within 15%, k2020 (kg)",results/step1_k2020/step1i_arm_weight_sensitivity.csv,study=='PKM12350' :: min(weight_mean) with all(within_15),86,86,f1841065135d7335e007a9b029d47d84893cd726808a2adfaffe45983339bd3e,11,d925f7a
deck_core,A1,validation criterion: simulated log-scale CV range (%),config/design_clot2021.yaml,gate.log_cv_range_pct,35; 51,35~51,4b3ddc374dfbf3f451d3fe3d6a865645b0b5d93b0ea7eea9a3f24cd8d2f05da5,11,d925f7a
deck_core,A1,"simulated log-scale CV range, 2016 model",results/step1/step1b_quant_gate.csv,range over 5 rows [gate_role=='gate'] :: AUClast_sim_logcv,36.0345718564427; 41.2594459135268,36~41,8f846e1fd1160532af6b26f020969bb945f0903e3ba7549c0bb5fd2a50117bb5,11,d925f7a
deck_core,A1,"simulated log-scale CV range, 2020 model",results/step1_k2020/step1b_quant_gate.csv,range over 5 rows [gate_role=='gate'] :: AUClast_sim_logcv,35.7208465796663; 46.5893740326036,36~47,fe98e2255a97c7dc46ced95bd39619686078d95324349342d596324314490544,11,d925f7a
deck_core,A1,"AUClast sim/obs, non-Asian pooled 300 mg, 2016 model",results/step1/step1b_quant_gate.csv,id=='clot300_nonasian_pooled' :: AUClast_ratio,1.0402225323565,1.04,8f846e1fd1160532af6b26f020969bb945f0903e3ba7549c0bb5fd2a50117bb5,11,d925f7a
deck_core,A1,"AUClast sim/obs, non-Asian pooled 300 mg, 2020 model",results/step1_k2020/step1b_quant_gate.csv,id=='clot300_nonasian_pooled' :: AUClast_ratio,1.12815869190091,1.13,fe98e2255a97c7dc46ced95bd39619686078d95324349342d596324314490544,11,d925f7a
deck_core,A1,"AUClast sim/obs, Japanese 300 mg, 2016 model",results/step1/step1b_quant_gate.csv,id=='clot300_japanese_TDU12265' :: AUClast_ratio,1.00296016145924,1.00,8f846e1fd1160532af6b26f020969bb945f0903e3ba7549c0bb5fd2a50117bb5,11,d925f7a
deck_core,A1,"AUClast sim/obs, Japanese 300 mg, 2020 model",results/step1_k2020/step1b_quant_gate.csv,id=='clot300_japanese_TDU12265' :: AUClast_ratio,1.08348631667753,1.08,fe98e2255a97c7dc46ced95bd39619686078d95324349342d596324314490544,11,d925f7a
deck_core,A1,"AUClast sim/obs, Chinese 300 mg, 2016 model",results/step1/step1b_quant_gate.csv,id=='clot300_chinese' :: AUClast_ratio,0.938864110808444,0.94,8f846e1fd1160532af6b26f020969bb945f0903e3ba7549c0bb5fd2a50117bb5,11,d925f7a
deck_core,A1,"AUClast sim/obs, Chinese 300 mg, 2020 model",results/step1_k2020/step1b_quant_gate.csv,id=='clot300_chinese' :: AUClast_ratio,1.01545509615009,1.02,fe98e2255a97c7dc46ced95bd39619686078d95324349342d596324314490544,11,d925f7a
deck_core,A1,"AUClast sim/obs, Chinese 600 mg, 2016 model",results/step1/step1b_quant_gate.csv,id=='clot600_chinese' :: AUClast_ratio,0.975901193066209,0.98,8f846e1fd1160532af6b26f020969bb945f0903e3ba7549c0bb5fd2a50117bb5,11,d925f7a
deck_core,A1,"AUClast sim/obs, Chinese 600 mg, 2020 model",results/step1_k2020/step1b_quant_gate.csv,id=='clot600_chinese' :: AUClast_ratio,1.0345424171933,1.03,fe98e2255a97c7dc46ced95bd39619686078d95324349342d596324314490544,11,d925f7a
deck_core,A1,"AUClast sim/obs, Japanese 600 mg, 2016 model",results/step1/step1b_quant_gate.csv,id=='clot600_japanese' :: AUClast_ratio,1.06831283554553,1.07,8f846e1fd1160532af6b26f020969bb945f0903e3ba7549c0bb5fd2a50117bb5,11,d925f7a
deck_core,A1,"AUClast sim/obs, Japanese 600 mg, 2020 model",results/step1_k2020/step1b_quant_gate.csv,id=='clot600_japanese' :: AUClast_ratio,1.13102136598837,1.13,fe98e2255a97c7dc46ced95bd39619686078d95324349342d596324314490544,11,d925f7a
deck_core,A1,"AUClast sim/obs, 200 mg presentation, 2016 model",results/step1/step1b_quant_gate.csv,range over 4 rows [gate_role=='external'] :: AUClast_ratio,0.818135700537457; 0.912255916270300,0.82~0.91,8f846e1fd1160532af6b26f020969bb945f0903e3ba7549c0bb5fd2a50117bb5,11,d925f7a
deck_core,A1,"AUClast sim/obs, 200 mg presentation, 2020 model",results/step1_k2020/step1b_quant_gate.csv,range over 4 rows [gate_role=='external'] :: AUClast_ratio,0.89951471599565; 1.00311765035533,0.90~1.00,fe98e2255a97c7dc46ced95bd39619686078d95324349342d596324314490544,11,d925f7a
deck_core,A1,"z of AUClast, 200 mg presentation, 2016 model",results/step1/step1b_quant_gate.csv,range over 4 rows [gate_role=='external'] :: AUClast_z,-3.37043737558044; -1.52435404885938,-3.4~-1.5,8f846e1fd1160532af6b26f020969bb945f0903e3ba7549c0bb5fd2a50117bb5,11,d925f7a
deck_core,A1,commit of the post hoc decision restricting the gate to the study presentation,regulatory/tables/prespecification_register.csv,"grepl('^Scope of model validation restricted', Item) :: Date (evidence), regex commit ([0-9a-f]{7})",c018729,c018729,d1565008785bcb8806d3752a5bf03081067652d919f80584ad9d5ea220c2983d,11,d925f7a
deck_core,A1,"Cmax sim/obs range, 2016 model, study presentation",results/step1/step1b_quant_gate.csv,range over 5 rows [gate_role=='gate'] :: Cmax_ratio,1.07915142574032; 1.26972180725227,1.08~1.27,8f846e1fd1160532af6b26f020969bb945f0903e3ba7549c0bb5fd2a50117bb5,11,d925f7a
deck_core,A1,"Cmax sim/obs range, 2020 model, study presentation",results/step1_k2020/step1b_quant_gate.csv,range over 5 rows [gate_role=='gate'] :: Cmax_ratio,0.996547232170453; 1.165070469721020,1.00~1.17,fe98e2255a97c7dc46ced95bd39619686078d95324349342d596324314490544,11,d925f7a
deck_core,A1,"dose of the cohort with the largest Cmax sim/obs, 2016 model",results/step1/step1b_quant_gate.csv,id=='clot600_japanese' :: dose_mg,600,600,8f846e1fd1160532af6b26f020969bb945f0903e3ba7549c0bb5fd2a50117bb5,11,d925f7a
deck_core,A1,"smallest Cmax sim/obs, 2020 model, study presentation",results/step1_k2020/step1b_quant_gate.csv,min over 5 rows [gate_role=='gate'] :: Cmax_ratio,0.996547232170453,0.997,fe98e2255a97c7dc46ced95bd39619686078d95324349342d596324314490544,11,d925f7a
deck_core,A1,"300 mg single arms: mean AUClast sim/obs, 2016 model",results/step1/step1f_300mg_arm_check.csv,range over 6 rows [TRUE] :: ratio,0.905511705207237; 1.171510276267700,0.91~1.17,94e7f8d23532f81f0f5a98c506071333d348ab476529d0371feb1e470079addf,11,d925f7a
deck_core,A1,"300 mg single arms: mean AUClast sim/obs, 2020 model",results/step1_k2020/step1f_300mg_arm_check.csv,range over 6 rows [TRUE] :: ratio,0.981663749871978; 1.270828153777800,0.98~1.27,dae14917c46f4a8a53b1beb0f89c4308305a5eaaf8e2e2a4886e783bfe617b00,11,d925f7a
deck_core,A1,Clot 2021 300 mg published mean AUClast/AUCinf,results/literature/literature_numeric.csv,"source==""Clot 2021 Table 3"" & dose_mg==300 :: lit_mean_ratio x 100",98.1412639405205,98.1%,0d20c4fc00fc0f6b1caf7e5089f0728ba0b3674535a5cfff28f412c7269c4b14,11,d925f7a
deck_core,A1,"Clot 2021 300 mg simulated NCA mean ratio, 2016 model",results/literature/literature_numeric.csv,"source==""Clot 2021 Table 3"" & dose_mg==300 :: nca_mean_ratio_k2016 x 100",96.682245207072,96.7%,0d20c4fc00fc0f6b1caf7e5089f0728ba0b3674535a5cfff28f412c7269c4b14,11,d925f7a
deck_core,A1,"Clot 2021 300 mg simulated NCA mean ratio, 2020 model",results/literature/literature_numeric.csv,"source==""Clot 2021 Table 3"" & dose_mg==300 :: nca_mean_ratio_k2020 x 100",96.6795391796706,96.7%,0d20c4fc00fc0f6b1caf7e5089f0728ba0b3674535a5cfff28f412c7269c4b14,11,d925f7a
deck_core,A1,"Clot 2021 300 mg simulated true mean ratio, 2016 model",results/literature/literature_numeric.csv,"source==""Clot 2021 Table 3"" & dose_mg==300 :: true_mean_ratio_k2016 x 100",99.1580247941781,99.2%,0d20c4fc00fc0f6b1caf7e5089f0728ba0b3674535a5cfff28f412c7269c4b14,11,d925f7a
deck_core,A1,"Clot 2021 300 mg simulated true mean ratio, 2020 model",results/literature/literature_numeric.csv,"source==""Clot 2021 Table 3"" & dose_mg==300 :: true_mean_ratio_k2020 x 100",99.1243605353232,99.1%,0d20c4fc00fc0f6b1caf7e5089f0728ba0b3674535a5cfff28f412c7269c4b14,11,d925f7a
deck_core,A1,PKM12350 control arm published mean AUClast/AUCinf,results/literature/literature_numeric.csv,"grepl('PKM12350', source) :: lit_mean_ratio x 100",95.9692898272553,96.0%,0d20c4fc00fc0f6b1caf7e5089f0728ba0b3674535a5cfff28f412c7269c4b14,11,d925f7a
deck_core,A1,"PKM12350 simulated NCA mean ratio, 2016 model",results/literature/literature_numeric.csv,"grepl('PKM12350', source) :: nca_mean_ratio_k2016 x 100",96.2328496162342,96.2%,0d20c4fc00fc0f6b1caf7e5089f0728ba0b3674535a5cfff28f412c7269c4b14,11,d925f7a
deck_core,A1,"PKM12350 simulated NCA mean ratio, 2020 model",results/literature/literature_numeric.csv,"grepl('PKM12350', source) :: nca_mean_ratio_k2020 x 100",96.3550182552266,96.4%,0d20c4fc00fc0f6b1caf7e5089f0728ba0b3674535a5cfff28f412c7269c4b14,11,d925f7a
deck_core,A1,Clot 2021 600 mg published mean AUClast/AUCinf,results/literature/literature_numeric.csv,"source==""Clot 2021 Table 3"" & dose_mg==600 :: lit_mean_ratio x 100",98.1395348837209,98.1%,0d20c4fc00fc0f6b1caf7e5089f0728ba0b3674535a5cfff28f412c7269c4b14,11,d925f7a
deck_core,A1,"Clot 2021 600 mg simulated NCA mean ratio, 2016 model",results/literature/literature_numeric.csv,"source==""Clot 2021 Table 3"" & dose_mg==600 :: nca_mean_ratio_k2016 x 100",92.3017363255934,92.3%,0d20c4fc00fc0f6b1caf7e5089f0728ba0b3674535a5cfff28f412c7269c4b14,11,d925f7a
deck_core,A1,"Clot 2021 600 mg simulated NCA mean ratio, 2020 model",results/literature/literature_numeric.csv,"source==""Clot 2021 Table 3"" & dose_mg==600 :: nca_mean_ratio_k2020 x 100",92.8385669091635,92.8%,0d20c4fc00fc0f6b1caf7e5089f0728ba0b3674535a5cfff28f412c7269c4b14,11,d925f7a
deck_core,A1,"Clot 2021 600 mg simulated true mean ratio, 2016 model",results/literature/literature_numeric.csv,"source==""Clot 2021 Table 3"" & dose_mg==600 :: true_mean_ratio_k2016 x 100",96.8433758988823,96.8%,0d20c4fc00fc0f6b1caf7e5089f0728ba0b3674535a5cfff28f412c7269c4b14,11,d925f7a
deck_core,A1,"Clot 2021 600 mg simulated true mean ratio, 2020 model",results/literature/literature_numeric.csv,"source==""Clot 2021 Table 3"" & dose_mg==600 :: true_mean_ratio_k2020 x 100",96.8920149370522,96.9%,0d20c4fc00fc0f6b1caf7e5089f0728ba0b3674535a5cfff28f412c7269c4b14,11,d925f7a
deck_core,A2,"status of the criteria sets (pre-specified, post hoc, pre-registered)",regulatory/tables/prespecification_register.csv,whole object,NA,(table),d1565008785bcb8806d3752a5bf03081067652d919f80584ad9d5ea220c2983d,12,d925f7a
deck_core,A2,criteria set (i) adj_r2_min,config/prereg_20260926.yaml,section4.criteria_sets.i.adj_r2_min,0.8,0.80,dc2c9f1bd4d62e13ad9f5f551dcf97eb7ee1359ba13aaa3af8efc063dfc6303e,12,d925f7a
deck_core,A2,criteria set (iii) adj_r2_min,config/prereg_20260926.yaml,section4.criteria_sets.iii.adj_r2_min,0.9,0.90,dc2c9f1bd4d62e13ad9f5f551dcf97eb7ee1359ba13aaa3af8efc063dfc6303e,12,d925f7a
deck_core,A2,lambda-z windows identical over all comparisons,results/nca_engine/engine_validation_summary.csv,sum(lz_points_identical) / sum(lz_points_identical + lz_points_mismatch),3054; 3054,"3,054/3,054",6cc554b1b015013fc6b1156e970eed67ad56d2ab70843a853187390ed0ff41b4,12,d925f7a
deck_core,A2,profiles per engine comparison (Theoph + Indometh + simulated),results/nca_engine/engine_validation_summary.csv,sum over datasets of n_profiles (one comparison each),1018,"1,018",6cc554b1b015013fc6b1156e970eed67ad56d2ab70843a853187390ed0ff41b4,12,d925f7a
deck_core,A2,largest relative parameter difference (scientific notation),results/nca_engine/engine_validation_summary.csv,max(max_rel_diff) :: printed as mantissa x 10^exponent,4.94026166636489e-13,4.9×10⁻¹³,6cc554b1b015013fc6b1156e970eed67ad56d2ab70843a853187390ed0ff41b4,12,d925f7a
deck_core,A2,common-random-number subjects of the true ratio,config/oc_design.yaml,estimand.population.n_subjects,200000,"200,000",629011b264fbc4c3f03f8a3989bac1f2711d49959f3268f5e8f758c80f93ea0a,12,d925f7a
deck_core,A2,trials per boundary scenario (pre-specified),config/oc_design.yaml,trials.reps_boundary,10000,"10,000",629011b264fbc4c3f03f8a3989bac1f2711d49959f3268f5e8f758c80f93ea0a,12,d925f7a
deck_core,A2,lambda-z minimum points,config/nca_rules.yaml,standard.lambda_z.min_points,3,3,0f53d9e003bf1df504df24201f06301cabe423babd1078def5c5a4b3b2c1db94,12,d925f7a
deck_core,A2,lambda-z adjusted R-squared tie tolerance,config/nca_rules.yaml,standard.lambda_z.tie_tolerance,1e-04,0.0001,0f53d9e003bf1df504df24201f06301cabe423babd1078def5c5a4b3b2c1db94,12,d925f7a
deck_core,A2,BLQ before the first quantifiable value is set to zero,config/nca_rules.yaml,standard.blq.pre_first_quant == 'zero',zero,0,0f53d9e003bf1df504df24201f06301cabe423babd1078def5c5a4b3b2c1db94,12,d925f7a
deck_core,A2,criteria set (i) extrap_max_pct,config/prereg_20260926.yaml,section4.criteria_sets.i.extrap_max_pct,20,20,dc2c9f1bd4d62e13ad9f5f551dcf97eb7ee1359ba13aaa3af8efc063dfc6303e,12,d925f7a
deck_core,A2,criteria set (i) adj_r2_min,config/prereg_20260926.yaml,section4.criteria_sets.i.adj_r2_min,0.8,0.80,dc2c9f1bd4d62e13ad9f5f551dcf97eb7ee1359ba13aaa3af8efc063dfc6303e,12,d925f7a
deck_core,A2,criteria set (ii) adj_r2_min,config/prereg_20260926.yaml,section4.criteria_sets.ii.adj_r2_min,0.8,0.80,dc2c9f1bd4d62e13ad9f5f551dcf97eb7ee1359ba13aaa3af8efc063dfc6303e,12,d925f7a
deck_core,A2,criteria set (iii) adj_r2_min,config/prereg_20260926.yaml,section4.criteria_sets.iii.adj_r2_min,0.9,0.90,dc2c9f1bd4d62e13ad9f5f551dcf97eb7ee1359ba13aaa3af8efc063dfc6303e,12,d925f7a
deck_core,A2,criteria set (iv) adj_r2_min,config/prereg_20260926.yaml,section4.criteria_sets.iv.adj_r2_min,0.9,0.90,dc2c9f1bd4d62e13ad9f5f551dcf97eb7ee1359ba13aaa3af8efc063dfc6303e,12,d925f7a
deck_core,A2,criteria set (ii) span_ratio_min,config/prereg_20260926.yaml,section4.criteria_sets.ii.span_ratio_min,2,2,dc2c9f1bd4d62e13ad9f5f551dcf97eb7ee1359ba13aaa3af8efc063dfc6303e,12,d925f7a
deck_core,A2,criteria set (iv) span_ratio_min,config/prereg_20260926.yaml,section4.criteria_sets.iv.span_ratio_min,3,3,dc2c9f1bd4d62e13ad9f5f551dcf97eb7ee1359ba13aaa3af8efc063dfc6303e,12,d925f7a
deck_core,A2,criteria set (iv) extrap_max_pct,config/prereg_20260926.yaml,section4.criteria_sets.iv.extrap_max_pct,20,20,dc2c9f1bd4d62e13ad9f5f551dcf97eb7ee1359ba13aaa3af8efc063dfc6303e,12,d925f7a
deck_core,A2,public SAP NCT04117607: adjusted R-squared at least,config/prereg_20260926.yaml,section6.s2_1_failure_by_set.public_saps :: regex 'NCT04117607 \(adjusted R-squared at least ([0-9.]+)',0.9,0.90,dc2c9f1bd4d62e13ad9f5f551dcf97eb7ee1359ba13aaa3af8efc063dfc6303e,12,d925f7a
deck_core,A2,public SAP NCT04441905: adjusted R-squared at least,config/prereg_20260926.yaml,section6.s2_1_failure_by_set.public_saps :: regex 'NCT04441905 \(adjusted R-squared at least ([0-9.]+)',0.9,0.90,dc2c9f1bd4d62e13ad9f5f551dcf97eb7ee1359ba13aaa3af8efc063dfc6303e,12,d925f7a
deck_core,A2,public SAP NCT04700163: adjusted R-squared above,config/prereg_20260926.yaml,section6.s2_1_failure_by_set.public_saps :: regex 'NCT04700163 \(adjusted R-squared above ([0-9.]+)',0.9,0.90,dc2c9f1bd4d62e13ad9f5f551dcf97eb7ee1359ba13aaa3af8efc063dfc6303e,12,d925f7a
deck_core,A2,public SAP NCT04117607: span at least (half-lives),config/prereg_20260926.yaml,"section6.s2_1_failure_by_set.public_saps :: regex 'NCT04117607 \(adjusted R-squared at least ([0-9.]+), span at least ([0-9.]+) half-lives' group 2",3,3,dc2c9f1bd4d62e13ad9f5f551dcf97eb7ee1359ba13aaa3af8efc063dfc6303e,12,d925f7a
deck_core,A2,criteria set (i) extrap_max_pct,config/prereg_20260926.yaml,section4.criteria_sets.i.extrap_max_pct,20,20,dc2c9f1bd4d62e13ad9f5f551dcf97eb7ee1359ba13aaa3af8efc063dfc6303e,12,d925f7a
deck_core,A2,criteria set (ii) span_ratio_min,config/prereg_20260926.yaml,section4.criteria_sets.ii.span_ratio_min,2,2,dc2c9f1bd4d62e13ad9f5f551dcf97eb7ee1359ba13aaa3af8efc063dfc6303e,12,d925f7a
deck_core,A2,criteria set (iv) span_ratio_min,config/prereg_20260926.yaml,section4.criteria_sets.iv.span_ratio_min,3,3,dc2c9f1bd4d62e13ad9f5f551dcf97eb7ee1359ba13aaa3af8efc063dfc6303e,12,d925f7a
deck_core,A2,NonCompart version (renv.lock),regulatory/tables/software_environment.csv,Software=='NonCompart' :: Version,0.8.4,0.8.4,45f02f1aff9950536e0ecfc29da59123a3acd60303e20e73402f71a7350c85e2,12,d925f7a
deck_core,A2,PKNCA version (renv.lock),regulatory/tables/software_environment.csv,Software=='PKNCA' :: Version,0.12.1,0.12.1,45f02f1aff9950536e0ecfc29da59123a3acd60303e20e73402f71a7350c85e2,12,d925f7a
deck_core,A2,Theoph profiles,results/nca_engine/engine_validation_summary.csv,comparison=='this engine vs NonCompart' & dataset=='Theoph (12 profiles)' :: n_profiles,12,12,6cc554b1b015013fc6b1156e970eed67ad56d2ab70843a853187390ed0ff41b4,12,d925f7a
deck_core,A2,Indometh profiles,results/nca_engine/engine_validation_summary.csv,"comparison=='this engine vs NonCompart' & dataset=='Indometh (6 profiles, extravascular rules)' :: n_profiles",6,6,6cc554b1b015013fc6b1156e970eed67ad56d2ab70843a853187390ed0ff41b4,12,d925f7a
deck_core,A2,simulated profiles,results/nca_engine/engine_validation_summary.csv,"comparison=='this engine vs NonCompart' & dataset=='simulated dupilumab (1,000 profiles: 500 per model)' :: n_profiles",1000,"1,000",6cc554b1b015013fc6b1156e970eed67ad56d2ab70843a853187390ed0ff41b4,12,d925f7a
deck_core,A3a,public SAP NCT04117607: adjusted R-squared at least,config/prereg_20260926.yaml,section6.s2_1_failure_by_set.public_saps :: regex 'NCT04117607 \(adjusted R-squared at least ([0-9.]+)',0.9,0.90,dc2c9f1bd4d62e13ad9f5f551dcf97eb7ee1359ba13aaa3af8efc063dfc6303e,13,d925f7a
deck_core,A3a,criteria set (iii) adj_r2_min,config/prereg_20260926.yaml,section4.criteria_sets.iii.adj_r2_min,0.9,0.90,dc2c9f1bd4d62e13ad9f5f551dcf97eb7ee1359ba13aaa3af8efc063dfc6303e,13,d925f7a
deck_core,A3a,public SAP NCT04441905: adjusted R-squared at least,config/prereg_20260926.yaml,section6.s2_1_failure_by_set.public_saps :: regex 'NCT04441905 \(adjusted R-squared at least ([0-9.]+)',0.9,0.90,dc2c9f1bd4d62e13ad9f5f551dcf97eb7ee1359ba13aaa3af8efc063dfc6303e,13,d925f7a
deck_core,A3a,criteria set (iii) adj_r2_min,config/prereg_20260926.yaml,section4.criteria_sets.iii.adj_r2_min,0.9,0.90,dc2c9f1bd4d62e13ad9f5f551dcf97eb7ee1359ba13aaa3af8efc063dfc6303e,13,d925f7a
deck_core,A3a,public SAP NCT04700163: adjusted R-squared above,config/prereg_20260926.yaml,section6.s2_1_failure_by_set.public_saps :: regex 'NCT04700163 \(adjusted R-squared above ([0-9.]+)',0.9,0.90,dc2c9f1bd4d62e13ad9f5f551dcf97eb7ee1359ba13aaa3af8efc063dfc6303e,13,d925f7a
deck_core,A3a,criteria set (iii) adj_r2_min,config/prereg_20260926.yaml,section4.criteria_sets.iii.adj_r2_min,0.9,0.90,dc2c9f1bd4d62e13ad9f5f551dcf97eb7ee1359ba13aaa3af8efc063dfc6303e,13,d925f7a
deck_core,A3a,"share without a reliable AUCinf, set (iii), two models",results/trialpop/tp_failure_by_set.csv,range over 2 rows [set=='iii'] :: fail_pct,33.215; 38.760,33~39%,245552b2db5039299ce2f100ed592fc537ebac8bb1693371509535992aa6ca09,13,d925f7a
deck_core,A3a,"share failing set (i), two models",results/trialpop/tp_failure_by_set.csv,range over 2 rows [set=='i'] :: fail_pct, 8.165; 13.435,8~13%,245552b2db5039299ce2f100ed592fc537ebac8bb1693371509535992aa6ca09,13,d925f7a
deck_core,A3a,criteria set (i) adj_r2_min,config/prereg_20260926.yaml,section4.criteria_sets.i.adj_r2_min,0.8,0.80,dc2c9f1bd4d62e13ad9f5f551dcf97eb7ee1359ba13aaa3af8efc063dfc6303e,13,d925f7a
deck_core,A3a,"share failing with Wilson 95% interval, set (i), k2016",results/trialpop/tp_failure_by_set.csv,pk_model=='k2016' & set=='i' :: fail_pct (fail_lo to fail_hi),13.4350000000000; 12.9693830486785; 13.9146605481045,13.4% (13.0~13.9),245552b2db5039299ce2f100ed592fc537ebac8bb1693371509535992aa6ca09,13,d925f7a
deck_core,A3a,"evaluable subjects per arm meeting set (i), median (5th to 95th percentile), k2016",results/trialpop/tp_retained_per_arm.csv,pk_model=='k2016' & set=='i' :: retained_median (retained_p05 to retained_p95),101;  95; 107,101 (95~107),e1a344b97e641ca3ed72e33d48c23d516fede36ceb0f55a6a4d1df8ed658a64d,13,d925f7a
deck_core,A3a,"lambda-z not estimable, k2016",results/trialpop/tp_failure_by_set.csv,pk_model=='k2016' & set=='i' :: lz_pct,1.46,1.5%,245552b2db5039299ce2f100ed592fc537ebac8bb1693371509535992aa6ca09,13,d925f7a
deck_core,A3a,"estimable lambda-z but failing, set (i), k2016",results/trialpop/tp_failure_by_set.csv,pk_model=='k2016' & set=='i' :: est_fail_pct,11.975,12.0%,245552b2db5039299ce2f100ed592fc537ebac8bb1693371509535992aa6ca09,13,d925f7a
deck_core,A3a,"failing reason r2 (hierarchical), set (i), k2016",results/trialpop/tp_failure_reasons.csv,pk_model=='k2016' & set=='i' & reason=='adjusted R-squared below threshold' :: hierarchical_pct,11.37,11.4%,5f1a2d06e6133182ab528c1f173ff51dc2e12ab9c8a52653f94e1d9f9ee7275d,13,d925f7a
deck_core,A3a,"failing reason ex (hierarchical), set (i), k2016",results/trialpop/tp_failure_reasons.csv,pk_model=='k2016' & set=='i' & reason=='extrapolation above 20%' :: hierarchical_pct,0.605,0.6%,5f1a2d06e6133182ab528c1f173ff51dc2e12ab9c8a52653f94e1d9f9ee7275d,13,d925f7a
deck_core,A3a,"share failing with Wilson 95% interval, set (i), k2020",results/trialpop/tp_failure_by_set.csv,pk_model=='k2020' & set=='i' :: fail_pct (fail_lo to fail_hi),8.16500000000000; 7.79348215702646; 8.55258549978781,8.2% (7.8~8.6),245552b2db5039299ce2f100ed592fc537ebac8bb1693371509535992aa6ca09,13,d925f7a
deck_core,A3a,"evaluable subjects per arm meeting set (i), median (5th to 95th percentile), k2020",results/trialpop/tp_retained_per_arm.csv,pk_model=='k2020' & set=='i' :: retained_median (retained_p05 to retained_p95),107; 102; 112,107 (102~112),e1a344b97e641ca3ed72e33d48c23d516fede36ceb0f55a6a4d1df8ed658a64d,13,d925f7a
deck_core,A3a,"lambda-z not estimable, k2020",results/trialpop/tp_failure_by_set.csv,pk_model=='k2020' & set=='i' :: lz_pct,0.615,0.6%,245552b2db5039299ce2f100ed592fc537ebac8bb1693371509535992aa6ca09,13,d925f7a
deck_core,A3a,"estimable lambda-z but failing, set (i), k2020",results/trialpop/tp_failure_by_set.csv,pk_model=='k2020' & set=='i' :: est_fail_pct,7.55,7.6%,245552b2db5039299ce2f100ed592fc537ebac8bb1693371509535992aa6ca09,13,d925f7a
deck_core,A3a,"failing reason r2 (hierarchical), set (i), k2020",results/trialpop/tp_failure_reasons.csv,pk_model=='k2020' & set=='i' & reason=='adjusted R-squared below threshold' :: hierarchical_pct,6.955,7.0%,5f1a2d06e6133182ab528c1f173ff51dc2e12ab9c8a52653f94e1d9f9ee7275d,13,d925f7a
deck_core,A3a,"failing reason ex (hierarchical), set (i), k2020",results/trialpop/tp_failure_reasons.csv,pk_model=='k2020' & set=='i' & reason=='extrapolation above 20%' :: hierarchical_pct,0.595,0.6%,5f1a2d06e6133182ab528c1f173ff51dc2e12ab9c8a52653f94e1d9f9ee7275d,13,d925f7a
deck_core,A3a,criteria set (ii) adj_r2_min,config/prereg_20260926.yaml,section4.criteria_sets.ii.adj_r2_min,0.8,0.80,dc2c9f1bd4d62e13ad9f5f551dcf97eb7ee1359ba13aaa3af8efc063dfc6303e,13,d925f7a
deck_core,A3a,"share failing with Wilson 95% interval, set (ii), k2016",results/trialpop/tp_failure_by_set.csv,pk_model=='k2016' & set=='ii' :: fail_pct (fail_lo to fail_hi),19.2650000000000; 18.7243494006258; 19.8174550557430,19.3% (18.7~19.8),245552b2db5039299ce2f100ed592fc537ebac8bb1693371509535992aa6ca09,13,d925f7a
deck_core,A3a,"evaluable subjects per arm meeting set (ii), median (5th to 95th percentile), k2016",results/trialpop/tp_retained_per_arm.csv,pk_model=='k2016' & set=='ii' :: retained_median (retained_p05 to retained_p95), 94;  87; 101,94 (87~101),e1a344b97e641ca3ed72e33d48c23d516fede36ceb0f55a6a4d1df8ed658a64d,13,d925f7a
deck_core,A3a,"lambda-z not estimable, k2016",results/trialpop/tp_failure_by_set.csv,pk_model=='k2016' & set=='ii' :: lz_pct,1.46,1.5%,245552b2db5039299ce2f100ed592fc537ebac8bb1693371509535992aa6ca09,13,d925f7a
deck_core,A3a,"estimable lambda-z but failing, set (ii), k2016",results/trialpop/tp_failure_by_set.csv,pk_model=='k2016' & set=='ii' :: est_fail_pct,17.805,17.8%,245552b2db5039299ce2f100ed592fc537ebac8bb1693371509535992aa6ca09,13,d925f7a
deck_core,A3a,"failing reason r2 (hierarchical), set (ii), k2016",results/trialpop/tp_failure_reasons.csv,pk_model=='k2016' & set=='ii' & reason=='adjusted R-squared below threshold' :: hierarchical_pct,11.37,11.4%,5f1a2d06e6133182ab528c1f173ff51dc2e12ab9c8a52653f94e1d9f9ee7275d,13,d925f7a
deck_core,A3a,"failing reason ex (hierarchical), set (ii), k2016",results/trialpop/tp_failure_reasons.csv,pk_model=='k2016' & set=='ii' & reason=='extrapolation above 20%' :: hierarchical_pct,0.605,0.6%,5f1a2d06e6133182ab528c1f173ff51dc2e12ab9c8a52653f94e1d9f9ee7275d,13,d925f7a
deck_core,A3a,"failing reason sp (hierarchical), set (ii), k2016",results/trialpop/tp_failure_reasons.csv,pk_model=='k2016' & set=='ii' & reason=='span ratio below threshold' :: hierarchical_pct,5.83,5.8%,5f1a2d06e6133182ab528c1f173ff51dc2e12ab9c8a52653f94e1d9f9ee7275d,13,d925f7a
deck_core,A3a,criteria set (ii) span_ratio_min,config/prereg_20260926.yaml,section4.criteria_sets.ii.span_ratio_min,2,2,dc2c9f1bd4d62e13ad9f5f551dcf97eb7ee1359ba13aaa3af8efc063dfc6303e,13,d925f7a
deck_core,A3a,"share failing with Wilson 95% interval, set (ii), k2020",results/trialpop/tp_failure_by_set.csv,pk_model=='k2020' & set=='ii' :: fail_pct (fail_lo to fail_hi),16.0850000000000; 15.5823494141166; 16.6006763915690,16.1% (15.6~16.6),245552b2db5039299ce2f100ed592fc537ebac8bb1693371509535992aa6ca09,13,d925f7a
deck_core,A3a,"evaluable subjects per arm meeting set (ii), median (5th to 95th percentile), k2020",results/trialpop/tp_retained_per_arm.csv,pk_model=='k2020' & set=='ii' :: retained_median (retained_p05 to retained_p95), 98;  91; 104,98 (91~104),e1a344b97e641ca3ed72e33d48c23d516fede36ceb0f55a6a4d1df8ed658a64d,13,d925f7a
deck_core,A3a,"lambda-z not estimable, k2020",results/trialpop/tp_failure_by_set.csv,pk_model=='k2020' & set=='ii' :: lz_pct,0.615,0.6%,245552b2db5039299ce2f100ed592fc537ebac8bb1693371509535992aa6ca09,13,d925f7a
deck_core,A3a,"estimable lambda-z but failing, set (ii), k2020",results/trialpop/tp_failure_by_set.csv,pk_model=='k2020' & set=='ii' :: est_fail_pct,15.47,15.5%,245552b2db5039299ce2f100ed592fc537ebac8bb1693371509535992aa6ca09,13,d925f7a
deck_core,A3a,"failing reason r2 (hierarchical), set (ii), k2020",results/trialpop/tp_failure_reasons.csv,pk_model=='k2020' & set=='ii' & reason=='adjusted R-squared below threshold' :: hierarchical_pct,6.955,7.0%,5f1a2d06e6133182ab528c1f173ff51dc2e12ab9c8a52653f94e1d9f9ee7275d,13,d925f7a
deck_core,A3a,"failing reason ex (hierarchical), set (ii), k2020",results/trialpop/tp_failure_reasons.csv,pk_model=='k2020' & set=='ii' & reason=='extrapolation above 20%' :: hierarchical_pct,0.595,0.6%,5f1a2d06e6133182ab528c1f173ff51dc2e12ab9c8a52653f94e1d9f9ee7275d,13,d925f7a
deck_core,A3a,"failing reason sp (hierarchical), set (ii), k2020",results/trialpop/tp_failure_reasons.csv,pk_model=='k2020' & set=='ii' & reason=='span ratio below threshold' :: hierarchical_pct,7.92,7.9%,5f1a2d06e6133182ab528c1f173ff51dc2e12ab9c8a52653f94e1d9f9ee7275d,13,d925f7a
deck_core,A3a,criteria set (iii) adj_r2_min,config/prereg_20260926.yaml,section4.criteria_sets.iii.adj_r2_min,0.9,0.90,dc2c9f1bd4d62e13ad9f5f551dcf97eb7ee1359ba13aaa3af8efc063dfc6303e,13,d925f7a
deck_core,A3a,"share failing with Wilson 95% interval, set (iii), k2016",results/trialpop/tp_failure_by_set.csv,pk_model=='k2016' & set=='iii' :: fail_pct (fail_lo to fail_hi),38.7600000000000; 38.0870041141239; 39.4373128564173,38.8% (38.1~39.4),245552b2db5039299ce2f100ed592fc537ebac8bb1693371509535992aa6ca09,13,d925f7a
deck_core,A3a,"evaluable subjects per arm meeting set (iii), median (5th to 95th percentile), k2016",results/trialpop/tp_retained_per_arm.csv,pk_model=='k2016' & set=='iii' :: retained_median (retained_p05 to retained_p95),72; 63; 80,72 (63~80),e1a344b97e641ca3ed72e33d48c23d516fede36ceb0f55a6a4d1df8ed658a64d,13,d925f7a
deck_core,A3a,"lambda-z not estimable, k2016",results/trialpop/tp_failure_by_set.csv,pk_model=='k2016' & set=='iii' :: lz_pct,1.46,1.5%,245552b2db5039299ce2f100ed592fc537ebac8bb1693371509535992aa6ca09,13,d925f7a
deck_core,A3a,"estimable lambda-z but failing, set (iii), k2016",results/trialpop/tp_failure_by_set.csv,pk_model=='k2016' & set=='iii' :: est_fail_pct,37.3,37.3%,245552b2db5039299ce2f100ed592fc537ebac8bb1693371509535992aa6ca09,13,d925f7a
deck_core,A3a,"failing reason r2 (hierarchical), set (iii), k2016",results/trialpop/tp_failure_reasons.csv,pk_model=='k2016' & set=='iii' & reason=='adjusted R-squared below threshold' :: hierarchical_pct,36.84,36.8%,5f1a2d06e6133182ab528c1f173ff51dc2e12ab9c8a52653f94e1d9f9ee7275d,13,d925f7a
deck_core,A3a,"failing reason ex (hierarchical), set (iii), k2016",results/trialpop/tp_failure_reasons.csv,pk_model=='k2016' & set=='iii' & reason=='extrapolation above 20%' :: hierarchical_pct,0.46,0.5%,5f1a2d06e6133182ab528c1f173ff51dc2e12ab9c8a52653f94e1d9f9ee7275d,13,d925f7a
deck_core,A3a,"share failing with Wilson 95% interval, set (iii), k2020",results/trialpop/tp_failure_by_set.csv,pk_model=='k2020' & set=='iii' :: fail_pct (fail_lo to fail_hi),33.2150000000000; 32.5655388558169; 33.8709077945865,33.2% (32.6~33.9),245552b2db5039299ce2f100ed592fc537ebac8bb1693371509535992aa6ca09,13,d925f7a
deck_core,A3a,"evaluable subjects per arm meeting set (iii), median (5th to 95th percentile), k2020",results/trialpop/tp_retained_per_arm.csv,pk_model=='k2020' & set=='iii' :: retained_median (retained_p05 to retained_p95),78; 69; 86,78 (69~86),e1a344b97e641ca3ed72e33d48c23d516fede36ceb0f55a6a4d1df8ed658a64d,13,d925f7a
deck_core,A3a,"lambda-z not estimable, k2020",results/trialpop/tp_failure_by_set.csv,pk_model=='k2020' & set=='iii' :: lz_pct,0.615,0.6%,245552b2db5039299ce2f100ed592fc537ebac8bb1693371509535992aa6ca09,13,d925f7a
deck_core,A3a,"estimable lambda-z but failing, set (iii), k2020",results/trialpop/tp_failure_by_set.csv,pk_model=='k2020' & set=='iii' :: est_fail_pct,32.6,32.6%,245552b2db5039299ce2f100ed592fc537ebac8bb1693371509535992aa6ca09,13,d925f7a
deck_core,A3a,"failing reason r2 (hierarchical), set (iii), k2020",results/trialpop/tp_failure_reasons.csv,pk_model=='k2020' & set=='iii' & reason=='adjusted R-squared below threshold' :: hierarchical_pct,32.09,32.1%,5f1a2d06e6133182ab528c1f173ff51dc2e12ab9c8a52653f94e1d9f9ee7275d,13,d925f7a
deck_core,A3a,"failing reason ex (hierarchical), set (iii), k2020",results/trialpop/tp_failure_reasons.csv,pk_model=='k2020' & set=='iii' & reason=='extrapolation above 20%' :: hierarchical_pct,0.51,0.5%,5f1a2d06e6133182ab528c1f173ff51dc2e12ab9c8a52653f94e1d9f9ee7275d,13,d925f7a
deck_core,A3a,criteria set (iv) adj_r2_min,config/prereg_20260926.yaml,section4.criteria_sets.iv.adj_r2_min,0.9,0.90,dc2c9f1bd4d62e13ad9f5f551dcf97eb7ee1359ba13aaa3af8efc063dfc6303e,13,d925f7a
deck_core,A3a,"share failing with Wilson 95% interval, set (iv), k2016",results/trialpop/tp_failure_by_set.csv,pk_model=='k2016' & set=='iv' :: fail_pct (fail_lo to fail_hi),65.8500000000000; 65.1897989971713; 66.5041134598502,65.9% (65.2~66.5),245552b2db5039299ce2f100ed592fc537ebac8bb1693371509535992aa6ca09,13,d925f7a
deck_core,A3a,"evaluable subjects per arm meeting set (iv), median (5th to 95th percentile), k2016",results/trialpop/tp_retained_per_arm.csv,pk_model=='k2016' & set=='iv' :: retained_median (retained_p05 to retained_p95),40; 31; 48,40 (31~48),e1a344b97e641ca3ed72e33d48c23d516fede36ceb0f55a6a4d1df8ed658a64d,13,d925f7a
deck_core,A3a,"lambda-z not estimable, k2016",results/trialpop/tp_failure_by_set.csv,pk_model=='k2016' & set=='iv' :: lz_pct,1.46,1.5%,245552b2db5039299ce2f100ed592fc537ebac8bb1693371509535992aa6ca09,13,d925f7a
deck_core,A3a,"estimable lambda-z but failing, set (iv), k2016",results/trialpop/tp_failure_by_set.csv,pk_model=='k2016' & set=='iv' :: est_fail_pct,64.39,64.4%,245552b2db5039299ce2f100ed592fc537ebac8bb1693371509535992aa6ca09,13,d925f7a
deck_core,A3a,"failing reason r2 (hierarchical), set (iv), k2016",results/trialpop/tp_failure_reasons.csv,pk_model=='k2016' & set=='iv' & reason=='adjusted R-squared below threshold' :: hierarchical_pct,36.84,36.8%,5f1a2d06e6133182ab528c1f173ff51dc2e12ab9c8a52653f94e1d9f9ee7275d,13,d925f7a
deck_core,A3a,"failing reason ex (hierarchical), set (iv), k2016",results/trialpop/tp_failure_reasons.csv,pk_model=='k2016' & set=='iv' & reason=='extrapolation above 20%' :: hierarchical_pct,0.46,0.5%,5f1a2d06e6133182ab528c1f173ff51dc2e12ab9c8a52653f94e1d9f9ee7275d,13,d925f7a
deck_core,A3a,"failing reason sp (hierarchical), set (iv), k2016",results/trialpop/tp_failure_reasons.csv,pk_model=='k2016' & set=='iv' & reason=='span ratio below threshold' :: hierarchical_pct,27.09,27.1%,5f1a2d06e6133182ab528c1f173ff51dc2e12ab9c8a52653f94e1d9f9ee7275d,13,d925f7a
deck_core,A3a,criteria set (iv) span_ratio_min,config/prereg_20260926.yaml,section4.criteria_sets.iv.span_ratio_min,3,3,dc2c9f1bd4d62e13ad9f5f551dcf97eb7ee1359ba13aaa3af8efc063dfc6303e,13,d925f7a
deck_core,A3a,"share failing with Wilson 95% interval, set (iv), k2020",results/trialpop/tp_failure_by_set.csv,pk_model=='k2020' & set=='iv' :: fail_pct (fail_lo to fail_hi),72.4500000000000; 71.8265586956317; 73.0648188854492,72.5% (71.8~73.1),245552b2db5039299ce2f100ed592fc537ebac8bb1693371509535992aa6ca09,13,d925f7a
deck_core,A3a,"evaluable subjects per arm meeting set (iv), median (5th to 95th percentile), k2020",results/trialpop/tp_retained_per_arm.csv,pk_model=='k2020' & set=='iv' :: retained_median (retained_p05 to retained_p95),32; 24; 40,32 (24~40),e1a344b97e641ca3ed72e33d48c23d516fede36ceb0f55a6a4d1df8ed658a64d,13,d925f7a
deck_core,A3a,"lambda-z not estimable, k2020",results/trialpop/tp_failure_by_set.csv,pk_model=='k2020' & set=='iv' :: lz_pct,0.615,0.6%,245552b2db5039299ce2f100ed592fc537ebac8bb1693371509535992aa6ca09,13,d925f7a
deck_core,A3a,"estimable lambda-z but failing, set (iv), k2020",results/trialpop/tp_failure_by_set.csv,pk_model=='k2020' & set=='iv' :: est_fail_pct,71.835,71.8%,245552b2db5039299ce2f100ed592fc537ebac8bb1693371509535992aa6ca09,13,d925f7a
deck_core,A3a,"failing reason r2 (hierarchical), set (iv), k2020",results/trialpop/tp_failure_reasons.csv,pk_model=='k2020' & set=='iv' & reason=='adjusted R-squared below threshold' :: hierarchical_pct,32.09,32.1%,5f1a2d06e6133182ab528c1f173ff51dc2e12ab9c8a52653f94e1d9f9ee7275d,13,d925f7a
deck_core,A3a,"failing reason ex (hierarchical), set (iv), k2020",results/trialpop/tp_failure_reasons.csv,pk_model=='k2020' & set=='iv' & reason=='extrapolation above 20%' :: hierarchical_pct,0.51,0.5%,5f1a2d06e6133182ab528c1f173ff51dc2e12ab9c8a52653f94e1d9f9ee7275d,13,d925f7a
deck_core,A3a,"failing reason sp (hierarchical), set (iv), k2020",results/trialpop/tp_failure_reasons.csv,pk_model=='k2020' & set=='iv' & reason=='span ratio below threshold' :: hierarchical_pct,39.235,39.2%,5f1a2d06e6133182ab528c1f173ff51dc2e12ab9c8a52653f94e1d9f9ee7275d,13,d925f7a
deck_core,A3a,criteria set (i) extrap_max_pct,config/prereg_20260926.yaml,section4.criteria_sets.i.extrap_max_pct,20,20,dc2c9f1bd4d62e13ad9f5f551dcf97eb7ee1359ba13aaa3af8efc063dfc6303e,13,d925f7a
deck_core,A3a,evaluable subjects per arm,config/trial_design.yaml,n_per_arm,117,117,553eceab74155a3497fef1ab587f3b8d2be1319704e17ae1f0e177601726e84f,13,d925f7a
deck_core,A3a,"lambda-z not estimable, two models",results/trialpop/tp_failure_by_set.csv,range over 2 rows [set=='iii'] :: lz_pct,0.615; 1.460,0.6~1.5%,245552b2db5039299ce2f100ed592fc537ebac8bb1693371509535992aa6ca09,13,d925f7a
deck_core,A3a,"set (iii) adjusted R-squared below 0.90 (hierarchical), two models",results/trialpop/tp_failure_reasons.csv,range over 2 rows [set=='iii' & reason=='adjusted R-squared below threshold'] :: hierarchical_pct,32.09; 36.84,32.1~36.8%,5f1a2d06e6133182ab528c1f173ff51dc2e12ab9c8a52653f94e1d9f9ee7275d,13,d925f7a
deck_core,A3a,public SAPs with the set (iii) adjusted R-squared threshold (count of NCT identifiers),config/prereg_20260926.yaml,section6.s2_1_failure_by_set.public_saps :: count of NCT identifiers,3,3,dc2c9f1bd4d62e13ad9f5f551dcf97eb7ee1359ba13aaa3af8efc063dfc6303e,13,d925f7a
deck_core,A3a,criteria set (iii) adj_r2_min,config/prereg_20260926.yaml,section4.criteria_sets.iii.adj_r2_min,0.9,0.90,dc2c9f1bd4d62e13ad9f5f551dcf97eb7ee1359ba13aaa3af8efc063dfc6303e,13,d925f7a
deck_core,A3a,subjects per model,results/trialpop/tp_failure_by_set.csv,pk_model=='k2016' & set=='i' :: n,20000,"20,000",245552b2db5039299ce2f100ed592fc537ebac8bb1693371509535992aa6ca09,13,d925f7a
deck_core,A3a,evaluable subjects per arm,config/trial_design.yaml,n_per_arm,117,117,553eceab74155a3497fef1ab587f3b8d2be1319704e17ae1f0e177601726e84f,13,d925f7a
deck_core,A3a,identical-product trials per model,results/trialpop/tp_retained_per_arm.csv,pk_model=='k2016' & set=='i' :: n_trials,10000,"10,000",e1a344b97e641ca3ed72e33d48c23d516fede36ceb0f55a6a4d1df8ed658a64d,13,d925f7a
deck_core,A3a,body weight inclusion range (kg),config/trial_design.yaml,weight.inclusion_kg,60; 90,60~90,553eceab74155a3497fef1ab587f3b8d2be1319704e17ae1f0e177601726e84f,13,d925f7a
deck_core,A3a,subjects per model,results/trialpop/tp_failure_by_set.csv,pk_model=='k2016' & set=='i' :: n,20000,"20,000",245552b2db5039299ce2f100ed592fc537ebac8bb1693371509535992aa6ca09,13,d925f7a
deck_core,A3a,identical-product trials per model,results/trialpop/tp_retained_per_arm.csv,pk_model=='k2016' & set=='i' :: n_trials,10000,"10,000",e1a344b97e641ca3ed72e33d48c23d516fede36ceb0f55a6a4d1df8ed658a64d,13,d925f7a
deck_core,A3a,evaluable subjects per arm,config/trial_design.yaml,n_per_arm,117,117,553eceab74155a3497fef1ab587f3b8d2be1319704e17ae1f0e177601726e84f,13,d925f7a
deck_core,A3a,criteria set (i) extrap_max_pct,config/prereg_20260926.yaml,section4.criteria_sets.i.extrap_max_pct,20,20,dc2c9f1bd4d62e13ad9f5f551dcf97eb7ee1359ba13aaa3af8efc063dfc6303e,13,d925f7a
deck_core,A3a,criteria set (i) adj_r2_min,config/prereg_20260926.yaml,section4.criteria_sets.i.adj_r2_min,0.8,0.80,dc2c9f1bd4d62e13ad9f5f551dcf97eb7ee1359ba13aaa3af8efc063dfc6303e,13,d925f7a
deck_core,A3a,criteria set (iii) adj_r2_min,config/prereg_20260926.yaml,section4.criteria_sets.iii.adj_r2_min,0.9,0.90,dc2c9f1bd4d62e13ad9f5f551dcf97eb7ee1359ba13aaa3af8efc063dfc6303e,13,d925f7a
deck_core,A3a,criteria set (ii) span_ratio_min,config/prereg_20260926.yaml,section4.criteria_sets.ii.span_ratio_min,2,2,dc2c9f1bd4d62e13ad9f5f551dcf97eb7ee1359ba13aaa3af8efc063dfc6303e,13,d925f7a
deck_core,A3a,criteria set (iv) span_ratio_min,config/prereg_20260926.yaml,section4.criteria_sets.iv.span_ratio_min,3,3,dc2c9f1bd4d62e13ad9f5f551dcf97eb7ee1359ba13aaa3af8efc063dfc6303e,13,d925f7a
deck_core,A3a,"trial population, set (i) failing, two models",results/trialpop/tp_failure_by_set.csv,range over 2 rows [set=='i'] :: fail_pct, 8.165; 13.435,8.2~13.4%,245552b2db5039299ce2f100ed592fc537ebac8bb1693371509535992aa6ca09,13,d925f7a
deck_core,A3a,"set (ii) failing, two models",results/trialpop/tp_failure_by_set.csv,range over 2 rows [set=='ii'] :: fail_pct,16.085; 19.265,16.1~19.3%,245552b2db5039299ce2f100ed592fc537ebac8bb1693371509535992aa6ca09,13,d925f7a
deck_core,A3a,"trial population, set (iii) failing, two models",results/trialpop/tp_failure_by_set.csv,range over 2 rows [set=='iii'] :: fail_pct,33.215; 38.760,33.2~38.8%,245552b2db5039299ce2f100ed592fc537ebac8bb1693371509535992aa6ca09,13,d925f7a
deck_core,A3a,"set (iv) failing, two models",results/trialpop/tp_failure_by_set.csv,range over 2 rows [set=='iv'] :: fail_pct,65.85; 72.45,65.9~72.5%,245552b2db5039299ce2f100ed592fc537ebac8bb1693371509535992aa6ca09,13,d925f7a
deck_core,A3a,"span ratio below 3 (any flag), two models",results/trialpop/tp_failure_reasons.csv,range over 2 rows [set=='iv' & reason=='span ratio below threshold'] :: any_pct,38.54; 46.78,38.5~46.8%,5f1a2d06e6133182ab528c1f173ff51dc2e12ab9c8a52653f94e1d9f9ee7275d,13,d925f7a
deck_core,A3a,"set (iv) span below 3 (hierarchical), two models",results/trialpop/tp_failure_reasons.csv,range over 2 rows [set=='iv' & reason=='span ratio below threshold'] :: hierarchical_pct,27.090; 39.235,27.1~39.2%,5f1a2d06e6133182ab528c1f173ff51dc2e12ab9c8a52653f94e1d9f9ee7275d,13,d925f7a
deck_core,A3a,"extrapolation above 20% (any flag), two models",results/trialpop/tp_failure_reasons.csv,range over 2 rows [set=='iii' & reason=='extrapolation above 20%'] :: any_pct,0.80; 1.08,0.8~1.1%,5f1a2d06e6133182ab528c1f173ff51dc2e12ab9c8a52653f94e1d9f9ee7275d,13,d925f7a
deck_core,A3a,"median subjects per arm with an estimable lambda-z, two models",results/trialpop/tp_retained_per_arm.csv,range over 2 rows [set=='lambda'] :: retained_median,116; 116,116,e1a344b97e641ca3ed72e33d48c23d516fede36ceb0f55a6a4d1df8ed658a64d,13,d925f7a
deck_core,A3a,"smallest subjects per arm meeting set (iii) over all trials, two models",results/trialpop/tp_retained_per_arm.csv,min over 2 rows [set=='iii'] :: retained_min,49,49,e1a344b97e641ca3ed72e33d48c23d516fede36ceb0f55a6a4d1df8ed658a64d,13,d925f7a
deck_core,A3a,"median evaluable subjects per arm meeting set (i), two models",results/trialpop/tp_retained_per_arm.csv,range over 2 rows [set=='i'] :: retained_median,101; 107,101~107,e1a344b97e641ca3ed72e33d48c23d516fede36ceb0f55a6a4d1df8ed658a64d,13,d925f7a
deck_core,A3a,"median evaluable subjects per arm with a reliable AUCinf, set (iii), two models",results/trialpop/tp_retained_per_arm.csv,range over 2 rows [set=='iii'] :: retained_median,72; 78,72~78,e1a344b97e641ca3ed72e33d48c23d516fede36ceb0f55a6a4d1df8ed658a64d,13,d925f7a
deck_core,A3a,public SAP NCT04700163: adjusted R-squared above,config/prereg_20260926.yaml,section6.s2_1_failure_by_set.public_saps :: regex 'NCT04700163 \(adjusted R-squared above ([0-9.]+)',0.9,0.90,dc2c9f1bd4d62e13ad9f5f551dcf97eb7ee1359ba13aaa3af8efc063dfc6303e,13,d925f7a
deck_core,A3b,"set (iii) failing, 2016 model (residual as estimated)",results/trialpop/tp_residual_sensitivity.csv,variant=='k2016' & set=='iii' :: fail_pct,38.76,38.8%,860c21b7b69a4dd5e1e0ae43bef40eb83c308ae0d97f6e2bcf3a6f1c98454e09,14,d925f7a
deck_core,A3b,"set (iii) failing, 2016 model with residual 12%",results/trialpop/tp_residual_sensitivity.csv,variant=='resid12' & set=='iii' :: fail_pct,27.235,27.2%,860c21b7b69a4dd5e1e0ae43bef40eb83c308ae0d97f6e2bcf3a6f1c98454e09,14,d925f7a
deck_core,A3b,largest absolute test minus reference difference in the share failing set (iii) over the test products of both models (points),results/trialpop/tp_arm_difference.csv,set=='iii' & scenario!='S00' :: max(abs(diff_mean)),12.9555555555556,13.0,cdf32cb67af28daa0f22468c8f79ffcfdc1b7f3fdd7b124be9b27f61fddec8d4,14,d925f7a
deck_core,A3b,largest absolute arm difference in the share failing set (iii) over test products whose true Cmax ratio is inside the limits (points),results/trialpop/tp_arm_difference.csv,set=='iii' & scenario!='S00' & scenario!='ka_down_080' :: max(abs(diff_mean)),9.38290598290598,9.4,cdf32cb67af28daa0f22468c8f79ffcfdc1b7f3fdd7b124be9b27f61fddec8d4,14,d925f7a
deck_core,A3b,"true Cmax ratio, absorption-rate cell at 0.80, two models",results/trialpop/tp_arm_difference.csv,range over 2 rows [set=='iii' & scenario=='ka_down_080'] :: cmax_ratio,0.631952944916229; 0.632507704543837,0.63,cdf32cb67af28daa0f22468c8f79ffcfdc1b7f3fdd7b124be9b27f61fddec8d4,14,d925f7a
deck_core,A3b,"proportional residual, 2016 model",results/trialpop/tp_residual_sensitivity.csv,variant=='k2016' & set=='iii' :: sigma_prop_pct,24.2,24.2%,860c21b7b69a4dd5e1e0ae43bef40eb83c308ae0d97f6e2bcf3a6f1c98454e09,14,d925f7a
deck_core,A3b,"proportional residual, variant",results/trialpop/tp_residual_sensitivity.csv,variant=='resid12' & set=='iii' :: sigma_prop_pct,12,12.0%,860c21b7b69a4dd5e1e0ae43bef40eb83c308ae0d97f6e2bcf3a6f1c98454e09,14,d925f7a
deck_core,A3b,"set (iii) failing, 2016 model (residual as estimated)",results/trialpop/tp_residual_sensitivity.csv,variant=='k2016' & set=='iii' :: fail_pct,38.76,38.8%,860c21b7b69a4dd5e1e0ae43bef40eb83c308ae0d97f6e2bcf3a6f1c98454e09,14,d925f7a
deck_core,A3b,"set (i) reliability decrease, lowest LLOQ vs study LLOQ, two models (points)",results/lloq/lloq_individual_table.csv,range over 2 rows [resid=='fixed' & abs(lloq - 0.02) < 1e-9] :: d_rel_i_pp x -1,2.33; 5.93,2.3~5.9,6d5fc6a570bb69ad49d2d235250f61e39c074ab5d023b5a9fdd0cfaa79b0e3b5,14,d925f7a
deck_core,A3b,"true AUCinf ratio, failing to retained subjects, set (iii), two models",results/trialpop/tp_characteristics.csv,range over 2 rows [set=='iii'] :: true_aucinf_gmr,0.895137990266898; 0.928174485565535,0.90~0.93,4ecec80dd889cc798aad376dbb7a21a23d30d530a0ef29366e3caf9011779573,14,d925f7a
deck_core,A3b,randomization stratum split (kg),config/trial_design.yaml,stratification.split_kg.value,75,75,553eceab74155a3497fef1ab587f3b8d2be1319704e17ae1f0e177601726e84f,14,d925f7a
deck_core,A3b,"stratum difference, set iii, diff_pp",results/trialpop/tp_strata_individual.csv,range over 2 rows [set=='iii'] :: diff_pp,2.04821738354254; 2.29695810974729,2.0~2.3,49152d19e245c1c341396c7d1462f349edf1a07b980ef7210d31729d3ccdeb1f,14,d925f7a
deck_core,A3b,"largest absolute mean arm difference, identical products, set (iii), two models (points)",results/trialpop/tp_arm_difference.csv,scenario=='S00' & set=='iii' :: max(abs(diff_mean)),0.168803418803419,0.2,cdf32cb67af28daa0f22468c8f79ffcfdc1b7f3fdd7b124be9b27f61fddec8d4,14,d925f7a
deck_core,A3b,"true AUCinf ratio, plotted boundary cells, two models",results/trialpop/tp_arm_difference.csv,"range over 10 rows [set=='iii' & scenario %in% c('S00','ka_down_080','Vmax_up_080','F_down_080','ke_up_080','V2_up_080') & scenario!='S00'] :: auc_ratio",0.799297411482507; 0.800570249731887,0.80,cdf32cb67af28daa0f22468c8f79ffcfdc1b7f3fdd7b124be9b27f61fddec8d4,14,d925f7a
deck_core,A3b,criteria set (iii) adj_r2_min,config/prereg_20260926.yaml,section4.criteria_sets.iii.adj_r2_min,0.9,0.90,dc2c9f1bd4d62e13ad9f5f551dcf97eb7ee1359ba13aaa3af8efc063dfc6303e,14,d925f7a
deck_core,A3b,criteria set (iii) extrap_max_pct,config/prereg_20260926.yaml,section4.criteria_sets.iii.extrap_max_pct,20,20,dc2c9f1bd4d62e13ad9f5f551dcf97eb7ee1359ba13aaa3af8efc063dfc6303e,14,d925f7a
deck_core,A3b,criteria set (i) adj_r2_min,config/prereg_20260926.yaml,section4.criteria_sets.i.adj_r2_min,0.8,0.80,dc2c9f1bd4d62e13ad9f5f551dcf97eb7ee1359ba13aaa3af8efc063dfc6303e,14,d925f7a
deck_core,A3b,criteria set (iv) span_ratio_min,config/prereg_20260926.yaml,section4.criteria_sets.iv.span_ratio_min,3,3,dc2c9f1bd4d62e13ad9f5f551dcf97eb7ee1359ba13aaa3af8efc063dfc6303e,14,d925f7a
deck_core,A3b,figure a3b_residual,results/trialpop/tp_residual_sensitivity.csv,whole object,NA,(figure),860c21b7b69a4dd5e1e0ae43bef40eb83c308ae0d97f6e2bcf3a6f1c98454e09,14,d925f7a
deck_core,A3b,figure a3b_arm_difference,results/trialpop/tp_arm_difference.csv,whole object,NA,(figure),cdf32cb67af28daa0f22468c8f79ffcfdc1b7f3fdd7b124be9b27f61fddec8d4,14,d925f7a
deck_core,A3b,body weight inclusion range (kg),config/trial_design.yaml,weight.inclusion_kg,60; 90,60~90,553eceab74155a3497fef1ab587f3b8d2be1319704e17ae1f0e177601726e84f,14,d925f7a
deck_core,A3b,criteria set (iii) adj_r2_min,config/prereg_20260926.yaml,section4.criteria_sets.iii.adj_r2_min,0.9,0.90,dc2c9f1bd4d62e13ad9f5f551dcf97eb7ee1359ba13aaa3af8efc063dfc6303e,14,d925f7a
deck_core,A3b,criteria set (iii) extrap_max_pct,config/prereg_20260926.yaml,section4.criteria_sets.iii.extrap_max_pct,20,20,dc2c9f1bd4d62e13ad9f5f551dcf97eb7ee1359ba13aaa3af8efc063dfc6303e,14,d925f7a
deck_core,A3b,criteria set (iv) span_ratio_min,config/prereg_20260926.yaml,section4.criteria_sets.iv.span_ratio_min,3,3,dc2c9f1bd4d62e13ad9f5f551dcf97eb7ee1359ba13aaa3af8efc063dfc6303e,14,d925f7a
deck_core,A3b,criteria set (i) adj_r2_min,config/prereg_20260926.yaml,section4.criteria_sets.i.adj_r2_min,0.8,0.80,dc2c9f1bd4d62e13ad9f5f551dcf97eb7ee1359ba13aaa3af8efc063dfc6303e,14,d925f7a
deck_core,A3b,"set (iii) failing, 2016 model (residual as estimated)",results/trialpop/tp_residual_sensitivity.csv,variant=='k2016' & set=='iii' :: fail_pct,38.76,38.8%,860c21b7b69a4dd5e1e0ae43bef40eb83c308ae0d97f6e2bcf3a6f1c98454e09,14,d925f7a
deck_core,A3b,"set (iv) failing, 2016 model (residual as estimated)",results/trialpop/tp_residual_sensitivity.csv,variant=='k2016' & set=='iv' :: fail_pct,65.85,65.9%,860c21b7b69a4dd5e1e0ae43bef40eb83c308ae0d97f6e2bcf3a6f1c98454e09,14,d925f7a
deck_core,A3b,"set (iv) failing, 2016 model with proportional residual 12%",results/trialpop/tp_residual_sensitivity.csv,variant=='resid12' & set=='iv' :: fail_pct,66.01,66.0%,860c21b7b69a4dd5e1e0ae43bef40eb83c308ae0d97f6e2bcf3a6f1c98454e09,14,d925f7a
deck_core,A3b,"set (iv) failing, Wilson 95% interval, 2016 model",results/trialpop/tp_residual_sensitivity.csv,"over 1 rows [variant=='k2016' & set=='iv'] :: min(fail_lo), max(fail_hi)",65.1897989971713; 66.5041134598502,65.2~66.5,860c21b7b69a4dd5e1e0ae43bef40eb83c308ae0d97f6e2bcf3a6f1c98454e09,14,d925f7a
deck_core,A3b,"set (iv) failing, Wilson 95% interval, residual 12%",results/trialpop/tp_residual_sensitivity.csv,"over 1 rows [variant=='resid12' & set=='iv'] :: min(fail_lo), max(fail_hi)",65.3505133671969; 66.6633376382867,65.4~66.7,860c21b7b69a4dd5e1e0ae43bef40eb83c308ae0d97f6e2bcf3a6f1c98454e09,14,d925f7a
deck_core,A3b,"median adjusted R-squared, 2016 model",results/trialpop/tp_residual_sensitivity.csv,variant=='k2016' & set=='i' :: adj_r2_median,0.929840166324454,0.930,860c21b7b69a4dd5e1e0ae43bef40eb83c308ae0d97f6e2bcf3a6f1c98454e09,14,d925f7a
deck_core,A3b,"median adjusted R-squared, residual 12%",results/trialpop/tp_residual_sensitivity.csv,variant=='resid12' & set=='i' :: adj_r2_median,0.946059919565497,0.946,860c21b7b69a4dd5e1e0ae43bef40eb83c308ae0d97f6e2bcf3a6f1c98454e09,14,d925f7a
deck_core,A3b,"set (iii) failing, 2020 model",results/trialpop/tp_residual_sensitivity.csv,variant=='k2020' & set=='iii' :: fail_pct,33.215,33.2%,860c21b7b69a4dd5e1e0ae43bef40eb83c308ae0d97f6e2bcf3a6f1c98454e09,14,d925f7a
deck_core,A3b,"median span ratio, B0, two models",results/reliability/reliability_lz_window_by_schedule.csv,"range over 2 rows [variant %in% c('base','struct2020') & schedule=='B0'] :: span_median",3.07381503609787; 3.28805182513995,3.07~3.29,1536caedc7e14453f2b73d122df430f8820659dbbdaa657e19827b41eefde816,14,d925f7a
deck_core,A3b,study LLOQ (mg/L),config/assay.yaml,lloq_mg_L.value,0.078,0.078,13bb4e6e5a604962f3e30a9f31dffb53fcfcaa71272e41d6a12413c1cec26604,14,d925f7a
deck_core,A3b,lowest LLOQ in the sensitivity grid (mg/L),results/lloq/lloq_individual_table.csv,model=='k2016' & resid=='fixed' & abs(lloq - 0.02) < 1e-9 :: lloq,0.02,0.02,6d5fc6a570bb69ad49d2d235250f61e39c074ab5d023b5a9fdd0cfaa79b0e3b5,14,d925f7a
deck_core,A3b,"set (i) reliability change with paired 95% CI, lowest LLOQ vs study LLOQ, k2016, residual fixed",results/lloq/lloq_individual_table.csv,"model=='k2016' & resid=='fixed' & abs(lloq - 0.02) < 1e-9 :: d_rel_i_pp [d_rel_i_lo, d_rel_i_hi]",-2.33000000000000; -2.80296276905277; -1.85703723094723,-2.33%p (95% CI -2.80~-1.86),6d5fc6a570bb69ad49d2d235250f61e39c074ab5d023b5a9fdd0cfaa79b0e3b5,14,d925f7a
deck_core,A3b,"set (i) reliability change with paired 95% CI, lowest LLOQ vs study LLOQ, k2020, residual fixed",results/lloq/lloq_individual_table.csv,"model=='k2020' & resid=='fixed' & abs(lloq - 0.02) < 1e-9 :: d_rel_i_pp [d_rel_i_lo, d_rel_i_hi]",-5.93000000000000; -6.39461716105881; -5.46538283894119,-5.93%p (95% CI -6.39~-5.47),6d5fc6a570bb69ad49d2d235250f61e39c074ab5d023b5a9fdd0cfaa79b0e3b5,14,d925f7a
deck_core,A3b,"set (i) reliability change with paired 95% CI, lowest LLOQ vs study LLOQ, k2016, residual scaled",results/lloq/lloq_individual_table.csv,"model=='k2016' & resid=='scaled' & abs(lloq - 0.02) < 1e-9 :: d_rel_i_pp [d_rel_i_lo, d_rel_i_hi]",-1.9250000000000; -2.1576537787407; -1.6923462212593,-1.93%p (95% CI -2.16~-1.69),6d5fc6a570bb69ad49d2d235250f61e39c074ab5d023b5a9fdd0cfaa79b0e3b5,14,d925f7a
deck_core,A3b,"set (i) reliability change with paired 95% CI, lowest LLOQ vs study LLOQ, k2020, residual scaled",results/lloq/lloq_individual_table.csv,"model=='k2020' & resid=='scaled' & abs(lloq - 0.02) < 1e-9 :: d_rel_i_pp [d_rel_i_lo, d_rel_i_hi]",-2.42500000000000; -2.66329251341406; -2.18670748658594,-2.43%p (95% CI -2.66~-2.19),6d5fc6a570bb69ad49d2d235250f61e39c074ab5d023b5a9fdd0cfaa79b0e3b5,14,d925f7a
deck_core,A3b,"true AUCinf ratio failing to retained with 95% CI, set iii, k2016",results/trialpop/tp_characteristics.csv,"pk_model=='k2016' & set=='iii' :: true_aucinf_gmr [true_aucinf_gmr_lo, true_aucinf_gmr_hi]",0.928174485565535; 0.918430225127236; 0.938022129591276,0.928 (95% CI 0.918~0.938),4ecec80dd889cc798aad376dbb7a21a23d30d530a0ef29366e3caf9011779573,14,d925f7a
deck_core,A3b,"true AUCinf ratio failing to retained with 95% CI, set iii, k2020",results/trialpop/tp_characteristics.csv,"pk_model=='k2020' & set=='iii' :: true_aucinf_gmr [true_aucinf_gmr_lo, true_aucinf_gmr_hi]",0.895137990266898; 0.884586831797267; 0.905815000649591,0.895 (95% CI 0.885~0.906),4ecec80dd889cc798aad376dbb7a21a23d30d530a0ef29366e3caf9011779573,14,d925f7a
deck_core,A3b,"AUClast ratio failing to retained, set (iii), two models",results/trialpop/tp_characteristics.csv,range over 2 rows [set=='iii'] :: auclast_gmr,0.891153763621704; 0.909969139514214,0.89~0.91,4ecec80dd889cc798aad376dbb7a21a23d30d530a0ef29366e3caf9011779573,14,d925f7a
deck_core,A3b,"failing minus retained body weight with Welch 95% CI, set iii, k2016",results/trialpop/tp_characteristics.csv,"pk_model=='k2016' & set=='iii' :: wt_diff_kg [wt_diff_lo, wt_diff_hi]",0.415961827771483; 0.211793587106048; 0.620130068436918,0.42 kg (95% CI 0.21~0.62),4ecec80dd889cc798aad376dbb7a21a23d30d530a0ef29366e3caf9011779573,14,d925f7a
deck_core,A3b,"failing minus retained body weight with Welch 95% CI, set iii, k2020",results/trialpop/tp_characteristics.csv,"pk_model=='k2020' & set=='iii' :: wt_diff_kg [wt_diff_lo, wt_diff_hi]",0.349640423512781; 0.138765208408859; 0.560515638616704,0.35 kg (95% CI 0.14~0.56),4ecec80dd889cc798aad376dbb7a21a23d30d530a0ef29366e3caf9011779573,14,d925f7a
deck_core,A3b,"failing, lighter stratum, set iii, k2016",results/trialpop/tp_strata_individual.csv,pk_model=='k2016' & set=='iii' :: fail_light_pct,37.605548854041,37.6%,49152d19e245c1c341396c7d1462f349edf1a07b980ef7210d31729d3ccdeb1f,14,d925f7a
deck_core,A3b,"failing, heavier stratum, set iii, k2016",results/trialpop/tp_strata_individual.csv,pk_model=='k2016' & set=='iii' :: fail_heavy_pct,39.9025069637883,39.9%,49152d19e245c1c341396c7d1462f349edf1a07b980ef7210d31729d3ccdeb1f,14,d925f7a
deck_core,A3b,"failing, lighter stratum, set iii, k2020",results/trialpop/tp_strata_individual.csv,pk_model=='k2020' & set=='iii' :: fail_light_pct,32.1991865886321,32.2%,49152d19e245c1c341396c7d1462f349edf1a07b980ef7210d31729d3ccdeb1f,14,d925f7a
deck_core,A3b,"failing, heavier stratum, set iii, k2020",results/trialpop/tp_strata_individual.csv,pk_model=='k2020' & set=='iii' :: fail_heavy_pct,34.2474039721746,34.2%,49152d19e245c1c341396c7d1462f349edf1a07b980ef7210d31729d3ccdeb1f,14,d925f7a
deck_core,A3b,"stratum difference with Newcombe 95% CI, set iii, k2016",results/trialpop/tp_strata_individual.csv,"pk_model=='k2016' & set=='iii' :: diff_pp [diff_lo, diff_hi]",2.296958109747290; 0.946553360754742; 3.646086726423740,2.3%p (95% CI 0.9~3.6),49152d19e245c1c341396c7d1462f349edf1a07b980ef7210d31729d3ccdeb1f,14,d925f7a
deck_core,A3b,"stratum difference with Newcombe 95% CI, set iii, k2020",results/trialpop/tp_strata_individual.csv,"pk_model=='k2020' & set=='iii' :: diff_pp [diff_lo, diff_hi]",2.048217383542540; 0.742653060935109; 3.353031754558300,2.0%p (95% CI 0.7~3.4),49152d19e245c1c341396c7d1462f349edf1a07b980ef7210d31729d3ccdeb1f,14,d925f7a
deck_core,A3b,randomization stratum split (kg),config/trial_design.yaml,stratification.split_kg.value,75,75,553eceab74155a3497fef1ab587f3b8d2be1319704e17ae1f0e177601726e84f,14,d925f7a
deck_core,A3b,threshold in column name armdiff_abs_gt5_pct (points),results/trialpop/tp_strata_composition.csv,column name armdiff_abs_gt5_pct,5,5,c888fc5d6871d4b71cb531fc782c07c0ccee83dc73c40b19a3c0215c6d1eb911,14,d925f7a
deck_core,A3b,"share of identical-product trials with a between-arm heavier-stratum difference above 5 points, set (iii), two models",results/trialpop/tp_strata_composition.csv,range over 2 rows [scenario=='S00' & analysis_set=='iii'] :: armdiff_abs_gt5_pct,28.55; 33.40,28.6~33.4%,c888fc5d6871d4b71cb531fc782c07c0ccee83dc73c40b19a3c0215c6d1eb911,14,d925f7a
deck_core,A3b,"armdiff, S00, iii: 5th to 95th percentile, two models",results/trialpop/tp_strata_composition.csv,"over 2 rows [scenario=='S00' & analysis_set=='iii'] :: min(armdiff_p05), max(armdiff_p95)",-8.69503563911213;  8.46816884758061,-8.7~8.5,c888fc5d6871d4b71cb531fc782c07c0ccee83dc73c40b19a3c0215c6d1eb911,14,d925f7a
deck_core,A3b,largest between-arm difference in the heavier-stratum share at randomization (points),results/trialpop/tp_strata_composition.csv,max over 26 rows [analysis_set=='auclast'] :: rand_armdiff_abs_max,0.854700854700859,0.9,c888fc5d6871d4b71cb531fc782c07c0ccee83dc73c40b19a3c0215c6d1eb911,14,d925f7a
deck_core,A3b,regenerated trials per scenario,results/trialpop/tp_strata_composition.csv,pk_model=='k2016' & scenario=='S00' & analysis_set=='auclast' :: n_trials,2000,"2,000",c888fc5d6871d4b71cb531fc782c07c0ccee83dc73c40b19a3c0215c6d1eb911,14,d925f7a
deck_core,A3b,"test minus reference failing, S00, set iii, diff_mean",results/trialpop/tp_arm_difference.csv,range over 2 rows [scenario=='S00' & set=='iii'] :: diff_mean,-0.1688034188034190;  0.0615384615384617,-0.2~0.1,cdf32cb67af28daa0f22468c8f79ffcfdc1b7f3fdd7b124be9b27f61fddec8d4,14,d925f7a
deck_core,A3b,"test minus reference failing, ka_down_080, set iii, diff_mean",results/trialpop/tp_arm_difference.csv,range over 2 rows [scenario=='ka_down_080' & set=='iii'] :: diff_mean,12.6008547008547; 12.9555555555556,12.6~13.0,cdf32cb67af28daa0f22468c8f79ffcfdc1b7f3fdd7b124be9b27f61fddec8d4,14,d925f7a
deck_core,A3b,"identical products, per-trial arm difference, 5th to 95th percentile, two models (points)",results/trialpop/tp_arm_difference.csv,"over 2 rows [scenario=='S00' & set=='iii'] :: min(diff_p05), max(diff_p95)",-10.2564102564103;  11.1111111111111,-10.3~11.1,cdf32cb67af28daa0f22468c8f79ffcfdc1b7f3fdd7b124be9b27f61fddec8d4,14,d925f7a
deck_core,A3b,"test minus reference failing, Vmax_up_080, set iii, diff_mean",results/trialpop/tp_arm_difference.csv,range over 2 rows [scenario=='Vmax_up_080' & set=='iii'] :: diff_mean,7.18888888888889; 8.94871794871795,7.2~8.9,cdf32cb67af28daa0f22468c8f79ffcfdc1b7f3fdd7b124be9b27f61fddec8d4,14,d925f7a
deck_core,A3b,"test minus reference failing, F_down_080, set iii, diff_mean",results/trialpop/tp_arm_difference.csv,range over 2 rows [scenario=='F_down_080' & set=='iii'] :: diff_mean,2.60384615384615; 3.01153846153846,2.6~3.0,cdf32cb67af28daa0f22468c8f79ffcfdc1b7f3fdd7b124be9b27f61fddec8d4,14,d925f7a
deck_core,A3b,"test minus reference failing, ke_up_080, set iii, diff_mean",results/trialpop/tp_arm_difference.csv,range over 2 rows [scenario=='ke_up_080' & set=='iii'] :: diff_mean,-2.06367521367521; -1.38119658119658,-2.1~-1.4,cdf32cb67af28daa0f22468c8f79ffcfdc1b7f3fdd7b124be9b27f61fddec8d4,14,d925f7a
deck_core,A3b,"test minus reference failing, V2_up_080, set iii, diff_mean",results/trialpop/tp_arm_difference.csv,range over 2 rows [scenario=='V2_up_080' & set=='iii'] :: diff_mean,-9.38290598290598; -8.44615384615385,-9.4~-8.4,cdf32cb67af28daa0f22468c8f79ffcfdc1b7f3fdd7b124be9b27f61fddec8d4,14,d925f7a
deck_core,A3b,"test minus reference failing, Vmax_down_125, set iii, diff_mean",results/trialpop/tp_arm_difference.csv,range over 2 rows [scenario=='Vmax_down_125' & set=='iii'] :: diff_mean,-9.22051282051282; -7.13290598290598,-9.2~-7.1,cdf32cb67af28daa0f22468c8f79ffcfdc1b7f3fdd7b124be9b27f61fddec8d4,14,d925f7a
deck_core,A3b,"test minus reference failing, F_up_125, set iii, diff_mean",results/trialpop/tp_arm_difference.csv,range over 2 rows [scenario=='F_up_125' & set=='iii'] :: diff_mean,-2.82094017094017; -2.58418803418803,-2.8~-2.6,cdf32cb67af28daa0f22468c8f79ffcfdc1b7f3fdd7b124be9b27f61fddec8d4,14,d925f7a
deck_core,A3b,"test minus reference failing, ke_down_125, set iii, diff_mean",results/trialpop/tp_arm_difference.csv,range over 2 rows [scenario=='ke_down_125' & set=='iii'] :: diff_mean,0.609401709401709; 1.735042735042730,0.6~1.7,cdf32cb67af28daa0f22468c8f79ffcfdc1b7f3fdd7b124be9b27f61fddec8d4,14,d925f7a
deck_core,A3b,"true AUCinf ratio, plotted boundary cells, two models",results/trialpop/tp_arm_difference.csv,"range over 10 rows [set=='iii' & scenario %in% c('S00','ka_down_080','Vmax_up_080','F_down_080','ke_up_080','V2_up_080') & scenario!='S00'] :: auc_ratio",0.799297411482507; 0.800570249731887,0.80,cdf32cb67af28daa0f22468c8f79ffcfdc1b7f3fdd7b124be9b27f61fddec8d4,14,d925f7a
deck_core,A3b,"true AUCinf ratio, boundary cells at 1.25, two models",results/trialpop/tp_arm_difference.csv,"range over 6 rows [grepl('_125$', scenario) & set=='iii'] :: auc_ratio",1.24933521039854; 1.25092658233271,1.25,cdf32cb67af28daa0f22468c8f79ffcfdc1b7f3fdd7b124be9b27f61fddec8d4,14,d925f7a
deck_core,A3b,"widest 95% CI of the mean arm difference, set (iii), plotted cells, two models (points)",results/trialpop/tp_arm_difference.csv,"set=='iii' & scenario %in% c('S00','ka_down_080','Vmax_up_080','F_down_080','ke_up_080','V2_up_080') :: max(diff_hi - diff_lo)",0.5737418557024,0.57,cdf32cb67af28daa0f22468c8f79ffcfdc1b7f3fdd7b124be9b27f61fddec8d4,14,d925f7a
deck_core,A3b,"reference-arm mean share failing, set iii, two models",results/trialpop/tp_arm_difference.csv,range over 2 rows [scenario=='S00' & set=='iii'] :: fail_R_mean,33.8551282051282; 38.6418803418803,33.9~38.6%,cdf32cb67af28daa0f22468c8f79ffcfdc1b7f3fdd7b124be9b27f61fddec8d4,14,d925f7a
deck_core,A3b,"arm difference per 10% lower true ratio, set iii, r_squared",results/trialpop/tp_arm_difference_fit.csv,range over 2 rows [set=='iii'] :: r_squared,0.167806345901734; 0.176066239916273,0.17~0.18,c3441189dd0b9c008d5d06147ce4866ad527eb88716193d2ba47859f86ce9b1c,14,d925f7a
deck_core,A3b,"meeting set (iii) but failing span 3 = set (iv) minus set (iii) failing, k2016 (points)",results/trialpop/tp_residual_sensitivity.csv,variant=='k2016' :: fail_pct[set=='iv'] - fail_pct[set=='iii'],27.09,27.1,860c21b7b69a4dd5e1e0ae43bef40eb83c308ae0d97f6e2bcf3a6f1c98454e09,14,d925f7a
deck_core,A3b,"meeting set (iii) but failing span 3 = set (iv) minus set (iii) failing, resid12 (points)",results/trialpop/tp_residual_sensitivity.csv,variant=='resid12' :: fail_pct[set=='iv'] - fail_pct[set=='iii'],38.775,38.8,860c21b7b69a4dd5e1e0ae43bef40eb83c308ae0d97f6e2bcf3a6f1c98454e09,14,d925f7a
deck_core,A3b,"adjusted R-squared below 0.80, 2016 model, study LLOQ (%)",results/lloq/lloq_individual_k2016.csv,resid=='fixed' & abs(lloq - 0.078) < 1e-9 :: flag_rsq_pct,11.37,11.4%,9f2644edcbe3fd5f62eaa86c467b048b80c1b6e3484cff6cb0d620eb19e824e8,14,d925f7a
deck_core,A3b,"adjusted R-squared below 0.80, 2016 model, lowest LLOQ (%)",results/lloq/lloq_individual_k2016.csv,resid=='fixed' & abs(lloq - 0.02) < 1e-9 :: flag_rsq_pct,14.75,14.8%,9f2644edcbe3fd5f62eaa86c467b048b80c1b6e3484cff6cb0d620eb19e824e8,14,d925f7a
deck_core,A3b,"adjusted R-squared below 0.80, 2020 model, study LLOQ (%)",results/lloq/lloq_individual_k2020.csv,resid=='fixed' & abs(lloq - 0.078) < 1e-9 :: flag_rsq_pct,6.955,7.0%,608617d88094e914934cc1a9017be7a75b2c40cafef749368083302a2de44045,14,d925f7a
deck_core,A3b,"adjusted R-squared below 0.80, 2020 model, lowest LLOQ (%)",results/lloq/lloq_individual_k2020.csv,resid=='fixed' & abs(lloq - 0.02) < 1e-9 :: flag_rsq_pct,13.525,13.5%,608617d88094e914934cc1a9017be7a75b2c40cafef749368083302a2de44045,14,d925f7a
deck_core,A3b,"share of identical-product trials with a between-arm heavier-stratum difference above 5 points, AUClast analysis set, two models",results/trialpop/tp_strata_composition.csv,range over 2 rows [scenario=='S00' & analysis_set=='auclast'] :: armdiff_abs_gt5_pct,0; 0,0.0%,c888fc5d6871d4b71cb531fc782c07c0ccee83dc73c40b19a3c0215c6d1eb911,14,d925f7a
deck_core,A4a,"window coverage (true), 2020 median-coverage subject",results/core_deck/rep_subjects.csv,model=='k2020' & role=='median' :: coverage_true x 100,99.3597017936224,99%,36857f76544767ea75bbdfc5009f7099e844f03490451943ac6957ed5675c4de,15,d925f7a
deck_core,A4a,"window coverage (true), minimum subject, one decimal",results/core_deck/rep_subjects.csv,model=='k2020' & role=='min' :: coverage_true x 100,84.3159734852213,84.3%,36857f76544767ea75bbdfc5009f7099e844f03490451943ac6957ed5675c4de,15,d925f7a
deck_core,A4a,"median NCA extrapolated share, 2020",results/rationale/pillar1_coverage_B0.csv,model=='k2020' & group=='all' :: extrap_nca_median,2.94855018608216,2.9%,f5bd530b5e2198d6fc9ae9dcf29e9fda50cb699af423210a732c31d1ccf6cbb6,15,d925f7a
deck_core,A4a,"median true extrapolated share, 2020",results/rationale/pillar1_coverage_B0.csv,model=='k2020' & group=='all' :: extrap_true_median,0.640350151289987,0.64%,f5bd530b5e2198d6fc9ae9dcf29e9fda50cb699af423210a732c31d1ccf6cbb6,15,d925f7a
deck_core,A4a,"virtual subjects, 2020",results/rationale/pillar1_coverage_B0.csv,model=='k2020' & group=='all' :: n_subjects,20000,"20,000",f5bd530b5e2198d6fc9ae9dcf29e9fda50cb699af423210a732c31d1ccf6cbb6,15,d925f7a
deck_core,A4a,"NCA-to-true extrapolated area ratio, median subject",results/core_deck/rep_subjects.csv,model=='k2020' & role=='median' :: extrap_ratio_nca_to_true,4.51762647117719,4.5,36857f76544767ea75bbdfc5009f7099e844f03490451943ac6957ed5675c4de,15,d925f7a
deck_core,A4a,"NCA-to-true extrapolated area ratio, 5th percentile subject",results/core_deck/rep_subjects.csv,model=='k2020' & role=='p05' :: extrap_ratio_nca_to_true,3.94611073514001,3.9,36857f76544767ea75bbdfc5009f7099e844f03490451943ac6957ed5675c4de,15,d925f7a
deck_core,A4a,figure a4a_shaded_k2020,results/core_deck/rep_subjects.csv,whole object,NA,(figure),36857f76544767ea75bbdfc5009f7099e844f03490451943ac6957ed5675c4de,15,d925f7a
deck_core,A4a,figure a4a_shaded_k2020,results/core_deck/rep_profiles.csv,whole object,NA,(figure),5a8d205d0bf4a00d85b50a585e9eebf69dacd7eef2b364e68c5976b356b1ddff,15,d925f7a
deck_core,A4a,figure a4a_shaded_k2020,results/core_deck/rep_obs.csv,whole object,NA,(figure),505bf3279e101131cd18fec69b046a7b8464bbcfc48736cc69e74ab008d0fe40,15,d925f7a
deck_core,A4a,"subject id, median",results/core_deck/rep_subjects.csv,model=='k2020' & role=='median' :: id,14636,14636,36857f76544767ea75bbdfc5009f7099e844f03490451943ac6957ed5675c4de,15,d925f7a
deck_core,A4a,"subject id, 5th percentile",results/core_deck/rep_subjects.csv,model=='k2020' & role=='p05' :: id,12784,12784,36857f76544767ea75bbdfc5009f7099e844f03490451943ac6957ed5675c4de,15,d925f7a
deck_core,A4a,"subject id, minimum",results/core_deck/rep_subjects.csv,model=='k2020' & role=='min' :: id,11228,11228,36857f76544767ea75bbdfc5009f7099e844f03490451943ac6957ed5675c4de,15,d925f7a
deck_core,A4a,"study day of the observed tlast, median subject",results/core_deck/rep_subjects.csv,model=='k2020' & role=='median' :: study_day_tlast,35.0773263159208,35.1,36857f76544767ea75bbdfc5009f7099e844f03490451943ac6957ed5675c4de,15,d925f7a
deck_core,A4a,"study day of tlast, 5th percentile subject",results/core_deck/rep_subjects.csv,model=='k2020' & role=='p05' :: study_day_tlast,28.1504424028099,28.2,36857f76544767ea75bbdfc5009f7099e844f03490451943ac6957ed5675c4de,15,d925f7a
deck_core,A4a,"study day of tlast, minimum subject",results/core_deck/rep_subjects.csv,model=='k2020' & role=='min' :: study_day_tlast,14.970114970929,15.0,36857f76544767ea75bbdfc5009f7099e844f03490451943ac6957ed5675c4de,15,d925f7a
deck_core,A4a,"NCA extrapolated area, median subject",results/core_deck/rep_subjects.csv,model=='k2020' & role=='median' :: extrap_area_nca,16.2581248158093,16.3,36857f76544767ea75bbdfc5009f7099e844f03490451943ac6957ed5675c4de,15,d925f7a
deck_core,A4a,"true extrapolated area, median subject",results/core_deck/rep_subjects.csv,model=='k2020' & role=='median' :: extrap_area_true,3.59882007056967,3.6,36857f76544767ea75bbdfc5009f7099e844f03490451943ac6957ed5675c4de,15,d925f7a
deck_core,A4a,"NCA extrapolated area, 5th percentile subject",results/core_deck/rep_subjects.csv,model=='k2020' & role=='p05' :: extrap_area_nca,71.0927173258099,71.1,36857f76544767ea75bbdfc5009f7099e844f03490451943ac6957ed5675c4de,15,d925f7a
deck_core,A4a,"true extrapolated area, 5th percentile subject",results/core_deck/rep_subjects.csv,model=='k2020' & role=='p05' :: extrap_area_true,18.0158951680527,18.0,36857f76544767ea75bbdfc5009f7099e844f03490451943ac6957ed5675c4de,15,d925f7a
deck_core,A4a,"adjusted R-squared, median subject",results/core_deck/rep_subjects.csv,model=='k2020' & role=='median' :: adj_r2,0.948604672623799,0.949,36857f76544767ea75bbdfc5009f7099e844f03490451943ac6957ed5675c4de,15,d925f7a
deck_core,A4a,"adjusted R-squared, 5th percentile subject",results/core_deck/rep_subjects.csv,model=='k2020' & role=='p05' :: adj_r2,0.996592710624865,0.997,36857f76544767ea75bbdfc5009f7099e844f03490451943ac6957ed5675c4de,15,d925f7a
deck_core,A4a,"NCA extrapolated share, median subject",results/core_deck/rep_subjects.csv,model=='k2020' & role=='median' :: pct_extrap_nca,2.9511407029484,3.0%,36857f76544767ea75bbdfc5009f7099e844f03490451943ac6957ed5675c4de,15,d925f7a
deck_core,A4a,"NCA extrapolated share, 5th percentile subject",results/core_deck/rep_subjects.csv,model=='k2020' & role=='p05' :: pct_extrap_nca,12.0976278349159,12.1%,36857f76544767ea75bbdfc5009f7099e844f03490451943ac6957ed5675c4de,15,d925f7a
deck_core,A4a,criteria set (iii) adj_r2_min,config/prereg_20260926.yaml,section4.criteria_sets.iii.adj_r2_min,0.9,0.90,dc2c9f1bd4d62e13ad9f5f551dcf97eb7ee1359ba13aaa3af8efc063dfc6303e,15,d925f7a
deck_core,A4a,criteria set (iii) extrap_max_pct,config/prereg_20260926.yaml,section4.criteria_sets.iii.extrap_max_pct,20,20,dc2c9f1bd4d62e13ad9f5f551dcf97eb7ee1359ba13aaa3af8efc063dfc6303e,15,d925f7a
deck_core,A4a,"true extrapolated area, minimum subject",results/core_deck/rep_subjects.csv,model=='k2020' & role=='min' :: extrap_area_true,28.0752649179781,28.1,36857f76544767ea75bbdfc5009f7099e844f03490451943ac6957ed5675c4de,15,d925f7a
deck_core,A4a,"window coverage (true), minimum subject, one decimal",results/core_deck/rep_subjects.csv,model=='k2020' & role=='min' :: coverage_true x 100,84.3159734852213,84.3%,36857f76544767ea75bbdfc5009f7099e844f03490451943ac6957ed5675c4de,15,d925f7a
deck_core,A4a,"quantified samples after the highest observed concentration, 2020 minimum subject",results/core_deck/rep_obs.csv,model=='k2020' & id==11228 & blq==FALSE :: count after which.max(conc_obs),2,2,505bf3279e101131cd18fec69b046a7b8464bbcfc48736cc69e74ab008d0fe40,15,d925f7a
deck_core,A4a,lambda-z minimum number of points,config/nca_rules.yaml,standard.lambda_z.min_points,3,3,0f53d9e003bf1df504df24201f06301cabe423babd1078def5c5a4b3b2c1db94,15,d925f7a
deck_core,A4a,body weight inclusion range (kg),config/trial_design.yaml,weight.inclusion_kg,60; 90,60~90,553eceab74155a3497fef1ab587f3b8d2be1319704e17ae1f0e177601726e84f,15,d925f7a
deck_core,A4a,"95th percentile NCA extrapolated share, 2020",results/rationale/pillar1_coverage_B0.csv,model=='k2020' & group=='all' :: extrap_nca_p95,11.9464935924674,11.9%,f5bd530b5e2198d6fc9ae9dcf29e9fda50cb699af423210a732c31d1ccf6cbb6,15,d925f7a
deck_core,A4a,"95th percentile true extrapolated share, 2020",results/rationale/pillar1_coverage_B0.csv,model=='k2020' & group=='all' :: extrap_true_p95,3.53955961566025,3.5%,f5bd530b5e2198d6fc9ae9dcf29e9fda50cb699af423210a732c31d1ccf6cbb6,15,d925f7a
deck_core,A4b,"window coverage, median, two models",results/trialpop/tp_coverage_individual.csv,range over 2 rows [metric=='window coverage (true AUC0-tlast / true AUC0-inf)'] :: median x 100,99.3479499465381; 99.3596498487100,99%,beb14fd4f7176e6f2ef9052b677f4abdb908dd5be2e4a19aacbf68c1122be409,16,d925f7a
deck_core,A4b,"largest NCA AUCinf (rule B) / true AUCinf, 2016 model (largest of both models, premise)",results/trialpop/tp_coverage_individual.csv,"metric=='observed-to-true, AUCinf rule B (lambda-z estimable)' & pk_model=='k2016' :: max",5.28060652812461,5.3,beb14fd4f7176e6f2ef9052b677f4abdb908dd5be2e4a19aacbf68c1122be409,16,d925f7a
deck_core,A4b,histogram bin width,results/deck_inputs/coverage_hist.csv,unique(diff(sort(unique(bin_lo)))),0.02,0.02,ce39a00391cff436f907f950472c7780d45e127f25ab5bb3b0f82026f8dd9974,16,d925f7a
deck_core,A4b,criteria set (i) adj_r2_min,config/prereg_20260926.yaml,section4.criteria_sets.i.adj_r2_min,0.8,0.80,dc2c9f1bd4d62e13ad9f5f551dcf97eb7ee1359ba13aaa3af8efc063dfc6303e,16,d925f7a
deck_core,A4b,criteria set (i) extrap_max_pct,config/prereg_20260926.yaml,section4.criteria_sets.i.extrap_max_pct,20,20,dc2c9f1bd4d62e13ad9f5f551dcf97eb7ee1359ba13aaa3af8efc063dfc6303e,16,d925f7a
deck_core,A4b,"median NCA extrapolated share, two models",results/rationale/pillar1_coverage_B0.csv,range over 2 rows [group=='all'] :: extrap_nca_median,2.74409890951039; 2.94855018608216,2.7~2.9%,f5bd530b5e2198d6fc9ae9dcf29e9fda50cb699af423210a732c31d1ccf6cbb6,16,d925f7a
deck_core,A4b,"median true extrapolated share, two models",results/rationale/pillar1_coverage_B0.csv,range over 2 rows [group=='all'] :: extrap_true_median,0.640350151289987; 0.652050053461906,0.64~0.65%,f5bd530b5e2198d6fc9ae9dcf29e9fda50cb699af423210a732c31d1ccf6cbb6,16,d925f7a
deck_core,A4b,"win, n, k2016",results/trialpop/tp_coverage_individual.csv,metric=='window coverage (true AUC0-tlast / true AUC0-inf)' & pk_model=='k2016' :: n,20000,"20,000",beb14fd4f7176e6f2ef9052b677f4abdb908dd5be2e4a19aacbf68c1122be409,16,d925f7a
deck_core,A4b,"last, n, k2016",results/trialpop/tp_coverage_individual.csv,"metric=='observed-to-true, AUClast (all subjects)' & pk_model=='k2016' :: n",20000,"20,000",beb14fd4f7176e6f2ef9052b677f4abdb908dd5be2e4a19aacbf68c1122be409,16,d925f7a
deck_core,A4b,"B, n, k2016",results/trialpop/tp_coverage_individual.csv,"metric=='observed-to-true, AUCinf rule B (lambda-z estimable)' & pk_model=='k2016' :: n",19708,"19,708",beb14fd4f7176e6f2ef9052b677f4abdb908dd5be2e4a19aacbf68c1122be409,16,d925f7a
deck_core,A4b,"A, n, k2016",results/trialpop/tp_coverage_individual.csv,"metric=='observed-to-true, AUCinf rule A (meeting set (i))' & pk_model=='k2016' :: n",17313,"17,313",beb14fd4f7176e6f2ef9052b677f4abdb908dd5be2e4a19aacbf68c1122be409,16,d925f7a
deck_core,A4b,"win, median, k2016",results/trialpop/tp_coverage_individual.csv,metric=='window coverage (true AUC0-tlast / true AUC0-inf)' & pk_model=='k2016' :: median,0.993479499465381,0.993,beb14fd4f7176e6f2ef9052b677f4abdb908dd5be2e4a19aacbf68c1122be409,16,d925f7a
deck_core,A4b,"last, median, k2016",results/trialpop/tp_coverage_individual.csv,"metric=='observed-to-true, AUClast (all subjects)' & pk_model=='k2016' :: median",0.962354094993978,0.962,beb14fd4f7176e6f2ef9052b677f4abdb908dd5be2e4a19aacbf68c1122be409,16,d925f7a
deck_core,A4b,"B, median, k2016",results/trialpop/tp_coverage_individual.csv,"metric=='observed-to-true, AUCinf rule B (lambda-z estimable)' & pk_model=='k2016' :: median",1.00264271686304,1.003,beb14fd4f7176e6f2ef9052b677f4abdb908dd5be2e4a19aacbf68c1122be409,16,d925f7a
deck_core,A4b,"A, median, k2016",results/trialpop/tp_coverage_individual.csv,"metric=='observed-to-true, AUCinf rule A (meeting set (i))' & pk_model=='k2016' :: median",1.00497588075914,1.005,beb14fd4f7176e6f2ef9052b677f4abdb908dd5be2e4a19aacbf68c1122be409,16,d925f7a
deck_core,A4b,"win, p05 to p95, k2016",results/trialpop/tp_coverage_individual.csv,"over 1 rows [metric=='window coverage (true AUC0-tlast / true AUC0-inf)' & pk_model=='k2016'] :: min(p05), max(p95)",0.963673434596318; 0.999845954620805,0.964~1.000,beb14fd4f7176e6f2ef9052b677f4abdb908dd5be2e4a19aacbf68c1122be409,16,d925f7a
deck_core,A4b,"last, p05 to p95, k2016",results/trialpop/tp_coverage_individual.csv,"over 1 rows [metric=='observed-to-true, AUClast (all subjects)' & pk_model=='k2016'] :: min(p05), max(p95)",0.810760834294686; 1.111471460126140,0.811~1.111,beb14fd4f7176e6f2ef9052b677f4abdb908dd5be2e4a19aacbf68c1122be409,16,d925f7a
deck_core,A4b,"B, p05 to p95, k2016",results/trialpop/tp_coverage_individual.csv,"over 1 rows [metric=='observed-to-true, AUCinf rule B (lambda-z estimable)' & pk_model=='k2016'] :: min(p05), max(p95)",0.846599933461707; 1.164865631083890,0.847~1.165,beb14fd4f7176e6f2ef9052b677f4abdb908dd5be2e4a19aacbf68c1122be409,16,d925f7a
deck_core,A4b,"A, p05 to p95, k2016",results/trialpop/tp_coverage_individual.csv,"over 1 rows [metric=='observed-to-true, AUCinf rule A (meeting set (i))' & pk_model=='k2016'] :: min(p05), max(p95)",0.851608087678482; 1.160218491373060,0.852~1.160,beb14fd4f7176e6f2ef9052b677f4abdb908dd5be2e4a19aacbf68c1122be409,16,d925f7a
deck_core,A4b,"win, max, k2016",results/trialpop/tp_coverage_individual.csv,metric=='window coverage (true AUC0-tlast / true AUC0-inf)' & pk_model=='k2016' :: max,0.999993925421939,1.00,beb14fd4f7176e6f2ef9052b677f4abdb908dd5be2e4a19aacbf68c1122be409,16,d925f7a
deck_core,A4b,"last, max, k2016",results/trialpop/tp_coverage_individual.csv,"metric=='observed-to-true, AUClast (all subjects)' & pk_model=='k2016' :: max",1.31624325543441,1.32,beb14fd4f7176e6f2ef9052b677f4abdb908dd5be2e4a19aacbf68c1122be409,16,d925f7a
deck_core,A4b,"B, max, k2016",results/trialpop/tp_coverage_individual.csv,"metric=='observed-to-true, AUCinf rule B (lambda-z estimable)' & pk_model=='k2016' :: max",5.28060652812461,5.28,beb14fd4f7176e6f2ef9052b677f4abdb908dd5be2e4a19aacbf68c1122be409,16,d925f7a
deck_core,A4b,"A, max, k2016",results/trialpop/tp_coverage_individual.csv,"metric=='observed-to-true, AUCinf rule A (meeting set (i))' & pk_model=='k2016' :: max",1.40055794172566,1.40,beb14fd4f7176e6f2ef9052b677f4abdb908dd5be2e4a19aacbf68c1122be409,16,d925f7a
deck_core,A4b,"win, n, k2020",results/trialpop/tp_coverage_individual.csv,metric=='window coverage (true AUC0-tlast / true AUC0-inf)' & pk_model=='k2020' :: n,20000,"20,000",beb14fd4f7176e6f2ef9052b677f4abdb908dd5be2e4a19aacbf68c1122be409,16,d925f7a
deck_core,A4b,"last, n, k2020",results/trialpop/tp_coverage_individual.csv,"metric=='observed-to-true, AUClast (all subjects)' & pk_model=='k2020' :: n",20000,"20,000",beb14fd4f7176e6f2ef9052b677f4abdb908dd5be2e4a19aacbf68c1122be409,16,d925f7a
deck_core,A4b,"B, n, k2020",results/trialpop/tp_coverage_individual.csv,"metric=='observed-to-true, AUCinf rule B (lambda-z estimable)' & pk_model=='k2020' :: n",19877,"19,877",beb14fd4f7176e6f2ef9052b677f4abdb908dd5be2e4a19aacbf68c1122be409,16,d925f7a
deck_core,A4b,"A, n, k2020",results/trialpop/tp_coverage_individual.csv,"metric=='observed-to-true, AUCinf rule A (meeting set (i))' & pk_model=='k2020' :: n",18367,"18,367",beb14fd4f7176e6f2ef9052b677f4abdb908dd5be2e4a19aacbf68c1122be409,16,d925f7a
deck_core,A4b,"win, median, k2020",results/trialpop/tp_coverage_individual.csv,metric=='window coverage (true AUC0-tlast / true AUC0-inf)' & pk_model=='k2020' :: median,0.9935964984871,0.994,beb14fd4f7176e6f2ef9052b677f4abdb908dd5be2e4a19aacbf68c1122be409,16,d925f7a
deck_core,A4b,"last, median, k2020",results/trialpop/tp_coverage_individual.csv,"metric=='observed-to-true, AUClast (all subjects)' & pk_model=='k2020' :: median",0.967337174949093,0.967,beb14fd4f7176e6f2ef9052b677f4abdb908dd5be2e4a19aacbf68c1122be409,16,d925f7a
deck_core,A4b,"B, median, k2020",results/trialpop/tp_coverage_individual.csv,"metric=='observed-to-true, AUCinf rule B (lambda-z estimable)' & pk_model=='k2020' :: median",1.00747853586263,1.007,beb14fd4f7176e6f2ef9052b677f4abdb908dd5be2e4a19aacbf68c1122be409,16,d925f7a
deck_core,A4b,"A, median, k2020",results/trialpop/tp_coverage_individual.csv,"metric=='observed-to-true, AUCinf rule A (meeting set (i))' & pk_model=='k2020' :: median",1.0087454261174,1.009,beb14fd4f7176e6f2ef9052b677f4abdb908dd5be2e4a19aacbf68c1122be409,16,d925f7a
deck_core,A4b,"win, p05 to p95, k2020",results/trialpop/tp_coverage_individual.csv,"over 1 rows [metric=='window coverage (true AUC0-tlast / true AUC0-inf)' & pk_model=='k2020'] :: min(p05), max(p95)",0.964604403843398; 0.999882437862002,0.965~1.000,beb14fd4f7176e6f2ef9052b677f4abdb908dd5be2e4a19aacbf68c1122be409,16,d925f7a
deck_core,A4b,"last, p05 to p95, k2020",results/trialpop/tp_coverage_individual.csv,"over 1 rows [metric=='observed-to-true, AUClast (all subjects)' & pk_model=='k2020'] :: min(p05), max(p95)",0.873229739119419; 1.057789738095370,0.873~1.058,beb14fd4f7176e6f2ef9052b677f4abdb908dd5be2e4a19aacbf68c1122be409,16,d925f7a
deck_core,A4b,"B, p05 to p95, k2020",results/trialpop/tp_coverage_individual.csv,"over 1 rows [metric=='observed-to-true, AUCinf rule B (lambda-z estimable)' & pk_model=='k2020'] :: min(p05), max(p95)",0.90881578696570; 1.11719592748144,0.909~1.117,beb14fd4f7176e6f2ef9052b677f4abdb908dd5be2e4a19aacbf68c1122be409,16,d925f7a
deck_core,A4b,"A, p05 to p95, k2020",results/trialpop/tp_coverage_individual.csv,"over 1 rows [metric=='observed-to-true, AUCinf rule A (meeting set (i))' & pk_model=='k2020'] :: min(p05), max(p95)",0.911559161485368; 1.112723015520630,0.912~1.113,beb14fd4f7176e6f2ef9052b677f4abdb908dd5be2e4a19aacbf68c1122be409,16,d925f7a
deck_core,A4b,"win, max, k2020",results/trialpop/tp_coverage_individual.csv,metric=='window coverage (true AUC0-tlast / true AUC0-inf)' & pk_model=='k2020' :: max,0.99999977854368,1.00,beb14fd4f7176e6f2ef9052b677f4abdb908dd5be2e4a19aacbf68c1122be409,16,d925f7a
deck_core,A4b,"last, max, k2020",results/trialpop/tp_coverage_individual.csv,"metric=='observed-to-true, AUClast (all subjects)' & pk_model=='k2020' :: max",1.18549006715124,1.19,beb14fd4f7176e6f2ef9052b677f4abdb908dd5be2e4a19aacbf68c1122be409,16,d925f7a
deck_core,A4b,"B, max, k2020",results/trialpop/tp_coverage_individual.csv,"metric=='observed-to-true, AUCinf rule B (lambda-z estimable)' & pk_model=='k2020' :: max",1.8655316816009,1.87,beb14fd4f7176e6f2ef9052b677f4abdb908dd5be2e4a19aacbf68c1122be409,16,d925f7a
deck_core,A4b,"A, max, k2020",results/trialpop/tp_coverage_individual.csv,"metric=='observed-to-true, AUCinf rule A (meeting set (i))' & pk_model=='k2020' :: max",1.28796663053548,1.29,beb14fd4f7176e6f2ef9052b677f4abdb908dd5be2e4a19aacbf68c1122be409,16,d925f7a
deck_core,A4b,figure a4b_obs_true_hist,results/deck_inputs/coverage_hist.csv,whole object,NA,(figure),ce39a00391cff436f907f950472c7780d45e127f25ab5bb3b0f82026f8dd9974,16,d925f7a
deck_core,A4b,figure a4b_obs_true_hist,results/trialpop/tp_coverage_individual.csv,whole object,NA,(figure),beb14fd4f7176e6f2ef9052b677f4abdb908dd5be2e4a19aacbf68c1122be409,16,d925f7a
deck_core,A4b,body weight inclusion range (kg),config/trial_design.yaml,weight.inclusion_kg,60; 90,60~90,553eceab74155a3497fef1ab587f3b8d2be1319704e17ae1f0e177601726e84f,16,d925f7a
deck_core,A4b,dose (mg),config/trial_design.yaml,dose_mg,300,300,553eceab74155a3497fef1ab587f3b8d2be1319704e17ae1f0e177601726e84f,16,d925f7a
deck_core,A4b,subjects per model (notes),results/trialpop/tp_coverage_individual.csv,metric=='window coverage (true AUC0-tlast / true AUC0-inf)' & pk_model=='k2016' :: n,20000,"20,000",beb14fd4f7176e6f2ef9052b677f4abdb908dd5be2e4a19aacbf68c1122be409,16,d925f7a
deck_core,A4b,"observed-to-true, AUCinf rule B (lambda-z estimable), median, k2016",results/trialpop/tp_coverage_individual.csv,"metric=='observed-to-true, AUCinf rule B (lambda-z estimable)' & pk_model=='k2016' :: median",1.00264271686304,1.003,beb14fd4f7176e6f2ef9052b677f4abdb908dd5be2e4a19aacbf68c1122be409,16,d925f7a
deck_core,A4b,"observed-to-true, AUCinf rule B (lambda-z estimable), median, k2020",results/trialpop/tp_coverage_individual.csv,"metric=='observed-to-true, AUCinf rule B (lambda-z estimable)' & pk_model=='k2020' :: median",1.00747853586263,1.007,beb14fd4f7176e6f2ef9052b677f4abdb908dd5be2e4a19aacbf68c1122be409,16,d925f7a
deck_core,A4b,"observed-to-true, AUClast (all subjects), sd of log, k2016",results/trialpop/tp_coverage_individual.csv,"metric=='observed-to-true, AUClast (all subjects)' & pk_model=='k2016' :: sd_log",0.0959327394376631,0.096,beb14fd4f7176e6f2ef9052b677f4abdb908dd5be2e4a19aacbf68c1122be409,16,d925f7a
deck_core,A4b,"observed-to-true, AUCinf rule B (lambda-z estimable), sd of log, k2016",results/trialpop/tp_coverage_individual.csv,"metric=='observed-to-true, AUCinf rule B (lambda-z estimable)' & pk_model=='k2016' :: sd_log",0.100595530984979,0.101,beb14fd4f7176e6f2ef9052b677f4abdb908dd5be2e4a19aacbf68c1122be409,16,d925f7a
deck_core,A4b,"observed-to-true, AUCinf rule A (meeting set (i)), sd of log, k2016",results/trialpop/tp_coverage_individual.csv,"metric=='observed-to-true, AUCinf rule A (meeting set (i))' & pk_model=='k2016' :: sd_log",0.0938259669825649,0.094,beb14fd4f7176e6f2ef9052b677f4abdb908dd5be2e4a19aacbf68c1122be409,16,d925f7a
deck_core,A4b,"observed-to-true, AUClast (all subjects), sd of log, k2020",results/trialpop/tp_coverage_individual.csv,"metric=='observed-to-true, AUClast (all subjects)' & pk_model=='k2020' :: sd_log",0.0582799077581742,0.058,beb14fd4f7176e6f2ef9052b677f4abdb908dd5be2e4a19aacbf68c1122be409,16,d925f7a
deck_core,A4b,"observed-to-true, AUCinf rule B (lambda-z estimable), sd of log, k2020",results/trialpop/tp_coverage_individual.csv,"metric=='observed-to-true, AUCinf rule B (lambda-z estimable)' & pk_model=='k2020' :: sd_log",0.0634223882496898,0.063,beb14fd4f7176e6f2ef9052b677f4abdb908dd5be2e4a19aacbf68c1122be409,16,d925f7a
deck_core,A4b,"observed-to-true, AUCinf rule A (meeting set (i)), sd of log, k2020",results/trialpop/tp_coverage_individual.csv,"metric=='observed-to-true, AUCinf rule A (meeting set (i))' & pk_model=='k2020' :: sd_log",0.0605705651913728,0.061,beb14fd4f7176e6f2ef9052b677f4abdb908dd5be2e4a19aacbf68c1122be409,16,d925f7a
deck_core,A4b,"win, min, k2016",results/trialpop/tp_coverage_individual.csv,metric=='window coverage (true AUC0-tlast / true AUC0-inf)' & pk_model=='k2016' :: min,0.847764361879052,0.848,beb14fd4f7176e6f2ef9052b677f4abdb908dd5be2e4a19aacbf68c1122be409,16,d925f7a
deck_core,A4b,"win, min, k2020",results/trialpop/tp_coverage_individual.csv,metric=='window coverage (true AUC0-tlast / true AUC0-inf)' & pk_model=='k2020' :: min,0.843159734852213,0.843,beb14fd4f7176e6f2ef9052b677f4abdb908dd5be2e4a19aacbf68c1122be409,16,d925f7a
deck_core,A4b,"last, min, k2016",results/trialpop/tp_coverage_individual.csv,"metric=='observed-to-true, AUClast (all subjects)' & pk_model=='k2016' :: min",0.597621041503927,0.598,beb14fd4f7176e6f2ef9052b677f4abdb908dd5be2e4a19aacbf68c1122be409,16,d925f7a
deck_core,A4b,"last, min, k2020",results/trialpop/tp_coverage_individual.csv,"metric=='observed-to-true, AUClast (all subjects)' & pk_model=='k2020' :: min",0.741565754213867,0.742,beb14fd4f7176e6f2ef9052b677f4abdb908dd5be2e4a19aacbf68c1122be409,16,d925f7a
deck_core,A4b,"B, min, k2016",results/trialpop/tp_coverage_individual.csv,"metric=='observed-to-true, AUCinf rule B (lambda-z estimable)' & pk_model=='k2016' :: min",0.622290895939373,0.622,beb14fd4f7176e6f2ef9052b677f4abdb908dd5be2e4a19aacbf68c1122be409,16,d925f7a
deck_core,A4b,"B, min, k2020",results/trialpop/tp_coverage_individual.csv,"metric=='observed-to-true, AUCinf rule B (lambda-z estimable)' & pk_model=='k2020' :: min",0.779300833894129,0.779,beb14fd4f7176e6f2ef9052b677f4abdb908dd5be2e4a19aacbf68c1122be409,16,d925f7a
deck_core,A4b,"A, min, k2016",results/trialpop/tp_coverage_individual.csv,"metric=='observed-to-true, AUCinf rule A (meeting set (i))' & pk_model=='k2016' :: min",0.622290895939373,0.622,beb14fd4f7176e6f2ef9052b677f4abdb908dd5be2e4a19aacbf68c1122be409,16,d925f7a
deck_core,A4b,"A, min, k2020",results/trialpop/tp_coverage_individual.csv,"metric=='observed-to-true, AUCinf rule A (meeting set (i))' & pk_model=='k2020' :: min",0.801545902771262,0.802,beb14fd4f7176e6f2ef9052b677f4abdb908dd5be2e4a19aacbf68c1122be409,16,d925f7a
deck_core,A4b,"extrapolation factor AUCinf/AUClast, max, k2016",results/trialpop/tp_coverage_individual.csv,metric=='extrapolation factor AUCinf / AUClast (lambda-z estimable)' & pk_model=='k2016' :: max,7.19232205155715,7.19,beb14fd4f7176e6f2ef9052b677f4abdb908dd5be2e4a19aacbf68c1122be409,16,d925f7a
deck_core,A4b,"extrapolation factor AUCinf/AUClast, max, k2020",results/trialpop/tp_coverage_individual.csv,metric=='extrapolation factor AUCinf / AUClast (lambda-z estimable)' & pk_model=='k2020' :: max,2.31467536109289,2.31,beb14fd4f7176e6f2ef9052b677f4abdb908dd5be2e4a19aacbf68c1122be409,16,d925f7a
deck_core,A4b,lower edge of the open histogram bin,results/deck_inputs/coverage_hist.csv,max(bin_lo) of metric aucinf_B,1.5,1.5,ce39a00391cff436f907f950472c7780d45e127f25ab5bb3b0f82026f8dd9974,16,d925f7a
deck_core,A4b,"subjects in the open bin, rule B, k2016",results/deck_inputs/coverage_hist.csv,pk_model=='k2016' & metric=='aucinf_B' & bin_lo >= 1.5 :: n,20,20,ce39a00391cff436f907f950472c7780d45e127f25ab5bb3b0f82026f8dd9974,16,d925f7a
deck_core,A4b,"subjects in the open bin, rule B, k2020",results/deck_inputs/coverage_hist.csv,pk_model=='k2020' & metric=='aucinf_B' & bin_lo >= 1.5 :: n,1,1,ce39a00391cff436f907f950472c7780d45e127f25ab5bb3b0f82026f8dd9974,16,d925f7a
deck_core,A4b,criteria set (i) adj_r2_min,config/prereg_20260926.yaml,section4.criteria_sets.i.adj_r2_min,0.8,0.80,dc2c9f1bd4d62e13ad9f5f551dcf97eb7ee1359ba13aaa3af8efc063dfc6303e,16,d925f7a
deck_core,A4b,criteria set (i) extrap_max_pct,config/prereg_20260926.yaml,section4.criteria_sets.i.extrap_max_pct,20,20,dc2c9f1bd4d62e13ad9f5f551dcf97eb7ee1359ba13aaa3af8efc063dfc6303e,16,d925f7a
deck_core,A4b,criteria set (iii) adj_r2_min,config/prereg_20260926.yaml,section4.criteria_sets.iii.adj_r2_min,0.9,0.90,dc2c9f1bd4d62e13ad9f5f551dcf97eb7ee1359ba13aaa3af8efc063dfc6303e,16,d925f7a
deck_core,A4b,"share without a reliable AUCinf, set (iii), two models",results/trialpop/tp_failure_by_set.csv,range over 2 rows [set=='iii'] :: fail_pct,33.215; 38.760,33.2~38.8%,245552b2db5039299ce2f100ed592fc537ebac8bb1693371509535992aa6ca09,16,d925f7a
deck_core,A5a,"boundary cells, M1 P2",results/oc_models/type1_models.csv,count of rows [analysis_model=='M1' & config=='P2'],16,16,d6e5c650fb4d6d241a554f896de38205ac2c890bfa442f4f9cb2749c70b5f261,17,d925f7a
deck_core,A5a,nominal type I error per one-sided test (%) = (1 - be.ci_level) / 2,config/trial_design.yaml,be.ci_level :: (1 - x) / 2 x 100,5,5%,553eceab74155a3497fef1ab587f3b8d2be1319704e17ae1f0e177601726e84f,17,d925f7a
deck_core,A5a,"AUCinf (set iii) + Cmax cells classified exceeding (Wilson lower bound above 5%), M1",results/criteria/criteria_g2_type1.csv,count of rows [analysis_model=='M1' & config=='G2_A_iii' & class=='exceeding'],9,9,b450c534a36e2e03b49bad2427de6317153e3b71210dce8caab616e43ef64981,17,d925f7a
deck_core,A5a,"AUClast + Cmax cells classified exceeding (Wilson lower bound above 5%), M1 (title)",results/oc_models/type1_models.csv,count of rows [analysis_model=='M1' & config=='P2' & class=='exceeding'],1,1,d6e5c650fb4d6d241a554f896de38205ac2c890bfa442f4f9cb2749c70b5f261,17,d925f7a
deck_core,A5a,"AUClast + Cmax cells classified conservative (Wilson upper bound below 5%), M1",results/oc_models/type1_models.csv,count of rows [analysis_model=='M1' & config=='P2' & class=='conservative'],15,15,d6e5c650fb4d6d241a554f896de38205ac2c890bfa442f4f9cb2749c70b5f261,17,d925f7a
deck_core,A5a,trials per boundary scenario (pre-specified),config/oc_design.yaml,trials.reps_boundary,10000,"10,000",629011b264fbc4c3f03f8a3989bac1f2711d49959f3268f5e8f758c80f93ea0a,17,d925f7a
deck_core,A5a,PK models in the boundary table,results/oc_models/type1_models.csv,analysis_model=='M1' & config=='P2' :: uniqueN(pk_model),2,2,d6e5c650fb4d6d241a554f896de38205ac2c890bfa442f4f9cb2749c70b5f261,17,d925f7a
deck_core,A5a,boundary conditions per PK model,results/oc_models/type1_models.csv,analysis_model=='M1' & config=='P2' :: uniqueN(scenario),8,8,d6e5c650fb4d6d241a554f896de38205ac2c890bfa442f4f9cb2749c70b5f261,17,d925f7a
deck_core,A5a,"reference: judged on the true AUCinf alone, range over the boundary cells, M1",results/oc_models/type1_models.csv,range over 16 rows [analysis_model=='M1' & config=='AUCinf_true_only'] :: pass_pct,4.53; 5.83,4.53~5.83%,d6e5c650fb4d6d241a554f896de38205ac2c890bfa442f4f9cb2749c70b5f261,17,d925f7a
deck_core,A5a,"trials in the extended cell (2020 model, V2 up)",results/oc_models/type1_models.csv,analysis_model=='M1' & config=='P2' & pk_model=='k2020' & scenario=='V2_up_080' :: n_trials,20000,"20,000",d6e5c650fb4d6d241a554f896de38205ac2c890bfa442f4f9cb2749c70b5f261,17,d925f7a
deck_core,A5a,"AUClast + Cmax in the ka-down cells, M1",results/oc_models/type1_models.csv,"max over 2 rows [analysis_model=='M1' & config=='P2' & grepl('^ka_', scenario)] :: pass_pct",0,0%,d6e5c650fb4d6d241a554f896de38205ac2c890bfa442f4f9cb2749c70b5f261,17,d925f7a
deck_core,A5a,"AUCinf (set iii) + Cmax cells above 5% (point), M1 (S9 count)",results/criteria/criteria_g2_type1.csv,count of rows [analysis_model=='M1' & config=='G2_A_iii' & pass_pct > 5],10,10,b450c534a36e2e03b49bad2427de6317153e3b71210dce8caab616e43ef64981,17,d925f7a
deck_core,A5a,"AUCinf (set iii) + Cmax, 2016 linear elimination up cell, M1",results/criteria/criteria_g2_type1.csv,analysis_model=='M1' & config=='G2_A_iii' & pk_model=='k2016' & scenario=='ke_up_080' :: pass_pct,5.3,5.30%,b450c534a36e2e03b49bad2427de6317153e3b71210dce8caab616e43ef64981,17,d925f7a
deck_core,A5a,target true AUCinf ratio of the boundary cell,results/oc_models/type1_models.csv,analysis_model=='M1' & config=='P2' & pk_model=='k2016' & scenario=='F_down_080' :: target,0.8,0.80,d6e5c650fb4d6d241a554f896de38205ac2c890bfa442f4f9cb2749c70b5f261,17,d925f7a
deck_core,A5a,target true AUCinf ratio of the boundary cell,results/oc_models/type1_models.csv,analysis_model=='M1' & config=='P2' & pk_model=='k2016' & scenario=='F_up_125' :: target,1.25,1.25,d6e5c650fb4d6d241a554f896de38205ac2c890bfa442f4f9cb2749c70b5f261,17,d925f7a
deck_core,A5a,target true AUCinf ratio of the boundary cell,results/oc_models/type1_models.csv,analysis_model=='M1' & config=='P2' & pk_model=='k2016' & scenario=='ke_up_080' :: target,0.8,0.80,d6e5c650fb4d6d241a554f896de38205ac2c890bfa442f4f9cb2749c70b5f261,17,d925f7a
deck_core,A5a,target true AUCinf ratio of the boundary cell,results/oc_models/type1_models.csv,analysis_model=='M1' & config=='P2' & pk_model=='k2016' & scenario=='ke_down_125' :: target,1.25,1.25,d6e5c650fb4d6d241a554f896de38205ac2c890bfa442f4f9cb2749c70b5f261,17,d925f7a
deck_core,A5a,target true AUCinf ratio of the boundary cell,results/oc_models/type1_models.csv,analysis_model=='M1' & config=='P2' & pk_model=='k2016' & scenario=='Vmax_up_080' :: target,0.8,0.80,d6e5c650fb4d6d241a554f896de38205ac2c890bfa442f4f9cb2749c70b5f261,17,d925f7a
deck_core,A5a,target true AUCinf ratio of the boundary cell,results/oc_models/type1_models.csv,analysis_model=='M1' & config=='P2' & pk_model=='k2016' & scenario=='Vmax_down_125' :: target,1.25,1.25,d6e5c650fb4d6d241a554f896de38205ac2c890bfa442f4f9cb2749c70b5f261,17,d925f7a
deck_core,A5a,target true AUCinf ratio of the boundary cell,results/oc_models/type1_models.csv,analysis_model=='M1' & config=='P2' & pk_model=='k2016' & scenario=='V2_up_080' :: target,0.8,0.80,d6e5c650fb4d6d241a554f896de38205ac2c890bfa442f4f9cb2749c70b5f261,17,d925f7a
deck_core,A5a,target true AUCinf ratio of the boundary cell,results/oc_models/type1_models.csv,analysis_model=='M1' & config=='P2' & pk_model=='k2016' & scenario=='ka_down_080' :: target,0.8,0.80,d6e5c650fb4d6d241a554f896de38205ac2c890bfa442f4f9cb2749c70b5f261,17,d925f7a
deck_core,A5a,"boundary type I error, AUClast + Cmax, k2016, M1",results/oc_models/type1_models.csv,analysis_model=='M1' & config=='P2' & pk_model=='k2016' & scenario=='F_down_080' :: pass_pct,4.03,4.03%,d6e5c650fb4d6d241a554f896de38205ac2c890bfa442f4f9cb2749c70b5f261,17,d925f7a
deck_core,A5a,"boundary type I error, AUClast + Cmax, k2016, M1",results/oc_models/type1_models.csv,analysis_model=='M1' & config=='P2' & pk_model=='k2016' & scenario=='F_up_125' :: pass_pct,3.6,3.60%,d6e5c650fb4d6d241a554f896de38205ac2c890bfa442f4f9cb2749c70b5f261,17,d925f7a
deck_core,A5a,"boundary type I error, AUClast + Cmax, k2016, M1",results/oc_models/type1_models.csv,analysis_model=='M1' & config=='P2' & pk_model=='k2016' & scenario=='ke_up_080' :: pass_pct,4.06,4.06%,d6e5c650fb4d6d241a554f896de38205ac2c890bfa442f4f9cb2749c70b5f261,17,d925f7a
deck_core,A5a,"boundary type I error, AUClast + Cmax, k2016, M1",results/oc_models/type1_models.csv,analysis_model=='M1' & config=='P2' & pk_model=='k2016' & scenario=='ke_down_125' :: pass_pct,3.79,3.79%,d6e5c650fb4d6d241a554f896de38205ac2c890bfa442f4f9cb2749c70b5f261,17,d925f7a
deck_core,A5a,"boundary type I error, AUClast + Cmax, k2016, M1",results/oc_models/type1_models.csv,analysis_model=='M1' & config=='P2' & pk_model=='k2016' & scenario=='Vmax_up_080' :: pass_pct,2.54,2.54%,d6e5c650fb4d6d241a554f896de38205ac2c890bfa442f4f9cb2749c70b5f261,17,d925f7a
deck_core,A5a,"boundary type I error, AUClast + Cmax, k2016, M1",results/oc_models/type1_models.csv,analysis_model=='M1' & config=='P2' & pk_model=='k2016' & scenario=='Vmax_down_125' :: pass_pct,2.93,2.93%,d6e5c650fb4d6d241a554f896de38205ac2c890bfa442f4f9cb2749c70b5f261,17,d925f7a
deck_core,A5a,"boundary type I error, AUClast + Cmax, k2016, M1",results/oc_models/type1_models.csv,analysis_model=='M1' & config=='P2' & pk_model=='k2016' & scenario=='V2_up_080' :: pass_pct,4.33,4.33%,d6e5c650fb4d6d241a554f896de38205ac2c890bfa442f4f9cb2749c70b5f261,17,d925f7a
deck_core,A5a,"boundary type I error, AUClast + Cmax, k2016, M1",results/oc_models/type1_models.csv,analysis_model=='M1' & config=='P2' & pk_model=='k2016' & scenario=='ka_down_080' :: pass_pct,0,0.00%,d6e5c650fb4d6d241a554f896de38205ac2c890bfa442f4f9cb2749c70b5f261,17,d925f7a
deck_core,A5a,"boundary type I error, AUCinf (set iii) + Cmax, k2016, M1",results/criteria/criteria_g2_type1.csv,analysis_model=='M1' & config=='G2_A_iii' & pk_model=='k2016' & scenario=='F_down_080' :: pass_pct,6.59,6.59%,b450c534a36e2e03b49bad2427de6317153e3b71210dce8caab616e43ef64981,17,d925f7a
deck_core,A5a,"boundary type I error, AUCinf (set iii) + Cmax, k2016, M1",results/criteria/criteria_g2_type1.csv,analysis_model=='M1' & config=='G2_A_iii' & pk_model=='k2016' & scenario=='F_up_125' :: pass_pct,5.76,5.76%,b450c534a36e2e03b49bad2427de6317153e3b71210dce8caab616e43ef64981,17,d925f7a
deck_core,A5a,"boundary type I error, AUCinf (set iii) + Cmax, k2016, M1",results/criteria/criteria_g2_type1.csv,analysis_model=='M1' & config=='G2_A_iii' & pk_model=='k2016' & scenario=='ke_up_080' :: pass_pct,5.3,5.30%,b450c534a36e2e03b49bad2427de6317153e3b71210dce8caab616e43ef64981,17,d925f7a
deck_core,A5a,"boundary type I error, AUCinf (set iii) + Cmax, k2016, M1",results/criteria/criteria_g2_type1.csv,analysis_model=='M1' & config=='G2_A_iii' & pk_model=='k2016' & scenario=='ke_down_125' :: pass_pct,4.89,4.89%,b450c534a36e2e03b49bad2427de6317153e3b71210dce8caab616e43ef64981,17,d925f7a
deck_core,A5a,"boundary type I error, AUCinf (set iii) + Cmax, k2016, M1",results/criteria/criteria_g2_type1.csv,analysis_model=='M1' & config=='G2_A_iii' & pk_model=='k2016' & scenario=='Vmax_up_080' :: pass_pct,17.47,17.47%,b450c534a36e2e03b49bad2427de6317153e3b71210dce8caab616e43ef64981,17,d925f7a
deck_core,A5a,"boundary type I error, AUCinf (set iii) + Cmax, k2016, M1",results/criteria/criteria_g2_type1.csv,analysis_model=='M1' & config=='G2_A_iii' & pk_model=='k2016' & scenario=='Vmax_down_125' :: pass_pct,12,12.00%,b450c534a36e2e03b49bad2427de6317153e3b71210dce8caab616e43ef64981,17,d925f7a
deck_core,A5a,"boundary type I error, AUCinf (set iii) + Cmax, k2016, M1",results/criteria/criteria_g2_type1.csv,analysis_model=='M1' & config=='G2_A_iii' & pk_model=='k2016' & scenario=='V2_up_080' :: pass_pct,6.22,6.22%,b450c534a36e2e03b49bad2427de6317153e3b71210dce8caab616e43ef64981,17,d925f7a
deck_core,A5a,"boundary type I error, AUCinf (set iii) + Cmax, k2016, M1",results/criteria/criteria_g2_type1.csv,analysis_model=='M1' & config=='G2_A_iii' & pk_model=='k2016' & scenario=='ka_down_080' :: pass_pct,0,0.00%,b450c534a36e2e03b49bad2427de6317153e3b71210dce8caab616e43ef64981,17,d925f7a
deck_core,A5a,target true AUCinf ratio of the boundary cell,results/oc_models/type1_models.csv,analysis_model=='M1' & config=='P2' & pk_model=='k2020' & scenario=='F_down_080' :: target,0.8,0.80,d6e5c650fb4d6d241a554f896de38205ac2c890bfa442f4f9cb2749c70b5f261,17,d925f7a
deck_core,A5a,target true AUCinf ratio of the boundary cell,results/oc_models/type1_models.csv,analysis_model=='M1' & config=='P2' & pk_model=='k2020' & scenario=='F_up_125' :: target,1.25,1.25,d6e5c650fb4d6d241a554f896de38205ac2c890bfa442f4f9cb2749c70b5f261,17,d925f7a
deck_core,A5a,target true AUCinf ratio of the boundary cell,results/oc_models/type1_models.csv,analysis_model=='M1' & config=='P2' & pk_model=='k2020' & scenario=='ke_up_080' :: target,0.8,0.80,d6e5c650fb4d6d241a554f896de38205ac2c890bfa442f4f9cb2749c70b5f261,17,d925f7a
deck_core,A5a,target true AUCinf ratio of the boundary cell,results/oc_models/type1_models.csv,analysis_model=='M1' & config=='P2' & pk_model=='k2020' & scenario=='ke_down_125' :: target,1.25,1.25,d6e5c650fb4d6d241a554f896de38205ac2c890bfa442f4f9cb2749c70b5f261,17,d925f7a
deck_core,A5a,target true AUCinf ratio of the boundary cell,results/oc_models/type1_models.csv,analysis_model=='M1' & config=='P2' & pk_model=='k2020' & scenario=='Vmax_up_080' :: target,0.8,0.80,d6e5c650fb4d6d241a554f896de38205ac2c890bfa442f4f9cb2749c70b5f261,17,d925f7a
deck_core,A5a,target true AUCinf ratio of the boundary cell,results/oc_models/type1_models.csv,analysis_model=='M1' & config=='P2' & pk_model=='k2020' & scenario=='Vmax_down_125' :: target,1.25,1.25,d6e5c650fb4d6d241a554f896de38205ac2c890bfa442f4f9cb2749c70b5f261,17,d925f7a
deck_core,A5a,target true AUCinf ratio of the boundary cell,results/oc_models/type1_models.csv,analysis_model=='M1' & config=='P2' & pk_model=='k2020' & scenario=='V2_up_080' :: target,0.8,0.80,d6e5c650fb4d6d241a554f896de38205ac2c890bfa442f4f9cb2749c70b5f261,17,d925f7a
deck_core,A5a,target true AUCinf ratio of the boundary cell,results/oc_models/type1_models.csv,analysis_model=='M1' & config=='P2' & pk_model=='k2020' & scenario=='ka_down_080' :: target,0.8,0.80,d6e5c650fb4d6d241a554f896de38205ac2c890bfa442f4f9cb2749c70b5f261,17,d925f7a
deck_core,A5a,"boundary type I error, AUClast + Cmax, k2020, M1",results/oc_models/type1_models.csv,analysis_model=='M1' & config=='P2' & pk_model=='k2020' & scenario=='F_down_080' :: pass_pct,4.1,4.10%,d6e5c650fb4d6d241a554f896de38205ac2c890bfa442f4f9cb2749c70b5f261,17,d925f7a
deck_core,A5a,"boundary type I error, AUClast + Cmax, k2020, M1",results/oc_models/type1_models.csv,analysis_model=='M1' & config=='P2' & pk_model=='k2020' & scenario=='F_up_125' :: pass_pct,3.79,3.79%,d6e5c650fb4d6d241a554f896de38205ac2c890bfa442f4f9cb2749c70b5f261,17,d925f7a
deck_core,A5a,"boundary type I error, AUClast + Cmax, k2020, M1",results/oc_models/type1_models.csv,analysis_model=='M1' & config=='P2' & pk_model=='k2020' & scenario=='ke_up_080' :: pass_pct,4.1,4.10%,d6e5c650fb4d6d241a554f896de38205ac2c890bfa442f4f9cb2749c70b5f261,17,d925f7a
deck_core,A5a,"boundary type I error, AUClast + Cmax, k2020, M1",results/oc_models/type1_models.csv,analysis_model=='M1' & config=='P2' & pk_model=='k2020' & scenario=='ke_down_125' :: pass_pct,4.05,4.05%,d6e5c650fb4d6d241a554f896de38205ac2c890bfa442f4f9cb2749c70b5f261,17,d925f7a
deck_core,A5a,"boundary type I error, AUClast + Cmax, k2020, M1",results/oc_models/type1_models.csv,analysis_model=='M1' & config=='P2' & pk_model=='k2020' & scenario=='Vmax_up_080' :: pass_pct,2.96,2.96%,d6e5c650fb4d6d241a554f896de38205ac2c890bfa442f4f9cb2749c70b5f261,17,d925f7a
deck_core,A5a,"boundary type I error, AUClast + Cmax, k2020, M1",results/oc_models/type1_models.csv,analysis_model=='M1' & config=='P2' & pk_model=='k2020' & scenario=='Vmax_down_125' :: pass_pct,3.01,3.01%,d6e5c650fb4d6d241a554f896de38205ac2c890bfa442f4f9cb2749c70b5f261,17,d925f7a
deck_core,A5a,"boundary type I error, AUClast + Cmax, k2020, M1",results/oc_models/type1_models.csv,analysis_model=='M1' & config=='P2' & pk_model=='k2020' & scenario=='V2_up_080' :: pass_pct,5.625,5.63%,d6e5c650fb4d6d241a554f896de38205ac2c890bfa442f4f9cb2749c70b5f261,17,d925f7a
deck_core,A5a,"boundary type I error, AUClast + Cmax, k2020, M1",results/oc_models/type1_models.csv,analysis_model=='M1' & config=='P2' & pk_model=='k2020' & scenario=='ka_down_080' :: pass_pct,0,0.00%,d6e5c650fb4d6d241a554f896de38205ac2c890bfa442f4f9cb2749c70b5f261,17,d925f7a
deck_core,A5a,"boundary type I error, AUCinf (set iii) + Cmax, k2020, M1",results/criteria/criteria_g2_type1.csv,analysis_model=='M1' & config=='G2_A_iii' & pk_model=='k2020' & scenario=='F_down_080' :: pass_pct,6.11,6.11%,b450c534a36e2e03b49bad2427de6317153e3b71210dce8caab616e43ef64981,17,d925f7a
deck_core,A5a,"boundary type I error, AUCinf (set iii) + Cmax, k2020, M1",results/criteria/criteria_g2_type1.csv,analysis_model=='M1' & config=='G2_A_iii' & pk_model=='k2020' & scenario=='F_up_125' :: pass_pct,5.49,5.49%,b450c534a36e2e03b49bad2427de6317153e3b71210dce8caab616e43ef64981,17,d925f7a
deck_core,A5a,"boundary type I error, AUCinf (set iii) + Cmax, k2020, M1",results/criteria/criteria_g2_type1.csv,analysis_model=='M1' & config=='G2_A_iii' & pk_model=='k2020' & scenario=='ke_up_080' :: pass_pct,3.63,3.63%,b450c534a36e2e03b49bad2427de6317153e3b71210dce8caab616e43ef64981,17,d925f7a
deck_core,A5a,"boundary type I error, AUCinf (set iii) + Cmax, k2020, M1",results/criteria/criteria_g2_type1.csv,analysis_model=='M1' & config=='G2_A_iii' & pk_model=='k2020' & scenario=='ke_down_125' :: pass_pct,2.84,2.84%,b450c534a36e2e03b49bad2427de6317153e3b71210dce8caab616e43ef64981,17,d925f7a
deck_core,A5a,"boundary type I error, AUCinf (set iii) + Cmax, k2020, M1",results/criteria/criteria_g2_type1.csv,analysis_model=='M1' & config=='G2_A_iii' & pk_model=='k2020' & scenario=='Vmax_up_080' :: pass_pct,14.08,14.08%,b450c534a36e2e03b49bad2427de6317153e3b71210dce8caab616e43ef64981,17,d925f7a
deck_core,A5a,"boundary type I error, AUCinf (set iii) + Cmax, k2020, M1",results/criteria/criteria_g2_type1.csv,analysis_model=='M1' & config=='G2_A_iii' & pk_model=='k2020' & scenario=='Vmax_down_125' :: pass_pct,7.46,7.46%,b450c534a36e2e03b49bad2427de6317153e3b71210dce8caab616e43ef64981,17,d925f7a
deck_core,A5a,"boundary type I error, AUCinf (set iii) + Cmax, k2020, M1",results/criteria/criteria_g2_type1.csv,analysis_model=='M1' & config=='G2_A_iii' & pk_model=='k2020' & scenario=='V2_up_080' :: pass_pct,2.13,2.13%,b450c534a36e2e03b49bad2427de6317153e3b71210dce8caab616e43ef64981,17,d925f7a
deck_core,A5a,"boundary type I error, AUCinf (set iii) + Cmax, k2020, M1",results/criteria/criteria_g2_type1.csv,analysis_model=='M1' & config=='G2_A_iii' & pk_model=='k2020' & scenario=='ka_down_080' :: pass_pct,0,0.00%,b450c534a36e2e03b49bad2427de6317153e3b71210dce8caab616e43ef64981,17,d925f7a
deck_core,A5a,boundary cell tables,results/oc_models/type1_models.csv,whole object,NA,(table),d6e5c650fb4d6d241a554f896de38205ac2c890bfa442f4f9cb2749c70b5f261,17,d925f7a
deck_core,A5a,boundary cell tables,results/criteria/criteria_g2_type1.csv,whole object,NA,(table),b450c534a36e2e03b49bad2427de6317153e3b71210dce8caab616e43ef64981,17,d925f7a
deck_core,A5a,"AUClast + Cmax cells nominal, M1",results/oc_models/type1_models.csv,count of rows [analysis_model=='M1' & config=='P2' & class=='nominal'],0,0,d6e5c650fb4d6d241a554f896de38205ac2c890bfa442f4f9cb2749c70b5f261,17,d925f7a
deck_core,A5a,"AUCinf (set iii) + Cmax cells conservative, M1",results/criteria/criteria_g2_type1.csv,count of rows [analysis_model=='M1' & config=='G2_A_iii' & class=='conservative'],5,5,b450c534a36e2e03b49bad2427de6317153e3b71210dce8caab616e43ef64981,17,d925f7a
deck_core,A5a,"AUCinf (set iii) + Cmax cells nominal, M1",results/criteria/criteria_g2_type1.csv,count of rows [analysis_model=='M1' & config=='G2_A_iii' & class=='nominal'],2,2,b450c534a36e2e03b49bad2427de6317153e3b71210dce8caab616e43ef64981,17,d925f7a
deck_core,A5a,"AUCinf (set iii) + Cmax cells above 5% (point), M1",results/criteria/criteria_g2_type1.csv,count of rows [analysis_model=='M1' & config=='G2_A_iii' & pass_pct > 5],10,10,b450c534a36e2e03b49bad2427de6317153e3b71210dce8caab616e43ef64981,17,d925f7a
deck_core,A5a,"AUClast + Cmax cells above 5% (point), M1",results/oc_models/type1_models.csv,count of rows [analysis_model=='M1' & config=='P2' & pass_pct > 5],1,1,d6e5c650fb4d6d241a554f896de38205ac2c890bfa442f4f9cb2749c70b5f261,17,d925f7a
deck_core,A5a,"largest cell with interval, AUCinf (set iii) + Cmax, 2016, M1",results/criteria/criteria_g2_type1.csv,"analysis_model=='M1' & config=='G2_A_iii' & pk_model=='k2016' & scenario=='Vmax_up_080' :: pass_pct [lo, hi]",17.4700000000000; 16.7383110171133; 18.2266719168829,17.47% (95% CI 16.74~18.23),b450c534a36e2e03b49bad2427de6317153e3b71210dce8caab616e43ef64981,17,d925f7a
deck_core,A5a,"largest cell with interval, AUCinf (set iii) + Cmax, 2020, M1",results/criteria/criteria_g2_type1.csv,"analysis_model=='M1' & config=='G2_A_iii' & pk_model=='k2020' & scenario=='Vmax_up_080' :: pass_pct [lo, hi]",14.0800000000000; 13.4120794514225; 14.7755069915269,14.08% (95% CI 13.41~14.78),b450c534a36e2e03b49bad2427de6317153e3b71210dce8caab616e43ef64981,17,d925f7a
deck_core,A5a,"AUClast + Cmax, 2020 V2 up cell, M1",results/oc_models/type1_models.csv,"analysis_model=='M1' & config=='P2' & pk_model=='k2020' & scenario=='V2_up_080' :: pass_pct [lo, hi]",5.62500000000000; 5.31412097634036; 5.95292222363892,5.63% (95% CI 5.31~5.95),d6e5c650fb4d6d241a554f896de38205ac2c890bfa442f4f9cb2749c70b5f261,17,d925f7a
deck_core,A5a,"AUCinf (set iii) + Cmax, 2020 V2 up cell, M1",results/criteria/criteria_g2_type1.csv,"analysis_model=='M1' & config=='G2_A_iii' & pk_model=='k2020' & scenario=='V2_up_080' :: pass_pct [lo, hi]",2.13000000000000; 1.93890063307440; 2.33948489893705,2.13% (95% CI 1.94~2.34),b450c534a36e2e03b49bad2427de6317153e3b71210dce8caab616e43ef64981,17,d925f7a
deck_core,A5a,"true Cmax ratio, ka-down cells",results/oc_models/type1_models.csv,"range over 2 rows [analysis_model=='M1' & config=='P2' & grepl('^ka_', scenario)] :: cmax_ratio",0.631952944916229; 0.632507704543837,0.632~0.633,d6e5c650fb4d6d241a554f896de38205ac2c890bfa442f4f9cb2749c70b5f261,17,d925f7a
deck_core,A5a,boundary cells per PK model,results/oc_models/type1_models.csv,count of rows [analysis_model=='M1' & config=='P2' & pk_model=='k2016'],8,8,d6e5c650fb4d6d241a554f896de38205ac2c890bfa442f4f9cb2749c70b5f261,17,d925f7a
deck_core,A5a,criteria set (iii) adj_r2_min,config/prereg_20260926.yaml,section4.criteria_sets.iii.adj_r2_min,0.9,0.90,dc2c9f1bd4d62e13ad9f5f551dcf97eb7ee1359ba13aaa3af8efc063dfc6303e,17,d925f7a
deck_core,A5a,criteria set (iii) extrap_max_pct,config/prereg_20260926.yaml,section4.criteria_sets.iii.extrap_max_pct,20,20,dc2c9f1bd4d62e13ad9f5f551dcf97eb7ee1359ba13aaa3af8efc063dfc6303e,17,d925f7a
deck_core,A5a,trials per boundary scenario (pre-specified),config/oc_design.yaml,trials.reps_boundary,10000,"10,000",629011b264fbc4c3f03f8a3989bac1f2711d49959f3268f5e8f758c80f93ea0a,17,d925f7a
deck_core,A5a,"AUCinf (set iii) + Cmax cells exceeding, M0",results/criteria/criteria_g2_type1.csv,count of rows [analysis_model=='M0' & config=='G2_A_iii' & class=='exceeding'],8,8,b450c534a36e2e03b49bad2427de6317153e3b71210dce8caab616e43ef64981,17,d925f7a
deck_core,A5a,"AUClast + Cmax cells conservative, M0",results/oc_models/type1_models.csv,count of rows [analysis_model=='M0' & config=='P2' & class=='conservative'],15,15,d6e5c650fb4d6d241a554f896de38205ac2c890bfa442f4f9cb2749c70b5f261,17,d925f7a
deck_core,A5b,nominal type I error per one-sided test (%) = (1 - be.ci_level) / 2,config/trial_design.yaml,be.ci_level :: (1 - x) / 2 x 100,5,5%,553eceab74155a3497fef1ab587f3b8d2be1319704e17ae1f0e177601726e84f,18,d925f7a
deck_core,A5b,boundary cells,results/oc_models/type1_models.csv,count of rows [analysis_model=='M1' & config=='P2'],16,16,d6e5c650fb4d6d241a554f896de38205ac2c890bfa442f4f9cb2749c70b5f261,18,d925f7a
deck_core,A5b,"AUCinf (set iii) + Cmax cells above 5% (point), range over M0 and M1",results/criteria/criteria_g2_type1.csv,"analysis_model in (M0, M1) & config=='G2_A_iii' & pass_pct > 5 :: range over models of row counts", 9; 10,9~10,b450c534a36e2e03b49bad2427de6317153e3b71210dce8caab616e43ef64981,18,d925f7a
deck_core,A5b,"AUClast + Cmax cells above 5% (point), each of M0, M1, M2",results/oc_models/type1_models.csv,config=='P2' & pass_pct > 5 :: row count per analysis model (all equal),1; 1; 1,1,d6e5c650fb4d6d241a554f896de38205ac2c890bfa442f4f9cb2749c70b5f261,18,d925f7a
deck_core,A5b,"target true AUCinf ratio, Vmax up cells",results/criteria/criteria_bias.csv,analysis_model=='M1' & pk_model=='k2016' & scenario=='Vmax_up_080' & endpoint=='AUCinf_Aiii' :: target,0.8,0.80,bc5ff89ec184d87a6cf94f6b56fe05cf2769267911df0b6e6b64f6f5c9660481,18,d925f7a
deck_core,A5b,"AUCinf GMR bias toward 1, set (iii) rule A, 2016 Vmax up, M1",results/criteria/criteria_bias.csv,analysis_model=='M1' & pk_model=='k2016' & scenario=='Vmax_up_080' & endpoint=='AUCinf_Aiii' :: bias_pct,4.46857272682535,4.5%,bc5ff89ec184d87a6cf94f6b56fe05cf2769267911df0b6e6b64f6f5c9660481,18,d925f7a
deck_core,A5b,"AUCinf GMR bias toward 1, set (iii) rule A, 2020 Vmax up, M1",results/criteria/criteria_bias.csv,analysis_model=='M1' & pk_model=='k2020' & scenario=='Vmax_up_080' & endpoint=='AUCinf_Aiii' :: bias_pct,3.63923801804498,3.6%,bc5ff89ec184d87a6cf94f6b56fe05cf2769267911df0b6e6b64f6f5c9660481,18,d925f7a
deck_core,A5b,"AUCinf GMR bias toward 1, all estimable (rule B), 2016 Vmax up, M1",results/criteria/criteria_bias.csv,analysis_model=='M1' & pk_model=='k2016' & scenario=='Vmax_up_080' & endpoint=='AUCinf_B' :: bias_pct,3.27074840544843,3.3%,bc5ff89ec184d87a6cf94f6b56fe05cf2769267911df0b6e6b64f6f5c9660481,18,d925f7a
deck_core,A5b,"AUCinf GMR bias toward 1, all estimable (rule B), 2020 Vmax up, M1",results/criteria/criteria_bias.csv,analysis_model=='M1' & pk_model=='k2020' & scenario=='Vmax_up_080' & endpoint=='AUCinf_B' :: bias_pct,2.60151057624936,2.6%,bc5ff89ec184d87a6cf94f6b56fe05cf2769267911df0b6e6b64f6f5c9660481,18,d925f7a
deck_core,A5b,criteria set (i) adj_r2_min,config/prereg_20260926.yaml,section4.criteria_sets.i.adj_r2_min,0.8,0.80,dc2c9f1bd4d62e13ad9f5f551dcf97eb7ee1359ba13aaa3af8efc063dfc6303e,18,d925f7a
deck_core,A5b,criteria set (i) extrap_max_pct,config/prereg_20260926.yaml,section4.criteria_sets.i.extrap_max_pct,20,20,dc2c9f1bd4d62e13ad9f5f551dcf97eb7ee1359ba13aaa3af8efc063dfc6303e,18,d925f7a
deck_core,A5b,criteria set (ii) span_ratio_min,config/prereg_20260926.yaml,section4.criteria_sets.ii.span_ratio_min,2,2,dc2c9f1bd4d62e13ad9f5f551dcf97eb7ee1359ba13aaa3af8efc063dfc6303e,18,d925f7a
deck_core,A5b,"AUClast + Cmax, 2020 V2 up cell, M1",results/oc_models/p2_decomposition_models.csv,pk_model=='k2020' & mechanism=='V2' & analysis_model=='M1' :: p2_pct,5.625,5.63%,fe790d12806d3723abd2f8487d6f987498b247683354cade26ddb18fc6217f2f,18,d925f7a
deck_core,A5b,"AUClast GMR bias toward 1 against the true AUCinf ratio, 2020 V2 cell, M1",results/oc_models/p2_decomposition_models.csv,pk_model=='k2020' & mechanism=='V2' & analysis_model=='M1' :: auclast_bias_pct,0.411740547589035,0.41%,fe790d12806d3723abd2f8487d6f987498b247683354cade26ddb18fc6217f2f,18,d925f7a
deck_core,A5b,"AUClast term: AUClast alone minus the true-AUCinf reference (points), M1",results/oc_models/p2_decomposition_models.csv,pk_model=='k2020' & mechanism=='V2' & analysis_model=='M1' :: auclast_minus_ref_pp,0.705,0.71,fe790d12806d3723abd2f8487d6f987498b247683354cade26ddb18fc6217f2f,18,d925f7a
deck_core,A5b,boundary cells in the decomposition,results/oc_models/p2_decomposition_models.csv,count of rows [analysis_model=='M1'],16,16,fe790d12806d3723abd2f8487d6f987498b247683354cade26ddb18fc6217f2f,18,d925f7a
deck_core,A5b,M0 P2 cells above 5% (point),results/oc_models/type1_models.csv,count of rows [analysis_model=='M0' & config=='P2' & pass_pct > 5],1,1,d6e5c650fb4d6d241a554f896de38205ac2c890bfa442f4f9cb2749c70b5f261,18,d925f7a
deck_core,A5b,M0 P2 largest boundary type I error,results/oc_models/type1_models.csv,max over 16 rows [analysis_model=='M0' & config=='P2'] :: pass_pct,5.18,5.18%,d6e5c650fb4d6d241a554f896de38205ac2c890bfa442f4f9cb2749c70b5f261,18,d925f7a
deck_core,A5b,M0 G2_A_iii cells above 5% (point),results/criteria/criteria_g2_type1.csv,count of rows [analysis_model=='M0' & config=='G2_A_iii' & pass_pct > 5],9,9,b450c534a36e2e03b49bad2427de6317153e3b71210dce8caab616e43ef64981,18,d925f7a
deck_core,A5b,M0 G2_A_iii largest boundary type I error,results/criteria/criteria_g2_type1.csv,max over 16 rows [analysis_model=='M0' & config=='G2_A_iii'] :: pass_pct,17.04,17.04%,b450c534a36e2e03b49bad2427de6317153e3b71210dce8caab616e43ef64981,18,d925f7a
deck_core,A5b,M0 G2_Ai cells above 5% (point),results/oc_models/type1_models.csv,count of rows [analysis_model=='M0' & config=='G2_Ai' & pass_pct > 5],8,8,d6e5c650fb4d6d241a554f896de38205ac2c890bfa442f4f9cb2749c70b5f261,18,d925f7a
deck_core,A5b,M0 G2_Ai largest boundary type I error,results/oc_models/type1_models.csv,max over 16 rows [analysis_model=='M0' & config=='G2_Ai'] :: pass_pct,19.91,19.91%,d6e5c650fb4d6d241a554f896de38205ac2c890bfa442f4f9cb2749c70b5f261,18,d925f7a
deck_core,A5b,M0 G2_Aii cells above 5% (point),results/oc_models/type1_models.csv,count of rows [analysis_model=='M0' & config=='G2_Aii' & pass_pct > 5],12,12,d6e5c650fb4d6d241a554f896de38205ac2c890bfa442f4f9cb2749c70b5f261,18,d925f7a
deck_core,A5b,M0 G2_Aii largest boundary type I error,results/oc_models/type1_models.csv,max over 16 rows [analysis_model=='M0' & config=='G2_Aii'] :: pass_pct,27.6,27.60%,d6e5c650fb4d6d241a554f896de38205ac2c890bfa442f4f9cb2749c70b5f261,18,d925f7a
deck_core,A5b,M0 G2_B cells above 5% (point),results/oc_models/type1_models.csv,count of rows [analysis_model=='M0' & config=='G2_B' & pass_pct > 5],8,8,d6e5c650fb4d6d241a554f896de38205ac2c890bfa442f4f9cb2749c70b5f261,18,d925f7a
deck_core,A5b,M0 G2_B largest boundary type I error,results/oc_models/type1_models.csv,max over 16 rows [analysis_model=='M0' & config=='G2_B'] :: pass_pct,15.06,15.06%,d6e5c650fb4d6d241a554f896de38205ac2c890bfa442f4f9cb2749c70b5f261,18,d925f7a
deck_core,A5b,M0 G2_Ci cells above 5% (point),results/oc_models/type1_models.csv,count of rows [analysis_model=='M0' & config=='G2_Ci' & pass_pct > 5],0,0,d6e5c650fb4d6d241a554f896de38205ac2c890bfa442f4f9cb2749c70b5f261,18,d925f7a
deck_core,A5b,M0 G2_Ci largest boundary type I error,results/oc_models/type1_models.csv,max over 16 rows [analysis_model=='M0' & config=='G2_Ci'] :: pass_pct,4.625,4.63%,d6e5c650fb4d6d241a554f896de38205ac2c890bfa442f4f9cb2749c70b5f261,18,d925f7a
deck_core,A5b,M1 P2 cells above 5% (point),results/oc_models/type1_models.csv,count of rows [analysis_model=='M1' & config=='P2' & pass_pct > 5],1,1,d6e5c650fb4d6d241a554f896de38205ac2c890bfa442f4f9cb2749c70b5f261,18,d925f7a
deck_core,A5b,M1 P2 largest boundary type I error,results/oc_models/type1_models.csv,max over 16 rows [analysis_model=='M1' & config=='P2'] :: pass_pct,5.625,5.63%,d6e5c650fb4d6d241a554f896de38205ac2c890bfa442f4f9cb2749c70b5f261,18,d925f7a
deck_core,A5b,M1 G2_A_iii cells above 5% (point),results/criteria/criteria_g2_type1.csv,count of rows [analysis_model=='M1' & config=='G2_A_iii' & pass_pct > 5],10,10,b450c534a36e2e03b49bad2427de6317153e3b71210dce8caab616e43ef64981,18,d925f7a
deck_core,A5b,M1 G2_A_iii largest boundary type I error,results/criteria/criteria_g2_type1.csv,max over 16 rows [analysis_model=='M1' & config=='G2_A_iii'] :: pass_pct,17.47,17.47%,b450c534a36e2e03b49bad2427de6317153e3b71210dce8caab616e43ef64981,18,d925f7a
deck_core,A5b,M1 G2_Ai cells above 5% (point),results/oc_models/type1_models.csv,count of rows [analysis_model=='M1' & config=='G2_Ai' & pass_pct > 5],10,10,d6e5c650fb4d6d241a554f896de38205ac2c890bfa442f4f9cb2749c70b5f261,18,d925f7a
deck_core,A5b,M1 G2_Ai largest boundary type I error,results/oc_models/type1_models.csv,max over 16 rows [analysis_model=='M1' & config=='G2_Ai'] :: pass_pct,20.27,20.27%,d6e5c650fb4d6d241a554f896de38205ac2c890bfa442f4f9cb2749c70b5f261,18,d925f7a
deck_core,A5b,M1 G2_Aii cells above 5% (point),results/oc_models/type1_models.csv,count of rows [analysis_model=='M1' & config=='G2_Aii' & pass_pct > 5],12,12,d6e5c650fb4d6d241a554f896de38205ac2c890bfa442f4f9cb2749c70b5f261,18,d925f7a
deck_core,A5b,M1 G2_Aii largest boundary type I error,results/oc_models/type1_models.csv,max over 16 rows [analysis_model=='M1' & config=='G2_Aii'] :: pass_pct,27.44,27.44%,d6e5c650fb4d6d241a554f896de38205ac2c890bfa442f4f9cb2749c70b5f261,18,d925f7a
deck_core,A5b,M1 G2_B cells above 5% (point),results/oc_models/type1_models.csv,count of rows [analysis_model=='M1' & config=='G2_B' & pass_pct > 5],10,10,d6e5c650fb4d6d241a554f896de38205ac2c890bfa442f4f9cb2749c70b5f261,18,d925f7a
deck_core,A5b,M1 G2_B largest boundary type I error,results/oc_models/type1_models.csv,max over 16 rows [analysis_model=='M1' & config=='G2_B'] :: pass_pct,16.03,16.03%,d6e5c650fb4d6d241a554f896de38205ac2c890bfa442f4f9cb2749c70b5f261,18,d925f7a
deck_core,A5b,M1 G2_Ci cells above 5% (point),results/oc_models/type1_models.csv,count of rows [analysis_model=='M1' & config=='G2_Ci' & pass_pct > 5],1,1,d6e5c650fb4d6d241a554f896de38205ac2c890bfa442f4f9cb2749c70b5f261,18,d925f7a
deck_core,A5b,M1 G2_Ci largest boundary type I error,results/oc_models/type1_models.csv,max over 16 rows [analysis_model=='M1' & config=='G2_Ci'] :: pass_pct,5.055,5.06%,d6e5c650fb4d6d241a554f896de38205ac2c890bfa442f4f9cb2749c70b5f261,18,d925f7a
deck_core,A5b,M2 P2 cells above 5% (point),results/oc_models/type1_models.csv,count of rows [analysis_model=='M2' & config=='P2' & pass_pct > 5],1,1,d6e5c650fb4d6d241a554f896de38205ac2c890bfa442f4f9cb2749c70b5f261,18,d925f7a
deck_core,A5b,M2 P2 largest boundary type I error,results/oc_models/type1_models.csv,max over 16 rows [analysis_model=='M2' & config=='P2'] :: pass_pct,5.745,5.75%,d6e5c650fb4d6d241a554f896de38205ac2c890bfa442f4f9cb2749c70b5f261,18,d925f7a
deck_core,A5b,M2 G2_Ai cells above 5% (point),results/oc_models/type1_models.csv,count of rows [analysis_model=='M2' & config=='G2_Ai' & pass_pct > 5],10,10,d6e5c650fb4d6d241a554f896de38205ac2c890bfa442f4f9cb2749c70b5f261,18,d925f7a
deck_core,A5b,M2 G2_Ai largest boundary type I error,results/oc_models/type1_models.csv,max over 16 rows [analysis_model=='M2' & config=='G2_Ai'] :: pass_pct,20.49,20.49%,d6e5c650fb4d6d241a554f896de38205ac2c890bfa442f4f9cb2749c70b5f261,18,d925f7a
deck_core,A5b,M2 G2_Aii cells above 5% (point),results/oc_models/type1_models.csv,count of rows [analysis_model=='M2' & config=='G2_Aii' & pass_pct > 5],12,12,d6e5c650fb4d6d241a554f896de38205ac2c890bfa442f4f9cb2749c70b5f261,18,d925f7a
deck_core,A5b,M2 G2_Aii largest boundary type I error,results/oc_models/type1_models.csv,max over 16 rows [analysis_model=='M2' & config=='G2_Aii'] :: pass_pct,27.37,27.37%,d6e5c650fb4d6d241a554f896de38205ac2c890bfa442f4f9cb2749c70b5f261,18,d925f7a
deck_core,A5b,M2 G2_B cells above 5% (point),results/oc_models/type1_models.csv,count of rows [analysis_model=='M2' & config=='G2_B' & pass_pct > 5],10,10,d6e5c650fb4d6d241a554f896de38205ac2c890bfa442f4f9cb2749c70b5f261,18,d925f7a
deck_core,A5b,M2 G2_B largest boundary type I error,results/oc_models/type1_models.csv,max over 16 rows [analysis_model=='M2' & config=='G2_B'] :: pass_pct,16.31,16.31%,d6e5c650fb4d6d241a554f896de38205ac2c890bfa442f4f9cb2749c70b5f261,18,d925f7a
deck_core,A5b,M2 G2_Ci cells above 5% (point),results/oc_models/type1_models.csv,count of rows [analysis_model=='M2' & config=='G2_Ci' & pass_pct > 5],1,1,d6e5c650fb4d6d241a554f896de38205ac2c890bfa442f4f9cb2749c70b5f261,18,d925f7a
deck_core,A5b,M2 G2_Ci largest boundary type I error,results/oc_models/type1_models.csv,max over 16 rows [analysis_model=='M2' & config=='G2_Ci'] :: pass_pct,5.1,5.10%,d6e5c650fb4d6d241a554f896de38205ac2c890bfa442f4f9cb2749c70b5f261,18,d925f7a
deck_core,A5b,analysis model table,results/oc_models/type1_models.csv,whole object,NA,(table),d6e5c650fb4d6d241a554f896de38205ac2c890bfa442f4f9cb2749c70b5f261,18,d925f7a
deck_core,A5b,analysis model table,results/criteria/criteria_g2_type1.csv,whole object,NA,(table),b450c534a36e2e03b49bad2427de6317153e3b71210dce8caab616e43ef64981,18,d925f7a
deck_core,A5b,figure a5b_decomposition,results/oc_models/type1_models.csv,whole object,NA,(figure),d6e5c650fb4d6d241a554f896de38205ac2c890bfa442f4f9cb2749c70b5f261,18,d925f7a
deck_core,A5b,figure a5b_decomposition,results/oc_models/p2_decomposition_models.csv,whole object,NA,(figure),fe790d12806d3723abd2f8487d6f987498b247683354cade26ddb18fc6217f2f,18,d925f7a
deck_core,A5b,"AUClast + Cmax, 2020 V2 cell, M0",results/oc_models/p2_decomposition_models.csv,"pk_model=='k2020' & mechanism=='V2' & analysis_model=='M0' :: p2_pct [lo, hi]",5.18000000000000; 4.88136778412433; 5.49584632794489,5.18% (95% CI 4.88~5.50),fe790d12806d3723abd2f8487d6f987498b247683354cade26ddb18fc6217f2f,18,d925f7a
deck_core,A5b,"AUClast + Cmax, 2020 V2 cell, M1",results/oc_models/p2_decomposition_models.csv,"pk_model=='k2020' & mechanism=='V2' & analysis_model=='M1' :: p2_pct [lo, hi]",5.62500000000000; 5.31412097634036; 5.95292222363892,5.63% (95% CI 5.31~5.95),fe790d12806d3723abd2f8487d6f987498b247683354cade26ddb18fc6217f2f,18,d925f7a
deck_core,A5b,"AUClast + Cmax, 2020 V2 cell, M2",results/oc_models/p2_decomposition_models.csv,"pk_model=='k2020' & mechanism=='V2' & analysis_model=='M2' :: p2_pct [lo, hi]",5.74500000000000; 5.43091711656911; 6.07607999475671,5.75% (95% CI 5.43~6.08),fe790d12806d3723abd2f8487d6f987498b247683354cade26ddb18fc6217f2f,18,d925f7a
deck_core,A5b,"AUClast + Cmax, first 10,000 trials, 2020 V2 cell, M0",results/oc_models/type1_models.csv,"pk_model=='k2020' & scenario=='V2_up_080' & analysis_model=='M0' & config=='P2' :: pass_pct_10k [lo_10k, hi_10k]",5.32000000000000; 4.89702817745753; 5.77728591694613,5.32% (95% CI 4.90~5.78),d6e5c650fb4d6d241a554f896de38205ac2c890bfa442f4f9cb2749c70b5f261,18,d925f7a
deck_core,A5b,"AUClast + Cmax, first 10,000 trials, 2020 V2 cell, M1",results/oc_models/type1_models.csv,"pk_model=='k2020' & scenario=='V2_up_080' & analysis_model=='M1' & config=='P2' :: pass_pct_10k [lo_10k, hi_10k]",5.74000000000000; 5.30086848721034; 6.21312304856195,5.74% (95% CI 5.30~6.21),d6e5c650fb4d6d241a554f896de38205ac2c890bfa442f4f9cb2749c70b5f261,18,d925f7a
deck_core,A5b,trials in the 2020 V2 cell,results/oc_models/p2_decomposition_models.csv,pk_model=='k2020' & mechanism=='V2' & analysis_model=='M1' :: n_trials,20000,"20,000",fe790d12806d3723abd2f8487d6f987498b247683354cade26ddb18fc6217f2f,18,d925f7a
deck_core,A5b,trials per boundary scenario (pre-specified),config/oc_design.yaml,trials.reps_boundary,10000,"10,000",629011b264fbc4c3f03f8a3989bac1f2711d49959f3268f5e8f758c80f93ea0a,18,d925f7a
deck_core,A5b,"true-AUCinf reference, 2020 V2 cell, M0",results/oc_models/p2_decomposition_models.csv,pk_model=='k2020' & mechanism=='V2' & analysis_model=='M0' :: ref_pct,4.585,4.59%,fe790d12806d3723abd2f8487d6f987498b247683354cade26ddb18fc6217f2f,18,d925f7a
deck_core,A5b,"true-AUCinf reference, 2020 V2 cell, M1",results/oc_models/p2_decomposition_models.csv,pk_model=='k2020' & mechanism=='V2' & analysis_model=='M1' :: ref_pct,4.94,4.94%,fe790d12806d3723abd2f8487d6f987498b247683354cade26ddb18fc6217f2f,18,d925f7a
deck_core,A5b,"AUClast alone, 2020 V2 cell, M1",results/oc_models/p2_decomposition_models.csv,pk_model=='k2020' & mechanism=='V2' & analysis_model=='M1' :: auclast_pct,5.645,5.65%,fe790d12806d3723abd2f8487d6f987498b247683354cade26ddb18fc6217f2f,18,d925f7a
deck_core,A5b,"reference minus 5 (points), 2020 V2 cell, M0",results/oc_models/p2_decomposition_models.csv,pk_model=='k2020' & mechanism=='V2' & analysis_model=='M0' :: ref_minus_5_pp,-0.415,-0.415,fe790d12806d3723abd2f8487d6f987498b247683354cade26ddb18fc6217f2f,18,d925f7a
deck_core,A5b,"reference minus 5 (points), 2020 V2 cell, M1",results/oc_models/p2_decomposition_models.csv,pk_model=='k2020' & mechanism=='V2' & analysis_model=='M1' :: ref_minus_5_pp,-0.0600000000000005,-0.060,fe790d12806d3723abd2f8487d6f987498b247683354cade26ddb18fc6217f2f,18,d925f7a
deck_core,A5b,"AUClast term (points), 2020 V2 cell, M0",results/oc_models/p2_decomposition_models.csv,pk_model=='k2020' & mechanism=='V2' & analysis_model=='M0' :: auclast_minus_ref_pp,0.61,0.610,fe790d12806d3723abd2f8487d6f987498b247683354cade26ddb18fc6217f2f,18,d925f7a
deck_core,A5b,"AUClast term (points), 2020 V2 cell, M1",results/oc_models/p2_decomposition_models.csv,pk_model=='k2020' & mechanism=='V2' & analysis_model=='M1' :: auclast_minus_ref_pp,0.705,0.705,fe790d12806d3723abd2f8487d6f987498b247683354cade26ddb18fc6217f2f,18,d925f7a
deck_core,A5b,"Cmax term (points), 2020 V2 cell, M0",results/oc_models/p2_decomposition_models.csv,pk_model=='k2020' & mechanism=='V2' & analysis_model=='M0' :: p2_minus_auclast_pp,-0.0150000000000006,-0.015,fe790d12806d3723abd2f8487d6f987498b247683354cade26ddb18fc6217f2f,18,d925f7a
deck_core,A5b,"Cmax term (points), 2020 V2 cell, M1",results/oc_models/p2_decomposition_models.csv,pk_model=='k2020' & mechanism=='V2' & analysis_model=='M1' :: p2_minus_auclast_pp,-0.0199999999999996,-0.020,fe790d12806d3723abd2f8487d6f987498b247683354cade26ddb18fc6217f2f,18,d925f7a
deck_core,A5b,"AUClast + Cmax minus 5 (points), 2020 V2 cell, M0",results/oc_models/p2_decomposition_models.csv,pk_model=='k2020' & mechanism=='V2' & analysis_model=='M0' :: p2_minus_5_pp,0.18,0.180,fe790d12806d3723abd2f8487d6f987498b247683354cade26ddb18fc6217f2f,18,d925f7a
deck_core,A5b,"AUClast + Cmax minus 5 (points), 2020 V2 cell, M1",results/oc_models/p2_decomposition_models.csv,pk_model=='k2020' & mechanism=='V2' & analysis_model=='M1' :: p2_minus_5_pp,0.625,0.625,fe790d12806d3723abd2f8487d6f987498b247683354cade26ddb18fc6217f2f,18,d925f7a
deck_core,A5b,"AUClast GMR bias with 95% interval, M1",results/oc_models/p2_decomposition_models.csv,"pk_model=='k2020' & mechanism=='V2' & analysis_model=='M1' :: auclast_bias_pct [auclast_bias_lo_pct, auclast_bias_hi_pct]",0.411740547589035; 0.338789970045039; 0.484744163312634,0.41% (95% CI 0.34~0.48),fe790d12806d3723abd2f8487d6f987498b247683354cade26ddb18fc6217f2f,18,d925f7a
deck_core,A5b,"AUClast GMR bias, M0",results/oc_models/p2_decomposition_models.csv,pk_model=='k2020' & mechanism=='V2' & analysis_model=='M0' :: auclast_bias_pct,0.412047249423009,0.41%,fe790d12806d3723abd2f8487d6f987498b247683354cade26ddb18fc6217f2f,18,d925f7a
deck_core,A5b,"SD/SE of the true-AUCinf reference, 2020 V2 cell, M0",results/oc_models/p2_decomposition_models.csv,pk_model=='k2020' & mechanism=='V2' & analysis_model=='M0' :: ref_sd_se,0.970820258872137,0.971,fe790d12806d3723abd2f8487d6f987498b247683354cade26ddb18fc6217f2f,18,d925f7a
deck_core,A5b,"SD/SE of the true-AUCinf reference, 2020 V2 cell, M1",results/oc_models/p2_decomposition_models.csv,pk_model=='k2020' & mechanism=='V2' & analysis_model=='M1' :: ref_sd_se,0.997704815132203,0.998,fe790d12806d3723abd2f8487d6f987498b247683354cade26ddb18fc6217f2f,18,d925f7a
deck_core,A5b,"V2 multiplier, 2020 model",results/oc_models/p2_decomposition_models.csv,pk_model=='k2020' & mechanism=='V2' & analysis_model=='M1' :: multiplier,2.27730854120339,2.28,fe790d12806d3723abd2f8487d6f987498b247683354cade26ddb18fc6217f2f,18,d925f7a
deck_core,A5b,target true AUCinf ratio of the V2 cells,results/oc_models/p2_decomposition_models.csv,pk_model=='k2020' & mechanism=='V2' & analysis_model=='M1' :: target,0.8,0.80,fe790d12806d3723abd2f8487d6f987498b247683354cade26ddb18fc6217f2f,18,d925f7a
deck_core,A5b,"V2 multiplier, 2016 model",results/oc_models/p2_decomposition_models.csv,pk_model=='k2016' & mechanism=='V2' & analysis_model=='M1' :: multiplier,3.21003979693093,3.21,fe790d12806d3723abd2f8487d6f987498b247683354cade26ddb18fc6217f2f,18,d925f7a
deck_core,A5b,"AUClast + Cmax, 2016 V2 cell, M1",results/oc_models/type1_models.csv,pk_model=='k2016' & scenario=='V2_up_080' & analysis_model=='M1' & config=='P2' :: pass_pct,4.33,4.33%,d6e5c650fb4d6d241a554f896de38205ac2c890bfa442f4f9cb2749c70b5f261,18,d925f7a
deck_core,A5b,"AUCinf (set iii) + Cmax, 2020 V2 cell, M1",results/criteria/criteria_g2_type1.csv,pk_model=='k2020' & scenario=='V2_up_080' & analysis_model=='M1' & config=='G2_A_iii' :: pass_pct,2.13,2.13%,b450c534a36e2e03b49bad2427de6317153e3b71210dce8caab616e43ef64981,18,d925f7a
deck_core,A5b,"AUCinf (set iii) + Cmax cells with Wilson lower bound above 5%, M1",results/criteria/criteria_g2_type1.csv,count of rows [analysis_model=='M1' & config=='G2_A_iii' & lo > 5],9,9,b450c534a36e2e03b49bad2427de6317153e3b71210dce8caab616e43ef64981,18,d925f7a
deck_core,A5b,"rule B cells with Wilson lower bound above 5%, M1",results/oc_models/type1_models.csv,count of rows [analysis_model=='M1' & config=='G2_B' & lo > 5],8,8,d6e5c650fb4d6d241a554f896de38205ac2c890bfa442f4f9cb2749c70b5f261,18,d925f7a
deck_core,A5b,"rule C set (iv) largest, M1",results/criteria/criteria_g2_type1.csv,max over 16 rows [analysis_model=='M1' & config=='G2_C_iv'] :: pass_pct,6.645,6.65%,b450c534a36e2e03b49bad2427de6317153e3b71210dce8caab616e43ef64981,18,d925f7a
deck_core,A5b,"rule A set (iv) cells above 5% (point), M1",results/criteria/criteria_g2_type1.csv,count of rows [analysis_model=='M1' & config=='G2_A_iv' & pass_pct > 5],12,12,b450c534a36e2e03b49bad2427de6317153e3b71210dce8caab616e43ef64981,18,d925f7a
deck_core,A5b,"rule A set (iv) largest, M1",results/criteria/criteria_g2_type1.csv,max over 16 rows [analysis_model=='M1' & config=='G2_A_iv'] :: pass_pct,27.19,27.19%,b450c534a36e2e03b49bad2427de6317153e3b71210dce8caab616e43ef64981,18,d925f7a
deck_core,A5b,criteria set (iii) adj_r2_min,config/prereg_20260926.yaml,section4.criteria_sets.iii.adj_r2_min,0.9,0.90,dc2c9f1bd4d62e13ad9f5f551dcf97eb7ee1359ba13aaa3af8efc063dfc6303e,18,d925f7a
deck_core,A5b,criteria set (iii) extrap_max_pct,config/prereg_20260926.yaml,section4.criteria_sets.iii.extrap_max_pct,20,20,dc2c9f1bd4d62e13ad9f5f551dcf97eb7ee1359ba13aaa3af8efc063dfc6303e,18,d925f7a
deck_core,A5b,randomization stratum split (kg),config/trial_design.yaml,stratification.split_kg.value,75,75,553eceab74155a3497fef1ab587f3b8d2be1319704e17ae1f0e177601726e84f,18,d925f7a
deck_core,A6,"agreement tolerance of the NCA mean ratio (points), from the judgment label",results/literature/literature_numeric.csv,"source=='Clot 2021 Table 3' & dose_mg==300 :: judgment, regex +/-([0-9]+)%p",3,3,0d20c4fc00fc0f6b1caf7e5089f0728ba0b3674535a5cfff28f412c7269c4b14,19,d925f7a
deck_core,A6,"simulated true mean AUClast/AUCinf ratio, both 300 mg literature conditions, two models, rounded",results/literature/literature_numeric.csv,"PKM12350 and Clot 300 mg rows :: range(true_mean_ratio_k2016, true_mean_ratio_k2020) x 100",99.0366874383141; 99.1580247941781,99%,0d20c4fc00fc0f6b1caf7e5089f0728ba0b3674535a5cfff28f412c7269c4b14,19,d925f7a
deck_core,A6,dose of the literature conditions (mg),results/literature/literature_numeric.csv,source=='Clot 2021 Table 3' & dose_mg==300 :: dose_mg,300,300,0d20c4fc00fc0f6b1caf7e5089f0728ba0b3674535a5cfff28f412c7269c4b14,19,d925f7a
deck_core,A6,PKM12350 test arm published NCA mean ratio AUClast/AUCinf (from the note),results/literature/literature_numeric.csv,"grepl('PKM12350', source) :: note, pattern 'AUClast-mean (Korean vs) AUCinf-mean(ratio%)', third number",88.1,88.1%,0d20c4fc00fc0f6b1caf7e5089f0728ba0b3674535a5cfff28f412c7269c4b14,19,d925f7a
deck_core,A6,source of the 300 mg single-arm AUClast means,config/design_clot2021.yaml,arm_checks_300mg.source,Li 2020 Table 3 p.750,Li 2020 Table 3 p.750,4b3ddc374dfbf3f451d3fe3d6a865645b0b5d93b0ea7eea9a3f24cd8d2f05da5,19,d925f7a
deck_core,A6,validation criterion: simulated mean AUClast within +-x% of observed (%),config/design_clot2021.yaml,gate.auclast_mean_tol_pct,15,15,4b3ddc374dfbf3f451d3fe3d6a865645b0b5d93b0ea7eea9a3f24cd8d2f05da5,19,d925f7a
deck_core,A6,development-data status of the 300 mg arms,config/design_clot2021.yaml,whole object,NA,(figure),4b3ddc374dfbf3f451d3fe3d6a865645b0b5d93b0ea7eea9a3f24cd8d2f05da5,19,d925f7a
deck_core,A6,"simulated / observed mean AUClast, PKM14161 arms, 2016",results/step1/step1f_300mg_arm_check.csv,range over 2 rows [study=='PKM14161'] :: ratio,0.972035249743887; 0.992321202782020,0.97~0.99,94e7f8d23532f81f0f5a98c506071333d348ab476529d0371feb1e470079addf,19,d925f7a
deck_core,A6,"simulated / observed mean AUClast, PKM14161 arms, 2020",results/step1_k2020/step1f_300mg_arm_check.csv,range over 2 rows [study=='PKM14161'] :: ratio,1.05511746135828; 1.07713730403011,1.06~1.08,dae14917c46f4a8a53b1beb0f89c4308305a5eaaf8e2e2a4886e783bfe617b00,19,d925f7a
deck_core,A6,"simulated / observed mean AUClast, PKM14161 arms, two models",results/step1/step1f_300mg_arm_check.csv,study=='PKM14161' :: range(ratio) over the step1 and step1_k2020 files,0.972035249743887; 1.077137304030110,0.97~1.08,94e7f8d23532f81f0f5a98c506071333d348ab476529d0371feb1e470079addf,19,d925f7a
deck_core,A6,"simulated / observed mean AUClast, PKM12350 arms, 2016",results/step1/step1f_300mg_arm_check.csv,range over 2 rows [study=='PKM12350'] :: ratio,1.14222251936101; 1.17151027626770,1.14~1.17,94e7f8d23532f81f0f5a98c506071333d348ab476529d0371feb1e470079addf,19,d925f7a
deck_core,A6,"simulated / observed mean AUClast, PKM12350 arms, 2020",results/step1_k2020/step1f_300mg_arm_check.csv,range over 2 rows [study=='PKM12350'] :: ratio,1.23905744993336; 1.27082815377780,1.24~1.27,dae14917c46f4a8a53b1beb0f89c4308305a5eaaf8e2e2a4886e783bfe617b00,19,d925f7a
deck_core,A6,"simulated / observed mean AUClast, PKM12350 arms, two models",results/step1/step1f_300mg_arm_check.csv,study=='PKM12350' :: range(ratio) over the step1 and step1_k2020 files,1.14222251936101; 1.27082815377780,1.14~1.27,94e7f8d23532f81f0f5a98c506071333d348ab476529d0371feb1e470079addf,19,d925f7a
deck_core,A6,assumed mean weight of the single arms (kg),config/design_clot2021.yaml,arm_checks_300mg.weight.mean,78,78,4b3ddc374dfbf3f451d3fe3d6a865645b0b5d93b0ea7eea9a3f24cd8d2f05da5,19,d925f7a
deck_core,A6,figure a6: published and simulated mean ratios,results/literature/literature_numeric.csv,whole object,NA,(figure),0d20c4fc00fc0f6b1caf7e5089f0728ba0b3674535a5cfff28f412c7269c4b14,19,d925f7a
deck_core,A6,figure a6_ratio_literature,results/literature/literature_numeric.csv,whole object,NA,(figure),0d20c4fc00fc0f6b1caf7e5089f0728ba0b3674535a5cfff28f412c7269c4b14,19,d925f7a
deck_core,A6,figure a6: 300 mg arm means,results/step1/step1f_300mg_arm_check.csv,whole object,NA,(figure),94e7f8d23532f81f0f5a98c506071333d348ab476529d0371feb1e470079addf,19,d925f7a
deck_core,A6,figure a6: 300 mg arm means,results/step1_k2020/step1f_300mg_arm_check.csv,whole object,NA,(figure),dae14917c46f4a8a53b1beb0f89c4308305a5eaaf8e2e2a4886e783bfe617b00,19,d925f7a
deck_core,A6,figure a6_arm_auclast,results/step1/step1f_300mg_arm_check.csv,whole object,NA,(figure),94e7f8d23532f81f0f5a98c506071333d348ab476529d0371feb1e470079addf,19,d925f7a
deck_core,A6,figure a6_arm_auclast,results/step1_k2020/step1f_300mg_arm_check.csv,whole object,NA,(figure),dae14917c46f4a8a53b1beb0f89c4308305a5eaaf8e2e2a4886e783bfe617b00,19,d925f7a
deck_core,A6,"PKM12350 control arm, published NCA mean ratio",results/literature/literature_numeric.csv,"grepl('PKM12350', source) :: lit_mean_ratio x 100",95.9692898272553,96.0%,0d20c4fc00fc0f6b1caf7e5089f0728ba0b3674535a5cfff28f412c7269c4b14,19,d925f7a
deck_core,A6,"PKM12350, simulated NCA mean ratio, 2016",results/literature/literature_numeric.csv,"grepl('PKM12350', source) :: nca_mean_ratio_k2016 x 100",96.2328496162342,96.2%,0d20c4fc00fc0f6b1caf7e5089f0728ba0b3674535a5cfff28f412c7269c4b14,19,d925f7a
deck_core,A6,"PKM12350, simulated NCA mean ratio, 2020",results/literature/literature_numeric.csv,"grepl('PKM12350', source) :: nca_mean_ratio_k2020 x 100",96.3550182552266,96.4%,0d20c4fc00fc0f6b1caf7e5089f0728ba0b3674535a5cfff28f412c7269c4b14,19,d925f7a
deck_core,A6,"PKM12350, simulated true mean ratio, 2016",results/literature/literature_numeric.csv,"grepl('PKM12350', source) :: true_mean_ratio_k2016 x 100",99.0366874383141,99.0%,0d20c4fc00fc0f6b1caf7e5089f0728ba0b3674535a5cfff28f412c7269c4b14,19,d925f7a
deck_core,A6,"PKM12350, simulated true mean ratio, 2020",results/literature/literature_numeric.csv,"grepl('PKM12350', source) :: true_mean_ratio_k2020 x 100",99.0741836496804,99.1%,0d20c4fc00fc0f6b1caf7e5089f0728ba0b3674535a5cfff28f412c7269c4b14,19,d925f7a
deck_core,A6,"pkm: simulated NCA minus published mean ratio (points), 2016 and 2020",results/literature/literature_numeric.csv,"grepl('PKM12350', source) :: (nca_mean_ratio_k2016, nca_mean_ratio_k2020 - lit_mean_ratio) x 100",0.263559788978895; 0.385728427971299,0.3 / 0.4,0d20c4fc00fc0f6b1caf7e5089f0728ba0b3674535a5cfff28f412c7269c4b14,19,d925f7a
deck_core,A6,"Clot 300 mg, published NCA mean ratio",results/literature/literature_numeric.csv,source=='Clot 2021 Table 3' & dose_mg==300 :: lit_mean_ratio x 100,98.1412639405205,98.1%,0d20c4fc00fc0f6b1caf7e5089f0728ba0b3674535a5cfff28f412c7269c4b14,19,d925f7a
deck_core,A6,"Clot 300 mg, simulated NCA mean ratio, 2016",results/literature/literature_numeric.csv,source=='Clot 2021 Table 3' & dose_mg==300 :: nca_mean_ratio_k2016 x 100,96.682245207072,96.7%,0d20c4fc00fc0f6b1caf7e5089f0728ba0b3674535a5cfff28f412c7269c4b14,19,d925f7a
deck_core,A6,"Clot 300 mg, simulated NCA mean ratio, 2020",results/literature/literature_numeric.csv,source=='Clot 2021 Table 3' & dose_mg==300 :: nca_mean_ratio_k2020 x 100,96.6795391796706,96.7%,0d20c4fc00fc0f6b1caf7e5089f0728ba0b3674535a5cfff28f412c7269c4b14,19,d925f7a
deck_core,A6,"Clot 300 mg, simulated true mean ratio, 2016",results/literature/literature_numeric.csv,source=='Clot 2021 Table 3' & dose_mg==300 :: true_mean_ratio_k2016 x 100,99.1580247941781,99.2%,0d20c4fc00fc0f6b1caf7e5089f0728ba0b3674535a5cfff28f412c7269c4b14,19,d925f7a
deck_core,A6,"Clot 300 mg, simulated true mean ratio, 2020",results/literature/literature_numeric.csv,source=='Clot 2021 Table 3' & dose_mg==300 :: true_mean_ratio_k2020 x 100,99.1243605353232,99.1%,0d20c4fc00fc0f6b1caf7e5089f0728ba0b3674535a5cfff28f412c7269c4b14,19,d925f7a
deck_core,A6,"clot: simulated NCA minus published mean ratio (points), 2016 and 2020",results/literature/literature_numeric.csv,"source=='Clot 2021 Table 3' & dose_mg==300 :: (nca_mean_ratio_k2016, nca_mean_ratio_k2020 - lit_mean_ratio) x 100",-1.45901873344849; -1.46172476084989,-1.5 / -1.5,0d20c4fc00fc0f6b1caf7e5089f0728ba0b3674535a5cfff28f412c7269c4b14,19,d925f7a
deck_core,A6,"PKM12350 simulated cohort mean weight (assumed, kg)",results/step1/step1g_literature_coverage.csv,"grepl('PKM12350', source) :: weight_mean",78,78,44f3a30b333cd3927d98a158c1cfabd23d1aadca9065385dd3a2299752afaa76,19,d925f7a
deck_core,A6,Clot 300 mg simulated cohort mean weight (kg),results/step1/step1g_literature_coverage.csv,"grepl('Clot', source) & dose_mg==300 :: weight_mean",59.9,59.9,44f3a30b333cd3927d98a158c1cfabd23d1aadca9065385dd3a2299752afaa76,19,d925f7a
deck_core,A6,PKM12350 test arm published AUClast and AUCinf means (from the note),results/literature/literature_numeric.csv,"grepl('PKM12350', source) :: note, regex groups 1 and 2",488; 554,488 / 554,0d20c4fc00fc0f6b1caf7e5089f0728ba0b3674535a5cfff28f412c7269c4b14,19,d925f7a
deck_core,A6,dose of the 600 mg literature row (mg),results/literature/literature_numeric.csv,source=='Clot 2021 Table 3' & dose_mg==600 :: dose_mg,600,600,0d20c4fc00fc0f6b1caf7e5089f0728ba0b3674535a5cfff28f412c7269c4b14,19,d925f7a
deck_core,A6,"Clot 600 mg, published NCA mean ratio",results/literature/literature_numeric.csv,source=='Clot 2021 Table 3' & dose_mg==600 :: lit_mean_ratio x 100,98.1395348837209,98.1%,0d20c4fc00fc0f6b1caf7e5089f0728ba0b3674535a5cfff28f412c7269c4b14,19,d925f7a
deck_core,A6,"Clot 600 mg, simulated true mean ratio, two models",results/literature/literature_numeric.csv,"source=='Clot 2021 Table 3' & dose_mg==600 :: range(true_mean_ratio_k2016, true_mean_ratio_k2020) x 100",96.8433758988823; 96.8920149370522,96.8~96.9%,0d20c4fc00fc0f6b1caf7e5089f0728ba0b3674535a5cfff28f412c7269c4b14,19,d925f7a
deck_core,A6,dose of the 200 mg literature row (mg),results/literature/literature_numeric.csv,source=='Clot 2021 Table 3' & dose_mg==200 :: dose_mg,200,200,0d20c4fc00fc0f6b1caf7e5089f0728ba0b3674535a5cfff28f412c7269c4b14,19,d925f7a
deck_core,A6,PKM12350 test arm observed mean AUClast,results/step1/step1f_300mg_arm_check.csv,study=='PKM12350' & arm=='test' :: auclast_obs,487.5,487.5,94e7f8d23532f81f0f5a98c506071333d348ab476529d0371feb1e470079addf,19,d925f7a
deck_core,A6,PKM12350 reference arm observed mean AUClast,results/step1/step1f_300mg_arm_check.csv,study=='PKM12350' & arm=='reference' :: auclast_obs,500,500.0,94e7f8d23532f81f0f5a98c506071333d348ab476529d0371feb1e470079addf,19,d925f7a
deck_core,A6,PKM14161 test arm observed mean AUClast,results/step1/step1f_300mg_arm_check.csv,study=='PKM14161' & arm=='test' :: auclast_obs,587,587,94e7f8d23532f81f0f5a98c506071333d348ab476529d0371feb1e470079addf,19,d925f7a
deck_core,A6,PKM14161 reference arm observed mean AUClast,results/step1/step1f_300mg_arm_check.csv,study=='PKM14161' & arm=='reference' :: auclast_obs,575,575,94e7f8d23532f81f0f5a98c506071333d348ab476529d0371feb1e470079addf,19,d925f7a
deck_core,A6,"simulated mean AUClast, PKM12350 schedule, 2016",results/step1/step1f_300mg_arm_check.csv,study=='PKM12350' & arm=='test' :: auclast_sim,571.111259680504,571,94e7f8d23532f81f0f5a98c506071333d348ab476529d0371feb1e470079addf,19,d925f7a
deck_core,A6,"simulated mean AUClast, PKM14161 schedule, 2016",results/step1/step1f_300mg_arm_check.csv,study=='PKM14161' & arm=='test' :: auclast_sim,570.584691599662,571,94e7f8d23532f81f0f5a98c506071333d348ab476529d0371feb1e470079addf,19,d925f7a
deck_core,A6,"simulated mean AUClast, PKM12350 schedule, 2020",results/step1_k2020/step1f_300mg_arm_check.csv,study=='PKM12350' & arm=='test' :: auclast_sim,619.528724966678,620,dae14917c46f4a8a53b1beb0f89c4308305a5eaaf8e2e2a4886e783bfe617b00,19,d925f7a
deck_core,A6,"simulated mean AUClast, PKM14161 schedule, 2020",results/step1_k2020/step1f_300mg_arm_check.csv,study=='PKM14161' & arm=='test' :: auclast_sim,619.353949817311,619,dae14917c46f4a8a53b1beb0f89c4308305a5eaaf8e2e2a4886e783bfe617b00,19,d925f7a
deck_core,A6,"PKM12350 test sim/obs, 2016",results/step1/step1f_300mg_arm_check.csv,study=='PKM12350' & arm=='test' :: ratio,1.1715102762677,1.17,94e7f8d23532f81f0f5a98c506071333d348ab476529d0371feb1e470079addf,19,d925f7a
deck_core,A6,"PKM12350 reference sim/obs, 2016",results/step1/step1f_300mg_arm_check.csv,study=='PKM12350' & arm=='reference' :: ratio,1.14222251936101,1.14,94e7f8d23532f81f0f5a98c506071333d348ab476529d0371feb1e470079addf,19,d925f7a
deck_core,A6,"PKM12350 test sim/obs, 2020",results/step1_k2020/step1f_300mg_arm_check.csv,study=='PKM12350' & arm=='test' :: ratio,1.2708281537778,1.27,dae14917c46f4a8a53b1beb0f89c4308305a5eaaf8e2e2a4886e783bfe617b00,19,d925f7a
deck_core,A6,"PKM12350 reference sim/obs, 2020",results/step1_k2020/step1f_300mg_arm_check.csv,study=='PKM12350' & arm=='reference' :: ratio,1.23905744993336,1.24,dae14917c46f4a8a53b1beb0f89c4308305a5eaaf8e2e2a4886e783bfe617b00,19,d925f7a
deck_core,A7,"schedule B0, n (study day = days after dose + 1)",config/trial_design.yaml,schedules.B0.days :: n, 1.25;  2.00;  4.00;  6.00;  8.00; 11.00; 15.00; 22.00; 29.00; 36.00; 43.00; 50.00; 57.00,13,553eceab74155a3497fef1ab587f3b8d2be1319704e17ae1f0e177601726e84f,20,d925f7a
deck_core,A7,"schedule B0, last (study day = days after dose + 1)",config/trial_design.yaml,schedules.B0.days :: last, 1.25;  2.00;  4.00;  6.00;  8.00; 11.00; 15.00; 22.00; 29.00; 36.00; 43.00; 50.00; 57.00,57,553eceab74155a3497fef1ab587f3b8d2be1319704e17ae1f0e177601726e84f,20,d925f7a
deck_core,A7,criterion (a) threshold (%),config/trial_design.yaml,decision_rule.ci_width_mean_rel_decrease_min,0.02,2,553eceab74155a3497fef1ab587f3b8d2be1319704e17ae1f0e177601726e84f,20,d925f7a
deck_core,A7,criterion (b) threshold (points),config/trial_design.yaml,decision_rule.ke110_pass_gain_pp_min,2,2,553eceab74155a3497fef1ab587f3b8d2be1319704e17ae1f0e177601726e84f,20,d925f7a
deck_core,A7,criterion (c) threshold (points),config/trial_design.yaml,decision_rule.reliability_gain_pp_min,5,5,553eceab74155a3497fef1ab587f3b8d2be1319704e17ae1f0e177601726e84f,20,d925f7a
deck_core,A7,criterion (d) threshold (ratio to B0),config/trial_design.yaml,decision_rule.extrap_gt20_ratio_max,0.5,0.5,553eceab74155a3497fef1ab587f3b8d2be1319704e17ae1f0e177601726e84f,20,d925f7a
deck_core,A7,NCA extrapolation flag threshold (%),config/nca_rules.yaml,standard.reliability.extrap_max_pct,20,20,0f53d9e003bf1df504df24201f06301cabe423babd1078def5c5a4b3b2c1db94,20,d925f7a
deck_core,A7,confidence level of the equivalence CI (%),config/trial_design.yaml,be.ci_level,0.9,90,553eceab74155a3497fef1ab587f3b8d2be1319704e17ae1f0e177601726e84f,20,d925f7a
deck_core,A7,ke multiplier of the scenario for criterion (b),config/scenarios.yaml,scenarios.KE110.T_multipliers.ke,1.1,1.10,7243c4f34f21614eccae4c143ba05b8a9eb9183a76770cfce7153ef30a5dc17c,20,d925f7a
deck_core,A7,schedule D1: study days added relative to B0,config/trial_design.yaml,"setdiff(D1, B0) :: schedules.D1.days + 1",39; 46,"39, 46",553eceab74155a3497fef1ab587f3b8d2be1319704e17ae1f0e177601726e84f,20,d925f7a
deck_core,A7,schedule D2: study days added relative to B0,config/trial_design.yaml,"setdiff(D2, B0) :: schedules.D2.days + 1",39; 46; 53,"39, 46, 53",553eceab74155a3497fef1ab587f3b8d2be1319704e17ae1f0e177601726e84f,20,d925f7a
deck_core,A7,schedule D3: study days added relative to B0,config/trial_design.yaml,"setdiff(D3, B0) :: schedules.D3.days + 1",32; 39; 46; 53,"32, 39, 46, 53",553eceab74155a3497fef1ab587f3b8d2be1319704e17ae1f0e177601726e84f,20,d925f7a
deck_core,A7,schedule D4: study days added relative to B0,config/trial_design.yaml,"setdiff(D4, B0) :: schedules.D4.days + 1",40; 47,"40, 47",553eceab74155a3497fef1ab587f3b8d2be1319704e17ae1f0e177601726e84f,20,d925f7a
deck_core,A7,schedule Bminus: study days removed relative to B0,config/trial_design.yaml,"setdiff(B0, Bminus) :: schedules.Bminus.days + 1",50,50,553eceab74155a3497fef1ab587f3b8d2be1319704e17ae1f0e177601726e84f,20,d925f7a
deck_core,A7,"(a) relative decrease of mean AUC0-last CI width (%), schedule D1, k2016",results/trials/schedule_decision_base.csv,schedule == 'D1' :: a_mean_width_rel_decrease x 100,-0.394404162593442,-0.39,bb5709b29d60a28b0000e996758cf03adbad65869efe5c1b5a409f05aff0e0ea,20,d925f7a
deck_core,A7,"(a) relative decrease of mean AUC0-last CI width (%), schedule D1, k2020",results/trials/schedule_decision_struct2020.csv,schedule == 'D1' :: a_mean_width_rel_decrease x 100,-0.323886559642728,-0.32,70bc8a9b917c13c9bc847019895ddbb39edfcdd0a79c123d1f7466d18ba8234d,20,d925f7a
deck_core,A7,"(a) relative decrease of mean AUC0-last CI width (%), schedule D2, k2016",results/trials/schedule_decision_base.csv,schedule == 'D2' :: a_mean_width_rel_decrease x 100,-0.469827264197686,-0.47,bb5709b29d60a28b0000e996758cf03adbad65869efe5c1b5a409f05aff0e0ea,20,d925f7a
deck_core,A7,"(a) relative decrease of mean AUC0-last CI width (%), schedule D2, k2020",results/trials/schedule_decision_struct2020.csv,schedule == 'D2' :: a_mean_width_rel_decrease x 100,-0.425307911937156,-0.43,70bc8a9b917c13c9bc847019895ddbb39edfcdd0a79c123d1f7466d18ba8234d,20,d925f7a
deck_core,A7,"(a) relative decrease of mean AUC0-last CI width (%), schedule D3, k2016",results/trials/schedule_decision_base.csv,schedule == 'D3' :: a_mean_width_rel_decrease x 100,-0.128432702940717,-0.13,bb5709b29d60a28b0000e996758cf03adbad65869efe5c1b5a409f05aff0e0ea,20,d925f7a
deck_core,A7,"(a) relative decrease of mean AUC0-last CI width (%), schedule D3, k2020",results/trials/schedule_decision_struct2020.csv,schedule == 'D3' :: a_mean_width_rel_decrease x 100,0.0569693833152196,0.06,70bc8a9b917c13c9bc847019895ddbb39edfcdd0a79c123d1f7466d18ba8234d,20,d925f7a
deck_core,A7,"(a) relative decrease of mean AUC0-last CI width (%), schedule D4, k2016",results/trials/schedule_decision_base.csv,schedule == 'D4' :: a_mean_width_rel_decrease x 100,-0.400990067934548,-0.40,bb5709b29d60a28b0000e996758cf03adbad65869efe5c1b5a409f05aff0e0ea,20,d925f7a
deck_core,A7,"(a) relative decrease of mean AUC0-last CI width (%), schedule D4, k2020",results/trials/schedule_decision_struct2020.csv,schedule == 'D4' :: a_mean_width_rel_decrease x 100,-0.341526042506746,-0.34,70bc8a9b917c13c9bc847019895ddbb39edfcdd0a79c123d1f7466d18ba8234d,20,d925f7a
deck_core,A7,"(a) relative decrease of mean AUC0-last CI width (%), schedule Bminus, k2016",results/trials/schedule_decision_base.csv,schedule == 'Bminus' :: a_mean_width_rel_decrease x 100,0.685158972985667,0.69,bb5709b29d60a28b0000e996758cf03adbad65869efe5c1b5a409f05aff0e0ea,20,d925f7a
deck_core,A7,"(a) relative decrease of mean AUC0-last CI width (%), schedule Bminus, k2020",results/trials/schedule_decision_struct2020.csv,schedule == 'Bminus' :: a_mean_width_rel_decrease x 100,0.869579481832705,0.87,70bc8a9b917c13c9bc847019895ddbb39edfcdd0a79c123d1f7466d18ba8234d,20,d925f7a
deck_core,A7,"(b) AUC0-last pass change at ke x1.10 (points), schedule D1, k2016",results/trials/schedule_decision_base.csv,schedule == 'D1' :: b_ke110_gain_pp,-0.400000000000006,-0.4,bb5709b29d60a28b0000e996758cf03adbad65869efe5c1b5a409f05aff0e0ea,20,d925f7a
deck_core,A7,"(b) AUC0-last pass change at ke x1.10 (points), schedule D1, k2020",results/trials/schedule_decision_struct2020.csv,schedule == 'D1' :: b_ke110_gain_pp,-0.399999999999991,-0.4,70bc8a9b917c13c9bc847019895ddbb39edfcdd0a79c123d1f7466d18ba8234d,20,d925f7a
deck_core,A7,"(b) AUC0-last pass change at ke x1.10 (points), schedule D2, k2016",results/trials/schedule_decision_base.csv,schedule == 'D2' :: b_ke110_gain_pp,-0.400000000000006,-0.4,bb5709b29d60a28b0000e996758cf03adbad65869efe5c1b5a409f05aff0e0ea,20,d925f7a
deck_core,A7,"(b) AUC0-last pass change at ke x1.10 (points), schedule D2, k2020",results/trials/schedule_decision_struct2020.csv,schedule == 'D2' :: b_ke110_gain_pp,-0.399999999999991,-0.4,70bc8a9b917c13c9bc847019895ddbb39edfcdd0a79c123d1f7466d18ba8234d,20,d925f7a
deck_core,A7,"(b) AUC0-last pass change at ke x1.10 (points), schedule D3, k2016",results/trials/schedule_decision_base.csv,schedule == 'D3' :: b_ke110_gain_pp,-0.200000000000003,-0.2,bb5709b29d60a28b0000e996758cf03adbad65869efe5c1b5a409f05aff0e0ea,20,d925f7a
deck_core,A7,"(b) AUC0-last pass change at ke x1.10 (points), schedule D3, k2020",results/trials/schedule_decision_struct2020.csv,schedule == 'D3' :: b_ke110_gain_pp,0,0.0,70bc8a9b917c13c9bc847019895ddbb39edfcdd0a79c123d1f7466d18ba8234d,20,d925f7a
deck_core,A7,"(b) AUC0-last pass change at ke x1.10 (points), schedule D4, k2016",results/trials/schedule_decision_base.csv,schedule == 'D4' :: b_ke110_gain_pp,0,0.0,bb5709b29d60a28b0000e996758cf03adbad65869efe5c1b5a409f05aff0e0ea,20,d925f7a
deck_core,A7,"(b) AUC0-last pass change at ke x1.10 (points), schedule D4, k2020",results/trials/schedule_decision_struct2020.csv,schedule == 'D4' :: b_ke110_gain_pp,-0.399999999999991,-0.4,70bc8a9b917c13c9bc847019895ddbb39edfcdd0a79c123d1f7466d18ba8234d,20,d925f7a
deck_core,A7,"(b) AUC0-last pass change at ke x1.10 (points), schedule Bminus, k2016",results/trials/schedule_decision_base.csv,schedule == 'Bminus' :: b_ke110_gain_pp,0.200000000000003,0.2,bb5709b29d60a28b0000e996758cf03adbad65869efe5c1b5a409f05aff0e0ea,20,d925f7a
deck_core,A7,"(b) AUC0-last pass change at ke x1.10 (points), schedule Bminus, k2020",results/trials/schedule_decision_struct2020.csv,schedule == 'Bminus' :: b_ke110_gain_pp,0.400000000000006,0.4,70bc8a9b917c13c9bc847019895ddbb39edfcdd0a79c123d1f7466d18ba8234d,20,d925f7a
deck_core,A7,"(c) reliability change, set (ii) (points), schedule D1, k2016",results/trials/schedule_decision_base.csv,schedule == 'D1' :: c_reliable_gain_pp,-0.595,-0.60,bb5709b29d60a28b0000e996758cf03adbad65869efe5c1b5a409f05aff0e0ea,20,d925f7a
deck_core,A7,"(c) reliability change, set (ii) (points), schedule D1, k2020",results/trials/schedule_decision_struct2020.csv,schedule == 'D1' :: c_reliable_gain_pp,-3.11,-3.11,70bc8a9b917c13c9bc847019895ddbb39edfcdd0a79c123d1f7466d18ba8234d,20,d925f7a
deck_core,A7,"(c) reliability change, set (ii) (points), schedule D2, k2016",results/trials/schedule_decision_base.csv,schedule == 'D2' :: c_reliable_gain_pp,-0.27,-0.27,bb5709b29d60a28b0000e996758cf03adbad65869efe5c1b5a409f05aff0e0ea,20,d925f7a
deck_core,A7,"(c) reliability change, set (ii) (points), schedule D2, k2020",results/trials/schedule_decision_struct2020.csv,schedule == 'D2' :: c_reliable_gain_pp,-2.29,-2.29,70bc8a9b917c13c9bc847019895ddbb39edfcdd0a79c123d1f7466d18ba8234d,20,d925f7a
deck_core,A7,"(c) reliability change, set (ii) (points), schedule D3, k2016",results/trials/schedule_decision_base.csv,schedule == 'D3' :: c_reliable_gain_pp,1.69,1.69,bb5709b29d60a28b0000e996758cf03adbad65869efe5c1b5a409f05aff0e0ea,20,d925f7a
deck_core,A7,"(c) reliability change, set (ii) (points), schedule D3, k2020",results/trials/schedule_decision_struct2020.csv,schedule == 'D3' :: c_reliable_gain_pp,-1.935,-1.94,70bc8a9b917c13c9bc847019895ddbb39edfcdd0a79c123d1f7466d18ba8234d,20,d925f7a
deck_core,A7,"(c) reliability change, set (ii) (points), schedule D4, k2016",results/trials/schedule_decision_base.csv,schedule == 'D4' :: c_reliable_gain_pp,-0.83,-0.83,bb5709b29d60a28b0000e996758cf03adbad65869efe5c1b5a409f05aff0e0ea,20,d925f7a
deck_core,A7,"(c) reliability change, set (ii) (points), schedule D4, k2020",results/trials/schedule_decision_struct2020.csv,schedule == 'D4' :: c_reliable_gain_pp,-3.5,-3.50,70bc8a9b917c13c9bc847019895ddbb39edfcdd0a79c123d1f7466d18ba8234d,20,d925f7a
deck_core,A7,"(c) reliability change, set (ii) (points), schedule Bminus, k2016",results/trials/schedule_decision_base.csv,schedule == 'Bminus' :: c_reliable_gain_pp,-1.815,-1.82,bb5709b29d60a28b0000e996758cf03adbad65869efe5c1b5a409f05aff0e0ea,20,d925f7a
deck_core,A7,"(c) reliability change, set (ii) (points), schedule Bminus, k2020",results/trials/schedule_decision_struct2020.csv,schedule == 'Bminus' :: c_reliable_gain_pp,-3.18,-3.18,70bc8a9b917c13c9bc847019895ddbb39edfcdd0a79c123d1f7466d18ba8234d,20,d925f7a
deck_core,A7,"(d) share with NCA extrapolation above 20%, ratio to B0, schedule D1, k2016",results/trials/schedule_decision_base.csv,schedule == 'D1' :: d_extrap20_ratio,0.920922469436368,0.92,bb5709b29d60a28b0000e996758cf03adbad65869efe5c1b5a409f05aff0e0ea,20,d925f7a
deck_core,A7,"(d) share with NCA extrapolation above 20%, ratio to B0, schedule D1, k2020",results/trials/schedule_decision_struct2020.csv,schedule == 'D1' :: d_extrap20_ratio,0.968603810362173,0.97,70bc8a9b917c13c9bc847019895ddbb39edfcdd0a79c123d1f7466d18ba8234d,20,d925f7a
deck_core,A7,"(d) share with NCA extrapolation above 20%, ratio to B0, schedule D2, k2016",results/trials/schedule_decision_base.csv,schedule == 'D2' :: d_extrap20_ratio,0.930177971641755,0.93,bb5709b29d60a28b0000e996758cf03adbad65869efe5c1b5a409f05aff0e0ea,20,d925f7a
deck_core,A7,"(d) share with NCA extrapolation above 20%, ratio to B0, schedule D2, k2020",results/trials/schedule_decision_struct2020.csv,schedule == 'D2' :: d_extrap20_ratio,0.97485286720322,0.97,70bc8a9b917c13c9bc847019895ddbb39edfcdd0a79c123d1f7466d18ba8234d,20,d925f7a
deck_core,A7,"(d) share with NCA extrapolation above 20%, ratio to B0, schedule D3, k2016",results/trials/schedule_decision_base.csv,schedule == 'D3' :: d_extrap20_ratio,0.598722744752727,0.60,bb5709b29d60a28b0000e996758cf03adbad65869efe5c1b5a409f05aff0e0ea,20,d925f7a
deck_core,A7,"(d) share with NCA extrapolation above 20%, ratio to B0, schedule D3, k2020",results/trials/schedule_decision_struct2020.csv,schedule == 'D3' :: d_extrap20_ratio,0.685568529574074,0.69,70bc8a9b917c13c9bc847019895ddbb39edfcdd0a79c123d1f7466d18ba8234d,20,d925f7a
deck_core,A7,"(d) share with NCA extrapolation above 20%, ratio to B0, schedule D4, k2016",results/trials/schedule_decision_base.csv,schedule == 'D4' :: d_extrap20_ratio,0.925644118299087,0.93,bb5709b29d60a28b0000e996758cf03adbad65869efe5c1b5a409f05aff0e0ea,20,d925f7a
deck_core,A7,"(d) share with NCA extrapolation above 20%, ratio to B0, schedule D4, k2020",results/trials/schedule_decision_struct2020.csv,schedule == 'D4' :: d_extrap20_ratio,0.97485286720322,0.97,70bc8a9b917c13c9bc847019895ddbb39edfcdd0a79c123d1f7466d18ba8234d,20,d925f7a
deck_core,A7,"(d) share with NCA extrapolation above 20%, ratio to B0, schedule Bminus, k2016",results/trials/schedule_decision_base.csv,schedule == 'Bminus' :: d_extrap20_ratio,1.2871676609117,1.29,bb5709b29d60a28b0000e996758cf03adbad65869efe5c1b5a409f05aff0e0ea,20,d925f7a
deck_core,A7,"(d) share with NCA extrapolation above 20%, ratio to B0, schedule Bminus, k2020",results/trials/schedule_decision_struct2020.csv,schedule == 'Bminus' :: d_extrap20_ratio,1.29394529284492,1.29,70bc8a9b917c13c9bc847019895ddbb39edfcdd0a79c123d1f7466d18ba8234d,20,d925f7a
deck_core,A7,"change in the share meeting set (iii) vs B0, schedule D1, k2016 (points)",results/core_deck/reliable_iii_by_schedule.csv,model=='k2016' & schedule=='D1' :: diff_vs_B0_pp,-0.495000000000001,-0.5,d2b4e3ec8cddd1130f06ddbcee6c7462054cb03d65c02f9df26d361fdca68647,20,d925f7a
deck_core,A7,"change in the share meeting set (iii) vs B0, schedule D1, k2020 (points)",results/core_deck/reliable_iii_by_schedule.csv,model=='k2020' & schedule=='D1' :: diff_vs_B0_pp,-0.765000000000005,-0.8,d2b4e3ec8cddd1130f06ddbcee6c7462054cb03d65c02f9df26d361fdca68647,20,d925f7a
deck_core,A7,"change in the share meeting set (iii) vs B0, schedule D2, k2016 (points)",results/core_deck/reliable_iii_by_schedule.csv,model=='k2016' & schedule=='D2' :: diff_vs_B0_pp,-1.08,-1.1,d2b4e3ec8cddd1130f06ddbcee6c7462054cb03d65c02f9df26d361fdca68647,20,d925f7a
deck_core,A7,"change in the share meeting set (iii) vs B0, schedule D2, k2020 (points)",results/core_deck/reliable_iii_by_schedule.csv,model=='k2020' & schedule=='D2' :: diff_vs_B0_pp,-2.285,-2.3,d2b4e3ec8cddd1130f06ddbcee6c7462054cb03d65c02f9df26d361fdca68647,20,d925f7a
deck_core,A7,"change in the share meeting set (iii) vs B0, schedule D3, k2016 (points)",results/core_deck/reliable_iii_by_schedule.csv,model=='k2016' & schedule=='D3' :: diff_vs_B0_pp,1.35999999999999,1.4,d2b4e3ec8cddd1130f06ddbcee6c7462054cb03d65c02f9df26d361fdca68647,20,d925f7a
deck_core,A7,"change in the share meeting set (iii) vs B0, schedule D3, k2020 (points)",results/core_deck/reliable_iii_by_schedule.csv,model=='k2020' & schedule=='D3' :: diff_vs_B0_pp,0.649999999999995,0.7,d2b4e3ec8cddd1130f06ddbcee6c7462054cb03d65c02f9df26d361fdca68647,20,d925f7a
deck_core,A7,"change in the share meeting set (iii) vs B0, schedule D4, k2016 (points)",results/core_deck/reliable_iii_by_schedule.csv,model=='k2016' & schedule=='D4' :: diff_vs_B0_pp,-1.495,-1.5,d2b4e3ec8cddd1130f06ddbcee6c7462054cb03d65c02f9df26d361fdca68647,20,d925f7a
deck_core,A7,"change in the share meeting set (iii) vs B0, schedule D4, k2020 (points)",results/core_deck/reliable_iii_by_schedule.csv,model=='k2020' & schedule=='D4' :: diff_vs_B0_pp,-2.43000000000001,-2.4,d2b4e3ec8cddd1130f06ddbcee6c7462054cb03d65c02f9df26d361fdca68647,20,d925f7a
deck_core,A7,"largest relative decrease of the mean AUC0-last CI width with added samples (%), two models",results/trials/schedule_decision_struct2020.csv,whole object,NA,(table),70bc8a9b917c13c9bc847019895ddbb39edfcdd0a79c123d1f7466d18ba8234d,20,d925f7a
deck_core,A7,"largest relative decrease of the mean AUC0-last CI width with added samples (%), two models",results/trials/schedule_decision_base.csv,"max over trials/schedule_decision_base.csv and trials/schedule_decision_struct2020.csv [schedule %in% c('D1','D2','D3','D4')] :: a_mean_width_rel_decrease x 100",0.0569693833152196,0.06,bb5709b29d60a28b0000e996758cf03adbad65869efe5c1b5a409f05aff0e0ea,20,d925f7a
deck_core,A7,"largest reliability gain versus B0, set (ii), trial population, D1 to D4",results/reliability/reliability_paired_vs_B0.csv,"max over 8 rows [variant %in% c('base','struct2020') & schedule %in% c('D1','D2','D3','D4')] :: gain_ii_pp",1.69,1.69,25c664d815ff40194ca4fb53984e0c166bbf23a169e9c0533214cfb3d9385ecc,20,d925f7a
deck_core,A7,"change in the share meeting set (iii), D1-D4 vs B0, range over schedules and models (percentage points)",results/core_deck/reliable_iii_by_schedule.csv,schedule!='B0' :: range(diff_vs_B0_pp),-2.43000000000001;  1.35999999999999,-2.4~+1.4,d2b4e3ec8cddd1130f06ddbcee6c7462054cb03d65c02f9df26d361fdca68647,20,d925f7a
deck_core,A7,schedule Bminus: study days removed relative to B0,config/trial_design.yaml,"setdiff(B0, Bminus) :: schedules.Bminus.days + 1",50,50,553eceab74155a3497fef1ab587f3b8d2be1319704e17ae1f0e177601726e84f,20,d925f7a
deck_core,A7,"(a) CI width decrease when Day 50 is removed (%), schedule Bminus, k2016",results/trials/schedule_decision_base.csv,schedule == 'Bminus' :: a_mean_width_rel_decrease x 100,0.685158972985667,0.69,bb5709b29d60a28b0000e996758cf03adbad65869efe5c1b5a409f05aff0e0ea,20,d925f7a
deck_core,A7,"(a) CI width decrease when Day 50 is removed (%), schedule Bminus, k2020",results/trials/schedule_decision_struct2020.csv,schedule == 'Bminus' :: a_mean_width_rel_decrease x 100,0.869579481832705,0.87,70bc8a9b917c13c9bc847019895ddbb39edfcdd0a79c123d1f7466d18ba8234d,20,d925f7a
deck_core,A7,"(d) ratio of the share above 20% extrapolation when Day 50 is removed, same in both models, schedule Bminus, k2016",results/trials/schedule_decision_base.csv,schedule == 'Bminus' :: d_extrap20_ratio,1.2871676609117,1.29,bb5709b29d60a28b0000e996758cf03adbad65869efe5c1b5a409f05aff0e0ea,20,d925f7a
deck_core,A7,"(d) ratio of the share above 20% extrapolation when Day 50 is removed, same in both models, schedule Bminus, k2020",results/trials/schedule_decision_struct2020.csv,schedule == 'Bminus' :: d_extrap20_ratio,1.29394529284492,1.29,70bc8a9b917c13c9bc847019895ddbb39edfcdd0a79c123d1f7466d18ba8234d,20,d925f7a
deck_core,A7,Vmax multiplier of the sensitivity variant (both arms),config/scenarios.yaml,sensitivity_variants.vmax080_both.theta_multipliers.Vmax,0.8,0.8,7243c4f34f21614eccae4c143ba05b8a9eb9183a76770cfce7153ef30a5dc17c,20,d925f7a
deck_core,A7,"(d) D3 ratio, Vmax x0.8 both arms (20,000 subjects)",results/trials/schedule_decision_vmax080_both.csv,schedule == 'D3' :: d_extrap20_ratio,0.487589837193006,0.488,1ea1561a2930c1fa299e83a9c2d9c7cf506a1db065e95060788c03353b9f122f,20,d925f7a
deck_core,A7,subjects per model and variant,config/trial_design.yaml,mc.n_individual,20000,"20,000",553eceab74155a3497fef1ab587f3b8d2be1319704e17ae1f0e177601726e84f,20,d925f7a
deck_core,A7,"subjects in the criterion (d) re-evaluation, Vmax x0.8",results/individual200k/criterion_d_200k_vmax080_both.csv,TRUE :: n_subjects,200000,"200,000",fdedd0ac8373a2bebffc12896073e05d5c4926bce66c385376a5341f916f00fd,20,d925f7a
deck_core,A7,"(d) D3 ratio at 200,000 subjects, Vmax x0.8 both arms",results/individual200k/criterion_d_200k_vmax080_both.csv,TRUE :: extrap_gt20_ratio,0.586458333333333,0.586,fdedd0ac8373a2bebffc12896073e05d5c4926bce66c385376a5341f916f00fd,20,d925f7a
deck_core,A7,"(d) D3 bootstrap 95% interval, Vmax x0.8 both arms",results/trials/schedule_decision_vmax080_both.csv,"over 1 rows [schedule == 'D3'] :: min(d_ratio_boot_lo), max(d_ratio_boot_hi)",0.370786516853933; 0.619606389986824,0.37~0.62,1ea1561a2930c1fa299e83a9c2d9c7cf506a1db065e95060788c03353b9f122f,20,d925f7a
deck_core,A7,"(d) D3 absolute change in subjects above 20% extrapolation per arm, Vmax x0.8",results/trials/schedule_decision_vmax080_both.csv,schedule == 'D3' :: d_abs_change_per_arm x -1,0.2574,0.26,1ea1561a2930c1fa299e83a9c2d9c7cf506a1db065e95060788c03353b9f122f,20,d925f7a
deck_core,A7,"added visits, D3",results/trials/schedule_decision_vmax080_both.csv,schedule == 'D3' :: added_visits_total,1040,"1,040",1ea1561a2930c1fa299e83a9c2d9c7cf506a1db065e95060788c03353b9f122f,20,d925f7a
deck_core,A7,criteria set (ii) adj_r2_min,config/prereg_20260926.yaml,section4.criteria_sets.ii.adj_r2_min,0.8,0.80,dc2c9f1bd4d62e13ad9f5f551dcf97eb7ee1359ba13aaa3af8efc063dfc6303e,20,d925f7a
deck_core,A7,criteria set (ii) span_ratio_min,config/prereg_20260926.yaml,section4.criteria_sets.ii.span_ratio_min,2,2,dc2c9f1bd4d62e13ad9f5f551dcf97eb7ee1359ba13aaa3af8efc063dfc6303e,20,d925f7a
deck_core,A7,criteria set (iii) adj_r2_min,config/prereg_20260926.yaml,section4.criteria_sets.iii.adj_r2_min,0.9,0.90,dc2c9f1bd4d62e13ad9f5f551dcf97eb7ee1359ba13aaa3af8efc063dfc6303e,20,d925f7a
deck_core,A7,added visits per added sample point,config/trial_design.yaml,decision_rule.cost_per_added_point.subjects,260,260,553eceab74155a3497fef1ab587f3b8d2be1319704e17ae1f0e177601726e84f,20,d925f7a
deck_core,A7,subjects per model and variant,config/trial_design.yaml,mc.n_individual,20000,"20,000",553eceab74155a3497fef1ab587f3b8d2be1319704e17ae1f0e177601726e84f,20,d925f7a
deck_core,A7,trials per model and variant,config/trial_design.yaml,mc.n_trials,500,500,553eceab74155a3497fef1ab587f3b8d2be1319704e17ae1f0e177601726e84f,20,d925f7a
deck_core,A7,schedule decision date,config/schedule_decision.yaml,decision_date,2026-09-24,2026-09-24,de62d815c54d33e4016ed7fdb535ede38ae9c0a6350ef8e7e0a26cb5dd9572b2,20,d925f7a
deck_core,A7,"schedule B0, all (study day = days after dose + 1)",config/trial_design.yaml,schedules.B0.days :: all, 1.25;  2.00;  4.00;  6.00;  8.00; 11.00; 15.00; 22.00; 29.00; 36.00; 43.00; 50.00; 57.00,"2, 4, 6, 8, 11, 15, 22, 29, 36, 43, 50, 57",553eceab74155a3497fef1ab587f3b8d2be1319704e17ae1f0e177601726e84f,20,d925f7a
deck_core,A7,"first B0 sample, hours after dose",config/trial_design.yaml,schedules.B0.days :: min(days) x 24,6,6,553eceab74155a3497fef1ab587f3b8d2be1319704e17ae1f0e177601726e84f,20,d925f7a
deck_core,A7,"added visits, D1",results/trials/schedule_decision_base.csv,schedule=='D1' :: added_visits_total,520,520,bb5709b29d60a28b0000e996758cf03adbad65869efe5c1b5a409f05aff0e0ea,20,d925f7a
deck_core,A7,"added visits, D2",results/trials/schedule_decision_base.csv,schedule=='D2' :: added_visits_total,780,780,bb5709b29d60a28b0000e996758cf03adbad65869efe5c1b5a409f05aff0e0ea,20,d925f7a
deck_core,A7,"added visits, D3",results/trials/schedule_decision_base.csv,schedule=='D3' :: added_visits_total,1040,"1,040",bb5709b29d60a28b0000e996758cf03adbad65869efe5c1b5a409f05aff0e0ea,20,d925f7a
deck_core,A7,"added visits, D4",results/trials/schedule_decision_base.csv,schedule=='D4' :: added_visits_total,520,520,bb5709b29d60a28b0000e996758cf03adbad65869efe5c1b5a409f05aff0e0ea,20,d925f7a
deck_core,A7,"added visits, Bminus",results/trials/schedule_decision_base.csv,schedule=='Bminus' :: added_visits_total,-260,-260,bb5709b29d60a28b0000e996758cf03adbad65869efe5c1b5a409f05aff0e0ea,20,d925f7a
deck_core,A7,"(d) ratio of the share above 20% extrapolation when Day 50 is removed, schedule Bminus, k2016",results/trials/schedule_decision_base.csv,schedule == 'Bminus' :: d_extrap20_ratio,1.2871676609117,1.29,bb5709b29d60a28b0000e996758cf03adbad65869efe5c1b5a409f05aff0e0ea,20,d925f7a
deck_core,A7,"(d) ratio of the share above 20% extrapolation when Day 50 is removed, schedule Bminus, k2020",results/trials/schedule_decision_struct2020.csv,schedule == 'Bminus' :: d_extrap20_ratio,1.29394529284492,1.29,70bc8a9b917c13c9bc847019895ddbb39edfcdd0a79c123d1f7466d18ba8234d,20,d925f7a
deck_core,A7,"(c) reliability change, set (ii), when Day 50 is removed (points), schedule Bminus, k2016",results/trials/schedule_decision_base.csv,schedule == 'Bminus' :: c_reliable_gain_pp,-1.815,-1.82,bb5709b29d60a28b0000e996758cf03adbad65869efe5c1b5a409f05aff0e0ea,20,d925f7a
deck_core,A7,"(c) reliability change, set (ii), when Day 50 is removed (points), schedule Bminus, k2020",results/trials/schedule_decision_struct2020.csv,schedule == 'Bminus' :: c_reliable_gain_pp,-3.18,-3.18,70bc8a9b917c13c9bc847019895ddbb39edfcdd0a79c123d1f7466d18ba8234d,20,d925f7a
deck_core,A7,"reliability change set (i), D1 to D4, two models (points)",results/reliability/reliability_paired_vs_B0.csv,"range over 8 rows [variant %in% c('base','struct2020') & schedule %in% c('D1','D2','D3','D4')] :: gain_i_pp",-1.015;  2.755,-1.02~2.76,25c664d815ff40194ca4fb53984e0c166bbf23a169e9c0533214cfb3d9385ecc,20,d925f7a
deck_core,A7,"reliability change set (ii), D1 to D4, two models (points)",results/reliability/reliability_paired_vs_B0.csv,"range over 8 rows [variant %in% c('base','struct2020') & schedule %in% c('D1','D2','D3','D4')] :: gain_ii_pp",-3.50;  1.69,-3.50~1.69,25c664d815ff40194ca4fb53984e0c166bbf23a169e9c0533214cfb3d9385ecc,20,d925f7a
deck_core,A7,"share meeting set (iii), B0, 2016",results/core_deck/reliable_iii_by_schedule.csv,model=='k2016' & schedule=='B0' :: pct_reliable_iii,61.24,61.2%,d2b4e3ec8cddd1130f06ddbcee6c7462054cb03d65c02f9df26d361fdca68647,20,d925f7a
deck_core,A7,"share meeting set (iii), B0, 2020",results/core_deck/reliable_iii_by_schedule.csv,model=='k2020' & schedule=='B0' :: pct_reliable_iii,66.785,66.8%,d2b4e3ec8cddd1130f06ddbcee6c7462054cb03d65c02f9df26d361fdca68647,20,d925f7a
deck_core,A7,"change with D3, two models",results/core_deck/reliable_iii_by_schedule.csv,range over 2 rows [schedule=='D3'] :: diff_vs_B0_pp,0.649999999999995; 1.359999999999990,0.7~1.4%p,d2b4e3ec8cddd1130f06ddbcee6c7462054cb03d65c02f9df26d361fdca68647,20,d925f7a
deck_core,A7,virtual subjects per model,results/core_deck/reliable_iii_by_schedule.csv,model=='k2016' & schedule=='B0' :: n,20000,"20,000",d2b4e3ec8cddd1130f06ddbcee6c7462054cb03d65c02f9df26d361fdca68647,20,d925f7a
deck_core,A7,"(d) D3 ratio with bootstrap interval, base",results/trials/schedule_decision_base.csv,"schedule=='D3' :: d_extrap20_ratio [d_ratio_boot_lo, d_ratio_boot_hi]",0.598722744752727; 0.531635680379747; 0.668164129872370,0.60 (95% CI 0.53~0.67),bb5709b29d60a28b0000e996758cf03adbad65869efe5c1b5a409f05aff0e0ea,20,d925f7a
deck_core,A7,"(d) D3 ratio with bootstrap interval, struct2020",results/trials/schedule_decision_struct2020.csv,"schedule=='D3' :: d_extrap20_ratio [d_ratio_boot_lo, d_ratio_boot_hi]",0.685568529574074; 0.612015429122469; 0.763513513513514,0.69 (95% CI 0.61~0.76),70bc8a9b917c13c9bc847019895ddbb39edfcdd0a79c123d1f7466d18ba8234d,20,d925f7a
deck_core,A7,subjects in the criterion (d) re-evaluation,results/individual200k/criterion_d_200k_base.csv,TRUE :: n_subjects,200000,"200,000",ae9015b82606edeab44b551b30b253bc060edd5d5fcd2a4f923548bcc9fe6e32,20,d925f7a
deck_core,A7,"criterion (d) at 200,000 subjects, D3, k2016",results/individual200k/criterion_d_200k_base.csv,"TRUE :: extrap_gt20_ratio [d_ratio_boot_lo, d_ratio_boot_hi]",0.603455914931325; 0.582527461102273; 0.624174182916104,0.603 (95% CI 0.583~0.624),ae9015b82606edeab44b551b30b253bc060edd5d5fcd2a4f923548bcc9fe6e32,20,d925f7a
deck_core,A7,"criterion (d) at 200,000 subjects, D3, k2020",results/individual200k/criterion_d_200k_struct2020.csv,"TRUE :: extrap_gt20_ratio [d_ratio_boot_lo, d_ratio_boot_hi]",0.724619289340102; 0.701021329409390; 0.747976008460208,0.725 (95% CI 0.701~0.748),f601efcc96f1954c114480fc57501e4411e809d9381cbd5bf0969cff99b55827,20,d925f7a
deck_core,A7,sampling-schedule decision rule: timing status in the prespecification register,regulatory/tables/prespecification_register.csv,"grepl('^Sampling-schedule decision rule', Item) :: Status","specified after the first schedule simulations were run, before any result was reported","specified after the first schedule simulations were run, before any result was reported",d1565008785bcb8806d3752a5bf03081067652d919f80584ad9d5ea220c2983d,20,d925f7a
deck_core,A7,sampling-schedule decision rule: date (evidence) in the prespecification register,regulatory/tables/prespecification_register.csv,"grepl('^Sampling-schedule decision rule', Item) :: Date (evidence)",2026-09-24 02:52 UTC (commit c018729),2026-09-24 02:52 UTC (commit c018729),d1565008785bcb8806d3752a5bf03081067652d919f80584ad9d5ea220c2983d,20,d925f7a
deck_core,A7,"(d) D3 bootstrap 95% interval at 200,000 subjects, Vmax x0.8",results/individual200k/criterion_d_200k_vmax080_both.csv,"over 1 rows [TRUE] :: min(d_ratio_boot_lo), max(d_ratio_boot_hi)",0.551760019136643; 0.622706419260514,0.552~0.623,fdedd0ac8373a2bebffc12896073e05d5c4926bce66c385376a5341f916f00fd,20,d925f7a
deck_core,A7,registration date of the v1.0.1 pre-registration,config/prereg_20260926.yaml,registered_on,2026-09-25,2026-09-25,dc2c9f1bd4d62e13ad9f5f551dcf97eb7ee1359ba13aaa3af8efc063dfc6303e,20,d925f7a
deck_core,A8,"Km multiplier search range, test arm",config/oc_design.yaml,mechanisms.Km.range,1e-02; 1e+02,0.01~100,629011b264fbc4c3f03f8a3989bac1f2711d49959f3268f5e8f758c80f93ea0a,21,d925f7a
deck_core,A8,"true AUCinf ratio range over the Km search range (range ends and reached rows), two models",results/oc/inversion_all.csv,"mechanism=='Km' :: end_auc_ratio, auc_ratio",0.998949506997432; 1.058748397272760,0.999~1.059,7b0f06ec39b8c6d76e4b02d5301502fb01167a0cb730bc1e5fea08e64726541f,21,d925f7a
deck_core,A8,"true Cmax ratio range over the Km search range (range ends and reached rows), two models",results/oc/inversion_all.csv,"mechanism=='Km' :: end_cmax_ratio, cmax_ratio",0.999566418039523; 1.010348772671770,1.000~1.010,7b0f06ec39b8c6d76e4b02d5301502fb01167a0cb730bc1e5fea08e64726541f,21,d925f7a
deck_core,A8,common virtual subjects for the true ratio,config/oc_design.yaml,estimand.population.n_subjects,200000,"200,000",629011b264fbc4c3f03f8a3989bac1f2711d49959f3268f5e8f758c80f93ea0a,21,d925f7a
deck_core,A8,"equivalence limit(s) as a ratio, element 1 and 2",config/trial_design.yaml,"be.limits :: element 1, 2 as a ratio",0.80; 1.25,0.80~1.25,553eceab74155a3497fef1ab587f3b8d2be1319704e17ae1f0e177601726e84f,21,d925f7a
deck_core,A8,reachable Km target,results/oc/inversion_all.csv,mechanism=='Km' & reachable==TRUE & model=='k2016' :: target,1.05,1.05,7b0f06ec39b8c6d76e4b02d5301502fb01167a0cb730bc1e5fea08e64726541f,21,d925f7a
deck_core,A8,"Km typical value, fixed in both models (mg/L)",config/params_typical.yaml,theta.Km.value,0.01,0.01,0661b248227771273d5c58c86c61f35ef655fdeecebe3f188868fd61cff4b801,21,d925f7a
deck_core,A8,study LLOQ (mg/L),config/assay.yaml,lloq_mg_L.value,0.078,0.078,13bb4e6e5a604962f3e30a9f31dffb53fcfcaa71272e41d6a12413c1cec26604,21,d925f7a
deck_core,A8,"Km multiplier reaching 1.05, k2016",results/oc/inversion_all.csv,mechanism=='Km' & reachable==TRUE & model=='k2016' :: multiplier,84.0386692344027,84,7b0f06ec39b8c6d76e4b02d5301502fb01167a0cb730bc1e5fea08e64726541f,21,d925f7a
deck_core,A8,"Km multiplier reaching 1.05, k2020",results/oc/inversion_all.csv,mechanism=='Km' & reachable==TRUE & model=='k2020' :: multiplier,91.947868631888,92,7b0f06ec39b8c6d76e4b02d5301502fb01167a0cb730bc1e5fea08e64726541f,21,d925f7a
deck_core,A8,"equivalence limit(s) as a ratio, element 1",config/trial_design.yaml,be.limits :: element 1 as a ratio,0.8,0.80,553eceab74155a3497fef1ab587f3b8d2be1319704e17ae1f0e177601726e84f,21,d925f7a
deck_core,A8,"equivalence limit(s) as a ratio, element 2",config/trial_design.yaml,be.limits :: element 2 as a ratio,1.25,1.25,553eceab74155a3497fef1ab587f3b8d2be1319704e17ae1f0e177601726e84f,21,d925f7a
deck_core,A8,"F multiplier reaching 0.80, k2016",results/oc/inversion_all.csv,mechanism=='F' & abs(target-0.80)<1e-9 & reachable==TRUE & model=='k2016' :: multiplier,0.872152535936487,0.87,7b0f06ec39b8c6d76e4b02d5301502fb01167a0cb730bc1e5fea08e64726541f,21,d925f7a
deck_core,A8,"F multiplier reaching 0.80, k2020",results/oc/inversion_all.csv,mechanism=='F' & abs(target-0.80)<1e-9 & reachable==TRUE & model=='k2020' :: multiplier,0.871335777735966,0.87,7b0f06ec39b8c6d76e4b02d5301502fb01167a0cb730bc1e5fea08e64726541f,21,d925f7a
deck_core,A8,"ka multiplier reaching 0.80, k2016",results/oc/inversion_all.csv,mechanism=='ka' & abs(target-0.80)<1e-9 & reachable==TRUE & model=='k2016' :: multiplier,0.440433361793372,0.44,7b0f06ec39b8c6d76e4b02d5301502fb01167a0cb730bc1e5fea08e64726541f,21,d925f7a
deck_core,A8,"ka multiplier reaching 0.80, k2020",results/oc/inversion_all.csv,mechanism=='ka' & abs(target-0.80)<1e-9 & reachable==TRUE & model=='k2020' :: multiplier,0.424232725036545,0.42,7b0f06ec39b8c6d76e4b02d5301502fb01167a0cb730bc1e5fea08e64726541f,21,d925f7a
deck_core,A8,"ke multiplier reaching 0.80, k2016",results/oc/inversion_all.csv,mechanism=='ke' & abs(target-0.80)<1e-9 & reachable==TRUE & model=='k2016' :: multiplier,1.47110350143772,1.47,7b0f06ec39b8c6d76e4b02d5301502fb01167a0cb730bc1e5fea08e64726541f,21,d925f7a
deck_core,A8,"ke multiplier reaching 0.80, k2020",results/oc/inversion_all.csv,mechanism=='ke' & abs(target-0.80)<1e-9 & reachable==TRUE & model=='k2020' :: multiplier,1.45683866187482,1.46,7b0f06ec39b8c6d76e4b02d5301502fb01167a0cb730bc1e5fea08e64726541f,21,d925f7a
deck_core,A8,"Vmax multiplier reaching 0.80, k2016",results/oc/inversion_all.csv,mechanism=='Vmax' & abs(target-0.80)<1e-9 & reachable==TRUE & model=='k2016' :: multiplier,1.39486202241965,1.39,7b0f06ec39b8c6d76e4b02d5301502fb01167a0cb730bc1e5fea08e64726541f,21,d925f7a
deck_core,A8,"Vmax multiplier reaching 0.80, k2020",results/oc/inversion_all.csv,mechanism=='Vmax' & abs(target-0.80)<1e-9 & reachable==TRUE & model=='k2020' :: multiplier,1.3969545986339,1.40,7b0f06ec39b8c6d76e4b02d5301502fb01167a0cb730bc1e5fea08e64726541f,21,d925f7a
deck_core,A8,"V2 multiplier reaching 0.80, k2016",results/oc/inversion_all.csv,mechanism=='V2' & abs(target-0.80)<1e-9 & reachable==TRUE & model=='k2016' :: multiplier,3.21003979693093,3.21,7b0f06ec39b8c6d76e4b02d5301502fb01167a0cb730bc1e5fea08e64726541f,21,d925f7a
deck_core,A8,"V2 multiplier reaching 0.80, k2020",results/oc/inversion_all.csv,mechanism=='V2' & abs(target-0.80)<1e-9 & reachable==TRUE & model=='k2020' :: multiplier,2.27730854120339,2.28,7b0f06ec39b8c6d76e4b02d5301502fb01167a0cb730bc1e5fea08e64726541f,21,d925f7a
deck_core,A8,Km: rows reaching target 0.80 (none),results/oc/inversion_all.csv,count of rows [mechanism=='Km' & abs(target-0.80)<1e-9 & reachable==TRUE],0,0,7b0f06ec39b8c6d76e4b02d5301502fb01167a0cb730bc1e5fea08e64726541f,21,d925f7a
deck_core,A8,"F multiplier reaching 1.25, k2016",results/oc/inversion_all.csv,mechanism=='F' & abs(target-1.25)<1e-9 & reachable==TRUE & model=='k2016' :: multiplier,1.15149083830699,1.15,7b0f06ec39b8c6d76e4b02d5301502fb01167a0cb730bc1e5fea08e64726541f,21,d925f7a
deck_core,A8,"F multiplier reaching 1.25, k2020",results/oc/inversion_all.csv,mechanism=='F' & abs(target-1.25)<1e-9 & reachable==TRUE & model=='k2020' :: multiplier,1.15294080629446,1.15,7b0f06ec39b8c6d76e4b02d5301502fb01167a0cb730bc1e5fea08e64726541f,21,d925f7a
deck_core,A8,ka: rows reaching target 1.25 (none),results/oc/inversion_all.csv,count of rows [mechanism=='ka' & abs(target-1.25)<1e-9 & reachable==TRUE],0,0,7b0f06ec39b8c6d76e4b02d5301502fb01167a0cb730bc1e5fea08e64726541f,21,d925f7a
deck_core,A8,"ke multiplier reaching 1.25, k2016",results/oc/inversion_all.csv,mechanism=='ke' & abs(target-1.25)<1e-9 & reachable==TRUE & model=='k2016' :: multiplier,0.632567348266282,0.63,7b0f06ec39b8c6d76e4b02d5301502fb01167a0cb730bc1e5fea08e64726541f,21,d925f7a
deck_core,A8,"ke multiplier reaching 1.25, k2020",results/oc/inversion_all.csv,mechanism=='ke' & abs(target-1.25)<1e-9 & reachable==TRUE & model=='k2020' :: multiplier,0.642602940228105,0.64,7b0f06ec39b8c6d76e4b02d5301502fb01167a0cb730bc1e5fea08e64726541f,21,d925f7a
deck_core,A8,"Vmax multiplier reaching 1.25, k2016",results/oc/inversion_all.csv,mechanism=='Vmax' & abs(target-1.25)<1e-9 & reachable==TRUE & model=='k2016' :: multiplier,0.660178624277622,0.66,7b0f06ec39b8c6d76e4b02d5301502fb01167a0cb730bc1e5fea08e64726541f,21,d925f7a
deck_core,A8,"Vmax multiplier reaching 1.25, k2020",results/oc/inversion_all.csv,mechanism=='Vmax' & abs(target-1.25)<1e-9 & reachable==TRUE & model=='k2020' :: multiplier,0.651331501646086,0.65,7b0f06ec39b8c6d76e4b02d5301502fb01167a0cb730bc1e5fea08e64726541f,21,d925f7a
deck_core,A8,V2: rows reaching target 1.25 (none),results/oc/inversion_all.csv,count of rows [mechanism=='V2' & abs(target-1.25)<1e-9 & reachable==TRUE],0,0,7b0f06ec39b8c6d76e4b02d5301502fb01167a0cb730bc1e5fea08e64726541f,21,d925f7a
deck_core,A8,Km: rows reaching target 1.25 (none),results/oc/inversion_all.csv,count of rows [mechanism=='Km' & abs(target-1.25)<1e-9 & reachable==TRUE],0,0,7b0f06ec39b8c6d76e4b02d5301502fb01167a0cb730bc1e5fea08e64726541f,21,d925f7a
deck_core,A8,figure a8_km_inversion,results/oc/inversion_all.csv,whole object,NA,(figure),7b0f06ec39b8c6d76e4b02d5301502fb01167a0cb730bc1e5fea08e64726541f,21,d925f7a
deck_core,A8,figure a8_km_inversion,results/oc/inversion_scan_k2016_Km.csv,whole object,NA,(figure),f3ce02f80a4ba3b25b94ebafb6c762489ba99a8772cd505eff7bedcc59e6b6ff,21,d925f7a
deck_core,A8,figure a8_km_inversion,results/oc/inversion_scan_k2020_Km.csv,whole object,NA,(figure),1d7a75967c1ead80f19157dfb09b9c56f80c74f82d62ef1c1f4666fe6d27200a,21,d925f7a
deck_core,A8,screening subjects,config/oc_design.yaml,inversion.screening_subjects,20000,"20,000",629011b264fbc4c3f03f8a3989bac1f2711d49959f3268f5e8f758c80f93ea0a,21,d925f7a
deck_core,A8,body weight inclusion range (kg),config/trial_design.yaml,weight.inclusion_kg,60; 90,60~90,553eceab74155a3497fef1ab587f3b8d2be1319704e17ae1f0e177601726e84f,21,d925f7a
deck_core,A8,"true AUCinf ratio range over the Km search range, k2016",results/oc/inversion_all.csv,"mechanism=='Km' & model=='k2016' :: end_auc_ratio, auc_ratio",0.999249592770263; 1.058748397272760,0.999~1.059,7b0f06ec39b8c6d76e4b02d5301502fb01167a0cb730bc1e5fea08e64726541f,21,d925f7a
deck_core,A8,"true AUCinf ratio range over the Km search range, k2020",results/oc/inversion_all.csv,"mechanism=='Km' & model=='k2020' :: end_auc_ratio, auc_ratio",0.998949506997432; 1.054011468143670,0.999~1.054,7b0f06ec39b8c6d76e4b02d5301502fb01167a0cb730bc1e5fea08e64726541f,21,d925f7a
deck_core,A8,"true AUCinf ratio at Km x0.01, k2016",results/oc/inversion_all.csv,mechanism=='Km' & model=='k2016' & direction=='down' & target==min(target) :: end_auc_ratio,0.999249592770263,0.999,7b0f06ec39b8c6d76e4b02d5301502fb01167a0cb730bc1e5fea08e64726541f,21,d925f7a
deck_core,A8,"true AUCinf ratio at Km x100, k2016",results/oc/inversion_all.csv,mechanism=='Km' & model=='k2016' & direction=='up' & target==min(target) :: end_auc_ratio,1.05874839727276,1.059,7b0f06ec39b8c6d76e4b02d5301502fb01167a0cb730bc1e5fea08e64726541f,21,d925f7a
deck_core,A8,"true AUCinf ratio at Km x0.01, k2020",results/oc/inversion_all.csv,mechanism=='Km' & model=='k2020' & direction=='down' & target==min(target) :: end_auc_ratio,0.998949506997432,0.999,7b0f06ec39b8c6d76e4b02d5301502fb01167a0cb730bc1e5fea08e64726541f,21,d925f7a
deck_core,A8,"true AUCinf ratio at Km x100, k2020",results/oc/inversion_all.csv,mechanism=='Km' & model=='k2020' & direction=='up' & target==min(target) :: end_auc_ratio,1.05401146814367,1.054,7b0f06ec39b8c6d76e4b02d5301502fb01167a0cb730bc1e5fea08e64726541f,21,d925f7a
deck_core,A8,"true Cmax ratio at Km x100, k2016",results/oc/inversion_all.csv,mechanism=='Km' & model=='k2016' & direction=='up' & target==min(target) :: end_cmax_ratio,1.01024709497178,1.010,7b0f06ec39b8c6d76e4b02d5301502fb01167a0cb730bc1e5fea08e64726541f,21,d925f7a
deck_core,A8,"true Cmax ratio at Km x100, k2020",results/oc/inversion_all.csv,mechanism=='Km' & model=='k2020' & direction=='up' & target==min(target) :: end_cmax_ratio,1.01034877267177,1.010,7b0f06ec39b8c6d76e4b02d5301502fb01167a0cb730bc1e5fea08e64726541f,21,d925f7a
deck_core,A8,pre-specified target ratios,results/oc/inversion_all.csv,count of rows [mechanism=='Km' & model=='k2016' & direction=='up'],12,12,7b0f06ec39b8c6d76e4b02d5301502fb01167a0cb730bc1e5fea08e64726541f,21,d925f7a
deck_core,A8,"pre-specified target ratios, range",results/oc/inversion_all.csv,range over 48 rows [mechanism=='Km'] :: target,0.70; 1.43,0.70~1.43,7b0f06ec39b8c6d76e4b02d5301502fb01167a0cb730bc1e5fea08e64726541f,21,d925f7a
deck_core,A8,"Km multiplier reaching 1.05, k2016 (2 decimals)",results/oc/inversion_all.csv,mechanism=='Km' & reachable==TRUE & model=='k2016' :: multiplier,84.0386692344027,84.04,7b0f06ec39b8c6d76e4b02d5301502fb01167a0cb730bc1e5fea08e64726541f,21,d925f7a
deck_core,A8,"Km multiplier reaching 1.05, k2020 (2 decimals)",results/oc/inversion_all.csv,mechanism=='Km' & reachable==TRUE & model=='k2020' :: multiplier,91.947868631888,91.95,7b0f06ec39b8c6d76e4b02d5301502fb01167a0cb730bc1e5fea08e64726541f,21,d925f7a
deck_core,A8,Km multiplier search range (notes),config/oc_design.yaml,mechanisms.Km.range,1e-02; 1e+02,×0.01~×100,629011b264fbc4c3f03f8a3989bac1f2711d49959f3268f5e8f758c80f93ea0a,21,d925f7a
deck_core,A8,"search range of the other mechanisms (F, ka, ke, Vmax, V2)",config/oc_design.yaml,mechanisms.F.range, 0.1; 10.0,×0.1~×10,629011b264fbc4c3f03f8a3989bac1f2711d49959f3268f5e8f758c80f93ea0a,21,d925f7a
deck_core,A8,"smallest multiplier reaching 0.80 or 1.25, other mechanisms, two models",results/oc/inversion_all.csv,min over 16 rows [mechanism!='Km' & reachable==TRUE & (abs(target-0.8)<1e-9 | abs(target-1.25)<1e-9)] :: multiplier,0.424232725036545,0.42,7b0f06ec39b8c6d76e4b02d5301502fb01167a0cb730bc1e5fea08e64726541f,21,d925f7a
deck_core,A8,"largest multiplier reaching 0.80 or 1.25, other mechanisms, two models",results/oc/inversion_all.csv,max over 16 rows [mechanism!='Km' & reachable==TRUE & (abs(target-0.8)<1e-9 | abs(target-1.25)<1e-9)] :: multiplier,3.21003979693093,3.21,7b0f06ec39b8c6d76e4b02d5301502fb01167a0cb730bc1e5fea08e64726541f,21,d925f7a
deck_core,A8,"Km typical value, 2016 model (mg/L)",config/params_typical.yaml,theta.Km.value,0.01,0.01,0661b248227771273d5c58c86c61f35ef655fdeecebe3f188868fd61cff4b801,21,d925f7a
deck_core,A8,"Km typical value, 2020 model (mg/L)",config/params_k2020_model1.yaml,theta.Km.value,0.01,0.01,b6e3816238f158ab76cda1edfc4ce9ae49b53fdd4836de8be36bd64664dca96f,21,d925f7a
deck_core,A8,study LLOQ (mg/L),config/assay.yaml,lloq_mg_L.value,0.078,0.078,13bb4e6e5a604962f3e30a9f31dffb53fcfcaa71272e41d6a12413c1cec26604,21,d925f7a
deck_core,A9,randomized subjects per arm,config/trial_design.yaml,n_randomized_per_arm,130,130,553eceab74155a3497fef1ab587f3b8d2be1319704e17ae1f0e177601726e84f,22,d925f7a
deck_core,A9,evaluable subjects per arm,config/trial_design.yaml,n_per_arm,117,117,553eceab74155a3497fef1ab587f3b8d2be1319704e17ae1f0e177601726e84f,22,d925f7a
deck_core,A9,P2 power n 117 CV 43 GMR 0.95 M1,results/sample_size/ss_table_power.csv,input_model=='k2016' & cv==43 & gmr==0.95 & n==117 & analysis_model=='M1' :: analytic_pct,94.5355561545655,94.5%,a56eb54215c06bfa3275ff43ff1cdf7b8593f6c57143d3346fc7ed9047948e72,22,d925f7a
deck_core,A9,true GMR of the power table,results/sample_size/ss_table_power.csv,range over 24 rows [input_model=='k2016' & gmr==0.95 & analysis_model=='M1'] :: gmr,0.95; 0.95,0.95,a56eb54215c06bfa3275ff43ff1cdf7b8593f6c57143d3346fc7ed9047948e72,22,d925f7a
deck_core,A9,grid cells with the analytic power inside the Wilson interval of the statistical simulation,results/sample_size/ss_power_mc.csv,count of rows [analytic_in_ci == TRUE],277,277,51d18023d55fe6564193f182235052ea6373da0dfb3a43b009dcd195ec1dd4d8,22,d925f7a
deck_core,A9,grid cells simulated,results/sample_size/ss_power_mc.csv,count of rows [TRUE],288,288,51d18023d55fe6564193f182235052ea6373da0dfb3a43b009dcd195ec1dd4d8,22,d925f7a
deck_core,A9,"AUClast CV, 2016 model (%)",results/sample_size/ss_inputs.csv,input_model=='k2016' :: cv_auc_pct,40.2983880005355,40.3%,db1b6bc09b964f9fb6a396d5ae9540e80999bceb06aa1cdf30e028bec2f09460,22,d925f7a
deck_core,A9,"AUClast CV, 2020 model (%)",results/sample_size/ss_inputs.csv,input_model=='k2020' :: cv_auc_pct,42.7759962247525,42.8%,db1b6bc09b964f9fb6a396d5ae9540e80999bceb06aa1cdf30e028bec2f09460,22,d925f7a
deck_core,A9,"Li 2020 Table 3, 300 mg arms, SD/mean range (%)",config/design_clot2021.yaml,variability_checks.li2020.cv_pct_range,35; 51,35~51,4b3ddc374dfbf3f451d3fe3d6a865645b0b5d93b0ea7eea9a3f24cd8d2f05da5,22,d925f7a
deck_core,A9,Cohen 2022 implied AUClast CV (%),results/fallback/sample_size_logsd.csv,"startsWith(variant, 'Cohen') :: AUClast_logcv",52.0937886501735,52%,684e4f6414e7ece0d8f6da94c7542a1fc900e0de98cc6bf920f9ed22fe239189,22,d925f7a
deck_core,A9,"Cmax CV, 2016 model (%)",results/sample_size/ss_inputs.csv,input_model=='k2016' :: cv_cmax_pct,34.3049898699054,34.3%,db1b6bc09b964f9fb6a396d5ae9540e80999bceb06aa1cdf30e028bec2f09460,22,d925f7a
deck_core,A9,true GMR of the power table (body),results/sample_size/ss_table_power.csv,input_model=='k2016' & cv==43 & gmr==0.95 & n==117 & analysis_model=='M1' :: gmr,0.95,0.95,a56eb54215c06bfa3275ff43ff1cdf7b8593f6c57143d3346fc7ed9047948e72,22,d925f7a
deck_core,A9,"largest grid CV with power at the target, protocol n (%)",results/sample_size/ss_table_power.csv,input_model=='k2016' & cv==46 & gmr==0.95 & n==117 & analysis_model=='M1' :: cv,46,46,a56eb54215c06bfa3275ff43ff1cdf7b8593f6c57143d3346fc7ed9047948e72,22,d925f7a
deck_core,A9,target power (%),results/sample_size/ss_table_n_needed.csv,cv==43 & gmr==0.95 & analysis_model=='M1' & target_pct==90 :: target_pct,90,90,cb1b4df9c06e5f3d0c09e40dc0152eddb30538c60a6d7f5d3acf5efe04ac71fa,22,d925f7a
deck_core,A9,true GMR of the power table (table label),results/sample_size/ss_table_power.csv,input_model=='k2016' & cv==43 & gmr==0.95 & n==117 & analysis_model=='M1' :: gmr,0.95,0.95,a56eb54215c06bfa3275ff43ff1cdf7b8593f6c57143d3346fc7ed9047948e72,22,d925f7a
deck_core,A9,grid CV 35 (%),results/sample_size/ss_table_power.csv,input_model=='k2016' & cv==35 & gmr==0.95 & n==117 & analysis_model=='M1' :: cv,35,35,a56eb54215c06bfa3275ff43ff1cdf7b8593f6c57143d3346fc7ed9047948e72,22,d925f7a
deck_core,A9,grid CV 40 (%),results/sample_size/ss_table_power.csv,input_model=='k2016' & cv==40 & gmr==0.95 & n==117 & analysis_model=='M1' :: cv,40,40,a56eb54215c06bfa3275ff43ff1cdf7b8593f6c57143d3346fc7ed9047948e72,22,d925f7a
deck_core,A9,grid CV 43 (%),results/sample_size/ss_table_power.csv,input_model=='k2016' & cv==43 & gmr==0.95 & n==117 & analysis_model=='M1' :: cv,43,43,a56eb54215c06bfa3275ff43ff1cdf7b8593f6c57143d3346fc7ed9047948e72,22,d925f7a
deck_core,A9,grid CV 46 (%),results/sample_size/ss_table_power.csv,input_model=='k2016' & cv==46 & gmr==0.95 & n==117 & analysis_model=='M1' :: cv,46,46,a56eb54215c06bfa3275ff43ff1cdf7b8593f6c57143d3346fc7ed9047948e72,22,d925f7a
deck_core,A9,grid CV 50 (%),results/sample_size/ss_table_power.csv,input_model=='k2016' & cv==50 & gmr==0.95 & n==117 & analysis_model=='M1' :: cv,50,50,a56eb54215c06bfa3275ff43ff1cdf7b8593f6c57143d3346fc7ed9047948e72,22,d925f7a
deck_core,A9,grid CV 52 (%),results/sample_size/ss_table_power.csv,input_model=='k2016' & cv==52 & gmr==0.95 & n==117 & analysis_model=='M1' :: cv,52,52,a56eb54215c06bfa3275ff43ff1cdf7b8593f6c57143d3346fc7ed9047948e72,22,d925f7a
deck_core,A9,P2 power n 100 CV 35 GMR 0.95 M1,results/sample_size/ss_table_power.csv,input_model=='k2016' & cv==35 & gmr==0.95 & n==100 & analysis_model=='M1' :: analytic_pct,96.8257180498614,96.8,a56eb54215c06bfa3275ff43ff1cdf7b8593f6c57143d3346fc7ed9047948e72,22,d925f7a
deck_core,A9,P2 power n 100 CV 40 GMR 0.95 M1,results/sample_size/ss_table_power.csv,input_model=='k2016' & cv==40 & gmr==0.95 & n==100 & analysis_model=='M1' :: analytic_pct,93.758534795912,93.8,a56eb54215c06bfa3275ff43ff1cdf7b8593f6c57143d3346fc7ed9047948e72,22,d925f7a
deck_core,A9,P2 power n 100 CV 43 GMR 0.95 M1,results/sample_size/ss_table_power.csv,input_model=='k2016' & cv==43 & gmr==0.95 & n==100 & analysis_model=='M1' :: analytic_pct,90.9911548673442,91.0,a56eb54215c06bfa3275ff43ff1cdf7b8593f6c57143d3346fc7ed9047948e72,22,d925f7a
deck_core,A9,P2 power n 100 CV 46 GMR 0.95 M1,results/sample_size/ss_table_power.csv,input_model=='k2016' & cv==46 & gmr==0.95 & n==100 & analysis_model=='M1' :: analytic_pct,87.6860548274447,87.7,a56eb54215c06bfa3275ff43ff1cdf7b8593f6c57143d3346fc7ed9047948e72,22,d925f7a
deck_core,A9,P2 power n 100 CV 50 GMR 0.95 M1,results/sample_size/ss_table_power.csv,input_model=='k2016' & cv==50 & gmr==0.95 & n==100 & analysis_model=='M1' :: analytic_pct,82.6829098504557,82.7,a56eb54215c06bfa3275ff43ff1cdf7b8593f6c57143d3346fc7ed9047948e72,22,d925f7a
deck_core,A9,P2 power n 100 CV 52 GMR 0.95 M1,results/sample_size/ss_table_power.csv,input_model=='k2016' & cv==52 & gmr==0.95 & n==100 & analysis_model=='M1' :: analytic_pct,80.0026606825803,80.0,a56eb54215c06bfa3275ff43ff1cdf7b8593f6c57143d3346fc7ed9047948e72,22,d925f7a
deck_core,A9,P2 power n 117 CV 35 GMR 0.95 M1,results/sample_size/ss_table_power.csv,input_model=='k2016' & cv==35 & gmr==0.95 & n==117 & analysis_model=='M1' :: analytic_pct,98.5065740421749,98.5,a56eb54215c06bfa3275ff43ff1cdf7b8593f6c57143d3346fc7ed9047948e72,22,d925f7a
deck_core,A9,P2 power n 117 CV 40 GMR 0.95 M1,results/sample_size/ss_table_power.csv,input_model=='k2016' & cv==40 & gmr==0.95 & n==117 & analysis_model=='M1' :: analytic_pct,96.5340161025954,96.5,a56eb54215c06bfa3275ff43ff1cdf7b8593f6c57143d3346fc7ed9047948e72,22,d925f7a
deck_core,A9,P2 power n 117 CV 43 GMR 0.95 M1,results/sample_size/ss_table_power.csv,input_model=='k2016' & cv==43 & gmr==0.95 & n==117 & analysis_model=='M1' :: analytic_pct,94.5355561545655,94.5,a56eb54215c06bfa3275ff43ff1cdf7b8593f6c57143d3346fc7ed9047948e72,22,d925f7a
deck_core,A9,P2 power n 117 CV 46 GMR 0.95 M1,results/sample_size/ss_table_power.csv,input_model=='k2016' & cv==46 & gmr==0.95 & n==117 & analysis_model=='M1' :: analytic_pct,91.9976125743984,92.0,a56eb54215c06bfa3275ff43ff1cdf7b8593f6c57143d3346fc7ed9047948e72,22,d925f7a
deck_core,A9,P2 power n 117 CV 50 GMR 0.95 M1,results/sample_size/ss_table_power.csv,input_model=='k2016' & cv==50 & gmr==0.95 & n==117 & analysis_model=='M1' :: analytic_pct,87.961670690266,88.0,a56eb54215c06bfa3275ff43ff1cdf7b8593f6c57143d3346fc7ed9047948e72,22,d925f7a
deck_core,A9,P2 power n 117 CV 52 GMR 0.95 M1,results/sample_size/ss_table_power.csv,input_model=='k2016' & cv==52 & gmr==0.95 & n==117 & analysis_model=='M1' :: analytic_pct,85.7350215708594,85.7,a56eb54215c06bfa3275ff43ff1cdf7b8593f6c57143d3346fc7ed9047948e72,22,d925f7a
deck_core,A9,P2 power n 130 CV 35 GMR 0.95 M1,results/sample_size/ss_table_power.csv,input_model=='k2016' & cv==35 & gmr==0.95 & n==130 & analysis_model=='M1' :: analytic_pct,99.1751083448198,99.2,a56eb54215c06bfa3275ff43ff1cdf7b8593f6c57143d3346fc7ed9047948e72,22,d925f7a
deck_core,A9,P2 power n 130 CV 40 GMR 0.95 M1,results/sample_size/ss_table_power.csv,input_model=='k2016' & cv==40 & gmr==0.95 & n==130 & analysis_model=='M1' :: analytic_pct,97.8102232826672,97.8,a56eb54215c06bfa3275ff43ff1cdf7b8593f6c57143d3346fc7ed9047948e72,22,d925f7a
deck_core,A9,P2 power n 130 CV 43 GMR 0.95 M1,results/sample_size/ss_table_power.csv,input_model=='k2016' & cv==43 & gmr==0.95 & n==130 & analysis_model=='M1' :: analytic_pct,96.2927496665897,96.3,a56eb54215c06bfa3275ff43ff1cdf7b8593f6c57143d3346fc7ed9047948e72,22,d925f7a
deck_core,A9,P2 power n 130 CV 46 GMR 0.95 M1,results/sample_size/ss_table_power.csv,input_model=='k2016' & cv==46 & gmr==0.95 & n==130 & analysis_model=='M1' :: analytic_pct,94.2614813163651,94.3,a56eb54215c06bfa3275ff43ff1cdf7b8593f6c57143d3346fc7ed9047948e72,22,d925f7a
deck_core,A9,P2 power n 130 CV 50 GMR 0.95 M1,results/sample_size/ss_table_power.csv,input_model=='k2016' & cv==50 & gmr==0.95 & n==130 & analysis_model=='M1' :: analytic_pct,90.884268552574,90.9,a56eb54215c06bfa3275ff43ff1cdf7b8593f6c57143d3346fc7ed9047948e72,22,d925f7a
deck_core,A9,P2 power n 130 CV 52 GMR 0.95 M1,results/sample_size/ss_table_power.csv,input_model=='k2016' & cv==52 & gmr==0.95 & n==130 & analysis_model=='M1' :: analytic_pct,88.9693813615792,89.0,a56eb54215c06bfa3275ff43ff1cdf7b8593f6c57143d3346fc7ed9047948e72,22,d925f7a
deck_core,A9,P2 power n 140 CV 35 GMR 0.95 M1,results/sample_size/ss_table_power.csv,input_model=='k2016' & cv==35 & gmr==0.95 & n==140 & analysis_model=='M1' :: analytic_pct,99.4820826585102,99.5,a56eb54215c06bfa3275ff43ff1cdf7b8593f6c57143d3346fc7ed9047948e72,22,d925f7a
deck_core,A9,P2 power n 140 CV 40 GMR 0.95 M1,results/sample_size/ss_table_power.csv,input_model=='k2016' & cv==40 & gmr==0.95 & n==140 & analysis_model=='M1' :: analytic_pct,98.4695135260089,98.5,a56eb54215c06bfa3275ff43ff1cdf7b8593f6c57143d3346fc7ed9047948e72,22,d925f7a
deck_core,A9,P2 power n 140 CV 43 GMR 0.95 M1,results/sample_size/ss_table_power.csv,input_model=='k2016' & cv==43 & gmr==0.95 & n==140 & analysis_model=='M1' :: analytic_pct,97.2587312421215,97.3,a56eb54215c06bfa3275ff43ff1cdf7b8593f6c57143d3346fc7ed9047948e72,22,d925f7a
deck_core,A9,P2 power n 140 CV 46 GMR 0.95 M1,results/sample_size/ss_table_power.csv,input_model=='k2016' & cv==46 & gmr==0.95 & n==140 & analysis_model=='M1' :: analytic_pct,95.567180328614,95.6,a56eb54215c06bfa3275ff43ff1cdf7b8593f6c57143d3346fc7ed9047948e72,22,d925f7a
deck_core,A9,P2 power n 140 CV 50 GMR 0.95 M1,results/sample_size/ss_table_power.csv,input_model=='k2016' & cv==50 & gmr==0.95 & n==140 & analysis_model=='M1' :: analytic_pct,92.6479272298014,92.6,a56eb54215c06bfa3275ff43ff1cdf7b8593f6c57143d3346fc7ed9047948e72,22,d925f7a
deck_core,A9,P2 power n 140 CV 52 GMR 0.95 M1,results/sample_size/ss_table_power.csv,input_model=='k2016' & cv==52 & gmr==0.95 & n==140 & analysis_model=='M1' :: analytic_pct,90.9534286687509,91.0,a56eb54215c06bfa3275ff43ff1cdf7b8593f6c57143d3346fc7ed9047948e72,22,d925f7a
deck_core,A9,evaluable subjects per arm (grid column),results/sample_size/ss_table_power.csv,input_model=='k2016' & cv==43 & gmr==0.95 & n==100 & analysis_model=='M1' :: n,100,100,a56eb54215c06bfa3275ff43ff1cdf7b8593f6c57143d3346fc7ed9047948e72,22,d925f7a
deck_core,A9,evaluable subjects per arm (grid column),results/sample_size/ss_table_power.csv,input_model=='k2016' & cv==43 & gmr==0.95 & n==117 & analysis_model=='M1' :: n,117,117,a56eb54215c06bfa3275ff43ff1cdf7b8593f6c57143d3346fc7ed9047948e72,22,d925f7a
deck_core,A9,evaluable subjects per arm (grid column),results/sample_size/ss_table_power.csv,input_model=='k2016' & cv==43 & gmr==0.95 & n==130 & analysis_model=='M1' :: n,130,130,a56eb54215c06bfa3275ff43ff1cdf7b8593f6c57143d3346fc7ed9047948e72,22,d925f7a
deck_core,A9,evaluable subjects per arm (grid column),results/sample_size/ss_table_power.csv,input_model=='k2016' & cv==43 & gmr==0.95 & n==140 & analysis_model=='M1' :: n,140,140,a56eb54215c06bfa3275ff43ff1cdf7b8593f6c57143d3346fc7ed9047948e72,22,d925f7a
deck_core,A9,power table,results/sample_size/ss_table_power.csv,whole object,NA,(table),a56eb54215c06bfa3275ff43ff1cdf7b8593f6c57143d3346fc7ed9047948e72,22,d925f7a
deck_core,A9,"card CV (%), protocol",results/sample_size/ss_table_power.csv,input_model=='k2016' & cv==43 & gmr==0.95 & n==117 & analysis_model=='M1' :: cv,43,43,a56eb54215c06bfa3275ff43ff1cdf7b8593f6c57143d3346fc7ed9047948e72,22,d925f7a
deck_core,A9,target power (%),results/sample_size/ss_table_n_needed.csv,cv==43 & gmr==0.95 & analysis_model=='M1' & target_pct==90 :: target_pct,90,90,cb1b4df9c06e5f3d0c09e40dc0152eddb30538c60a6d7f5d3acf5efe04ac71fa,22,d925f7a
deck_core,A9,P2 power n 117 CV 43 GMR 0.95 M1,results/sample_size/ss_table_power.csv,input_model=='k2016' & cv==43 & gmr==0.95 & n==117 & analysis_model=='M1' :: analytic_pct,94.5355561545655,94.5%,a56eb54215c06bfa3275ff43ff1cdf7b8593f6c57143d3346fc7ed9047948e72,22,d925f7a
deck_core,A9,n evaluable M1 CV 43 GMR 0.95 target 90,results/sample_size/ss_table_n_needed.csv,cv==43 & gmr==0.95 & analysis_model=='M1' & target_pct==90 :: n_evaluable_per_arm,97,97,cb1b4df9c06e5f3d0c09e40dc0152eddb30538c60a6d7f5d3acf5efe04ac71fa,22,d925f7a
deck_core,A9,n randomized M1 CV 43 GMR 0.95 target 90,results/sample_size/ss_table_n_needed.csv,cv==43 & gmr==0.95 & analysis_model=='M1' & target_pct==90 :: n_randomized_per_arm,108,108,cb1b4df9c06e5f3d0c09e40dc0152eddb30538c60a6d7f5d3acf5efe04ac71fa,22,d925f7a
deck_core,A9,"card CV (%), sensitivity",results/sample_size/ss_table_power.csv,input_model=='k2016' & cv==50 & gmr==0.95 & n==117 & analysis_model=='M1' :: cv,50,50,a56eb54215c06bfa3275ff43ff1cdf7b8593f6c57143d3346fc7ed9047948e72,22,d925f7a
deck_core,A9,target power (%),results/sample_size/ss_table_n_needed.csv,cv==50 & gmr==0.95 & analysis_model=='M1' & target_pct==90 :: target_pct,90,90,cb1b4df9c06e5f3d0c09e40dc0152eddb30538c60a6d7f5d3acf5efe04ac71fa,22,d925f7a
deck_core,A9,P2 power n 117 CV 50 GMR 0.95 M1,results/sample_size/ss_table_power.csv,input_model=='k2016' & cv==50 & gmr==0.95 & n==117 & analysis_model=='M1' :: analytic_pct,87.961670690266,88.0%,a56eb54215c06bfa3275ff43ff1cdf7b8593f6c57143d3346fc7ed9047948e72,22,d925f7a
deck_core,A9,n evaluable M1 CV 50 GMR 0.95 target 90,results/sample_size/ss_table_n_needed.csv,cv==50 & gmr==0.95 & analysis_model=='M1' & target_pct==90 :: n_evaluable_per_arm,126,126,cb1b4df9c06e5f3d0c09e40dc0152eddb30538c60a6d7f5d3acf5efe04ac71fa,22,d925f7a
deck_core,A9,n randomized M1 CV 50 GMR 0.95 target 90,results/sample_size/ss_table_n_needed.csv,cv==50 & gmr==0.95 & analysis_model=='M1' & target_pct==90 :: n_randomized_per_arm,140,140,cb1b4df9c06e5f3d0c09e40dc0152eddb30538c60a6d7f5d3acf5efe04ac71fa,22,d925f7a
deck_core,A9,true GMR of the lower power row,results/sample_size/ss_table_power.csv,input_model=='k2016' & cv==43 & abs(gmr - 0.9) < 1e-9 & n==117 & analysis_model=='M1' :: gmr,0.9,0.90,a56eb54215c06bfa3275ff43ff1cdf7b8593f6c57143d3346fc7ed9047948e72,22,d925f7a
deck_core,A9,P2 power n 117 CV 43 GMR 0.90 M1 (analytic),results/sample_size/ss_table_power.csv,input_model=='k2016' & cv==43 & abs(gmr - 0.9) < 1e-9 & n==117 & analysis_model=='M1' :: analytic_pct,69.6130710239723,69.6%,a56eb54215c06bfa3275ff43ff1cdf7b8593f6c57143d3346fc7ed9047948e72,22,d925f7a
deck_core,A9,P2 power n 117 CV 43 GMR 0.90 M1 (statistical simulation),results/sample_size/ss_table_power.csv,input_model=='k2016' & cv==43 & abs(gmr - 0.9) < 1e-9 & n==117 & analysis_model=='M1' :: mc_pct,71.02,71.0%,a56eb54215c06bfa3275ff43ff1cdf7b8593f6c57143d3346fc7ed9047948e72,22,d925f7a
deck_core,A9,true GMR of the power table (notes),results/sample_size/ss_table_power.csv,input_model=='k2016' & cv==43 & gmr==0.95 & n==117 & analysis_model=='M1' :: gmr,0.95,0.95,a56eb54215c06bfa3275ff43ff1cdf7b8593f6c57143d3346fc7ed9047948e72,22,d925f7a
deck_core,A9,n evaluable M1 CV 43 GMR 0.95 target 90,results/sample_size/ss_table_n_needed.csv,cv==43 & gmr==0.95 & analysis_model=='M1' & target_pct==90 :: n_evaluable_per_arm,97,97,cb1b4df9c06e5f3d0c09e40dc0152eddb30538c60a6d7f5d3acf5efe04ac71fa,22,d925f7a
deck_core,A9,n randomized M1 CV 43 GMR 0.95 target 90,results/sample_size/ss_table_n_needed.csv,cv==43 & gmr==0.95 & analysis_model=='M1' & target_pct==90 :: n_randomized_per_arm,108,108,cb1b4df9c06e5f3d0c09e40dc0152eddb30538c60a6d7f5d3acf5efe04ac71fa,22,d925f7a
deck_core,A9,n evaluable M1 CV 50 GMR 0.95 target 90,results/sample_size/ss_table_n_needed.csv,cv==50 & gmr==0.95 & analysis_model=='M1' & target_pct==90 :: n_evaluable_per_arm,126,126,cb1b4df9c06e5f3d0c09e40dc0152eddb30538c60a6d7f5d3acf5efe04ac71fa,22,d925f7a
deck_core,A9,n randomized M1 CV 50 GMR 0.95 target 90,results/sample_size/ss_table_n_needed.csv,cv==50 & gmr==0.95 & analysis_model=='M1' & target_pct==90 :: n_randomized_per_arm,140,140,cb1b4df9c06e5f3d0c09e40dc0152eddb30538c60a6d7f5d3acf5efe04ac71fa,22,d925f7a
deck_core,A9,protocol CV (%),results/sample_size/ss_table_power.csv,input_model=='k2016' & cv==43 & gmr==0.95 & n==117 & analysis_model=='M1' :: cv,43,43,a56eb54215c06bfa3275ff43ff1cdf7b8593f6c57143d3346fc7ed9047948e72,22,d925f7a
deck_core,A9,sensitivity CV (%),results/sample_size/ss_table_power.csv,input_model=='k2016' & cv==50 & gmr==0.95 & n==117 & analysis_model=='M1' :: cv,50,50,a56eb54215c06bfa3275ff43ff1cdf7b8593f6c57143d3346fc7ed9047948e72,22,d925f7a
deck_core,A9,P2 power n 117 CV 43 GMR 0.95 M0,results/sample_size/ss_table_power.csv,input_model=='k2016' & cv==43 & gmr==0.95 & n==117 & analysis_model=='M0' :: analytic_pct,94.0181763126864,94.0%,a56eb54215c06bfa3275ff43ff1cdf7b8593f6c57143d3346fc7ed9047948e72,22,d925f7a
deck_core,A9,P2 power n 117 CV 50 GMR 0.95 M1,results/sample_size/ss_table_power.csv,input_model=='k2016' & cv==50 & gmr==0.95 & n==117 & analysis_model=='M1' :: analytic_pct,87.961670690266,88.0%,a56eb54215c06bfa3275ff43ff1cdf7b8593f6c57143d3346fc7ed9047948e72,22,d925f7a
deck_core,A9,P2 power n 117 CV 50 GMR 0.95 M0,results/sample_size/ss_table_power.csv,input_model=='k2016' & cv==50 & gmr==0.95 & n==117 & analysis_model=='M0' :: analytic_pct,87.2488251642765,87.2%,a56eb54215c06bfa3275ff43ff1cdf7b8593f6c57143d3346fc7ed9047948e72,22,d925f7a
deck_core,A9,next grid n above the protocol n,results/sample_size/ss_table_power.csv,input_model=='k2016' & cv==50 & gmr==0.95 & n==130 & analysis_model=='M1' :: n,130,130,a56eb54215c06bfa3275ff43ff1cdf7b8593f6c57143d3346fc7ed9047948e72,22,d925f7a
deck_core,A9,"P2 power, next grid n above the protocol n, sensitivity CV, M1",results/sample_size/ss_table_power.csv,input_model=='k2016' & cv==50 & gmr==0.95 & n==130 & analysis_model=='M1' :: analytic_pct,90.884268552574,90.9%,a56eb54215c06bfa3275ff43ff1cdf7b8593f6c57143d3346fc7ed9047948e72,22,d925f7a
deck_core,A9,n evaluable M0 protocol CV target,results/sample_size/ss_table_n_needed.csv,cv==43 & gmr==0.95 & analysis_model=='M0' & target_pct==90 :: n_evaluable_per_arm,100,100,cb1b4df9c06e5f3d0c09e40dc0152eddb30538c60a6d7f5d3acf5efe04ac71fa,22,d925f7a
deck_core,A9,n evaluable M0 sensitivity CV target,results/sample_size/ss_table_n_needed.csv,cv==50 & gmr==0.95 & analysis_model=='M0' & target_pct==90 :: n_evaluable_per_arm,129,129,cb1b4df9c06e5f3d0c09e40dc0152eddb30538c60a6d7f5d3acf5efe04ac71fa,22,d925f7a
deck_core,A9,"AUClast CV, 2016 model (%)",results/sample_size/ss_inputs.csv,input_model=='k2016' :: cv_auc_pct,40.2983880005355,40.3%,db1b6bc09b964f9fb6a396d5ae9540e80999bceb06aa1cdf30e028bec2f09460,22,d925f7a
deck_core,A9,"Cmax CV, 2016 model (%)",results/sample_size/ss_inputs.csv,input_model=='k2016' :: cv_cmax_pct,34.3049898699054,34.3%,db1b6bc09b964f9fb6a396d5ae9540e80999bceb06aa1cdf30e028bec2f09460,22,d925f7a
deck_core,A9,"correlation of log AUClast and log Cmax, 2016 model",results/sample_size/ss_inputs.csv,input_model=='k2016' :: rho_total,0.75343179608197,0.75,db1b6bc09b964f9fb6a396d5ae9540e80999bceb06aa1cdf30e028bec2f09460,22,d925f7a
deck_core,A9,trials per grid cell (statistical simulation),results/sample_size/ss_power_mc.csv,TRUE :: unique(n_trials),5000,"5,000",51d18023d55fe6564193f182235052ea6373da0dfb3a43b009dcd195ec1dd4d8,22,d925f7a
deck_core,A9,"largest absolute difference, analytic versus statistical simulation (points)",results/sample_size/ss_power_mc.csv,max(abs(diff_pp)),1.50339657739663,1.50,51d18023d55fe6564193f182235052ea6373da0dfb3a43b009dcd195ec1dd4d8,22,d925f7a
deck_core,A9,true GMR of the PK-model check band 0.85 to 0.92,results/sample_size/ss_pk_check.csv,range over 4 rows [analysis_model != 'M2' & auc_ratio > 0.85 & auc_ratio < 0.92] :: auc_ratio,0.899812601831346; 0.899842309255108,0.90,b1b37eab90389fd13775afb47c003b4a383bc14f004cb381470feec6af76001a,22,d925f7a
deck_core,A9,"analytic minus PK-model power, true GMR 0.85 to 0.92 (points)",results/sample_size/ss_pk_check.csv,analysis_model != 'M2' & auc_ratio > 0.85 & auc_ratio < 0.92 :: range(-diff_pp),1.14505807957131; 2.47669916838291,1.15~2.48,b1b37eab90389fd13775afb47c003b4a383bc14f004cb381470feec6af76001a,22,d925f7a
deck_core,A9,true GMRs of the PK-model check band 0.93 to 1.01,results/sample_size/ss_pk_check.csv,range over 12 rows [analysis_model != 'M2' & auc_ratio > 0.93 & auc_ratio < 1.01] :: auc_ratio,0.949920923227653; 1.000000000000000,0.95~1.00,b1b37eab90389fd13775afb47c003b4a383bc14f004cb381470feec6af76001a,22,d925f7a
deck_core,A9,"largest absolute analytic minus PK-model power, true GMR 0.93 to 1.01 (points)",results/sample_size/ss_pk_check.csv,analysis_model != 'M2' & auc_ratio > 0.93 & auc_ratio < 1.01 :: max(abs(diff_pp)),0.608173284245424,0.61,b1b37eab90389fd13775afb47c003b4a383bc14f004cb381470feec6af76001a,22,d925f7a
deck_core,A10,"largest boundary type I error, fallback AUClast + AUCinf (rule B) + Cmax, M1",results/oc_models/type1_models.csv,max over 16 rows [analysis_model=='M1' & config=='F3B'] :: pass_pct,3.95,3.95%,d6e5c650fb4d6d241a554f896de38205ac2c890bfa442f4f9cb2749c70b5f261,23,d925f7a
deck_core,A10,nominal type I error per one-sided test (%) = (1 - be.ci_level) / 2,config/trial_design.yaml,be.ci_level :: (1 - x) / 2 x 100,5,5%,553eceab74155a3497fef1ab587f3b8d2be1319704e17ae1f0e177601726e84f,23,d925f7a
deck_core,A10,boundary cells,results/oc_models/type1_models.csv,count of rows [analysis_model=='M1' & config=='P2'],16,16,d6e5c650fb4d6d241a554f896de38205ac2c890bfa442f4f9cb2749c70b5f261,23,d925f7a
deck_core,A10,true AUCinf ratio of the three fallback-cost products,results/fallback/fallback_cost.csv,range over 3 rows [TRUE] :: true_ratio,0.950246254696442; 1.001203983009370,0.95~1.00,7691f70aeaff9766d8e766959d8fb7cf0baeafcaa3f1e828c467dd2fb50f4fb1,23,d925f7a
deck_core,A10,"P2 minus F3B power, S00 and F097, both models, M1 (points)",results/oc_models/power_models.csv,"scenario in (S00, F097) & analysis_model=='M1' & config in (P2, F3B) :: range of P2 - F3B",0.1099999999999994; 0.0100000000000051; 0.1300000000000097; 0.0700000000000074,0.01~0.13,9f1958653a97dce11942e5f07b15abc5d41042297c6e2795abc6da4711b68fb6,23,d925f7a
deck_core,A10,"AUClast + Cmax, 2020 V2 cell, M1",results/oc_models/type1_models.csv,analysis_model=='M1' & config=='P2' & pk_model=='k2020' & scenario=='V2_up_080' :: pass_pct,5.625,5.63%,d6e5c650fb4d6d241a554f896de38205ac2c890bfa442f4f9cb2749c70b5f261,23,d925f7a
deck_core,A10,"AUClast GMR bias toward 1 against the true AUCinf ratio, 2020 V2 cell, M1",results/oc_models/p2_decomposition_models.csv,pk_model=='k2020' & mechanism=='V2' & analysis_model=='M1' :: auclast_bias_pct,0.411740547589035,0.41%,fe790d12806d3723abd2f8487d6f987498b247683354cade26ddb18fc6217f2f,23,d925f7a
deck_core,A10,"subjects with an estimable lambda-z but failing set (iii), two models",results/trialpop/tp_failure_by_set.csv,range over 2 rows [set=='iii'] :: est_fail_pct,32.6; 37.3,33~37%,245552b2db5039299ce2f100ed592fc537ebac8bb1693371509535992aa6ca09,23,d925f7a
deck_core,A10,evaluable subjects per arm,config/trial_design.yaml,n_per_arm,117,117,553eceab74155a3497fef1ab587f3b8d2be1319704e17ae1f0e177601726e84f,23,d925f7a
deck_core,A10,criteria set (i) adj_r2_min,config/prereg_20260926.yaml,section4.criteria_sets.i.adj_r2_min,0.8,0.80,dc2c9f1bd4d62e13ad9f5f551dcf97eb7ee1359ba13aaa3af8efc063dfc6303e,23,d925f7a
deck_core,A10,criteria set (i) extrap_max_pct,config/prereg_20260926.yaml,section4.criteria_sets.i.extrap_max_pct,20,20,dc2c9f1bd4d62e13ad9f5f551dcf97eb7ee1359ba13aaa3af8efc063dfc6303e,23,d925f7a
deck_core,A10,criteria set (ii) span_ratio_min,config/prereg_20260926.yaml,section4.criteria_sets.ii.span_ratio_min,2,2,dc2c9f1bd4d62e13ad9f5f551dcf97eb7ee1359ba13aaa3af8efc063dfc6303e,23,d925f7a
deck_core,A10,EMA mAb biosimilar guideline year,config/literature_precedents.yaml,ema_2012_mab.year,2012,2012,44c48b27ac1afbe90f1e23f55480f148dfa34e03a4dca31a81d29096a0537e67,23,d925f7a
deck_core,A10,subjects per arm without an estimable lambda-z (AUCinf only),results/trialpop/tp_retained_per_arm.csv,"set=='lambda' :: n_per_arm (117) - retained_median, range over models",1; 1,1,e1a344b97e641ca3ed72e33d48c23d516fede36ceb0f55a6a4d1df8ed658a64d,23,d925f7a
deck_core,A10,"loss in joint pass rate adding AUCinf rule B, three near-equivalent products, 2016 model, M0",results/fallback/fallback_cost.csv,range over 3 rows [TRUE] :: cost_iii_pp,0.015; 0.340,0.02~0.34%p,7691f70aeaff9766d8e766959d8fb7cf0baeafcaa3f1e828c467dd2fb50f4fb1,23,d925f7a
deck_core,A10,subjects per arm failing set (ii) (AUCinf only),results/trialpop/tp_retained_per_arm.csv,"set=='ii' :: n_per_arm (117) - retained_median, range over models",23; 19,19~23,e1a344b97e641ca3ed72e33d48c23d516fede36ceb0f55a6a4d1df8ed658a64d,23,d925f7a
deck_core,A10,"true AUCinf ratio failing to retained, set (ii)",results/trialpop/tp_characteristics.csv,range over 2 rows [set=='ii'] :: true_aucinf_gmr,0.842348745308615; 0.847444865573701,0.84~0.85,4ecec80dd889cc798aad376dbb7a21a23d30d530a0ef29366e3caf9011779573,23,d925f7a
deck_core,A10,"loss in joint pass rate adding AUCinf rule A (set ii), three near-equivalent products, 2016 model, M0",results/fallback/fallback_cost.csv,range over 3 rows [TRUE] :: cost_ii_pp,0.525; 2.360,0.53~2.36%p,7691f70aeaff9766d8e766959d8fb7cf0baeafcaa3f1e828c467dd2fb50f4fb1,23,d925f7a
deck_core,A10,"subjects per arm without a reliable AUCinf, set (iii)",results/trialpop/tp_retained_per_arm.csv,"set=='iii' :: n_per_arm (117) - retained_median, range over models",45; 39,39~45,e1a344b97e641ca3ed72e33d48c23d516fede36ceb0f55a6a4d1df8ed658a64d,23,d925f7a
deck_core,A10,"true AUCinf ratio failing to retained, set (iii)",results/trialpop/tp_characteristics.csv,range over 2 rows [set=='iii'] :: true_aucinf_gmr,0.895137990266898; 0.928174485565535,0.90~0.93,4ecec80dd889cc798aad376dbb7a21a23d30d530a0ef29366e3caf9011779573,23,d925f7a
deck_core,A10,subjects per arm without an estimable lambda-z,results/trialpop/tp_retained_per_arm.csv,"set=='lambda' :: n_per_arm (117) - retained_median, range over models",1; 1,1,e1a344b97e641ca3ed72e33d48c23d516fede36ceb0f55a6a4d1df8ed658a64d,23,d925f7a
deck_core,A10,subjects per arm failing set (i),results/trialpop/tp_retained_per_arm.csv,"set=='i' :: n_per_arm (117) - retained_median, range over models",16; 10,10~16,e1a344b97e641ca3ed72e33d48c23d516fede36ceb0f55a6a4d1df8ed658a64d,23,d925f7a
deck_core,A10,"true AUCinf ratio failing to retained, set (i)",results/trialpop/tp_characteristics.csv,range over 2 rows [set=='i'] :: true_aucinf_gmr,0.786054078286093; 0.814793379307349,0.79~0.81,4ecec80dd889cc798aad376dbb7a21a23d30d530a0ef29366e3caf9011779573,23,d925f7a
deck_core,A10,"P2 cells above 5% (point), M1",results/oc_models/type1_models.csv,count of rows [analysis_model=='M1' & config=='P2' & pass_pct > 5],1,1,d6e5c650fb4d6d241a554f896de38205ac2c890bfa442f4f9cb2749c70b5f261,23,d925f7a
deck_core,A10,"F3B cells above 5% (point), M1",results/oc_models/type1_models.csv,count of rows [analysis_model=='M1' & config=='F3B' & pass_pct > 5],0,0,d6e5c650fb4d6d241a554f896de38205ac2c890bfa442f4f9cb2749c70b5f261,23,d925f7a
deck_core,A10,"F3A cells above 5% (point), M1",results/oc_models/type1_models.csv,count of rows [analysis_model=='M1' & config=='F3A' & pass_pct > 5],0,0,d6e5c650fb4d6d241a554f896de38205ac2c890bfa442f4f9cb2749c70b5f261,23,d925f7a
deck_core,A10,"G2_A_iii cells above 5% (point), M1",results/criteria/criteria_g2_type1.csv,count of rows [analysis_model=='M1' & config=='G2_A_iii' & pass_pct > 5],10,10,b450c534a36e2e03b49bad2427de6317153e3b71210dce8caab616e43ef64981,23,d925f7a
deck_core,A10,"G2_B cells above 5% (point), M1",results/oc_models/type1_models.csv,count of rows [analysis_model=='M1' & config=='G2_B' & pass_pct > 5],10,10,d6e5c650fb4d6d241a554f896de38205ac2c890bfa442f4f9cb2749c70b5f261,23,d925f7a
deck_core,A10,"G2_Ai cells above 5% (point), M1",results/oc_models/type1_models.csv,count of rows [analysis_model=='M1' & config=='G2_Ai' & pass_pct > 5],10,10,d6e5c650fb4d6d241a554f896de38205ac2c890bfa442f4f9cb2749c70b5f261,23,d925f7a
deck_core,A10,"P2 largest boundary type I error, M1",results/oc_models/type1_models.csv,max over 16 rows [analysis_model=='M1' & config=='P2'] :: pass_pct,5.625,5.63%,d6e5c650fb4d6d241a554f896de38205ac2c890bfa442f4f9cb2749c70b5f261,23,d925f7a
deck_core,A10,"F3B largest boundary type I error, M1",results/oc_models/type1_models.csv,max over 16 rows [analysis_model=='M1' & config=='F3B'] :: pass_pct,3.95,3.95%,d6e5c650fb4d6d241a554f896de38205ac2c890bfa442f4f9cb2749c70b5f261,23,d925f7a
deck_core,A10,"F3A largest boundary type I error, M1",results/oc_models/type1_models.csv,max over 16 rows [analysis_model=='M1' & config=='F3A'] :: pass_pct,3.39,3.39%,d6e5c650fb4d6d241a554f896de38205ac2c890bfa442f4f9cb2749c70b5f261,23,d925f7a
deck_core,A10,"G2_A_iii largest boundary type I error, M1",results/criteria/criteria_g2_type1.csv,max over 16 rows [analysis_model=='M1' & config=='G2_A_iii'] :: pass_pct,17.47,17.47%,b450c534a36e2e03b49bad2427de6317153e3b71210dce8caab616e43ef64981,23,d925f7a
deck_core,A10,"G2_B largest boundary type I error, M1",results/oc_models/type1_models.csv,max over 16 rows [analysis_model=='M1' & config=='G2_B'] :: pass_pct,16.03,16.03%,d6e5c650fb4d6d241a554f896de38205ac2c890bfa442f4f9cb2749c70b5f261,23,d925f7a
deck_core,A10,"G2_Ai largest boundary type I error, M1",results/oc_models/type1_models.csv,max over 16 rows [analysis_model=='M1' & config=='G2_Ai'] :: pass_pct,20.27,20.27%,d6e5c650fb4d6d241a554f896de38205ac2c890bfa442f4f9cb2749c70b5f261,23,d925f7a
deck_core,A10,configuration table,results/oc_models/type1_models.csv,whole object,NA,(table),d6e5c650fb4d6d241a554f896de38205ac2c890bfa442f4f9cb2749c70b5f261,23,d925f7a
deck_core,A10,configuration table,results/criteria/criteria_g2_type1.csv,whole object,NA,(table),b450c534a36e2e03b49bad2427de6317153e3b71210dce8caab616e43ef64981,23,d925f7a
deck_core,A10,configuration table,results/trialpop/tp_retained_per_arm.csv,whole object,NA,(table),e1a344b97e641ca3ed72e33d48c23d516fede36ceb0f55a6a4d1df8ed658a64d,23,d925f7a
deck_core,A10,configuration table,results/trialpop/tp_characteristics.csv,whole object,NA,(table),4ecec80dd889cc798aad376dbb7a21a23d30d530a0ef29366e3caf9011779573,23,d925f7a
deck_core,A10,configuration table,results/fallback/fallback_cost.csv,whole object,NA,(table),7691f70aeaff9766d8e766959d8fb7cf0baeafcaa3f1e828c467dd2fb50f4fb1,23,d925f7a
deck_core,A10,"AUCinf + Cmax cells above 5% (point), M1, rule A set (iii), rule B, rule A set (i): range",results/criteria/criteria_g2_type1.csv,"analysis_model=='M1' & config in (G2_A_iii [criteria file], G2_B, G2_Ai [type1_models]) & pass_pct > 5 :: range of row counts",10; 10; 10,10,b450c534a36e2e03b49bad2427de6317153e3b71210dce8caab616e43ef64981,23,d925f7a
deck_core,A10,criteria set (iii) adj_r2_min,config/prereg_20260926.yaml,section4.criteria_sets.iii.adj_r2_min,0.9,0.90,dc2c9f1bd4d62e13ad9f5f551dcf97eb7ee1359ba13aaa3af8efc063dfc6303e,23,d925f7a
deck_core,A10,criteria set (iii) extrap_max_pct,config/prereg_20260926.yaml,section4.criteria_sets.iii.extrap_max_pct,20,20,dc2c9f1bd4d62e13ad9f5f551dcf97eb7ee1359ba13aaa3af8efc063dfc6303e,23,d925f7a
deck_core,A10,criteria set (i) adj_r2_min,config/prereg_20260926.yaml,section4.criteria_sets.i.adj_r2_min,0.8,0.80,dc2c9f1bd4d62e13ad9f5f551dcf97eb7ee1359ba13aaa3af8efc063dfc6303e,23,d925f7a
deck_core,A10,"largest boundary type I error, F3B, M0",results/oc_models/type1_models.csv,max over 16 rows [analysis_model=='M0' & config=='F3B'] :: pass_pct,3.57,3.57%,d6e5c650fb4d6d241a554f896de38205ac2c890bfa442f4f9cb2749c70b5f261,23,d925f7a
deck_core,A10,"F3B largest cell with interval, M1",results/oc_models/type1_models.csv,"analysis_model=='M1' & config=='F3B' & pk_model=='k2020' & scenario=='F_down_080' :: pass_pct [lo, hi]",3.95000000000000; 3.58558272619014; 4.34978352374917,3.95% (95% CI 3.59~4.35),d6e5c650fb4d6d241a554f896de38205ac2c890bfa442f4f9cb2749c70b5f261,23,d925f7a
deck_core,A10,"largest boundary type I error, F3A (rule A set ii), M1",results/oc_models/type1_models.csv,max over 16 rows [analysis_model=='M1' & config=='F3A'] :: pass_pct,3.39,3.39%,d6e5c650fb4d6d241a554f896de38205ac2c890bfa442f4f9cb2749c70b5f261,23,d925f7a
deck_core,A10,"largest boundary type I error, F3C (rule C set ii), M1",results/oc_models/type1_models.csv,max over 16 rows [analysis_model=='M1' & config=='F3C'] :: pass_pct,5.16,5.16%,d6e5c650fb4d6d241a554f896de38205ac2c890bfa442f4f9cb2749c70b5f261,23,d925f7a
deck_core,A10,"F3C cells above 5% (point), M1",results/oc_models/type1_models.csv,count of rows [analysis_model=='M1' & config=='F3C' & pass_pct > 5],1,1,d6e5c650fb4d6d241a554f896de38205ac2c890bfa442f4f9cb2749c70b5f261,23,d925f7a
deck_core,A10,"joint pass AUClast + Cmax, identical products (%)",results/fallback/fallback_cost.csv,scenario=='S00' :: i_last_cmax,99.515,99.52,7691f70aeaff9766d8e766959d8fb7cf0baeafcaa3f1e828c467dd2fb50f4fb1,23,d925f7a
deck_core,A10,"joint pass with AUCinf rule B, identical products (%)",results/fallback/fallback_cost.csv,scenario=='S00' :: iii_plus_inf_all,99.5,99.50,7691f70aeaff9766d8e766959d8fb7cf0baeafcaa3f1e828c467dd2fb50f4fb1,23,d925f7a
deck_core,A10,"loss adding AUCinf rule B, identical products (points)",results/fallback/fallback_cost.csv,"scenario=='S00' :: cost_iii_pp [cost_iii_lo, cost_iii_hi]", 0.01500000000000000; -0.00197293725818501;  0.03197293725818500,0.015%p (95% CI -0.002~0.032),7691f70aeaff9766d8e766959d8fb7cf0baeafcaa3f1e828c467dd2fb50f4fb1,23,d925f7a
deck_core,A10,"loss adding AUCinf rule B, KE110 (points)",results/fallback/fallback_cost.csv,"scenario=='KE110' :: cost_iii_pp [cost_iii_lo, cost_iii_hi]",0.3400000000000; 0.1786360848411; 0.5013639151589,0.34%p (95% CI 0.18~0.50),7691f70aeaff9766d8e766959d8fb7cf0baeafcaa3f1e828c467dd2fb50f4fb1,23,d925f7a
deck_core,A10,"loss adding AUCinf rule B, F097 (points)",results/fallback/fallback_cost.csv,"scenario=='F097' :: cost_iii_pp [cost_iii_lo, cost_iii_hi]",0.1600000000000000; 0.0492053473850437; 0.2707946526149560,0.16%p (95% CI 0.05~0.27),7691f70aeaff9766d8e766959d8fb7cf0baeafcaa3f1e828c467dd2fb50f4fb1,23,d925f7a
deck_core,A10,true AUCinf ratio KE110,results/fallback/fallback_cost.csv,scenario=='KE110' :: true_ratio,0.950246254696442,0.950,7691f70aeaff9766d8e766959d8fb7cf0baeafcaa3f1e828c467dd2fb50f4fb1,23,d925f7a
deck_core,A10,true AUCinf ratio F097,results/fallback/fallback_cost.csv,scenario=='F097' :: true_ratio,0.953046300823498,0.953,7691f70aeaff9766d8e766959d8fb7cf0baeafcaa3f1e828c467dd2fb50f4fb1,23,d925f7a
deck_core,A10,"loss adding AUCinf rule A (set ii), KE110 and F097 (points)",results/fallback/fallback_cost.csv,"range over 2 rows [scenario %in% c('KE110','F097')] :: cost_ii_pp",2.06; 2.36,2.06~2.36,7691f70aeaff9766d8e766959d8fb7cf0baeafcaa3f1e828c467dd2fb50f4fb1,23,d925f7a
deck_core,A10,trials per product in the fallback cost set,results/fallback/fallback_cost.csv,TRUE :: range(n_trials), 5000; 20000,"5,000~20,000",7691f70aeaff9766d8e766959d8fb7cf0baeafcaa3f1e828c467dd2fb50f4fb1,23,d925f7a
deck_core,A10,"empirical power AUClast + Cmax, F097, 2016 model",results/fallback/empirical_power.csv,model=='k2016' & scenario=='F097' :: power_last_cmax,96.82,96.82%,bdc415d2d1db34d5ac920892851cbdda5056150f93cde79bc0545c5bd4e95951,23,d925f7a
deck_core,A10,"largest boundary type I error, G2_B, M1",results/oc_models/type1_models.csv,max over 16 rows [analysis_model=='M1' & config=='G2_B'] :: pass_pct,16.03,16.03%,d6e5c650fb4d6d241a554f896de38205ac2c890bfa442f4f9cb2749c70b5f261,23,d925f7a
deck_core,A10,"G2_B cells above 5% (point), M1",results/oc_models/type1_models.csv,count of rows [analysis_model=='M1' & config=='G2_B' & pass_pct > 5],10,10,d6e5c650fb4d6d241a554f896de38205ac2c890bfa442f4f9cb2749c70b5f261,23,d925f7a
deck_core,A10,"G2_B cells with Wilson lower bound above 5%, M1",results/oc_models/type1_models.csv,count of rows [analysis_model=='M1' & config=='G2_B' & lo > 5],8,8,d6e5c650fb4d6d241a554f896de38205ac2c890bfa442f4f9cb2749c70b5f261,23,d925f7a
deck_core,A10,"largest boundary type I error, G2_A_iii, M1",results/criteria/criteria_g2_type1.csv,max over 16 rows [analysis_model=='M1' & config=='G2_A_iii'] :: pass_pct,17.47,17.47%,b450c534a36e2e03b49bad2427de6317153e3b71210dce8caab616e43ef64981,23,d925f7a
deck_core,A10,"G2_A_iii cells with Wilson lower bound above 5%, M1",results/criteria/criteria_g2_type1.csv,count of rows [analysis_model=='M1' & config=='G2_A_iii' & lo > 5],9,9,b450c534a36e2e03b49bad2427de6317153e3b71210dce8caab616e43ef64981,23,d925f7a
deck_core,A10,"share without a reliable AUCinf, set (iii), two models",results/trialpop/tp_failure_by_set.csv,range over 2 rows [set=='iii'] :: fail_pct,33.215; 38.760,33.2~38.8%,245552b2db5039299ce2f100ed592fc537ebac8bb1693371509535992aa6ca09,23,d925f7a
deck_core,A10,"share failing set (i), two models",results/trialpop/tp_failure_by_set.csv,range over 2 rows [set=='i'] :: fail_pct, 8.165; 13.435,8.2~13.4%,245552b2db5039299ce2f100ed592fc537ebac8bb1693371509535992aa6ca09,23,d925f7a
deck_core,A10,"share without an estimable lambda-z, two models",results/trialpop/tp_failure_by_set.csv,range over 2 rows [set=='iii'] :: lz_pct,0.615; 1.460,0.62~1.46%,245552b2db5039299ce2f100ed592fc537ebac8bb1693371509535992aa6ca09,23,d925f7a
deck_core,A10,"median subjects per arm with a reliable AUCinf, two models",results/trialpop/tp_retained_per_arm.csv,range over 2 rows [set=='iii'] :: retained_median,72; 78,72~78,e1a344b97e641ca3ed72e33d48c23d516fede36ceb0f55a6a4d1df8ed658a64d,23,d925f7a
deck_core,A10,simulated trials (retained per arm),results/trialpop/tp_retained_per_arm.csv,pk_model=='k2016' & set=='iii' :: n_trials,10000,"10,000",e1a344b97e641ca3ed72e33d48c23d516fede36ceb0f55a6a4d1df8ed658a64d,23,d925f7a
deck_core,A10,evaluable subjects per arm,config/trial_design.yaml,n_per_arm,117,117,553eceab74155a3497fef1ab587f3b8d2be1319704e17ae1f0e177601726e84f,23,d925f7a
deck_core,A10,criteria set (ii) span_ratio_min,config/prereg_20260926.yaml,section4.criteria_sets.ii.span_ratio_min,2,2,dc2c9f1bd4d62e13ad9f5f551dcf97eb7ee1359ba13aaa3af8efc063dfc6303e,23,d925f7a
deck_core,A10,"AUClast GMR bias with 95% interval, 2020 V2 cell, M1",results/oc_models/p2_decomposition_models.csv,"pk_model=='k2020' & mechanism=='V2' & analysis_model=='M1' :: auclast_bias_pct [auclast_bias_lo_pct, auclast_bias_hi_pct]",0.411740547589035; 0.338789970045039; 0.484744163312634,0.41% (95% CI 0.34~0.48),fe790d12806d3723abd2f8487d6f987498b247683354cade26ddb18fc6217f2f,23,d925f7a
deck_core,A10,"AUClast + Cmax cells above 5% (point), M1",results/oc_models/type1_models.csv,count of rows [analysis_model=='M1' & config=='P2' & pass_pct > 5],1,1,d6e5c650fb4d6d241a554f896de38205ac2c890bfa442f4f9cb2749c70b5f261,23,d925f7a
deck_core,A11,nominal type I error per one-sided test (%) = (1 - be.ci_level) / 2,config/trial_design.yaml,be.ci_level :: (1 - x) / 2 x 100,5,5%,553eceab74155a3497fef1ab587f3b8d2be1319704e17ae1f0e177601726e84f,24,d925f7a
deck_core,A11,lower bound of the weight band flagged as possibly outside the model development data (kg),results/weight_generalization/weight_bands_B0_abcd.csv,model=='a' & dev_range_note != '' :: lower bound of band,130,130,174016980930c8de881dfd7b854cd8860925cab129cc7d35710e7efa9ba9fa91,24,d925f7a
deck_core,A11,"largest plotted share without a reliable AUCinf (set iii, atopic weight bands, two models)",results/atopic/atopic_criteria_by_band.csv,"distribution=='primary' & set=='iii' & variant in (base, struct2020) & band in 4 bands :: max(fail_pct)",47.4622239442077,47.5%,1f97c1e830a8c2b5d8297e82a87932f3b3c5428e952eb62d5fde47c905887eed,24,d925f7a
deck_core,A11,"largest share below 80% AUClast/AUCinf, plotted weight and atopic bands",results/atopic/atopic_individual_pillar1.csv,whole object,NA,(table),d0ec4c0237c7ab9c331755067305fc3982bb45e1f1498a9a3d01ecf1366376f0,24,d925f7a
deck_core,A11,"largest share below 80% AUClast/AUCinf over the plotted weight bands (models a, b) and atopic bands (two models), rounded up",results/weight_generalization/weight_bands_B0_abcd.csv,"max(coverage_lt80_pct) over weight_bands_B0_abcd.csv [model in a, b] and atopic_individual_pillar1.csv [primary, base and struct2020, 4 bands]",0.01,0.01%,174016980930c8de881dfd7b854cd8860925cab129cc7d35710e7efa9ba9fa91,24,d925f7a
deck_core,A11,AUClast/AUCinf threshold in column name coverage_lt80_pct (percent),results/weight_generalization/weight_bands_B0_abcd.csv,column name coverage_lt80_pct,80,80,174016980930c8de881dfd7b854cd8860925cab129cc7d35710e7efa9ba9fa91,24,d925f7a
deck_core,A11,"smallest AUClast/AUCinf (true) among patients without a reliable AUCinf (set iii), three model variants, rounded down to 0.1 (%)",results/atopic/atopic_coverage_failing.csv,distribution=='primary' & set=='iii' :: floor(1000 * min(window_fail_min)) / 10,78.9859663752325,78.9%,ed1f24ec44214e5312e1791dcd5b265163d4fdcc8fb1e67f9c700a53eb88af3f,24,d925f7a
deck_core,A11,lower weight bound of the heaviest atopic band (kg),config/population_atopic.yaml,bands_kg, 60;  90; 100,100,a5e5356587a4727996496d247df2f1b007adb6fe7e7a9f98ce81388040495abb,24,d925f7a
deck_core,A11,body weight inclusion range (kg),config/trial_design.yaml,weight.inclusion_kg,60; 90,60~90,553eceab74155a3497fef1ab587f3b8d2be1319704e17ae1f0e177601726e84f,24,d925f7a
deck_core,A11,criteria set (i) adj_r2_min,config/prereg_20260926.yaml,section4.criteria_sets.i.adj_r2_min,0.8,0.80,dc2c9f1bd4d62e13ad9f5f551dcf97eb7ee1359ba13aaa3af8efc063dfc6303e,24,d925f7a
deck_core,A11,criteria set (iii) adj_r2_min,config/prereg_20260926.yaml,section4.criteria_sets.iii.adj_r2_min,0.9,0.90,dc2c9f1bd4d62e13ad9f5f551dcf97eb7ee1359ba13aaa3af8efc063dfc6303e,24,d925f7a
deck_core,A11,criteria set (iii) extrap_max_pct,config/prereg_20260926.yaml,section4.criteria_sets.iii.extrap_max_pct,20,20,dc2c9f1bd4d62e13ad9f5f551dcf97eb7ee1359ba13aaa3af8efc063dfc6303e,24,d925f7a
deck_core,A11,"atopic placeholder distribution, mean (kg)",config/population_atopic.yaml,distributions.primary.mean,78,78,a5e5356587a4727996496d247df2f1b007adb6fe7e7a9f98ce81388040495abb,24,d925f7a
deck_core,A11,"atopic placeholder distribution, SD (kg)",config/population_atopic.yaml,distributions.primary.sd,19,19,a5e5356587a4727996496d247df2f1b007adb6fe7e7a9f98ce81388040495abb,24,d925f7a
deck_core,A11,"largest boundary type I error, AUClast + Cmax, M1, k2016",results/oc_models/type1_models.csv,max over 8 rows [analysis_model=='M1' & config=='P2' & pk_model=='k2016'] :: pass_pct,4.33,4.33%,d6e5c650fb4d6d241a554f896de38205ac2c890bfa442f4f9cb2749c70b5f261,24,d925f7a
deck_core,A11,"largest boundary type I error, AUClast + Cmax, M1, k2020",results/oc_models/type1_models.csv,max over 8 rows [analysis_model=='M1' & config=='P2' & pk_model=='k2020'] :: pass_pct,5.625,5.63%,d6e5c650fb4d6d241a554f896de38205ac2c890bfa442f4f9cb2749c70b5f261,24,d925f7a
deck_core,A11,"boundary cells, AUCinf (set iii) + Cmax, M1",results/criteria/criteria_g2_type1.csv,count of rows [analysis_model=='M1' & config=='G2_A_iii'],16,16,b450c534a36e2e03b49bad2427de6317153e3b71210dce8caab616e43ef64981,24,d925f7a
deck_core,A11,"AUCinf (set iii) + Cmax cells above 5%, M1",results/criteria/criteria_g2_type1.csv,count of rows [analysis_model=='M1' & config=='G2_A_iii' & pass_pct > 5],10,10,b450c534a36e2e03b49bad2427de6317153e3b71210dce8caab616e43ef64981,24,d925f7a
deck_core,A11,"Vmax multipliers, both arms, curve-shape cases",config/scenarios.yaml,"sensitivity_variants [vmax080_both, vmax125_both] :: theta_multipliers.Vmax, both values",0.80; 1.25,0.8·×1.25,7243c4f34f21614eccae4c143ba05b8a9eb9183a76770cfce7153ef30a5dc17c,24,d925f7a
deck_core,A11,"Km multipliers, both arms, curve-shape cases",config/scenarios.yaml,"sensitivity_variants [km05_both, km10_both] :: theta_multipliers.Km, both values", 0.5; 10.0,0.5·×10,7243c4f34f21614eccae4c143ba05b8a9eb9183a76770cfce7153ef30a5dc17c,24,d925f7a
deck_core,A11,AUClast/AUCinf threshold in column name pct_lt80 (percent),results/core_deck/coverage_by_case.csv,column name pct_lt80,80,80,86b24303338b849efe6e6cdac069d0f6da9fb675d38b1a33fee44624d611791e,24,d925f7a
deck_core,A11,"share below 80% AUClast/AUCinf, curve-shape cases",results/core_deck/coverage_by_case.csv,"range over 4 rows [case %in% c('vmax080','vmax125','km05','km10')] :: pct_lt80",0; 0,0%,86b24303338b849efe6e6cdac069d0f6da9fb675d38b1a33fee44624d611791e,24,d925f7a
deck_core,A11,"smallest 5th percentile of AUClast/AUCinf over the curve-shape cases, rounded down",results/core_deck/coverage_by_case.csv,"case %in% c('vmax080','vmax125','km05','km10') :: floor(min(p05) x 1000) / 10",94.7062585115505,94.7%,86b24303338b849efe6e6cdac069d0f6da9fb675d38b1a33fee44624d611791e,24,d925f7a
deck_core,A11,LLOQ sensitivity range (mg/L),config/assay.yaml,lloq_sensitivity_mg_L,0.020; 0.050; 0.078; 0.100; 0.200; 0.500,0.02~0.50,13bb4e6e5a604962f3e30a9f31dffb53fcfcaa71272e41d6a12413c1cec26604,24,d925f7a
deck_core,A11,boundary cells in the LLOQ trials,results/lloq/lloq_trial_type1.csv,length(unique(scenario)),3,3,42dbaed7571732007275b9d983dcbf53fa368cec83e2ee83db6f9b3e0ce1c18b,24,d925f7a
deck_core,A11,"LLOQ grid, AUClast + Cmax, M1",results/lloq/lloq_trial_type1.csv,range over 18 rows [model=='M1' & resid=='fixed' & config=='P2'] :: pass_pct,2.60; 4.62,2.60~4.62%,42dbaed7571732007275b9d983dcbf53fa368cec83e2ee83db6f9b3e0ce1c18b,24,d925f7a
deck_core,A11,LLOQ trials per cell,results/lloq/lloq_trial_type1.csv,model=='M1' & resid=='fixed' & config=='P2' & scenario=='F_down_080' & abs(lloq - 0.078) < 1e-9 :: n_trials,5000,"5,000",42dbaed7571732007275b9d983dcbf53fa368cec83e2ee83db6f9b3e0ce1c18b,24,d925f7a
deck_core,A11,"LLOQ grid, AUCinf (set ii, rule A) + Cmax, M1",results/lloq/lloq_trial_type1.csv,range over 18 rows [model=='M1' & resid=='fixed' & config=='G2_Aii'] :: pass_pct, 6.84; 28.52,6.8~28.5%,42dbaed7571732007275b9d983dcbf53fa368cec83e2ee83db6f9b3e0ce1c18b,24,d925f7a
deck_core,A11,"proportional residual, 2016 model",results/trialpop/tp_residual_sensitivity.csv,variant=='k2016' & set=='iii' :: sigma_prop_pct,24.2,24.2%,860c21b7b69a4dd5e1e0ae43bef40eb83c308ae0d97f6e2bcf3a6f1c98454e09,24,d925f7a
deck_core,A11,"proportional residual, variant",results/trialpop/tp_residual_sensitivity.csv,variant=='resid12' & set=='iii' :: sigma_prop_pct,12,12%,860c21b7b69a4dd5e1e0ae43bef40eb83c308ae0d97f6e2bcf3a6f1c98454e09,24,d925f7a
deck_core,A11,"without a reliable AUCinf (set iii), residual 24.2%",results/trialpop/tp_residual_sensitivity.csv,variant=='k2016' & set=='iii' :: fail_pct,38.76,38.8%,860c21b7b69a4dd5e1e0ae43bef40eb83c308ae0d97f6e2bcf3a6f1c98454e09,24,d925f7a
deck_core,A11,"without a reliable AUCinf (set iii), residual 12%",results/trialpop/tp_residual_sensitivity.csv,variant=='resid12' & set=='iii' :: fail_pct,27.235,27.2%,860c21b7b69a4dd5e1e0ae43bef40eb83c308ae0d97f6e2bcf3a6f1c98454e09,24,d925f7a
deck_core,A11,"AUClast + Cmax cells conservative, M1",results/oc_models/type1_models.csv,count of rows [analysis_model=='M1' & config=='P2' & class=='conservative'],15,15,d6e5c650fb4d6d241a554f896de38205ac2c890bfa442f4f9cb2749c70b5f261,24,d925f7a
deck_core,A11,subjects per weight band,results/weight_generalization/weight_bands_B0_abcd.csv,model=='a' & band=='40-60' :: n,20000,"20,000",174016980930c8de881dfd7b854cd8860925cab129cc7d35710e7efa9ba9fa91,24,d925f7a
deck_core,A11,figure a11_weight_atopic,results/weight_generalization/weight_bands_B0_abcd.csv,whole object,NA,(figure),174016980930c8de881dfd7b854cd8860925cab129cc7d35710e7efa9ba9fa91,24,d925f7a
deck_core,A11,figure a11_weight_atopic,results/atopic/atopic_criteria_by_band.csv,whole object,NA,(figure),1f97c1e830a8c2b5d8297e82a87932f3b3c5428e952eb62d5fde47c905887eed,24,d925f7a
deck_core,A11,figure a11_weight_atopic,results/atopic/atopic_individual_pillar1.csv,whole object,NA,(figure),d0ec4c0237c7ab9c331755067305fc3982bb45e1f1498a9a3d01ecf1366376f0,24,d925f7a
deck_core,A11,weight threshold in column name below_60 (kg),results/atopic/atopic_weight_table.csv,column name below_60,60,60,ff627c4849221d773e495c9ce9abb806d2819b840558157e6c3bae2b748a1388,24,d925f7a
deck_core,A11,weight threshold in column name above_100 (kg),results/atopic/atopic_weight_table.csv,column name above_100,100,100,ff627c4849221d773e495c9ce9abb806d2819b840558157e6c3bae2b748a1388,24,d925f7a
deck_core,A11,heavier dropouts in trials of the heavier population,results/weight_generalization/obese_trials_dropout_b.csv,whole object,NA,(table),fe90a94c0715edb641b61800e3f0a2d0dbfcf2c8ff68aef7f497526307a6c8ef,24,d925f7a
deck_core,A11,heavier dropouts in trials of the heavier population,results/weight_generalization/obese_trials_dropout_d.csv,whole object,NA,(table),8acc1b983886ba4683e4131501356f667e8000cc0e0b740fe4162012a88ff6e5,24,d925f7a
deck_core,A11,"weight band 40-60, model a: failing set (i) = 100 - reliable_rsq_extrap_pct",results/weight_generalization/weight_bands_B0_abcd.csv,model=='a' & band=='40-60' :: 100 - reliable_rsq_extrap_pct,9.19499999999999,9.2%,174016980930c8de881dfd7b854cd8860925cab129cc7d35710e7efa9ba9fa91,24,d925f7a
deck_core,A11,"weight band 130-150, model a: failing set (i) = 100 - reliable_rsq_extrap_pct",results/weight_generalization/weight_bands_B0_abcd.csv,model=='a' & band=='130-150' :: 100 - reliable_rsq_extrap_pct,29.15,29.2%,174016980930c8de881dfd7b854cd8860925cab129cc7d35710e7efa9ba9fa91,24,d925f7a
deck_core,A11,"weight band 40-60, model b: failing set (i) = 100 - reliable_rsq_extrap_pct",results/weight_generalization/weight_bands_B0_abcd.csv,model=='b' & band=='40-60' :: 100 - reliable_rsq_extrap_pct,5.90000000000001,5.9%,174016980930c8de881dfd7b854cd8860925cab129cc7d35710e7efa9ba9fa91,24,d925f7a
deck_core,A11,"weight band 130-150, model b: failing set (i) = 100 - reliable_rsq_extrap_pct",results/weight_generalization/weight_bands_B0_abcd.csv,model=='b' & band=='130-150' :: 100 - reliable_rsq_extrap_pct,18.01,18.0%,174016980930c8de881dfd7b854cd8860925cab129cc7d35710e7efa9ba9fa91,24,d925f7a
deck_core,A11,"weight band 40-60, model a: 5th percentile AUClast/AUCinf = 100 - extrap_true_p95",results/weight_generalization/weight_bands_B0_abcd.csv,model=='a' & band=='40-60' :: 100 - extrap_true_p95,97.3064930671249,97.3%,174016980930c8de881dfd7b854cd8860925cab129cc7d35710e7efa9ba9fa91,24,d925f7a
deck_core,A11,"weight band 130-150, model a: 5th percentile AUClast/AUCinf = 100 - extrap_true_p95",results/weight_generalization/weight_bands_B0_abcd.csv,model=='a' & band=='130-150' :: 100 - extrap_true_p95,91.5359071344748,91.5%,174016980930c8de881dfd7b854cd8860925cab129cc7d35710e7efa9ba9fa91,24,d925f7a
deck_core,A11,"weight band 40-60, model b: 5th percentile AUClast/AUCinf = 100 - extrap_true_p95",results/weight_generalization/weight_bands_B0_abcd.csv,model=='b' & band=='40-60' :: 100 - extrap_true_p95,97.1167420746422,97.1%,174016980930c8de881dfd7b854cd8860925cab129cc7d35710e7efa9ba9fa91,24,d925f7a
deck_core,A11,"weight band 130-150, model b: 5th percentile AUClast/AUCinf = 100 - extrap_true_p95",results/weight_generalization/weight_bands_B0_abcd.csv,model=='b' & band=='130-150' :: 100 - extrap_true_p95,92.5814985856511,92.6%,174016980930c8de881dfd7b854cd8860925cab129cc7d35710e7efa9ba9fa91,24,d925f7a
deck_core,A11,"largest share below 80% AUClast/AUCinf over weight bands, two models",results/weight_generalization/weight_bands_B0_abcd.csv,"max over 12 rows [model %in% c('a','b')] :: coverage_lt80_pct",0.01,0.01%,174016980930c8de881dfd7b854cd8860925cab129cc7d35710e7efa9ba9fa91,24,d925f7a
deck_core,A11,dropouts heavier than retained subjects (kg),results/weight_generalization/obese_trials_dropout_a.csv,"range of wt_dropout_mean - wt_retained_mean over models a, b, d",3.1792846080600; 6.4371883514938,3.2~6.4,d9a833a70ea3594c09bdf5cf8561a993d650b066098c6cb3fc250c5059778b02,24,d925f7a
deck_core,A11,"atopic placeholder distribution, mean (kg)",config/population_atopic.yaml,distributions.primary.mean,78,78,a5e5356587a4727996496d247df2f1b007adb6fe7e7a9f98ce81388040495abb,24,d925f7a
deck_core,A11,"atopic placeholder distribution, SD (kg)",config/population_atopic.yaml,distributions.primary.sd,19,19,a5e5356587a4727996496d247df2f1b007adb6fe7e7a9f98ce81388040495abb,24,d925f7a
deck_core,A11,"atopic placeholder distribution, truncation (kg)",config/population_atopic.yaml,distributions.primary.trunc, 40; 180,40~180,a5e5356587a4727996496d247df2f1b007adb6fe7e7a9f98ce81388040495abb,24,d925f7a
deck_core,A11,"primary weight distribution, simulated, share outside 60 to 90 kg",results/atopic/atopic_weight_table.csv,"distribution=='primary' & source=='simulated (20,000 subjects)' :: outside_60_90",40.38,40.4%,ff627c4849221d773e495c9ce9abb806d2819b840558157e6c3bae2b748a1388,24,d925f7a
deck_core,A11,"primary weight distribution, simulated, share above 100 kg",results/atopic/atopic_weight_table.csv,"distribution=='primary' & source=='simulated (20,000 subjects)' :: above_100",12.905,12.9%,ff627c4849221d773e495c9ce9abb806d2819b840558157e6c3bae2b748a1388,24,d925f7a
deck_core,A11,"atopic, 2016 model, set iii failing, all",results/atopic/atopic_criteria_by_band.csv,variant=='base' & distribution=='primary' & band=='all' & set=='iii' :: fail_pct,39.465,39.5%,1f97c1e830a8c2b5d8297e82a87932f3b3c5428e952eb62d5fde47c905887eed,24,d925f7a
deck_core,A11,"atopic, 2020 model, set iii failing, all",results/atopic/atopic_criteria_by_band.csv,variant=='struct2020' & distribution=='primary' & band=='all' & set=='iii' :: fail_pct,33.61,33.6%,1f97c1e830a8c2b5d8297e82a87932f3b3c5428e952eb62d5fde47c905887eed,24,d925f7a
deck_core,A11,"atopic, three variants, set iii failing, all",results/atopic/atopic_criteria_by_band.csv,range over 3 rows [distribution=='primary' & band=='all' & set=='iii'] :: fail_pct,33.610; 39.755,33.6~39.8%,1f97c1e830a8c2b5d8297e82a87932f3b3c5428e952eb62d5fde47c905887eed,24,d925f7a
deck_core,A11,"study population, set iii failing, 2016",results/trialpop/tp_failure_by_set.csv,pk_model=='k2016' & set=='iii' :: fail_pct,38.76,38.8%,245552b2db5039299ce2f100ed592fc537ebac8bb1693371509535992aa6ca09,24,d925f7a
deck_core,A11,"study population, set iii failing, 2020",results/trialpop/tp_failure_by_set.csv,pk_model=='k2020' & set=='iii' :: fail_pct,33.215,33.2%,245552b2db5039299ce2f100ed592fc537ebac8bb1693371509535992aa6ca09,24,d925f7a
deck_core,A11,"atopic, 2016 model, set iii failing, below 60 kg",results/atopic/atopic_criteria_by_band.csv,variant=='base' & distribution=='primary' & band=='below 60' & set=='iii' :: fail_pct,33.8699690402477,33.9%,1f97c1e830a8c2b5d8297e82a87932f3b3c5428e952eb62d5fde47c905887eed,24,d925f7a
deck_core,A11,"atopic, 2016 model, set iii failing, above 100 kg",results/atopic/atopic_criteria_by_band.csv,variant=='base' & distribution=='primary' & band=='above 100' & set=='iii' :: fail_pct,47.4622239442077,47.5%,1f97c1e830a8c2b5d8297e82a87932f3b3c5428e952eb62d5fde47c905887eed,24,d925f7a
deck_core,A11,"atopic, 2020 model, set iii failing, below 60 kg",results/atopic/atopic_criteria_by_band.csv,variant=='struct2020' & distribution=='primary' & band=='below 60' & set=='iii' :: fail_pct,28.4829721362229,28.5%,1f97c1e830a8c2b5d8297e82a87932f3b3c5428e952eb62d5fde47c905887eed,24,d925f7a
deck_core,A11,"atopic, 2020 model, set iii failing, above 100 kg",results/atopic/atopic_criteria_by_band.csv,variant=='struct2020' & distribution=='primary' & band=='above 100' & set=='iii' :: fail_pct,39.3258426966292,39.3%,1f97c1e830a8c2b5d8297e82a87932f3b3c5428e952eb62d5fde47c905887eed,24,d925f7a
deck_core,A11,"sensitivity weight distributions, set iii failing, three variants",results/atopic/atopic_criteria_by_band.csv,range over 6 rows [distribution!='primary' & band=='all' & set=='iii'] :: fail_pct,33.145; 40.050,33.1~40.1%,1f97c1e830a8c2b5d8297e82a87932f3b3c5428e952eb62d5fde47c905887eed,24,d925f7a
deck_core,A11,"set iii failing patients: median AUClast/AUCinf, three variants",results/atopic/atopic_coverage_failing.csv,range over 3 rows [distribution=='primary' & set=='iii'] :: window_fail_median x 100,99.4896056102944; 99.8315666057001,99.5~99.8%,ed1f24ec44214e5312e1791dcd5b265163d4fdcc8fb1e67f9c700a53eb88af3f,24,d925f7a
deck_core,A11,"set iii failing patients: 5th percentile AUClast/AUCinf, three variants",results/atopic/atopic_coverage_failing.csv,range over 3 rows [distribution=='primary' & set=='iii'] :: window_fail_p05 x 100,94.1751600537379; 94.9893791120779,94.2~95.0%,ed1f24ec44214e5312e1791dcd5b265163d4fdcc8fb1e67f9c700a53eb88af3f,24,d925f7a
deck_core,A11,"set iii failing patients: minimum AUClast/AUCinf, 2016 model",results/atopic/atopic_coverage_failing.csv,variant=='base' & distribution=='primary' & set=='iii' :: window_fail_min x 100,81.3756752847857,81.4%,ed1f24ec44214e5312e1791dcd5b265163d4fdcc8fb1e67f9c700a53eb88af3f,24,d925f7a
deck_core,A11,"set iii failing patients: minimum AUClast/AUCinf, 2020 model",results/atopic/atopic_coverage_failing.csv,variant=='struct2020' & distribution=='primary' & set=='iii' :: window_fail_min x 100,80.8404129365956,80.8%,ed1f24ec44214e5312e1791dcd5b265163d4fdcc8fb1e67f9c700a53eb88af3f,24,d925f7a
deck_core,A11,"atopic, share below 80% AUClast/AUCinf, three variants",results/atopic/atopic_individual_pillar1.csv,max over 3 rows [distribution=='primary' & band=='all'] :: coverage_lt80_pct,0.005,0.005%,d0ec4c0237c7ab9c331755067305fc3982bb45e1f1498a9a3d01ecf1366376f0,24,d925f7a
deck_core,A11,"atopic trials, bias of AUClast GMR, M0",results/atopic/atopic_trials_bias.csv,range over 15 rows [analysis_model=='M0' & endpoint=='AUClast'] :: bias_pct,-0.944694250675460;  0.392952781685341,-0.94~0.39%,67ff3cbd4480526a52302d3307c63055898fed09d346f95f24c776b8bb354678,24,d925f7a
deck_core,A11,"atopic trials, bias of AUCinf_Aiii GMR, M0",results/atopic/atopic_trials_bias.csv,range over 15 rows [analysis_model=='M0' & endpoint=='AUCinf_Aiii'] :: bias_pct,-2.41761347621253;  3.96736891640774,-2.42~3.97%,67ff3cbd4480526a52302d3307c63055898fed09d346f95f24c776b8bb354678,24,d925f7a
deck_core,A11,"atopic trials, AUClast + Cmax vs AUCinf (set iii, rule A) + Cmax decision agreement, M0",results/atopic/atopic_trials_concordance.csv,range over 15 rows [analysis_model=='M0' & config=='A_iii'] :: agree_pct,70.15; 88.65,70.2~88.7%,8120d65e2fc3791574a9912065c67b48aa1277fe045f68d0327e31c050cb7f91,24,d925f7a
deck_core,A11,"atopic trials, test minus reference failing set iii, VM125 (points)",results/atopic/atopic_trials_arm_failure.csv,range over 3 rows [scenario=='VM125' & set=='iii'] :: diff_mean,4.86410256410256; 5.70769230769231,4.86~5.71,1a871811ea89855fa5e5e8b0f87b01f3161457d0d5ace551336b6f136cc0eeb8,24,d925f7a
deck_core,A11,atopic trials per scenario (pre-registered),config/prereg_20260926.yaml,section5.trial.trials,2000,"2,000",dc2c9f1bd4d62e13ad9f5f551dcf97eb7ee1359ba13aaa3af8efc063dfc6303e,24,d925f7a
deck_core,A11,"AUClast + Cmax, 2020 V2 cell, M0",results/oc_models/type1_models.csv,pk_model=='k2020' & scenario=='V2_up_080' & analysis_model=='M0' & config=='P2' :: pass_pct,5.18,5.18%,d6e5c650fb4d6d241a554f896de38205ac2c890bfa442f4f9cb2749c70b5f261,24,d925f7a
deck_core,A11,"AUClast + Cmax, 2020 V2 cell, M1",results/oc_models/type1_models.csv,"pk_model=='k2020' & scenario=='V2_up_080' & analysis_model=='M1' & config=='P2' :: pass_pct [lo, hi]",5.62500000000000; 5.31412097634036; 5.95292222363892,5.63% (95% CI 5.31~5.95),d6e5c650fb4d6d241a554f896de38205ac2c890bfa442f4f9cb2749c70b5f261,24,d925f7a
deck_core,A11,"AUClast + Cmax, 2020 V2 cell, M2",results/oc_models/type1_models.csv,pk_model=='k2020' & scenario=='V2_up_080' & analysis_model=='M2' & config=='P2' :: pass_pct,5.745,5.75%,d6e5c650fb4d6d241a554f896de38205ac2c890bfa442f4f9cb2749c70b5f261,24,d925f7a
deck_core,A11,trials after extension,config/prereg_20260926.yaml,section1.extension.to,20000,"20,000",dc2c9f1bd4d62e13ad9f5f551dcf97eb7ee1359ba13aaa3af8efc063dfc6303e,24,d925f7a
deck_core,A11,trials per boundary scenario (pre-specified),config/oc_design.yaml,trials.reps_boundary,10000,"10,000",629011b264fbc4c3f03f8a3989bac1f2711d49959f3268f5e8f758c80f93ea0a,24,d925f7a
deck_core,A11,boundary cells per model,results/oc_models/type1_models.csv,count of rows [analysis_model=='M1' & config=='P2' & pk_model=='k2016'],8,8,d6e5c650fb4d6d241a554f896de38205ac2c890bfa442f4f9cb2749c70b5f261,24,d925f7a
deck_core,A11,"largest boundary type I error, AUCinf (set iii) + Cmax, M1",results/criteria/criteria_g2_type1.csv,max over 16 rows [analysis_model=='M1' & config=='G2_A_iii'] :: pass_pct,17.47,17.5%,b450c534a36e2e03b49bad2427de6317153e3b71210dce8caab616e43ef64981,24,d925f7a
deck_core,A11,"LLOQ grid, AUClast + Cmax, M0",results/lloq/lloq_trial_type1.csv,range over 18 rows [model=='M0' & resid=='fixed' & config=='P2'] :: pass_pct,2.22; 4.22,2.22~4.22%,42dbaed7571732007275b9d983dcbf53fa368cec83e2ee83db6f9b3e0ce1c18b,24,d925f7a
deck_core,A11,LLOQ trials per cell,results/lloq/lloq_trial_type1.csv,model=='M1' & resid=='fixed' & config=='P2' & scenario=='F_down_080' & abs(lloq - 0.078) < 1e-9 :: n_trials,5000,"5,000",42dbaed7571732007275b9d983dcbf53fa368cec83e2ee83db6f9b3e0ce1c18b,24,d925f7a
deck_core,A11,"set (i) failing, residual 24.2%",results/trialpop/tp_residual_sensitivity.csv,variant=='k2016' & set=='i' :: fail_pct,13.435,13.4%,860c21b7b69a4dd5e1e0ae43bef40eb83c308ae0d97f6e2bcf3a6f1c98454e09,24,d925f7a
deck_core,A11,"set (i) failing, residual 12%",results/trialpop/tp_residual_sensitivity.csv,variant=='resid12' & set=='i' :: fail_pct,5.755,5.8%,860c21b7b69a4dd5e1e0ae43bef40eb83c308ae0d97f6e2bcf3a6f1c98454e09,24,d925f7a
deck_core,A11,criteria set (i) adj_r2_min,config/prereg_20260926.yaml,section4.criteria_sets.i.adj_r2_min,0.8,0.80,dc2c9f1bd4d62e13ad9f5f551dcf97eb7ee1359ba13aaa3af8efc063dfc6303e,24,d925f7a
deck_core,A11,criteria set (iii) adj_r2_min,config/prereg_20260926.yaml,section4.criteria_sets.iii.adj_r2_min,0.9,0.90,dc2c9f1bd4d62e13ad9f5f551dcf97eb7ee1359ba13aaa3af8efc063dfc6303e,24,d925f7a
deck_core,A11,criteria set (iii) extrap_max_pct,config/prereg_20260926.yaml,section4.criteria_sets.iii.extrap_max_pct,20,20,dc2c9f1bd4d62e13ad9f5f551dcf97eb7ee1359ba13aaa3af8efc063dfc6303e,24,d925f7a
deck_core,A12,"Km (mg/L), fixed in both models",config/params_typical.yaml,theta.Km.value,0.01,0.01,0661b248227771273d5c58c86c61f35ef655fdeecebe3f188868fd61cff4b801,25,d925f7a
deck_core,A12,lambda-z windows identical over all comparisons,results/nca_engine/engine_validation_summary.csv,sum(lz_points_identical) / sum(lz_points_identical + lz_points_mismatch),3054; 3054,"3,054 / 3,054",6cc554b1b015013fc6b1156e970eed67ad56d2ab70843a853187390ed0ff41b4,25,d925f7a
deck_core,A12,"Vmax multipliers, both arms, curve-shape cases",config/scenarios.yaml,"sensitivity_variants [vmax080_both, vmax125_both] :: theta_multipliers.Vmax, both values",0.80; 1.25,0.8·×1.25,7243c4f34f21614eccae4c143ba05b8a9eb9183a76770cfce7153ef30a5dc17c,25,d925f7a
deck_core,A12,"Km multipliers, both arms, curve-shape cases",config/scenarios.yaml,"sensitivity_variants [km05_both, km10_both] :: theta_multipliers.Km, both values", 0.5; 10.0,0.5·×10,7243c4f34f21614eccae4c143ba05b8a9eb9183a76770cfce7153ef30a5dc17c,25,d925f7a
deck_core,A12,"smallest 5th percentile of AUClast/AUCinf over the curve-shape cases, rounded down",results/core_deck/coverage_by_case.csv,"case %in% c('vmax080','vmax125','km05','km10') :: floor(min(p05) x 1000) / 10",94.7062585115505,94.7%,86b24303338b849efe6e6cdac069d0f6da9fb675d38b1a33fee44624d611791e,25,d925f7a
deck_core,A12,dose of the 175 mg/mL external data sets (mg),results/step1/step1b_quant_gate.csv,range over 4 rows [gate_role=='external'] :: dose_mg,200; 200,200,8f846e1fd1160532af6b26f020969bb945f0903e3ba7549c0bb5fd2a50117bb5,25,d925f7a
deck_core,A12,concentration of the 200 mg presentation (mg/mL),results/step1/step1b_quant_gate.csv,"gate_role=='external' :: presentation, regex ([0-9.]+) mg/mL",175,175,8f846e1fd1160532af6b26f020969bb945f0903e3ba7549c0bb5fd2a50117bb5,25,d925f7a
deck_core,A12,"observed median tmax, 200 mg (175 mg/mL) data sets (day)",results/step1/step1b_quant_gate.csv,range over 4 rows [gate_role=='external' & !is.na(tmax_obs_median)] :: tmax_obs_median,3.0; 3.1,3.0~3.1,8f846e1fd1160532af6b26f020969bb945f0903e3ba7549c0bb5fd2a50117bb5,25,d925f7a
deck_core,A12,"simulated median tmax, 200 mg data sets, 2016 (day)",results/step1/step1b_quant_gate.csv,range over 4 rows [gate_role=='external'] :: tmax_sim_median,7; 7,7,8f846e1fd1160532af6b26f020969bb945f0903e3ba7549c0bb5fd2a50117bb5,25,d925f7a
deck_core,A12,dose (mg),config/trial_design.yaml,dose_mg,300,300,553eceab74155a3497fef1ab587f3b8d2be1319704e17ae1f0e177601726e84f,25,d925f7a
deck_core,A12,independent human QC status,regulatory/tables/verification_qc.csv,Activity=='Independent human QC of this report' :: Result,PENDING (sponsor),PENDING (sponsor),83ad30bb2f5867a3c74a9628fda8d70a258d3e62ada155e3080ef2a3641e8d3a,25,d925f7a
deck_core,A12,FDA BLA 761055 review page given in the directive (not verified),config/literature_core_deck.yaml,fda_bla761055_clinpharm.page,48,48,ed067a30878b498ed7f584d96695f25a6abb14944cb426992c8036b09acb3a80,25,d925f7a
deck_core,A12,EMA BE guideline: minimum coverage of AUC0-t (%),config/literature_core_deck.yaml,ema_be_guideline_80pct.coverage_min_pct,80,80,ed067a30878b498ed7f584d96695f25a6abb14944cb426992c8036b09acb3a80,25,d925f7a
deck_core,A12,cited sources with status 'search excerpt' (core deck and results deck literature files),config/literature_core_deck.yaml,count of entries with status == 'search excerpt' in literature_core_deck.yaml and literature_precedents.yaml,4,4,ed067a30878b498ed7f584d96695f25a6abb14944cb426992c8036b09acb3a80,25,d925f7a
deck_core,A12,identity checks of the regenerated core-deck summaries (all equal),results/core_deck/provenance.csv,count of rows [equal == TRUE],36,36,274ea3effe649ccef1048b4b4a4d83209030a21339b5bb86737cc21156777ac1,25,d925f7a
deck_core,A12,study LLOQ (mg/L),config/assay.yaml,lloq_mg_L.value,0.078,0.078,13bb4e6e5a604962f3e30a9f31dffb53fcfcaa71272e41d6a12413c1cec26604,25,d925f7a
deck_core,A12,evaluable subjects per arm,config/trial_design.yaml,n_per_arm,117,117,553eceab74155a3497fef1ab587f3b8d2be1319704e17ae1f0e177601726e84f,25,d925f7a
deck_core,A12,target power (%),results/sample_size/ss_table_n_needed.csv,cv==43 & gmr==0.95 & analysis_model=='M1' & target_pct==90 :: target_pct,90,90,cb1b4df9c06e5f3d0c09e40dc0152eddb30538c60a6d7f5d3acf5efe04ac71fa,25,d925f7a
deck_core,A12,"n per arm for the higher target, M1",results/sample_size/ss_table_n_needed.csv,cv==43 & gmr==0.95 & analysis_model=='M1' & target_pct==90 :: n_evaluable_per_arm,97,97,cb1b4df9c06e5f3d0c09e40dc0152eddb30538c60a6d7f5d3acf5efe04ac71fa,25,d925f7a
deck_core,A12,target power (%),results/sample_size/ss_table_n_needed.csv,cv==43 & gmr==0.95 & analysis_model=='M1' & target_pct==85 :: target_pct,85,85,cb1b4df9c06e5f3d0c09e40dc0152eddb30538c60a6d7f5d3acf5efe04ac71fa,25,d925f7a
deck_core,A12,"n per arm for the lower target, M1",results/sample_size/ss_table_n_needed.csv,cv==43 & gmr==0.95 & analysis_model=='M1' & target_pct==85 :: n_evaluable_per_arm,83,83,cb1b4df9c06e5f3d0c09e40dc0152eddb30538c60a6d7f5d3acf5efe04ac71fa,25,d925f7a
deck_core,A12,"proportional residual, 2016 model",results/trialpop/tp_residual_sensitivity.csv,variant=='k2016' & set=='iii' :: sigma_prop_pct,24.2,24.2%,860c21b7b69a4dd5e1e0ae43bef40eb83c308ae0d97f6e2bcf3a6f1c98454e09,25,d925f7a
deck_core,A12,"proportional residual, 2020 model",results/trialpop/tp_residual_sensitivity.csv,variant=='k2020' & set=='iii' :: sigma_prop_pct,15,15%,860c21b7b69a4dd5e1e0ae43bef40eb83c308ae0d97f6e2bcf3a6f1c98454e09,25,d925f7a
deck_core,A12,"proportional residual, variant",results/trialpop/tp_residual_sensitivity.csv,variant=='resid12' & set=='iii' :: sigma_prop_pct,12,12%,860c21b7b69a4dd5e1e0ae43bef40eb83c308ae0d97f6e2bcf3a6f1c98454e09,25,d925f7a
deck_core,A12,"set (iii) failing, 2016 model (residual as estimated)",results/trialpop/tp_residual_sensitivity.csv,variant=='k2016' & set=='iii' :: fail_pct,38.76,38.8%,860c21b7b69a4dd5e1e0ae43bef40eb83c308ae0d97f6e2bcf3a6f1c98454e09,25,d925f7a
deck_core,A12,"set (iii) failing, 2016 model with residual 12%",results/trialpop/tp_residual_sensitivity.csv,variant=='resid12' & set=='iii' :: fail_pct,27.235,27.2%,860c21b7b69a4dd5e1e0ae43bef40eb83c308ae0d97f6e2bcf3a6f1c98454e09,25,d925f7a
deck_core,A12,"PKM12350 arm AUClast sim/obs at the assumed weight, two models",results/step1/step1f_300mg_arm_check.csv,"study=='PKM12350' :: range(ratio) over step1f_300mg_arm_check.csv (k2016, k2020)",1.17151027626770; 1.14222251936101; 1.27082815377780; 1.23905744993336,1.14~1.27,94e7f8d23532f81f0f5a98c506071333d348ab476529d0371feb1e470079addf,25,d925f7a
deck_core,A12,assumed mean weight of the single arms (kg),config/design_clot2021.yaml,arm_checks_300mg.weight.mean,78,78,4b3ddc374dfbf3f451d3fe3d6a865645b0b5d93b0ea7eea9a3f24cd8d2f05da5,25,d925f7a
deck_core,A12,"lowest assumed mean weight with both PKM12350 arms within 15%, k2016 (kg)",results/step1/step1i_arm_weight_sensitivity.csv,study=='PKM12350' :: min(weight_mean) with all(within_15),82,82,f075ee5189e44ac72f8a5f6d186dec455f1799830b9768bf727bf70f210fecc0,25,d925f7a
deck_core,A12,"lowest assumed mean weight with both PKM12350 arms within 15%, k2020 (kg)",results/step1_k2020/step1i_arm_weight_sensitivity.csv,study=='PKM12350' :: min(weight_mean) with all(within_15),86,86,f1841065135d7335e007a9b029d47d84893cd726808a2adfaffe45983339bd3e,25,d925f7a
deck_core,A12,exposure gate: AUClast mean within +/- tolerance (%),config/design_clot2021.yaml,gate.auclast_mean_tol_pct,15,15,4b3ddc374dfbf3f451d3fe3d6a865645b0b5d93b0ea7eea9a3f24cd8d2f05da5,25,d925f7a
deck_core,A12,pre-registered curve-shape cases (both arms),results/core_deck/coverage_by_case.csv,"case %in% c('vmax080','vmax125','km05','km10') :: row count",4,4,86b24303338b849efe6e6cdac069d0f6da9fb675d38b1a33fee44624d611791e,25,d925f7a
deck_core,A12,"Cmax sim/obs range, study presentation, 2016",results/step1/step1b_quant_gate.csv,range over 5 rows [gate_role=='gate'] :: Cmax_ratio,1.07915142574032; 1.26972180725227,1.08~1.27,8f846e1fd1160532af6b26f020969bb945f0903e3ba7549c0bb5fd2a50117bb5,25,d925f7a
deck_core,A12,"Cmax sim/obs range, study presentation, 2020",results/step1_k2020/step1b_quant_gate.csv,range over 5 rows [gate_role=='gate'] :: Cmax_ratio,0.996547232170453; 1.165070469721020,1.00~1.17,fe98e2255a97c7dc46ced95bd39619686078d95324349342d596324314490544,25,d925f7a
deck_core,A12,literature status (results deck citations),config/literature_precedents.yaml,whole object,NA,(table),44c48b27ac1afbe90f1e23f55480f148dfa34e03a4dca31a81d29096a0537e67,25,d925f7a
deck_core,A12,"Km x0.5 and x10 (both arms), median true extrapolation",results/curve_shape/curve_shape_B0.csv,"range over 2 rows [variant %in% c('km05_both','km10_both')] :: extrap_true_median",0.399904668259937; 0.669454060005503,0.40~0.67%,4796d407dad3bba1496ae1268dae39063c5e3e2c8bec7b583e0625bc8c022c44,25,d925f7a
deck_core,A12,Km multipliers searched in the test arm (range ends),results/oc/inversion_all.csv,mechanism=='Km' :: range(end_multiplier),1e-02; 1e+02,0.01~×100,7b0f06ec39b8c6d76e4b02d5301502fb01167a0cb730bc1e5fea08e64726541f,25,d925f7a
deck_core,A12,true AUCinf ratio range over the Km search (range ends and reached rows),results/oc/inversion_all.csv,"mechanism=='Km' :: end_auc_ratio, auc_ratio",0.998949506997432; 1.058748397272760,0.999~1.059,7b0f06ec39b8c6d76e4b02d5301502fb01167a0cb730bc1e5fea08e64726541f,25,d925f7a
deck_core,A12,"equivalence limits (%), printed without decimals",config/trial_design.yaml,"be.limits :: x 100, 0 decimals", 80; 125,80~125,553eceab74155a3497fef1ab587f3b8d2be1319704e17ae1f0e177601726e84f,25,d925f7a
deck_core,A12,curve-shape cases without any subject below 80%,results/core_deck/coverage_by_case.csv,"count of rows [case %in% c('vmax080','vmax125','km05','km10') & pct_lt80 == 0]",4,4,86b24303338b849efe6e6cdac069d0f6da9fb675d38b1a33fee44624d611791e,25,d925f7a
deck_core,A12,"AUClast sim/obs, 200 mg (175 mg/mL) data sets, 2016",results/step1/step1b_quant_gate.csv,range over 4 rows [gate_role=='external'] :: AUClast_ratio,0.818135700537457; 0.912255916270300,0.82~0.91,8f846e1fd1160532af6b26f020969bb945f0903e3ba7549c0bb5fd2a50117bb5,25,d925f7a
deck_core,A12,"AUClast sim/obs, 200 mg (175 mg/mL) data sets, 2020",results/step1_k2020/step1b_quant_gate.csv,range over 4 rows [gate_role=='external'] :: AUClast_ratio,0.89951471599565; 1.00311765035533,0.90~1.00,fe98e2255a97c7dc46ced95bd39619686078d95324349342d596324314490544,25,d925f7a
deck_core,A12,concentration of the study presentation (mg/mL),results/step1/step1b_quant_gate.csv,"gate_role=='gate' & dose_mg==300 :: presentation, regex ([0-9.]+) mg/mL",150,150,8f846e1fd1160532af6b26f020969bb945f0903e3ba7549c0bb5fd2a50117bb5,25,d925f7a
deck_core,A12,"AUClast sim/obs, study-dose data sets, 2016",results/step1/step1b_quant_gate.csv,range over 3 rows [gate_role=='gate' & dose_mg==300] :: AUClast_ratio,0.938864110808444; 1.040222532356500,0.94~1.04,8f846e1fd1160532af6b26f020969bb945f0903e3ba7549c0bb5fd2a50117bb5,25,d925f7a
deck_core,A12,"AUClast sim/obs, study-dose data sets, 2020",results/step1_k2020/step1b_quant_gate.csv,range over 3 rows [gate_role=='gate' & dose_mg==300] :: AUClast_ratio,1.01545509615009; 1.12815869190091,1.02~1.13,fe98e2255a97c7dc46ced95bd39619686078d95324349342d596324314490544,25,d925f7a
deck_core,A12,"fully external items, 2016 model",results/step1/step1h_external_only_gate.csv,count of rows [TRUE],10,10,92088915393287a550844346e4d1714982847755835cb048bfd36d4bc80eba72,25,d925f7a
deck_core,A12,"fully external items failing, 2016 model",results/step1/step1h_external_only_gate.csv,count of rows [pass_mean==FALSE],1,1,92088915393287a550844346e4d1714982847755835cb048bfd36d4bc80eba72,25,d925f7a
deck_core,A12,"fully external items, 2020 model",results/step1_k2020/step1h_external_only_gate.csv,count of rows [TRUE],8,8,35d4f1f5822da9e61d90566beefe6ddc9ac0cd253d5b5fa22e9cc98ebe0afc8a,25,d925f7a
deck_core,A12,"fully external items failing, 2020 model",results/step1_k2020/step1h_external_only_gate.csv,count of rows [pass_mean==FALSE],3,3,35d4f1f5822da9e61d90566beefe6ddc9ac0cd253d5b5fa22e9cc98ebe0afc8a,25,d925f7a
deck_core,A12,Vmax multiplier of the stress test (both arms),config/scenarios.yaml,sensitivity_variants.vmax050_both.theta_multipliers.Vmax,0.5,0.5,7243c4f34f21614eccae4c143ba05b8a9eb9183a76770cfce7153ef30a5dc17c,25,d925f7a
deck_core,A12,stress test Vmax x0.5: share below 80% AUClast/AUCinf,results/curve_shape/curve_shape_B0.csv,variant=='vmax050_both' :: coverage_lt80_pct,0.035,0.035%,4796d407dad3bba1496ae1268dae39063c5e3e2c8bec7b583e0625bc8c022c44,25,d925f7a
deck_core,A12,stress test Vmax x0.5: 95th percentile of the true extrapolated share,results/curve_shape/curve_shape_B0.csv,variant=='vmax050_both' :: extrap_true_p95,6.41375809394017,6.41%,4796d407dad3bba1496ae1268dae39063c5e3e2c8bec7b583e0625bc8c022c44,25,d925f7a
deck_core,A12,largest relative parameter difference,results/nca_engine/engine_validation_summary.csv,"max(max_rel_diff), printed as mantissa x 10^exponent",4.94026166636489e-13,4.9×10⁻¹³,6cc554b1b015013fc6b1156e970eed67ad56d2ab70843a853187390ed0ff41b4,25,d925f7a
deck_core,A12,status of the FDA BLA 761055 review citation,config/literature_core_deck.yaml,fda_bla761055_clinpharm.status,search excerpt,search excerpt,ed067a30878b498ed7f584d96695f25a6abb14944cb426992c8036b09acb3a80,25,d925f7a
deck_core,A12,status of the EMA bioequivalence guideline citation,config/literature_core_deck.yaml,ema_be_guideline_80pct.status,search excerpt,search excerpt,ed067a30878b498ed7f584d96695f25a6abb14944cb426992c8036b09acb3a80,25,d925f7a
deck_core,A12,status of the MSB11456 study citation,config/literature_precedents.yaml,msb11456_iv.status,search excerpt,search excerpt,44c48b27ac1afbe90f1e23f55480f148dfa34e03a4dca31a81d29096a0537e67,25,d925f7a
deck_core,A12,status of the EMA 2012 monoclonal antibody guideline citation,config/literature_precedents.yaml,ema_2012_mab.status,search excerpt,search excerpt,44c48b27ac1afbe90f1e23f55480f148dfa34e03a4dca31a81d29096a0537e67,25,d925f7a
deck_core,A12,FDA BLA 761055 review date,config/literature_core_deck.yaml,fda_bla761055_clinpharm.review_date,2016-07-29,2016-07-29,ed067a30878b498ed7f584d96695f25a6abb14944cb426992c8036b09acb3a80,25,d925f7a
deck_core,A12,input files hashed in provenance.csv,results/core_deck/provenance.csv,"count of rows [startsWith(check, 'input ')]",9,9,274ea3effe649ccef1048b4b4a4d83209030a21339b5bb86737cc21156777ac1,25,d925f7a
deck_core,A12,representative-subject checks in provenance.csv,results/core_deck/provenance.csv,"count of rows [equal == TRUE & grepl('subject', check)]",8,8,274ea3effe649ccef1048b4b4a4d83209030a21339b5bb86737cc21156777ac1,25,d925f7a
deck_core,A12,LLOQ sensitivity range (mg/L),config/assay.yaml,lloq_sensitivity_mg_L,0.020; 0.050; 0.078; 0.100; 0.200; 0.500,0.02~0.50,13bb4e6e5a604962f3e30a9f31dffb53fcfcaa71272e41d6a12413c1cec26604,25,d925f7a
deck_core,A12,"LLOQ grid, share below 80% AUClast/AUCinf, 2016 model",results/lloq/lloq_individual_table.csv,range over 6 rows [model=='k2016' & resid=='fixed'] :: coverage_lt80_pct,0.000; 0.005,0.00~0.01%,6d5fc6a570bb69ad49d2d235250f61e39c074ab5d023b5a9fdd0cfaa79b0e3b5,25,d925f7a
deck_core,A12,AUClast/AUCinf threshold in column name coverage_lt80_pct (percent),results/lloq/lloq_individual_table.csv,column name coverage_lt80_pct,80,80,6d5fc6a570bb69ad49d2d235250f61e39c074ab5d023b5a9fdd0cfaa79b0e3b5,25,d925f7a
deck_core,A12,Day 1 post-dose sampling time (day after dose),config/trial_design.yaml,day1_postdose_time.value,0.25,0.25,553eceab74155a3497fef1ab587f3b8d2be1319704e17ae1f0e177601726e84f,25,d925f7a
deck_core,A12,body weight mean (kg),config/trial_design.yaml,weight.base.mean,75,75,553eceab74155a3497fef1ab587f3b8d2be1319704e17ae1f0e177601726e84f,25,d925f7a
deck_core,A12,body weight SD (kg),config/trial_design.yaml,weight.base.sd,9,9,553eceab74155a3497fef1ab587f3b8d2be1319704e17ae1f0e177601726e84f,25,d925f7a
deck_core,A12,share male (%),config/trial_design.yaml,weight.sex_ratio_male.value,0.5,50,553eceab74155a3497fef1ab587f3b8d2be1319704e17ae1f0e177601726e84f,25,d925f7a
deck_core,A12,randomization stratum split (kg),config/trial_design.yaml,stratification.split_kg.value,75,75,553eceab74155a3497fef1ab587f3b8d2be1319704e17ae1f0e177601726e84f,25,d925f7a
deck_core,A12,randomized subjects per arm,config/trial_design.yaml,n_randomized_per_arm,130,130,553eceab74155a3497fef1ab587f3b8d2be1319704e17ae1f0e177601726e84f,25,d925f7a
deck_core,A12,protocol CV (%),config/prereg_20260926.yaml,section3.base_cv_pct,43,43,dc2c9f1bd4d62e13ad9f5f551dcf97eb7ee1359ba13aaa3af8efc063dfc6303e,25,d925f7a
deck_core,A12,true GMR of the power row,results/sample_size/ss_table_power.csv,input_model=='k2016' & cv==43 & gmr==0.95 & n==117 & analysis_model=='M1' :: gmr,0.95,0.95,a56eb54215c06bfa3275ff43ff1cdf7b8593f6c57143d3346fc7ed9047948e72,25,d925f7a
deck_core,A12,"AUClast + Cmax power at the protocol n, M1",results/sample_size/ss_table_power.csv,input_model=='k2016' & cv==43 & gmr==0.95 & n==117 & analysis_model=='M1' :: analytic_pct,94.5355561545655,94.5%,a56eb54215c06bfa3275ff43ff1cdf7b8593f6c57143d3346fc7ed9047948e72,25,d925f7a
deck_core,A12,"AUClast + Cmax power at the protocol n, M0",results/sample_size/ss_table_power.csv,input_model=='k2016' & cv==43 & gmr==0.95 & n==117 & analysis_model=='M0' :: analytic_pct,94.0181763126864,94.0%,a56eb54215c06bfa3275ff43ff1cdf7b8593f6c57143d3346fc7ed9047948e72,25,d925f7a
deck_core,A12,"n per arm for the higher target, M0",results/sample_size/ss_table_n_needed.csv,cv==43 & gmr==0.95 & analysis_model=='M0' & target_pct==90 :: n_evaluable_per_arm,100,100,cb1b4df9c06e5f3d0c09e40dc0152eddb30538c60a6d7f5d3acf5efe04ac71fa,25,d925f7a
deck_core,A12,"n per arm for the lower target, M0",results/sample_size/ss_table_n_needed.csv,cv==43 & gmr==0.95 & analysis_model=='M0' & target_pct==85 :: n_evaluable_per_arm,85,85,cb1b4df9c06e5f3d0c09e40dc0152eddb30538c60a6d7f5d3acf5efe04ac71fa,25,d925f7a
deck_core,A14,master seed of the regeneration (original seed rule of scripts/10 and scripts/21),config/prereg_20260929.yaml,section7.representative_subjects.regeneration :: regex master seed ([0-9]+),20260923,20260923,28ea2856c8efec41a1a9db949f5c0b1893b1433904aec3eac949121c9380a869,26,d925f7a
deck_core,A14,scripts/63 identity checks equal to the committed results,results/core_deck/provenance.csv,count of rows [equal == TRUE],36,36,274ea3effe649ccef1048b4b4a4d83209030a21339b5bb86737cc21156777ac1,26,d925f7a
deck_core,A14,scripts/63 identity checks,results/core_deck/provenance.csv,"count of rows [!startsWith(check, 'input ')]",36,36,274ea3effe649ccef1048b4b4a4d83209030a21339b5bb86737cc21156777ac1,26,d925f7a
deck_core,A14,scripts/63 inputs recorded by SHA-256,results/core_deck/provenance.csv,"count of rows [startsWith(check, 'input ')]",9,9,274ea3effe649ccef1048b4b4a4d83209030a21339b5bb86737cc21156777ac1,26,d925f7a
deck_core,A14,curve-shape draws regenerated and compared (base and four variants),results/core_deck/provenance.csv,"count of rows [grepl('^curve-shape .* regenerated vs curve_shape_B0', check)]",5,5,274ea3effe649ccef1048b4b4a4d83209030a21339b5bb86737cc21156777ac1,26,d925f7a
deck_core,A14,curve-shape variants regenerated (without the base draw),results/core_deck/provenance.csv,"count of rows [grepl('^curve-shape (vmax|km)', check)]",4,4,274ea3effe649ccef1048b4b4a4d83209030a21339b5bb86737cc21156777ac1,26,d925f7a
deck_core,A14,subjects per model in the individual populations,config/trial_design.yaml,mc.n_individual,20000,"20,000",553eceab74155a3497fef1ab587f3b8d2be1319704e17ae1f0e177601726e84f,26,d925f7a
deck_core,A14,registration date of the core-deck pre-registration,config/prereg_20260929.yaml,registered_on,2026-09-29,2026-09-29,28ea2856c8efec41a1a9db949f5c0b1893b1433904aec3eac949121c9380a869,26,d925f7a
deck_core,A14,GitHub reproducibility run: n_pass_github,results/repro/repro_github_run.csv,field=='n_pass_github',7,7,87d06a118444f04f1d94b011a90f54e403b98259a0883eb81ca4c9c112ebb05c,26,d925f7a
deck_core,A14,GitHub reproducibility run: n_items,results/repro/repro_github_run.csv,field=='n_items',7,7,87d06a118444f04f1d94b011a90f54e403b98259a0883eb81ca4c9c112ebb05c,26,d925f7a
deck_core,A14,GitHub reproducibility run: items (all pass),results/repro/repro_github_run.csv,field=='n_items',7,7,87d06a118444f04f1d94b011a90f54e403b98259a0883eb81ca4c9c112ebb05c,26,d925f7a
deck_core,A14,GitHub reproducibility run: job start date (UTC),results/repro/repro_github_run.csv,field=='job_started_utc' :: regex ^([0-9]{4}-[0-9]{2}-[0-9]{2})T,2026-09-25,2026-09-25,87d06a118444f04f1d94b011a90f54e403b98259a0883eb81ca4c9c112ebb05c,26,d925f7a
deck_core,A14,GitHub reproducibility run: commit (short hash),results/repro/repro_github_run.csv,field=='commit' :: regex ^([0-9a-f]{7}),52f525b,52f525b,87d06a118444f04f1d94b011a90f54e403b98259a0883eb81ca4c9c112ebb05c,26,d925f7a
deck_core,A14,significant digits in column name identical_to_local_8sig,results/repro/repro_github_items.csv,column name identical_to_local_8sig,8,8,8788cdc6279948e3e51c60761f9bc5c7db231b6a5e66281d037372f1c3ec6e43,26,d925f7a
deck_core,A14,tests runs after the fix (with ci_runs_v101.csv),results/ci/ci_runs_after_fix.csv,whole object,NA,(table),6e6e81ae4e859a13d8d7124a8a4407add28de85052a5e3be95effdea6cdd4b97,26,d925f7a
deck_core,A14,tests runs after the fix (with ci_runs_v101.csv),results/ci/ci_runs_deck.csv,whole object,NA,(table),4b77438eb3d5446e3266ed24c82efe641c271da92b8cb76c303fd27ae3b1bdbd,26,d925f7a
deck_core,A14,first tests run after the environment fix,results/ci/ci_runs_after_fix.csv,workflow=='tests' & run_number==72 :: run_number,72,72,6e6e81ae4e859a13d8d7124a8a4407add28de85052a5e3be95effdea6cdd4b97,26,d925f7a
deck_core,A14,latest tests run recorded,results/ci/ci_runs_deck.csv,max over 3 rows [workflow=='tests'] :: run_number,101,101,4b77438eb3d5446e3266ed24c82efe641c271da92b8cb76c303fd27ae3b1bdbd,26,d925f7a
deck_core,A14,tests runs after the fix with conclusion success (after_fix + v101 + deck),results/ci/ci_runs_v101.csv,count(conclusion=='success') in ci_runs_after_fix.csv (workflow tests) + ci_runs_v101.csv + ci_runs_deck.csv (workflow tests), 5; 14;  2,21,37f2a629401e3dd39213142ec37b4d57e6ddc9c7a5fc43fc7c1bffb4d8f58635,26,d925f7a
deck_core,A14,tests runs after the fix with conclusion cancelled (after_fix + v101 + deck),results/ci/ci_runs_v101.csv,count(conclusion=='cancelled') in ci_runs_after_fix.csv (workflow tests) + ci_runs_v101.csv + ci_runs_deck.csv (workflow tests),1; 2; 0,3,37f2a629401e3dd39213142ec37b4d57e6ddc9c7a5fc43fc7c1bffb4d8f58635,26,d925f7a
deck_core,A14,tests runs after the fix with conclusion failure (after_fix + v101 + deck),results/ci/ci_runs_v101.csv,count(conclusion=='failure') in ci_runs_after_fix.csv (workflow tests) + ci_runs_v101.csv + ci_runs_deck.csv (workflow tests),0; 5; 1,6,37f2a629401e3dd39213142ec37b4d57e6ddc9c7a5fc43fc7c1bffb4d8f58635,26,d925f7a
deck_core,A14,"failed runs (strict-skip rule), run numbers",results/ci/ci_runs_v101.csv,range over 5 rows [conclusion=='failure'] :: run_number,87; 91,87~91,37f2a629401e3dd39213142ec37b4d57e6ddc9c7a5fc43fc7c1bffb4d8f58635,26,d925f7a
deck_core,A14,run that fixed the strict-skip failures,results/ci/ci_runs_v101.csv,"grepl('^fix of runs', note) :: run_number",92,92,37f2a629401e3dd39213142ec37b4d57e6ddc9c7a5fc43fc7c1bffb4d8f58635,26,d925f7a
deck_core,A14,failed run of the deck record (environment setup),results/ci/ci_runs_deck.csv,workflow=='tests' & conclusion=='failure' :: run_number,99,99,4b77438eb3d5446e3266ed24c82efe641c271da92b8cb76c303fd27ae3b1bdbd,26,d925f7a
deck_core,A14,run that fixed the environment-setup failure,results/ci/ci_runs_deck.csv,"workflow=='tests' & grepl('^fix of run', note) :: run_number",100,100,4b77438eb3d5446e3266ed24c82efe641c271da92b8cb76c303fd27ae3b1bdbd,26,d925f7a
deck_core,A14,"runs before the environment fix, run numbers",results/ci/ci_failures_before.csv,range over 71 rows [TRUE] :: run_number, 1; 71,1~71,bc090a48a34efbd015e36ff2882307cead2396c82559b36cd05a8aa0732590ad,26,d925f7a
deck_core,A14,R version (renv.lock),regulatory/tables/software_environment.csv,Software=='R' :: Version,4.3.3,4.3.3,45f02f1aff9950536e0ecfc29da59123a3acd60303e20e73402f71a7350c85e2,26,d925f7a
deck_core,A14,rxode2 version (renv.lock),regulatory/tables/software_environment.csv,Software=='rxode2' :: Version,5.1.7,5.1.7,45f02f1aff9950536e0ecfc29da59123a3acd60303e20e73402f71a7350c85e2,26,d925f7a
deck_core,A14,regenerated representative-population NCA column checks (two models),results/core_deck/provenance.csv,"count of rows [grepl('regenerated B0 NCA equals stored', check)]",14,14,274ea3effe649ccef1048b4b4a4d83209030a21339b5bb86737cc21156777ac1,26,d925f7a
deck_core,A14,NCA columns compared per model,results/core_deck/provenance.csv,"count of rows [grepl('regenerated B0 NCA equals stored', check)] / 2 models",7,7,274ea3effe649ccef1048b4b4a4d83209030a21339b5bb86737cc21156777ac1,26,d925f7a
deck_core,A14,"representative-subject checks (true AUC at tlast, re-solved concentration)",results/core_deck/provenance.csv,"count of rows [grepl('true AUC at observed tlast|re-solved true concentration', check)]",8,8,274ea3effe649ccef1048b4b4a4d83209030a21339b5bb86737cc21156777ac1,26,d925f7a
deck_core,A14,identity checks against stored summaries,results/core_deck/provenance.csv,"count of rows [grepl('vs (tp_coverage_individual|lloq_individual_table|individual_resid12|tp_failure_by_set)', check)]",9,9,274ea3effe649ccef1048b4b4a4d83209030a21339b5bb86737cc21156777ac1,26,d925f7a
deck_core,A14,runs failed: no renv.lock in commit,results/ci/ci_failure_summary.csv,cause=='no renv.lock in commit' :: n_runs,1,1,499f951f7e52bbb9e119722e3c691a55d2611774b1caad53463c8c98dd70b86a,26,d925f7a
deck_core,A14,runs failed: xml2 missing for JunitReporter,results/ci/ci_failure_summary.csv,cause=='xml2 missing for testthat::JunitReporter' :: n_runs,70,70,499f951f7e52bbb9e119722e3c691a55d2611774b1caad53463c8c98dd70b86a,26,d925f7a
deck_core,A14,reproducibility items passing locally,results/repro/repro_check.csv,count of rows [pass==TRUE],7,7,09f90e12ab0208459c5a462b2a052ae96a481edc26a3200663ce644db4275711,26,d925f7a
deck_core,A14,GitHub runner image,results/repro/repro_github_run.csv,field=='runner' :: regex ^(ubuntu-[0-9.]+) ,ubuntu-24.04,ubuntu-24.04,87d06a118444f04f1d94b011a90f54e403b98259a0883eb81ca4c9c112ebb05c,26,d925f7a
deck_core,A14,renv version (renv.lock),regulatory/tables/software_environment.csv,Software=='renv' :: Version,1.2.4,1.2.4,45f02f1aff9950536e0ecfc29da59123a3acd60303e20e73402f71a7350c85e2,26,d925f7a
