document,section,item,source_file,locator,value_raw,value_printed,source_sha256,slide_n,source_commit
deck,S01,body weight inclusion range (kg),config/trial_design.yaml,weight.inclusion_kg,60; 90,60~90,553eceab74155a3497fef1ab587f3b8d2be1319704e17ae1f0e177601726e84f,1,66cfbf9
deck,S01,dose (mg),config/trial_design.yaml,dose_mg,300,300,553eceab74155a3497fef1ab587f3b8d2be1319704e17ae1f0e177601726e84f,1,66cfbf9
deck,S02,body weight inclusion range (kg),config/trial_design.yaml,weight.inclusion_kg,60; 90,60~90,553eceab74155a3497fef1ab587f3b8d2be1319704e17ae1f0e177601726e84f,2,66cfbf9
deck,S02,nominal type I error per one-sided test (%) = (1 - be.ci_level) / 2,config/trial_design.yaml,be.ci_level :: (1 - x) / 2 x 100,5,5%,553eceab74155a3497fef1ab587f3b8d2be1319704e17ae1f0e177601726e84f,2,66cfbf9
deck,S02,"trial population, set (iii) failing, two models",results/trialpop/tp_failure_by_set.csv,range over 2 rows [set=='iii'] :: fail_pct,33.215; 38.760,33.2~38.8%,245552b2db5039299ce2f100ed592fc537ebac8bb1693371509535992aa6ca09,2,66cfbf9
deck,S02,"trial population, set (i) failing, two models",results/trialpop/tp_failure_by_set.csv,range over 2 rows [set=='i'] :: fail_pct, 8.165; 13.435,8.2~13.4%,245552b2db5039299ce2f100ed592fc537ebac8bb1693371509535992aa6ca09,2,66cfbf9
deck,S02,criteria set (iii) adj_r2_min,config/prereg_20260926.yaml,section4.criteria_sets.iii.adj_r2_min,0.9,0.90,dc2c9f1bd4d62e13ad9f5f551dcf97eb7ee1359ba13aaa3af8efc063dfc6303e,2,66cfbf9
deck,S02,criteria set (i) adj_r2_min,config/prereg_20260926.yaml,section4.criteria_sets.i.adj_r2_min,0.8,0.80,dc2c9f1bd4d62e13ad9f5f551dcf97eb7ee1359ba13aaa3af8efc063dfc6303e,2,66cfbf9
deck,S02,M1 G2_A_i cells above 5% (point),results/criteria/criteria_g2_type1.csv,count of rows [analysis_model=='M1' & config=='G2_A_i' & pass_pct > 5],10,10,b450c534a36e2e03b49bad2427de6317153e3b71210dce8caab616e43ef64981,2,66cfbf9
deck,S02,boundary cells per configuration (M1),results/criteria/criteria_g2_type1.csv,count of rows [analysis_model=='M1' & config=='G2_A_i'],16,16,b450c534a36e2e03b49bad2427de6317153e3b71210dce8caab616e43ef64981,2,66cfbf9
deck,S02,M1 G2_A_i cells with Wilson lower bound above 5%,results/criteria/criteria_g2_type1.csv,count of rows [analysis_model=='M1' & config=='G2_A_i' & lo > 5],8,8,b450c534a36e2e03b49bad2427de6317153e3b71210dce8caab616e43ef64981,2,66cfbf9
deck,S02,M1 G2_C_i cells above 5% (point),results/criteria/criteria_g2_type1.csv,count of rows [analysis_model=='M1' & config=='G2_C_i' & pass_pct > 5],1,1,b450c534a36e2e03b49bad2427de6317153e3b71210dce8caab616e43ef64981,2,66cfbf9
deck,S02,"true AUC0-inf ratio failing to retained, set (i), two models",results/trialpop/tp_characteristics.csv,range over 2 rows [set=='i'] :: true_aucinf_gmr,0.786054078286093; 0.814793379307349,0.786~0.815,4ecec80dd889cc798aad376dbb7a21a23d30d530a0ef29366e3caf9011779573,2,66cfbf9
deck,S02,"window coverage, median, two models",results/trialpop/tp_coverage_individual.csv,range over 2 rows [metric=='window coverage (true AUC0-tlast / true AUC0-inf)'] :: median x 100,99.3479499465381; 99.3596498487100,99.3~99.4%,beb14fd4f7176e6f2ef9052b677f4abdb908dd5be2e4a19aacbf68c1122be409,2,66cfbf9
deck,S02,"window coverage (true AUC0-tlast / true AUC0-inf), smallest subject-level value over both models",results/trialpop/tp_coverage_individual.csv,metric=='window coverage (true AUC0-tlast / true AUC0-inf)' :: min(min),84.3159734852213,84.3%,beb14fd4f7176e6f2ef9052b677f4abdb908dd5be2e4a19aacbf68c1122be409,2,66cfbf9
deck,S02,M1 P2 boundary cells,results/oc_models/type1_models.csv,count of rows [analysis_model=='M1' & config=='P2'],16,16,d6e5c650fb4d6d241a554f896de38205ac2c890bfa442f4f9cb2749c70b5f261,2,66cfbf9
deck,S02,M1 P2 cells classified conservative,results/oc_models/type1_models.csv,count of rows [analysis_model=='M1' & config=='P2' & class=='conservative'],15,15,d6e5c650fb4d6d241a554f896de38205ac2c890bfa442f4f9cb2749c70b5f261,2,66cfbf9
deck,S02,M1 P2 cells classified exceeding,results/oc_models/type1_models.csv,count of rows [analysis_model=='M1' & config=='P2' & class=='exceeding'],1,1,d6e5c650fb4d6d241a554f896de38205ac2c890bfa442f4f9cb2749c70b5f261,2,66cfbf9
deck,S02,M1 P2 maximum,results/oc_models/type1_models.csv,analysis_model=='M1' & config=='P2' & pk_model=='k2020' & scenario=='V2_up_080' :: pass_pct,5.625,5.63%,d6e5c650fb4d6d241a554f896de38205ac2c890bfa442f4f9cb2749c70b5f261,2,66cfbf9
deck,S02,subjects per model,results/trialpop/tp_failure_by_set.csv,pk_model=='k2016' & set=='i' :: n,20000,"20,000",245552b2db5039299ce2f100ed592fc537ebac8bb1693371509535992aa6ca09,2,66cfbf9
deck,S02,dose (mg),config/trial_design.yaml,dose_mg,300,300,553eceab74155a3497fef1ab587f3b8d2be1319704e17ae1f0e177601726e84f,2,66cfbf9
deck,S02,M1 G2_A_i largest boundary pass rate,results/criteria/criteria_g2_type1.csv,max over 16 rows [analysis_model=='M1' & config=='G2_A_i'] :: pass_pct,20.27,20.27%,b450c534a36e2e03b49bad2427de6317153e3b71210dce8caab616e43ef64981,2,66cfbf9
deck,S02,M1 G2_A_ii cells above 5% (point),results/criteria/criteria_g2_type1.csv,count of rows [analysis_model=='M1' & config=='G2_A_ii' & pass_pct > 5],12,12,b450c534a36e2e03b49bad2427de6317153e3b71210dce8caab616e43ef64981,2,66cfbf9
deck,S02,M1 G2_C_i cells with Wilson lower bound above 5%,results/criteria/criteria_g2_type1.csv,count of rows [analysis_model=='M1' & config=='G2_C_i' & lo > 5],0,0,b450c534a36e2e03b49bad2427de6317153e3b71210dce8caab616e43ef64981,2,66cfbf9
deck,S02,M1 G2_C_i cell above 5% (point) with Wilson 95% CI,results/criteria/criteria_g2_type1.csv,"analysis_model=='M1' & config=='G2_C_i' & pass_pct > 5 :: pass_pct [lo, hi]",5.05500000000000; 4.75991800612279; 5.36734411496046,5.06% (95% CI 4.76~5.37),b450c534a36e2e03b49bad2427de6317153e3b71210dce8caab616e43ef64981,2,66cfbf9
deck,S02,M1 G2_B cells above 5% (point),results/criteria/criteria_g2_type1.csv,count of rows [analysis_model=='M1' & config=='G2_B' & pass_pct > 5],10,10,b450c534a36e2e03b49bad2427de6317153e3b71210dce8caab616e43ef64981,2,66cfbf9
deck,S02,"decision instability inst_all, median over 16 boundary cells, M1",results/criteria/criteria_instability.csv,"analysis_model=='M1' & !scenario in (S00, F097) :: median of inst_all",13.305,13.3%,f4bab2830356f6a82612ac7ddb6eb4478ae350b60ab618ff2841b07078260fee,2,66cfbf9
deck,S02,"decision instability inst_all, max over 16 boundary cells, M1",results/criteria/criteria_instability.csv,"analysis_model=='M1' & !scenario in (S00, F097) :: max of inst_all",39.36,39.4%,f4bab2830356f6a82612ac7ddb6eb4478ae350b60ab618ff2841b07078260fee,2,66cfbf9
deck,S02,"decision instability inst_all, median over 16 boundary cells, M0",results/criteria/criteria_instability.csv,"analysis_model=='M0' & !scenario in (S00, F097) :: median of inst_all",12.6,12.6%,f4bab2830356f6a82612ac7ddb6eb4478ae350b60ab618ff2841b07078260fee,2,66cfbf9
deck,S02,"decision instability inst_all, max over 16 boundary cells, M0",results/criteria/criteria_instability.csv,"analysis_model=='M0' & !scenario in (S00, F097) :: max of inst_all",39.63,39.6%,f4bab2830356f6a82612ac7ddb6eb4478ae350b60ab618ff2841b07078260fee,2,66cfbf9
deck,S02,M1 P2 maximum with 95% CI,results/oc_models/type1_models.csv,"analysis_model=='M1' & config=='P2' & pk_model=='k2020' & scenario=='V2_up_080' :: pass_pct [lo, hi]",5.62500000000000; 5.31412097634036; 5.95292222363892,5.63% (95% CI 5.31~5.95),d6e5c650fb4d6d241a554f896de38205ac2c890bfa442f4f9cb2749c70b5f261,2,66cfbf9
deck,S02,"true AUC0-inf ratio target, exceeding cell",results/oc_models/type1_models.csv,analysis_model=='M1' & config=='P2' & pk_model=='k2020' & scenario=='V2_up_080' :: target,0.8,0.80,d6e5c650fb4d6d241a554f896de38205ac2c890bfa442f4f9cb2749c70b5f261,2,66cfbf9
deck,S02,"trials, exceeding cell",results/oc_models/type1_models.csv,analysis_model=='M1' & config=='P2' & pk_model=='k2020' & scenario=='V2_up_080' :: n_trials,20000,"20,000",d6e5c650fb4d6d241a554f896de38205ac2c890bfa442f4f9cb2749c70b5f261,2,66cfbf9
deck,S02,M0 P2 cells classified conservative,results/oc_models/type1_models.csv,count of rows [analysis_model=='M0' & config=='P2' & class=='conservative'],15,15,d6e5c650fb4d6d241a554f896de38205ac2c890bfa442f4f9cb2749c70b5f261,2,66cfbf9
deck,S02,M0 P2 cells classified nominal,results/oc_models/type1_models.csv,count of rows [analysis_model=='M0' & config=='P2' & class=='nominal'],1,1,d6e5c650fb4d6d241a554f896de38205ac2c890bfa442f4f9cb2749c70b5f261,2,66cfbf9
deck,S02,M0 P2 maximum,results/oc_models/type1_models.csv,analysis_model=='M0' & config=='P2' & pk_model=='k2020' & scenario=='V2_up_080' :: pass_pct,5.18,5.18%,d6e5c650fb4d6d241a554f896de38205ac2c890bfa442f4f9cb2749c70b5f261,2,66cfbf9
deck,S03,confidence level of the equivalence CI (%),config/trial_design.yaml,be.ci_level,0.9,90,553eceab74155a3497fef1ab587f3b8d2be1319704e17ae1f0e177601726e84f,3,66cfbf9
deck,S03,equivalence limits (%),config/trial_design.yaml,be.limits,0.80; 1.25,80.00~125.00,553eceab74155a3497fef1ab587f3b8d2be1319704e17ae1f0e177601726e84f,3,66cfbf9
deck,S03,EMA 2012 mAb biosimilar guideline statement on single-dose PK endpoints (search excerpt),config/literature_precedents.yaml,whole object,NA,(text),44c48b27ac1afbe90f1e23f55480f148dfa34e03a4dca31a81d29096a0537e67,3,66cfbf9
deck,S03,"EMA 2012 mAb biosimilar guideline, document reference",config/literature_precedents.yaml,ema_2012_mab.reference,EMA/CHMP/BMWP/403543/2010,EMA/CHMP/BMWP/403543/2010,44c48b27ac1afbe90f1e23f55480f148dfa34e03a4dca31a81d29096a0537e67,3,66cfbf9
deck,S03,"EMA 2012 mAb biosimilar guideline, record status",config/literature_precedents.yaml,ema_2012_mab.status,search excerpt,search excerpt,44c48b27ac1afbe90f1e23f55480f148dfa34e03a4dca31a81d29096a0537e67,3,66cfbf9
deck,S04,question 2 window start (study day): B0 sample before the samples added in D1 and D4,config/trial_design.yaml,schedules.D1.days not in B0 :: max(B0 days below the added days) + 1,36,36,553eceab74155a3497fef1ab587f3b8d2be1319704e17ae1f0e177601726e84f,4,66cfbf9
deck,S04,question 2 window end (study day): B0 sample after the samples added in D1 and D4,config/trial_design.yaml,schedules.D1.days not in B0 :: min(B0 days above the added days) + 1,50,50,553eceab74155a3497fef1ab587f3b8d2be1319704e17ae1f0e177601726e84f,4,66cfbf9
deck,S04,body weight inclusion range (kg),config/trial_design.yaml,weight.inclusion_kg,60; 90,60~90,553eceab74155a3497fef1ab587f3b8d2be1319704e17ae1f0e177601726e84f,4,66cfbf9
deck,S04,dose (mg),config/trial_design.yaml,dose_mg,300,300,553eceab74155a3497fef1ab587f3b8d2be1319704e17ae1f0e177601726e84f,4,66cfbf9
deck,S04,evaluable subjects per arm,config/trial_design.yaml,n_per_arm,117,117,553eceab74155a3497fef1ab587f3b8d2be1319704e17ae1f0e177601726e84f,4,66cfbf9
deck,S04,randomized subjects per arm,config/trial_design.yaml,n_randomized_per_arm,130,130,553eceab74155a3497fef1ab587f3b8d2be1319704e17ae1f0e177601726e84f,4,66cfbf9
deck,S04,"schedule B0, n (study day = days after dose + 1)",config/trial_design.yaml,schedules.B0.days :: n, 1.25;  2.00;  4.00;  6.00;  8.00; 11.00; 15.00; 22.00; 29.00; 36.00; 43.00; 50.00; 57.00,13,553eceab74155a3497fef1ab587f3b8d2be1319704e17ae1f0e177601726e84f,4,66cfbf9
deck,S04,"schedule B0, last (study day = days after dose + 1)",config/trial_design.yaml,schedules.B0.days :: last, 1.25;  2.00;  4.00;  6.00;  8.00; 11.00; 15.00; 22.00; 29.00; 36.00; 43.00; 50.00; 57.00,57,553eceab74155a3497fef1ab587f3b8d2be1319704e17ae1f0e177601726e84f,4,66cfbf9
deck,S04,study LLOQ (mg/L),config/assay.yaml,lloq_mg_L.value,0.078,0.078,13bb4e6e5a604962f3e30a9f31dffb53fcfcaa71272e41d6a12413c1cec26604,4,66cfbf9
deck,S04,ADA-like subgroup: share of subjects,config/trial_design.yaml,ada_sensitivity.fraction,0.1,10%,553eceab74155a3497fef1ab587f3b8d2be1319704e17ae1f0e177601726e84f,4,66cfbf9
deck,S04,ADA-like subgroup: onset (days),config/trial_design.yaml,ada_sensitivity.onset_day,14,14,553eceab74155a3497fef1ab587f3b8d2be1319704e17ae1f0e177601726e84f,4,66cfbf9
deck,S04,ADA-like subgroup: ke multiplier,config/trial_design.yaml,ada_sensitivity.ke_multiplier,2,2,553eceab74155a3497fef1ab587f3b8d2be1319704e17ae1f0e177601726e84f,4,66cfbf9
deck,S04,true AUC0-inf ratio range over Km changes (range ends and reached rows),results/oc/inversion_all.csv,"mechanism=='Km' :: range of end_auc_ratio, auc_ratio",0.998949506997432; 1.058748397272760,0.999~1.059,7b0f06ec39b8c6d76e4b02d5301502fb01167a0cb730bc1e5fea08e64726541f,4,66cfbf9
deck,S04,smallest Km multiplier examined,results/oc/inversion_all.csv,min over 48 rows [mechanism=='Km'] :: end_multiplier,0.01,0.01,7b0f06ec39b8c6d76e4b02d5301502fb01167a0cb730bc1e5fea08e64726541f,4,66cfbf9
deck,S04,largest Km multiplier examined,results/oc/inversion_all.csv,max over 48 rows [mechanism=='Km'] :: end_multiplier,100,100,7b0f06ec39b8c6d76e4b02d5301502fb01167a0cb730bc1e5fea08e64726541f,4,66cfbf9
deck,S05,"cliff start: instantaneous half-life threshold, primary definition (days)",config/oc_design.yaml,cliff.definition_days,1; 2,1,629011b264fbc4c3f03f8a3989bac1f2711d49959f3268f5e8f758c80f93ea0a,5,66cfbf9
deck,S05,"median cliff length, 1-day definition, two models (60-90 kg)",results/cliff/cliff_summary.csv,range over 2 rows [weight=='base'] :: len1_median,1.38152205729940; 1.38301245217869,1.38,f853aba868c8cd024ca3a2c4a971159d7aece8f76fb8f2156c300c88e0dfd115,5,66cfbf9
deck,S05,study LLOQ (mg/L),config/assay.yaml,lloq_mg_L.value,0.078,0.078,13bb4e6e5a604962f3e30a9f31dffb53fcfcaa71272e41d6a12413c1cec26604,5,66cfbf9
deck,S05,figure s05_rep_profiles,results/deck_inputs/rep_profiles.csv,whole object,NA,(figure),787f586a785dc0ee4da4fe4c1f17821f525e1625667861a65a176381fb8db4df,5,66cfbf9
deck,S05,figure s05_rep_profiles,results/deck_inputs/rep_subjects.csv,whole object,NA,(figure),abcacc697f81e179904bc2e6bcaafdefa7eb29a5d828da692b599642e96a80e9,5,66cfbf9
deck,S05,representative subjects: LLOQ-day percentiles,results/deck_inputs/rep_subjects.csv,TRUE :: percentile,25; 50; 75,25·50·75,abcacc697f81e179904bc2e6bcaafdefa7eb29a5d828da692b599642e96a80e9,5,66cfbf9
deck,S05,"median study day at LLOQ, 2016 model",results/cliff/cliff_summary.csv,model=='k2016' & weight=='base' :: lloq_studyday_median,38.4647596937202,38.5,f853aba868c8cd024ca3a2c4a971159d7aece8f76fb8f2156c300c88e0dfd115,5,66cfbf9
deck,S05,"median study day at LLOQ, 2020 model",results/cliff/cliff_summary.csv,model=='k2020' & weight=='base' :: lloq_studyday_median,40.7685378859273,40.8,f853aba868c8cd024ca3a2c4a971159d7aece8f76fb8f2156c300c88e0dfd115,5,66cfbf9
deck,S05,Kovalenko 2021: Km (mg/L),results/literature/literature_qualitative.csv,"grepl('^Kovalenko 2021', source) :: statement, number 1 of 5 (regex [0-9]+(\.[0-9]+)?)",0.01,0.01,4fbd3d888edc887242439362d8a2742497061095f4ab5ddda1ba0146b04ac26e,5,66cfbf9
deck,S05,Kovalenko 2021: concentration removing the stated share of circulating target (mg/L),results/literature/literature_qualitative.csv,"grepl('^Kovalenko 2021', source) :: statement, number 2 of 5 (regex [0-9]+(\.[0-9]+)?)",0.09,0.09,4fbd3d888edc887242439362d8a2742497061095f4ab5ddda1ba0146b04ac26e,5,66cfbf9
deck,S05,Kovalenko 2021: share of circulating target removed (%),results/literature/literature_qualitative.csv,"grepl('^Kovalenko 2021', source) :: statement, number 3 of 5 (regex [0-9]+(\.[0-9]+)?)",90,90,4fbd3d888edc887242439362d8a2742497061095f4ab5ddda1ba0146b04ac26e,5,66cfbf9
deck,S05,Kovalenko 2021: instantaneous half-life in the beta phase (days),results/literature/literature_qualitative.csv,"grepl('^Kovalenko 2021', source) :: statement, number 4 of 5 (regex [0-9]+(\.[0-9]+)?)",25,25,4fbd3d888edc887242439362d8a2742497061095f4ab5ddda1ba0146b04ac26e,5,66cfbf9
deck,S05,Kovalenko 2021: instantaneous half-life in the target-mediated phase (days),results/literature/literature_qualitative.csv,"grepl('^Kovalenko 2021', source) :: statement, number 5 of 5 (regex [0-9]+(\.[0-9]+)?)",0,0,4fbd3d888edc887242439362d8a2742497061095f4ab5ddda1ba0146b04ac26e,5,66cfbf9
deck,S05,literature statement ^Kovalenko 2020 Results,results/literature/literature_qualitative.csv,whole object,NA,(table),4fbd3d888edc887242439362d8a2742497061095f4ab5ddda1ba0146b04ac26e,5,66cfbf9
deck,S05,literature statement ^Kovalenko 2020 Discussion,results/literature/literature_qualitative.csv,whole object,NA,(table),4fbd3d888edc887242439362d8a2742497061095f4ab5ddda1ba0146b04ac26e,5,66cfbf9
deck,S05,literature statement ^Li 2020,results/literature/literature_qualitative.csv,whole object,NA,(table),4fbd3d888edc887242439362d8a2742497061095f4ab5ddda1ba0146b04ac26e,5,66cfbf9
deck,S05,literature statement ^Cohen 2022,results/literature/literature_qualitative.csv,whole object,NA,(table),4fbd3d888edc887242439362d8a2742497061095f4ab5ddda1ba0146b04ac26e,5,66cfbf9
deck,S05,cliff start: sensitivity definition (days),config/oc_design.yaml,cliff.definition_days,1; 2,2,629011b264fbc4c3f03f8a3989bac1f2711d49959f3268f5e8f758c80f93ea0a,5,66cfbf9
deck,S05,virtual subjects per model (cliff analysis),results/cliff/cliff_summary.csv,model=='k2016' & weight=='base' :: n,20000,"20,000",f853aba868c8cd024ca3a2c4a971159d7aece8f76fb8f2156c300c88e0dfd115,5,66cfbf9
deck,S05,"median cliff length, 2016 model",results/cliff/cliff_summary.csv,model=='k2016' & weight=='base' :: len1_median,1.3815220572994,1.38,f853aba868c8cd024ca3a2c4a971159d7aece8f76fb8f2156c300c88e0dfd115,5,66cfbf9
deck,S05,"5th to 95th percentile cliff length, 2016 model",results/cliff/cliff_summary.csv,"over 1 rows [model=='k2016' & weight=='base'] :: min(len1_p05), max(len1_p95)",1.32671146732455; 1.42857852790450,1.33~1.43,f853aba868c8cd024ca3a2c4a971159d7aece8f76fb8f2156c300c88e0dfd115,5,66cfbf9
deck,S05,"median cliff length, 2-day definition, two models",results/cliff/cliff_summary.csv,range over 2 rows [weight=='base'] :: len2_median,2.93655451908038; 2.94085101477083,2.94,f853aba868c8cd024ca3a2c4a971159d7aece8f76fb8f2156c300c88e0dfd115,5,66cfbf9
deck,S05,"median concentration at cliff start (mg/L), 2016 model",results/cliff/cliff_summary.csv,model=='k2016' & weight=='base' :: c_start1_median,0.879043200268077,0.88,f853aba868c8cd024ca3a2c4a971159d7aece8f76fb8f2156c300c88e0dfd115,5,66cfbf9
deck,S05,"5th percentile study day at LLOQ, 2016",results/cliff/cliff_summary.csv,model=='k2016' & weight=='base' :: lloq_studyday_p05,27.1952125885761,27.2,f853aba868c8cd024ca3a2c4a971159d7aece8f76fb8f2156c300c88e0dfd115,5,66cfbf9
deck,S05,"95th percentile study day at LLOQ, 2016",results/cliff/cliff_summary.csv,model=='k2016' & weight=='base' :: lloq_studyday_p95,54.2389099403096,54.2,f853aba868c8cd024ca3a2c4a971159d7aece8f76fb8f2156c300c88e0dfd115,5,66cfbf9
deck,S05,"5th percentile study day at LLOQ, 2020",results/cliff/cliff_summary.csv,model=='k2020' & weight=='base' :: lloq_studyday_p05,28.7255249421131,28.7,f853aba868c8cd024ca3a2c4a971159d7aece8f76fb8f2156c300c88e0dfd115,5,66cfbf9
deck,S05,"95th percentile study day at LLOQ, 2020",results/cliff/cliff_summary.csv,model=='k2020' & weight=='base' :: lloq_studyday_p95,57.5793756314783,57.6,f853aba868c8cd024ca3a2c4a971159d7aece8f76fb8f2156c300c88e0dfd115,5,66cfbf9
deck,S05,study-day threshold in column name lloq_after_day58_pct,results/cliff/cliff_summary.csv,column name lloq_after_day58_pct (100 x mean(t_lloq + 1 > 58)),58,58,f853aba868c8cd024ca3a2c4a971159d7aece8f76fb8f2156c300c88e0dfd115,5,66cfbf9
deck,S05,"share above LLOQ after study day 58, 2016",results/cliff/cliff_summary.csv,model=='k2016' & weight=='base' :: lloq_after_day58_pct,2.47,2.5%,f853aba868c8cd024ca3a2c4a971159d7aece8f76fb8f2156c300c88e0dfd115,5,66cfbf9
deck,S05,"share above LLOQ after study day 58, 2020",results/cliff/cliff_summary.csv,model=='k2020' & weight=='base' :: lloq_after_day58_pct,4.595,4.6%,f853aba868c8cd024ca3a2c4a971159d7aece8f76fb8f2156c300c88e0dfd115,5,66cfbf9
deck,S05,minimum sampling interval of the current schedule in the cliff window (days),results/cliff/cliff_points.csv,model=='k2016' & weight=='base' & timing=='nominal' & definition_day==1 & schedule=='current' :: min_interval_day,7,7,0d0ea5c5b1e2ada1b9ff68be6415c912fec7ea8806f75a2d201b46932359fead,5,66cfbf9
deck,S05,"share with 1 or more B0 samples on the cliff, 2016, nominal, 1-day definition",results/cliff/cliff_points.csv,model=='k2016' & weight=='base' & timing=='nominal' & definition_day==1 & schedule=='current' :: pct_ge1,19.965,20.0%,0d0ea5c5b1e2ada1b9ff68be6415c912fec7ea8806f75a2d201b46932359fead,5,66cfbf9
deck,S05,"share with 2 or more B0 samples on the cliff, 2016, nominal, 1-day definition",results/cliff/cliff_points.csv,model=='k2016' & weight=='base' & timing=='nominal' & definition_day==1 & schedule=='current' :: pct_ge2,0,0.0%,0d0ea5c5b1e2ada1b9ff68be6415c912fec7ea8806f75a2d201b46932359fead,5,66cfbf9
deck,S05,body weight inclusion range (kg),config/trial_design.yaml,weight.inclusion_kg,60; 90,60~90,553eceab74155a3497fef1ab587f3b8d2be1319704e17ae1f0e177601726e84f,5,66cfbf9
deck,S05,lambda-z minimum points,config/nca_rules.yaml,standard.lambda_z.min_points,3,3,0f53d9e003bf1df504df24201f06301cabe423babd1078def5c5a4b3b2c1db94,5,66cfbf9
deck,S06,evaluable subjects per arm,config/trial_design.yaml,n_per_arm,117,117,553eceab74155a3497fef1ab587f3b8d2be1319704e17ae1f0e177601726e84f,6,66cfbf9
deck,S06,randomized subjects per arm,config/trial_design.yaml,n_randomized_per_arm,130,130,553eceab74155a3497fef1ab587f3b8d2be1319704e17ae1f0e177601726e84f,6,66cfbf9
deck,S06,body weight inclusion range (kg),config/trial_design.yaml,weight.inclusion_kg,60; 90,60~90,553eceab74155a3497fef1ab587f3b8d2be1319704e17ae1f0e177601726e84f,6,66cfbf9
deck,S06,randomization stratum split (kg),config/trial_design.yaml,stratification.split_kg.value,75,75,553eceab74155a3497fef1ab587f3b8d2be1319704e17ae1f0e177601726e84f,6,66cfbf9
deck,S06,equivalence limits (%),config/trial_design.yaml,be.limits,0.80; 1.25,80.00~125.00,553eceab74155a3497fef1ab587f3b8d2be1319704e17ae1f0e177601726e84f,6,66cfbf9
deck,S06,confidence level of the equivalence CI (%),config/trial_design.yaml,be.ci_level,0.9,90,553eceab74155a3497fef1ab587f3b8d2be1319704e17ae1f0e177601726e84f,6,66cfbf9
deck,S06,"schedule B0, n (study day = days after dose + 1)",config/trial_design.yaml,schedules.B0.days :: n, 1.25;  2.00;  4.00;  6.00;  8.00; 11.00; 15.00; 22.00; 29.00; 36.00; 43.00; 50.00; 57.00,13,553eceab74155a3497fef1ab587f3b8d2be1319704e17ae1f0e177601726e84f,6,66cfbf9
deck,S06,"schedule B0, last (study day = days after dose + 1)",config/trial_design.yaml,schedules.B0.days :: last, 1.25;  2.00;  4.00;  6.00;  8.00; 11.00; 15.00; 22.00; 29.00; 36.00; 43.00; 50.00; 57.00,57,553eceab74155a3497fef1ab587f3b8d2be1319704e17ae1f0e177601726e84f,6,66cfbf9
deck,S06,2020 model: transit compartments,config/params_k2020_model1.yaml,theta.n_transit.value,3,3,b6e3816238f158ab76cda1edfc4ce9ae49b53fdd4836de8be36bd64664dca96f,6,66cfbf9
deck,S06,lambda-z minimum points,config/nca_rules.yaml,standard.lambda_z.min_points,3,3,0f53d9e003bf1df504df24201f06301cabe423babd1078def5c5a4b3b2c1db94,6,66cfbf9
deck,S06,boundary true AUC0-inf ratios,config/oc_design.yaml,boundary_targets,0.80; 1.25,"0.80, 1.25",629011b264fbc4c3f03f8a3989bac1f2711d49959f3268f5e8f758c80f93ea0a,6,66cfbf9
deck,S06,boundary cells (two PK models),results/oc_models/type1_models.csv,count of rows [analysis_model=='M1' & config=='P2'],16,16,d6e5c650fb4d6d241a554f896de38205ac2c890bfa442f4f9cb2749c70b5f261,6,66cfbf9
deck,S06,trials per boundary scenario (pre-specified),config/oc_design.yaml,trials.reps_boundary,10000,"10,000",629011b264fbc4c3f03f8a3989bac1f2711d49959f3268f5e8f758c80f93ea0a,6,66cfbf9
deck,S06,trials after extension,config/prereg_20260926.yaml,section1.extension.to,20000,"20,000",dc2c9f1bd4d62e13ad9f5f551dcf97eb7ee1359ba13aaa3af8efc063dfc6303e,6,66cfbf9
deck,S06,boundary cells extended,results/oc_models/extension_decision_models.csv,count of rows [analysis_model=='M0' & selected==TRUE],1,1,eaff8882d69e5a6eb631779e17a9fa254084fd89db0e272e9d8d59140e405504,6,66cfbf9
deck,S06,"NCA engine validation: profiles, theoph",results/nca_engine/engine_validation_summary.csv,dataset=='Theoph (12 profiles)' & comparison=='this engine vs NonCompart' :: n_profiles,12,12,6cc554b1b015013fc6b1156e970eed67ad56d2ab70843a853187390ed0ff41b4,6,66cfbf9
deck,S06,"lambda-z windows identical, theoph, three comparisons",results/nca_engine/engine_validation_summary.csv,dataset=='Theoph (12 profiles)' :: sum(lz_points_identical) / sum(lz_points_identical + lz_points_mismatch),36; 36,36 / 36,6cc554b1b015013fc6b1156e970eed67ad56d2ab70843a853187390ed0ff41b4,6,66cfbf9
deck,S06,"largest relative parameter difference, theoph",results/nca_engine/engine_validation_summary.csv,dataset=='Theoph (12 profiles)' :: max(max_rel_diff),3.31156801162848e-15,3.3e-15,6cc554b1b015013fc6b1156e970eed67ad56d2ab70843a853187390ed0ff41b4,6,66cfbf9
deck,S06,"comparisons passed, theoph",results/nca_engine/engine_validation_summary.csv,count of rows [dataset=='Theoph (12 profiles)' & pass==TRUE],3,3,6cc554b1b015013fc6b1156e970eed67ad56d2ab70843a853187390ed0ff41b4,6,66cfbf9
deck,S06,"NCA engine validation: profiles, indometh",results/nca_engine/engine_validation_summary.csv,"dataset=='Indometh (6 profiles, extravascular rules)' & comparison=='this engine vs NonCompart' :: n_profiles",6,6,6cc554b1b015013fc6b1156e970eed67ad56d2ab70843a853187390ed0ff41b4,6,66cfbf9
deck,S06,"lambda-z windows identical, indometh, three comparisons",results/nca_engine/engine_validation_summary.csv,"dataset=='Indometh (6 profiles, extravascular rules)' :: sum(lz_points_identical) / sum(lz_points_identical + lz_points_mismatch)",18; 18,18 / 18,6cc554b1b015013fc6b1156e970eed67ad56d2ab70843a853187390ed0ff41b4,6,66cfbf9
deck,S06,"largest relative parameter difference, indometh",results/nca_engine/engine_validation_summary.csv,"dataset=='Indometh (6 profiles, extravascular rules)' :: max(max_rel_diff)",5.01573484039647e-15,5.0e-15,6cc554b1b015013fc6b1156e970eed67ad56d2ab70843a853187390ed0ff41b4,6,66cfbf9
deck,S06,"comparisons passed, indometh",results/nca_engine/engine_validation_summary.csv,"count of rows [dataset=='Indometh (6 profiles, extravascular rules)' & pass==TRUE]",3,3,6cc554b1b015013fc6b1156e970eed67ad56d2ab70843a853187390ed0ff41b4,6,66cfbf9
deck,S06,"NCA engine validation: profiles, dupi",results/nca_engine/engine_validation_summary.csv,"dataset=='simulated dupilumab (1,000 profiles: 500 per model)' & comparison=='this engine vs NonCompart' :: n_profiles",1000,"1,000",6cc554b1b015013fc6b1156e970eed67ad56d2ab70843a853187390ed0ff41b4,6,66cfbf9
deck,S06,"lambda-z windows identical, dupi, three comparisons",results/nca_engine/engine_validation_summary.csv,"dataset=='simulated dupilumab (1,000 profiles: 500 per model)' :: sum(lz_points_identical) / sum(lz_points_identical + lz_points_mismatch)",3000; 3000,"3,000 / 3,000",6cc554b1b015013fc6b1156e970eed67ad56d2ab70843a853187390ed0ff41b4,6,66cfbf9
deck,S06,"largest relative parameter difference, dupi",results/nca_engine/engine_validation_summary.csv,"dataset=='simulated dupilumab (1,000 profiles: 500 per model)' :: max(max_rel_diff)",4.94026166636489e-13,4.9e-13,6cc554b1b015013fc6b1156e970eed67ad56d2ab70843a853187390ed0ff41b4,6,66cfbf9
deck,S06,"comparisons passed, dupi",results/nca_engine/engine_validation_summary.csv,"count of rows [dataset=='simulated dupilumab (1,000 profiles: 500 per model)' & pass==TRUE]",3,3,6cc554b1b015013fc6b1156e970eed67ad56d2ab70843a853187390ed0ff41b4,6,66cfbf9
deck,S06,"pre-registration commit, operating-characteristic design",regulatory/tables/prespecification_register.csv,"grepl('^Operating-characteristic design', Item) :: Date (evidence), regex commit ([0-9a-f]{7})",779e068,779e068,d1565008785bcb8806d3752a5bf03081067652d919f80584ad9d5ea220c2983d,6,66cfbf9
deck,S06,"pre-registration commit, analysis models (v1.0.1)",regulatory/tables/prespecification_register.csv,"grepl('^Analysis-model re-judgement', Item) :: Date (evidence), regex commit ([0-9a-f]{7})",521645a,521645a,d1565008785bcb8806d3752a5bf03081067652d919f80584ad9d5ea220c2983d,6,66cfbf9
deck,S06,commit of the post hoc extension rule (v1.0),regulatory/tables/prespecification_register.csv,"grepl('^Extension to 20,000 trials', Item) :: Date (evidence), regex commit ([0-9a-f]{7})",68be707,68be707,d1565008785bcb8806d3752a5bf03081067652d919f80584ad9d5ea220c2983d,6,66cfbf9
deck,S06,"Km, both models (mg/L)",config/params_typical.yaml,theta.Km.value,0.01,0.01,0661b248227771273d5c58c86c61f35ef655fdeecebe3f188868fd61cff4b801,6,66cfbf9
deck,S06,"proportional residual, 2016 model (%)",config/params_variability.yaml,residual.sigma_prop.value,0.242,24.2%,b849a4cc3acc6d47f9833392ac4f47ebacc6ad9fa79fcc5848628fd4b5aa99a9,6,66cfbf9
deck,S06,"proportional residual, 2020 model (%)",config/params_k2020_model1.yaml,residual.sigma_prop.value,0.15,15.0%,b6e3816238f158ab76cda1edfc4ce9ae49b53fdd4836de8be36bd64664dca96f,6,66cfbf9
deck,S06,body weight mean (kg),config/trial_design.yaml,weight.base.mean,75,75,553eceab74155a3497fef1ab587f3b8d2be1319704e17ae1f0e177601726e84f,6,66cfbf9
deck,S06,body weight SD (kg),config/trial_design.yaml,weight.base.sd,9,9,553eceab74155a3497fef1ab587f3b8d2be1319704e17ae1f0e177601726e84f,6,66cfbf9
deck,S06,share male,config/trial_design.yaml,weight.sex_ratio_male.value,0.5,0.5,553eceab74155a3497fef1ab587f3b8d2be1319704e17ae1f0e177601726e84f,6,66cfbf9
deck,S06,individual-level subjects per model,config/trial_design.yaml,mc.n_individual,20000,"20,000",553eceab74155a3497fef1ab587f3b8d2be1319704e17ae1f0e177601726e84f,6,66cfbf9
deck,S06,common virtual subjects for true values,config/oc_design.yaml,estimand.population.n_subjects,200000,"200,000",629011b264fbc4c3f03f8a3989bac1f2711d49959f3268f5e8f758c80f93ea0a,6,66cfbf9
deck,S06,lambda-z tie tolerance (adjusted R2),config/nca_rules.yaml,standard.lambda_z.tie_tolerance,1e-04,0.0001,0f53d9e003bf1df504df24201f06301cabe423babd1078def5c5a4b3b2c1db94,6,66cfbf9
deck,S06,NCA engine comparisons passed,results/nca_engine/engine_validation_summary.csv,count of rows [pass==TRUE],9,9,6cc554b1b015013fc6b1156e970eed67ad56d2ab70843a853187390ed0ff41b4,6,66cfbf9
deck,S06,NCA engine comparisons,results/nca_engine/engine_validation_summary.csv,count of rows [TRUE],9,9,6cc554b1b015013fc6b1156e970eed67ad56d2ab70843a853187390ed0ff41b4,6,66cfbf9
deck,S06,lambda-z windows identical over all comparisons,results/nca_engine/engine_validation_summary.csv,sum(lz_points_identical) / sum(lz_points_identical + lz_points_mismatch),3054; 3054,"3,054 / 3,054",6cc554b1b015013fc6b1156e970eed67ad56d2ab70843a853187390ed0ff41b4,6,66cfbf9
deck,S06,largest relative parameter difference,results/nca_engine/engine_validation_summary.csv,max(max_rel_diff),4.94026166636489e-13,4.9e-13,6cc554b1b015013fc6b1156e970eed67ad56d2ab70843a853187390ed0ff41b4,6,66cfbf9
deck,S06,degrees of freedom of the pooled t-test (2 x n_per_arm - 2),config/trial_design.yaml,n_per_arm :: 2 x n - 2,232,232,553eceab74155a3497fef1ab587f3b8d2be1319704e17ae1f0e177601726e84f,6,66cfbf9
deck,S06,boundary cells per PK model,results/oc_models/type1_models.csv,analysis_model=='M1' & config=='P2' :: rows per pk_model,8; 8,8,d6e5c650fb4d6d241a554f896de38205ac2c890bfa442f4f9cb2749c70b5f261,6,66cfbf9
deck,S06,extension threshold (%),config/prereg_20260926.yaml,section1.extension.threshold_pct,5,5,dc2c9f1bd4d62e13ad9f5f551dcf97eb7ee1359ba13aaa3af8efc063dfc6303e,6,66cfbf9
deck,S06,"M0 P2 boundary type I error at 10,000 trials, extended cell",results/oc_models/extension_decision_models.csv,"pk_model=='k2020' & scenario=='V2_up_080' & analysis_model=='M0' :: pass_pct [lo, hi]",5.32000000000000; 4.89702817745753; 5.77728591694613,5.32% (95% CI 4.90~5.78),eaff8882d69e5a6eb631779e17a9fa254084fd89db0e272e9d8d59140e405504,6,66cfbf9
deck,S06,"M1 P2 boundary type I error at 10,000 trials, extended cell",results/oc_models/extension_decision_models.csv,"pk_model=='k2020' & scenario=='V2_up_080' & analysis_model=='M1' :: pass_pct [lo, hi]",5.74000000000000; 5.30086848721034; 6.21312304856195,5.74% (95% CI 5.30~6.21),eaff8882d69e5a6eb631779e17a9fa254084fd89db0e272e9d8d59140e405504,6,66cfbf9
deck,S07,validation criterion: simulated AUC0-last mean within +-x% of observed (%),config/design_clot2021.yaml,gate.auclast_mean_tol_pct,15,15,4b3ddc374dfbf3f451d3fe3d6a865645b0b5d93b0ea7eea9a3f24cd8d2f05da5,7,66cfbf9
deck,S07,dose of the other presentation (mg),results/step1/step1b_quant_gate.csv,range over 4 rows [gate_role=='external'] :: dose_mg,200; 200,200,8f846e1fd1160532af6b26f020969bb945f0903e3ba7549c0bb5fd2a50117bb5,7,66cfbf9
deck,S07,"observed median tmax, other presentation (days)",results/step1/step1b_quant_gate.csv,range over 4 rows [gate_role=='external'] :: tmax_obs_median,3.0; 3.1,3.0~3.1,8f846e1fd1160532af6b26f020969bb945f0903e3ba7549c0bb5fd2a50117bb5,7,66cfbf9
deck,S07,"simulated median tmax, other presentation (days)",results/step1/step1b_quant_gate.csv,range over 4 rows [gate_role=='external'] :: tmax_sim_median,7; 7,7,8f846e1fd1160532af6b26f020969bb945f0903e3ba7549c0bb5fd2a50117bb5,7,66cfbf9
deck,S07,figure s07_validation_ratios,results/step1/step1b_quant_gate.csv,whole object,NA,(figure),8f846e1fd1160532af6b26f020969bb945f0903e3ba7549c0bb5fd2a50117bb5,7,66cfbf9
deck,S07,figure s07_validation_ratios,results/step1_k2020/step1b_quant_gate.csv,whole object,NA,(figure),fe98e2255a97c7dc46ced95bd39619686078d95324349342d596324314490544,7,66cfbf9
deck,S07,figure s07_validation_ratios,results/step1/step1f_300mg_arm_check.csv,whole object,NA,(figure),94e7f8d23532f81f0f5a98c506071333d348ab476529d0371feb1e470079addf,7,66cfbf9
deck,S07,figure s07_validation_ratios,results/step1_k2020/step1f_300mg_arm_check.csv,whole object,NA,(figure),dae14917c46f4a8a53b1beb0f89c4308305a5eaaf8e2e2a4886e783bfe617b00,7,66cfbf9
deck,S07,dose (mg),config/trial_design.yaml,dose_mg,300,300,553eceab74155a3497fef1ab587f3b8d2be1319704e17ae1f0e177601726e84f,7,66cfbf9
deck,S07,"AUC0-last sim/obs range, 2016, study presentation",results/step1/step1b_quant_gate.csv,range over 5 rows [gate_role=='gate'] :: AUClast_ratio,0.938864110808444; 1.068312835545530,0.94~1.07,8f846e1fd1160532af6b26f020969bb945f0903e3ba7549c0bb5fd2a50117bb5,7,66cfbf9
deck,S07,"AUC0-last sim/obs range, 2020, study presentation",results/step1_k2020/step1b_quant_gate.csv,range over 5 rows [gate_role=='gate'] :: AUClast_ratio,1.01545509615009; 1.13102136598837,1.02~1.13,fe98e2255a97c7dc46ced95bd39619686078d95324349342d596324314490544,7,66cfbf9
deck,S07,"Cmax sim/obs range, 2016",results/step1/step1b_quant_gate.csv,range over 5 rows [gate_role=='gate'] :: Cmax_ratio,1.07915142574032; 1.26972180725227,1.08~1.27,8f846e1fd1160532af6b26f020969bb945f0903e3ba7549c0bb5fd2a50117bb5,7,66cfbf9
deck,S07,"Cmax sim/obs range, 2020",results/step1_k2020/step1b_quant_gate.csv,range over 5 rows [gate_role=='gate'] :: Cmax_ratio,0.996547232170453; 1.165070469721020,1.00~1.17,fe98e2255a97c7dc46ced95bd39619686078d95324349342d596324314490544,7,66cfbf9
deck,S07,other presentation: volume (mL),results/step1/step1b_quant_gate.csv,"id=='PKM14271_200mg_test' :: presentation, number 1 of 2 (regex [0-9]+(\.[0-9]+)?)",1.14,1.14,8f846e1fd1160532af6b26f020969bb945f0903e3ba7549c0bb5fd2a50117bb5,7,66cfbf9
deck,S07,other presentation: concentration (mg/mL),results/step1/step1b_quant_gate.csv,"id=='PKM14271_200mg_test' :: presentation, number 2 of 2 (regex [0-9]+(\.[0-9]+)?)",175,175,8f846e1fd1160532af6b26f020969bb945f0903e3ba7549c0bb5fd2a50117bb5,7,66cfbf9
deck,S07,"AUC0-last sim/obs, other presentation, 2016",results/step1/step1b_quant_gate.csv,range over 4 rows [gate_role=='external'] :: AUClast_ratio,0.818135700537457; 0.912255916270300,0.82~0.91,8f846e1fd1160532af6b26f020969bb945f0903e3ba7549c0bb5fd2a50117bb5,7,66cfbf9
deck,S07,"AUC0-last sim/obs, other presentation, 2020",results/step1_k2020/step1b_quant_gate.csv,range over 4 rows [gate_role=='external'] :: AUClast_ratio,0.89951471599565; 1.00311765035533,0.90~1.00,fe98e2255a97c7dc46ced95bd39619686078d95324349342d596324314490544,7,66cfbf9
deck,S07,absorption diagnostic: ka multipliers,results/step1/appendix_dose_shape_model.csv,"range over 2 rows [ka_multiplier %in% c(1.5, 2)] :: ka_multiplier",1.5; 2.0,1.5~2.0,ebbb24f63d774b403df1737d2b94839015bfcf4b6d87db1b7b1b116d4b89b63b,7,66cfbf9
deck,S07,absorption diagnostic: simulated tmax at ka x1.5 to x2 (days),results/step1/appendix_absorption_diagnostic.csv,"range over 4 rows [condition %in% c('cohen_like','pkm14271_like') & ka_multiplier %in% c(1.5, 2)] :: tmax_sim_median",3; 3,3,263fb84d3f9259485b327b1ddb49cdd1ae34f2b5b12274233493de126f0cd679,7,66cfbf9
deck,S07,"dose-normalized 200:300 AUC0-last ratio, simulated, ka x1",results/step1/appendix_dose_shape_model.csv,ka_multiplier==1 :: ratio_per_mg,0.6959947945188,0.70,ebbb24f63d774b403df1737d2b94839015bfcf4b6d87db1b7b1b116d4b89b63b,7,66cfbf9
deck,S07,"dose-normalized 200:300 AUC0-last ratio, simulated, ka x1.5 to x2",results/step1/appendix_dose_shape_model.csv,"range over 2 rows [ka_multiplier %in% c(1.5, 2)] :: ratio_per_mg",0.746979418612849; 0.772101773358283,0.75~0.77,ebbb24f63d774b403df1737d2b94839015bfcf4b6d87db1b7b1b116d4b89b63b,7,66cfbf9
deck,S07,"dose-normalized 200:300 AUC0-last ratio, observed, four arms n-weighted",results/step1/appendix_dose_shape_observed.csv,"!grepl('PKM14271', basis) :: ratio_per_mg",0.841618549260195,0.84,ea3236c20f78c43cf19bfa8fc3a8e0b71b2c12d7cdb3665a250c4aeae7c9cf91,7,66cfbf9
deck,S07,"300 mg single arms: mean AUC0-last sim/obs, 2016",results/step1/step1f_300mg_arm_check.csv,range over 6 rows [TRUE] :: ratio,0.905511705207237; 1.171510276267700,0.91~1.17,94e7f8d23532f81f0f5a98c506071333d348ab476529d0371feb1e470079addf,7,66cfbf9
deck,S07,"300 mg single arms: mean AUC0-last sim/obs, 2020",results/step1_k2020/step1f_300mg_arm_check.csv,range over 6 rows [TRUE] :: ratio,0.981663749871978; 1.270828153777800,0.98~1.27,dae14917c46f4a8a53b1beb0f89c4308305a5eaaf8e2e2a4886e783bfe617b00,7,66cfbf9
deck,S07,"fully external items, 2016",results/step1/step1h_external_only_gate.csv,count of rows [TRUE],10,10,92088915393287a550844346e4d1714982847755835cb048bfd36d4bc80eba72,7,66cfbf9
deck,S07,"fully external items failing, 2016",results/step1/step1h_external_only_gate.csv,count of rows [pass_mean==FALSE],1,1,92088915393287a550844346e4d1714982847755835cb048bfd36d4bc80eba72,7,66cfbf9
deck,S07,"fully external items, 2020",results/step1_k2020/step1h_external_only_gate.csv,count of rows [TRUE],8,8,35d4f1f5822da9e61d90566beefe6ddc9ac0cd253d5b5fa22e9cc98ebe0afc8a,7,66cfbf9
deck,S07,"fully external items failing, 2020",results/step1_k2020/step1h_external_only_gate.csv,count of rows [pass_mean==FALSE],3,3,35d4f1f5822da9e61d90566beefe6ddc9ac0cd253d5b5fa22e9cc98ebe0afc8a,7,66cfbf9
deck,S07,"PKM12350 test arm sim/obs, 2016 (fully external judgement)",results/step1/step1h_external_only_gate.csv,item=='PKM12350 test' :: ratio,1.1715102762677,1.17,92088915393287a550844346e4d1714982847755835cb048bfd36d4bc80eba72,7,66cfbf9
deck,S07,assumed mean weight of the single arms (kg),config/design_clot2021.yaml,arm_checks_300mg.weight.mean,78,78,4b3ddc374dfbf3f451d3fe3d6a865645b0b5d93b0ea7eea9a3f24cd8d2f05da5,7,66cfbf9
deck,S07,PKM12350 test arm observed mean AUC0-last,results/step1/step1f_300mg_arm_check.csv,study=='PKM12350' & arm=='test' :: auclast_obs,487.5,487.5,94e7f8d23532f81f0f5a98c506071333d348ab476529d0371feb1e470079addf,7,66cfbf9
deck,S07,PKM12350 reference arm observed mean AUC0-last,results/step1/step1f_300mg_arm_check.csv,study=='PKM12350' & arm=='reference' :: auclast_obs,500,500.0,94e7f8d23532f81f0f5a98c506071333d348ab476529d0371feb1e470079addf,7,66cfbf9
deck,S07,largest observed 300 mg single-arm mean AUC0-last,results/step1/step1f_300mg_arm_check.csv,max over 6 rows [TRUE] :: auclast_obs,630,630.0,94e7f8d23532f81f0f5a98c506071333d348ab476529d0371feb1e470079addf,7,66cfbf9
deck,S07,"dose of the cohort with the largest Cmax sim/obs, 2016",results/step1/step1b_quant_gate.csv,id=='clot600_japanese' :: dose_mg,600,600,8f846e1fd1160532af6b26f020969bb945f0903e3ba7549c0bb5fd2a50117bb5,7,66cfbf9
deck,S07,"assumed weight, lowest (kg)",results/step1/step1i_arm_weight_sensitivity.csv,model=='k2016' & study=='PKM12350' & arm=='test' & weight_mean==70 :: weight_mean,70,70,f075ee5189e44ac72f8a5f6d186dec455f1799830b9768bf727bf70f210fecc0,7,66cfbf9
deck,S07,"assumed weight, highest (kg)",results/step1/step1i_arm_weight_sensitivity.csv,model=='k2016' & study=='PKM12350' & arm=='test' & weight_mean==90 :: weight_mean,90,90,f075ee5189e44ac72f8a5f6d186dec455f1799830b9768bf727bf70f210fecc0,7,66cfbf9
deck,S07,"PKM12350 test sim/obs at the lowest assumed weight, 2016",results/step1/step1i_arm_weight_sensitivity.csv,model=='k2016' & study=='PKM12350' & arm=='test' & weight_mean==70 :: ratio,1.30954923345851,1.31,f075ee5189e44ac72f8a5f6d186dec455f1799830b9768bf727bf70f210fecc0,7,66cfbf9
deck,S07,"PKM12350 test sim/obs at the highest assumed weight, 2016",results/step1/step1i_arm_weight_sensitivity.csv,model=='k2016' & study=='PKM12350' & arm=='test' & weight_mean==90 :: ratio,0.992884400673884,0.99,f075ee5189e44ac72f8a5f6d186dec455f1799830b9768bf727bf70f210fecc0,7,66cfbf9
deck,S07,validation criterion: simulated log-scale CV range (%),config/design_clot2021.yaml,gate.log_cv_range_pct,35; 51,35~51,4b3ddc374dfbf3f451d3fe3d6a865645b0b5d93b0ea7eea9a3f24cd8d2f05da5,7,66cfbf9
deck,S07,"simulated log-scale CV range, 2016",results/step1/step1b_quant_gate.csv,range over 5 rows [gate_role=='gate'] :: AUClast_sim_logcv,36.0345718564427; 41.2594459135268,36~41,8f846e1fd1160532af6b26f020969bb945f0903e3ba7549c0bb5fd2a50117bb5,7,66cfbf9
deck,S07,"simulated log-scale CV range, 2020",results/step1_k2020/step1b_quant_gate.csv,range over 5 rows [gate_role=='gate'] :: AUClast_sim_logcv,35.7208465796663; 46.5893740326036,36~47,fe98e2255a97c7dc46ced95bd39619686078d95324349342d596324314490544,7,66cfbf9
deck,S07,"z of AUC0-last, other presentation, 2016",results/step1/step1b_quant_gate.csv,range over 4 rows [gate_role=='external'] :: AUClast_z,-3.37043737558044; -1.52435404885938,-3.4~-1.5,8f846e1fd1160532af6b26f020969bb945f0903e3ba7549c0bb5fd2a50117bb5,7,66cfbf9
deck,S07,"pooled simulated mean AUC0-last, 300 mg, 2016",results/step1/step1f_300mg_arm_check_summary.csv,TRUE :: model_mean_pooled,565.881057601937,566,2bb225b7ddab7a20315f95667b177daded5146473be937a870c7178edb1bebf5,7,66cfbf9
deck,S07,"pooled simulated mean AUC0-last, 300 mg, 2020",results/step1_k2020/step1f_300mg_arm_check_summary.csv,TRUE :: model_mean_pooled,613.718328394095,614,1c1db829b907dbe8a6dfea4fb7db6c2e56bd38a5251e965ffc0f4a36ef65d4e5,7,66cfbf9
deck,S07,observed 300 mg single-arm mean range,results/step1/step1f_300mg_arm_check_summary.csv,"over 1 rows [TRUE] :: min(arm_min), max(arm_max)",487.5; 630.0,487.5~630.0,2bb225b7ddab7a20315f95667b177daded5146473be937a870c7178edb1bebf5,7,66cfbf9
deck,S07,"PKM12350 test sim/obs at the assumed weight, weight-sensitivity run, 2016",results/step1/step1i_arm_weight_sensitivity.csv,model=='k2016' & study=='PKM12350' & arm=='test' & weight_mean==78 :: ratio,1.15852928060269,1.16,f075ee5189e44ac72f8a5f6d186dec455f1799830b9768bf727bf70f210fecc0,7,66cfbf9
deck,S07,"smallest Cmax sim/obs, 2020, study presentation",results/step1_k2020/step1b_quant_gate.csv,min over 5 rows [gate_role=='gate'] :: Cmax_ratio,0.996547232170453,0.997,fe98e2255a97c7dc46ced95bd39619686078d95324349342d596324314490544,7,66cfbf9
deck,S08,nominal type I error per one-sided test (%) = (1 - be.ci_level) / 2,config/trial_design.yaml,be.ci_level :: (1 - x) / 2 x 100,5,5%,553eceab74155a3497fef1ab587f3b8d2be1319704e17ae1f0e177601726e84f,8,66cfbf9
deck,S08,"schedule B0, n (study day = days after dose + 1)",config/trial_design.yaml,schedules.B0.days :: n, 1.25;  2.00;  4.00;  6.00;  8.00; 11.00; 15.00; 22.00; 29.00; 36.00; 43.00; 50.00; 57.00,13,553eceab74155a3497fef1ab587f3b8d2be1319704e17ae1f0e177601726e84f,8,66cfbf9
deck,S08,"schedule B0, last (study day = days after dose + 1)",config/trial_design.yaml,schedules.B0.days :: last, 1.25;  2.00;  4.00;  6.00;  8.00; 11.00; 15.00; 22.00; 29.00; 36.00; 43.00; 50.00; 57.00,57,553eceab74155a3497fef1ab587f3b8d2be1319704e17ae1f0e177601726e84f,8,66cfbf9
deck,S08,"largest number of B0 samples on the cliff per subject, both models, nominal and windowed timing (1-day definition)",results/cliff/cliff_points.csv,"model %in% c('k2016','k2020') & weight=='base' & definition_day==1 & schedule=='current' :: largest k with pct_ge{k} > 0 in any row (pct_ge1 > 0, pct_ge2 == 0, pct_ge3 == 0)",1,1,0d0ea5c5b1e2ada1b9ff68be6415c912fec7ea8806f75a2d201b46932359fead,8,66cfbf9
deck,S08,criteria set (iii) adj_r2_min,config/prereg_20260926.yaml,section4.criteria_sets.iii.adj_r2_min,0.9,0.90,dc2c9f1bd4d62e13ad9f5f551dcf97eb7ee1359ba13aaa3af8efc063dfc6303e,8,66cfbf9
deck,S08,lambda-z minimum points,config/nca_rules.yaml,standard.lambda_z.min_points,3,3,0f53d9e003bf1df504df24201f06301cabe423babd1078def5c5a4b3b2c1db94,8,66cfbf9
deck,S08,"cliff length (1-day definition), median, two models",results/cliff/cliff_summary.csv,"range over 2 rows [model %in% c('k2016','k2020') & weight=='base'] :: len1_median",1.38152205729940; 1.38301245217869,1.38,f853aba868c8cd024ca3a2c4a971159d7aece8f76fb8f2156c300c88e0dfd115,8,66cfbf9
deck,S08,"trial population, set (iii) failing, two models",results/trialpop/tp_failure_by_set.csv,range over 2 rows [set=='iii'] :: fail_pct,33.215; 38.760,33.2~38.8%,245552b2db5039299ce2f100ed592fc537ebac8bb1693371509535992aa6ca09,8,66cfbf9
deck,S08,"trial population, set (i) failing, two models",results/trialpop/tp_failure_by_set.csv,range over 2 rows [set=='i'] :: fail_pct, 8.165; 13.435,8.2~13.4%,245552b2db5039299ce2f100ed592fc537ebac8bb1693371509535992aa6ca09,8,66cfbf9
deck,S08,M1 G2_A_i cells above 5% (point),results/criteria/criteria_g2_type1.csv,count of rows [analysis_model=='M1' & config=='G2_A_i' & pass_pct > 5],10,10,b450c534a36e2e03b49bad2427de6317153e3b71210dce8caab616e43ef64981,8,66cfbf9
deck,S08,M1 G2_A_i cells exceeding (Wilson lower bound above 5%),results/criteria/criteria_g2_type1.csv,count of rows [analysis_model=='M1' & config=='G2_A_i' & class=='exceeding'],8,8,b450c534a36e2e03b49bad2427de6317153e3b71210dce8caab616e43ef64981,8,66cfbf9
deck,S08,"true AUC0-inf ratio failing to retained, set (i)",results/trialpop/tp_characteristics.csv,range over 2 rows [set=='i'] :: true_aucinf_gmr,0.786054078286093; 0.814793379307349,0.786~0.815,4ecec80dd889cc798aad376dbb7a21a23d30d530a0ef29366e3caf9011779573,8,66cfbf9
deck,S08,boundary cells per configuration (M1),results/criteria/criteria_g2_type1.csv,count of rows [analysis_model=='M1' & config=='G2_A_i'],16,16,b450c534a36e2e03b49bad2427de6317153e3b71210dce8caab616e43ef64981,8,66cfbf9
deck,S08,M1 G2_C_i cells above 5% (point),results/criteria/criteria_g2_type1.csv,count of rows [analysis_model=='M1' & config=='G2_C_i' & pass_pct > 5],1,1,b450c534a36e2e03b49bad2427de6317153e3b71210dce8caab616e43ef64981,8,66cfbf9
deck,S08,"window coverage, median, two models",results/trialpop/tp_coverage_individual.csv,range over 2 rows [metric=='window coverage (true AUC0-tlast / true AUC0-inf)'] :: median x 100,99.3479499465381; 99.3596498487100,99.3~99.4%,beb14fd4f7176e6f2ef9052b677f4abdb908dd5be2e4a19aacbf68c1122be409,8,66cfbf9
deck,S08,"window coverage (true AUC0-tlast / true AUC0-inf), smallest subject-level value over both models",results/trialpop/tp_coverage_individual.csv,metric=='window coverage (true AUC0-tlast / true AUC0-inf)' :: min(min),84.3159734852213,84.3%,beb14fd4f7176e6f2ef9052b677f4abdb908dd5be2e4a19aacbf68c1122be409,8,66cfbf9
deck,S08,M1 P2 cells classified conservative,results/oc_models/type1_models.csv,count of rows [analysis_model=='M1' & config=='P2' & class=='conservative'],15,15,d6e5c650fb4d6d241a554f896de38205ac2c890bfa442f4f9cb2749c70b5f261,8,66cfbf9
deck,S08,M1 P2 boundary cells,results/oc_models/type1_models.csv,count of rows [analysis_model=='M1' & config=='P2'],16,16,d6e5c650fb4d6d241a554f896de38205ac2c890bfa442f4f9cb2749c70b5f261,8,66cfbf9
deck,S08,M1 P2 cells classified exceeding,results/oc_models/type1_models.csv,count of rows [analysis_model=='M1' & config=='P2' & class=='exceeding'],1,1,d6e5c650fb4d6d241a554f896de38205ac2c890bfa442f4f9cb2749c70b5f261,8,66cfbf9
deck,S08,M1 P2 maximum,results/oc_models/type1_models.csv,analysis_model=='M1' & config=='P2' & pk_model=='k2020' & scenario=='V2_up_080' :: pass_pct,5.625,5.63%,d6e5c650fb4d6d241a554f896de38205ac2c890bfa442f4f9cb2749c70b5f261,8,66cfbf9
deck,S08,"cliff start concentration (mg/L), median, two models",results/cliff/cliff_summary.csv,"range over 2 rows [model %in% c('k2016','k2020') & weight=='base'] :: c_start1_median",0.879043200268077; 0.890140885272395,0.88~0.89,f853aba868c8cd024ca3a2c4a971159d7aece8f76fb8f2156c300c88e0dfd115,8,66cfbf9
deck,S08,"cliff length, 5th to 95th percentile, two models",results/cliff/cliff_summary.csv,"over 2 rows [model %in% c('k2016','k2020') & weight=='base'] :: min(len1_p05), max(len1_p95)",1.32538525631915; 1.42857852790450,1.33~1.43,f853aba868c8cd024ca3a2c4a971159d7aece8f76fb8f2156c300c88e0dfd115,8,66cfbf9
deck,S08,M1 G2_C_i cells exceeding (Wilson lower bound above 5%),results/criteria/criteria_g2_type1.csv,count of rows [analysis_model=='M1' & config=='G2_C_i' & class=='exceeding'],0,0,b450c534a36e2e03b49bad2427de6317153e3b71210dce8caab616e43ef64981,8,66cfbf9
deck,S08,M1 G2_A_ii cells above 5% (point),results/criteria/criteria_g2_type1.csv,count of rows [analysis_model=='M1' & config=='G2_A_ii' & pass_pct > 5],12,12,b450c534a36e2e03b49bad2427de6317153e3b71210dce8caab616e43ef64981,8,66cfbf9
deck,S08,M1 G2_B cells above 5% (point),results/criteria/criteria_g2_type1.csv,count of rows [analysis_model=='M1' & config=='G2_B' & pass_pct > 5],10,10,b450c534a36e2e03b49bad2427de6317153e3b71210dce8caab616e43ef64981,8,66cfbf9
deck,S08,"decision instability inst_all, median over 16 boundary cells, M1",results/criteria/criteria_instability.csv,"analysis_model=='M1' & !scenario in (S00, F097) :: median of inst_all",13.305,13.3%,f4bab2830356f6a82612ac7ddb6eb4478ae350b60ab618ff2841b07078260fee,8,66cfbf9
deck,S08,"decision instability inst_all, median over 16 boundary cells, M0",results/criteria/criteria_instability.csv,"analysis_model=='M0' & !scenario in (S00, F097) :: median of inst_all",12.6,12.6%,f4bab2830356f6a82612ac7ddb6eb4478ae350b60ab618ff2841b07078260fee,8,66cfbf9
deck,S08,M1 P2 maximum with 95% CI,results/oc_models/type1_models.csv,"analysis_model=='M1' & config=='P2' & pk_model=='k2020' & scenario=='V2_up_080' :: pass_pct [lo, hi]",5.62500000000000; 5.31412097634036; 5.95292222363892,5.63% (95% CI 5.31~5.95),d6e5c650fb4d6d241a554f896de38205ac2c890bfa442f4f9cb2749c70b5f261,8,66cfbf9
deck,S08,M0 P2 cells classified conservative,results/oc_models/type1_models.csv,count of rows [analysis_model=='M0' & config=='P2' & class=='conservative'],15,15,d6e5c650fb4d6d241a554f896de38205ac2c890bfa442f4f9cb2749c70b5f261,8,66cfbf9
deck,S08,M0 P2 cells classified nominal,results/oc_models/type1_models.csv,count of rows [analysis_model=='M0' & config=='P2' & class=='nominal'],1,1,d6e5c650fb4d6d241a554f896de38205ac2c890bfa442f4f9cb2749c70b5f261,8,66cfbf9
deck,S09,"trial population, set (iii) failing, two models",results/trialpop/tp_failure_by_set.csv,range over 2 rows [set=='iii'] :: fail_pct,33.215; 38.760,33.2~38.8%,245552b2db5039299ce2f100ed592fc537ebac8bb1693371509535992aa6ca09,9,66cfbf9
deck,S09,"trial population, set (i) failing, two models",results/trialpop/tp_failure_by_set.csv,range over 2 rows [set=='i'] :: fail_pct, 8.165; 13.435,8.2~13.4%,245552b2db5039299ce2f100ed592fc537ebac8bb1693371509535992aa6ca09,9,66cfbf9
deck,S09,evaluable subjects per arm,config/trial_design.yaml,n_per_arm,117,117,553eceab74155a3497fef1ab587f3b8d2be1319704e17ae1f0e177601726e84f,9,66cfbf9
deck,S09,body weight inclusion range (kg),config/trial_design.yaml,weight.inclusion_kg,60; 90,60~90,553eceab74155a3497fef1ab587f3b8d2be1319704e17ae1f0e177601726e84f,9,66cfbf9
deck,S09,criteria set (iii) adj_r2_min,config/prereg_20260926.yaml,section4.criteria_sets.iii.adj_r2_min,0.9,0.90,dc2c9f1bd4d62e13ad9f5f551dcf97eb7ee1359ba13aaa3af8efc063dfc6303e,9,66cfbf9
deck,S09,criteria set (i) adj_r2_min,config/prereg_20260926.yaml,section4.criteria_sets.i.adj_r2_min,0.8,0.80,dc2c9f1bd4d62e13ad9f5f551dcf97eb7ee1359ba13aaa3af8efc063dfc6303e,9,66cfbf9
deck,S09,criteria set (ii) adj_r2_min,config/prereg_20260926.yaml,section4.criteria_sets.ii.adj_r2_min,0.8,0.80,dc2c9f1bd4d62e13ad9f5f551dcf97eb7ee1359ba13aaa3af8efc063dfc6303e,9,66cfbf9
deck,S09,criteria set (ii) span_ratio_min,config/prereg_20260926.yaml,section4.criteria_sets.ii.span_ratio_min,2,2,dc2c9f1bd4d62e13ad9f5f551dcf97eb7ee1359ba13aaa3af8efc063dfc6303e,9,66cfbf9
deck,S09,criteria set (iii) adj_r2_min,config/prereg_20260926.yaml,section4.criteria_sets.iii.adj_r2_min,0.9,0.90,dc2c9f1bd4d62e13ad9f5f551dcf97eb7ee1359ba13aaa3af8efc063dfc6303e,9,66cfbf9
deck,S09,criteria set (iv) adj_r2_min,config/prereg_20260926.yaml,section4.criteria_sets.iv.adj_r2_min,0.9,0.90,dc2c9f1bd4d62e13ad9f5f551dcf97eb7ee1359ba13aaa3af8efc063dfc6303e,9,66cfbf9
deck,S09,criteria set (iv) span_ratio_min,config/prereg_20260926.yaml,section4.criteria_sets.iv.span_ratio_min,3,3,dc2c9f1bd4d62e13ad9f5f551dcf97eb7ee1359ba13aaa3af8efc063dfc6303e,9,66cfbf9
deck,S09,"failing, set (i)",results/trialpop/tp_failure_by_set.csv,range over 2 rows [set=='i'] :: fail_pct, 8.165; 13.435,8.2~13.4%,245552b2db5039299ce2f100ed592fc537ebac8bb1693371509535992aa6ca09,9,66cfbf9
deck,S09,"failing, set (ii)",results/trialpop/tp_failure_by_set.csv,range over 2 rows [set=='ii'] :: fail_pct,16.085; 19.265,16.1~19.3%,245552b2db5039299ce2f100ed592fc537ebac8bb1693371509535992aa6ca09,9,66cfbf9
deck,S09,"failing, set (iii)",results/trialpop/tp_failure_by_set.csv,range over 2 rows [set=='iii'] :: fail_pct,33.215; 38.760,33.2~38.8%,245552b2db5039299ce2f100ed592fc537ebac8bb1693371509535992aa6ca09,9,66cfbf9
deck,S09,"failing, set (iv)",results/trialpop/tp_failure_by_set.csv,range over 2 rows [set=='iv'] :: fail_pct,65.85; 72.45,65.9~72.5%,245552b2db5039299ce2f100ed592fc537ebac8bb1693371509535992aa6ca09,9,66cfbf9
deck,S09,"estimable but failing, set (i)",results/trialpop/tp_failure_by_set.csv,range over 2 rows [set=='i'] :: est_fail_pct, 7.550; 11.975,7.6~12.0%,245552b2db5039299ce2f100ed592fc537ebac8bb1693371509535992aa6ca09,9,66cfbf9
deck,S09,"estimable but failing, set (ii)",results/trialpop/tp_failure_by_set.csv,range over 2 rows [set=='ii'] :: est_fail_pct,15.470; 17.805,15.5~17.8%,245552b2db5039299ce2f100ed592fc537ebac8bb1693371509535992aa6ca09,9,66cfbf9
deck,S09,"estimable but failing, set (iii)",results/trialpop/tp_failure_by_set.csv,range over 2 rows [set=='iii'] :: est_fail_pct,32.6; 37.3,32.6~37.3%,245552b2db5039299ce2f100ed592fc537ebac8bb1693371509535992aa6ca09,9,66cfbf9
deck,S09,"estimable but failing, set (iv)",results/trialpop/tp_failure_by_set.csv,range over 2 rows [set=='iv'] :: est_fail_pct,64.390; 71.835,64.4~71.8%,245552b2db5039299ce2f100ed592fc537ebac8bb1693371509535992aa6ca09,9,66cfbf9
deck,S09,"retained per arm, median, set (i)",results/trialpop/tp_retained_per_arm.csv,range over 2 rows [set=='i'] :: retained_median,101; 107,101~107,e1a344b97e641ca3ed72e33d48c23d516fede36ceb0f55a6a4d1df8ed658a64d,9,66cfbf9
deck,S09,"retained per arm, 5th to 95th percentile, set (i)",results/trialpop/tp_retained_per_arm.csv,"over 2 rows [set=='i'] :: min(retained_p05), max(retained_p95)", 95; 112,95~112,e1a344b97e641ca3ed72e33d48c23d516fede36ceb0f55a6a4d1df8ed658a64d,9,66cfbf9
deck,S09,"retained per arm, median, set (ii)",results/trialpop/tp_retained_per_arm.csv,range over 2 rows [set=='ii'] :: retained_median,94; 98,94~98,e1a344b97e641ca3ed72e33d48c23d516fede36ceb0f55a6a4d1df8ed658a64d,9,66cfbf9
deck,S09,"retained per arm, 5th to 95th percentile, set (ii)",results/trialpop/tp_retained_per_arm.csv,"over 2 rows [set=='ii'] :: min(retained_p05), max(retained_p95)", 87; 104,87~104,e1a344b97e641ca3ed72e33d48c23d516fede36ceb0f55a6a4d1df8ed658a64d,9,66cfbf9
deck,S09,"retained per arm, median, set (iii)",results/trialpop/tp_retained_per_arm.csv,range over 2 rows [set=='iii'] :: retained_median,72; 78,72~78,e1a344b97e641ca3ed72e33d48c23d516fede36ceb0f55a6a4d1df8ed658a64d,9,66cfbf9
deck,S09,"retained per arm, 5th to 95th percentile, set (iii)",results/trialpop/tp_retained_per_arm.csv,"over 2 rows [set=='iii'] :: min(retained_p05), max(retained_p95)",63; 86,63~86,e1a344b97e641ca3ed72e33d48c23d516fede36ceb0f55a6a4d1df8ed658a64d,9,66cfbf9
deck,S09,"retained per arm, median, set (iv)",results/trialpop/tp_retained_per_arm.csv,range over 2 rows [set=='iv'] :: retained_median,32; 40,32~40,e1a344b97e641ca3ed72e33d48c23d516fede36ceb0f55a6a4d1df8ed658a64d,9,66cfbf9
deck,S09,"retained per arm, 5th to 95th percentile, set (iv)",results/trialpop/tp_retained_per_arm.csv,"over 2 rows [set=='iv'] :: min(retained_p05), max(retained_p95)",24; 48,24~48,e1a344b97e641ca3ed72e33d48c23d516fede36ceb0f55a6a4d1df8ed658a64d,9,66cfbf9
deck,S09,criteria set (i) extrap_max_pct,config/prereg_20260926.yaml,section4.criteria_sets.i.extrap_max_pct,20,20,dc2c9f1bd4d62e13ad9f5f551dcf97eb7ee1359ba13aaa3af8efc063dfc6303e,9,66cfbf9
deck,S09,subjects per model,results/trialpop/tp_failure_by_set.csv,pk_model=='k2016' & set=='i' :: n,20000,"20,000",245552b2db5039299ce2f100ed592fc537ebac8bb1693371509535992aa6ca09,9,66cfbf9
deck,S09,identical-product trials per model,results/trialpop/tp_retained_per_arm.csv,pk_model=='k2016' & set=='i' :: n_trials,10000,"10,000",e1a344b97e641ca3ed72e33d48c23d516fede36ceb0f55a6a4d1df8ed658a64d,9,66cfbf9
deck,S09,public SAPs with adjusted R-squared 0.90 (count of NCT identifiers),config/prereg_20260926.yaml,section6.s2_1_failure_by_set.public_saps :: count of NCT identifiers,3,3,dc2c9f1bd4d62e13ad9f5f551dcf97eb7ee1359ba13aaa3af8efc063dfc6303e,9,66cfbf9
deck,S09,"set (iv) span below 3 (hierarchical), two models",results/trialpop/tp_failure_reasons.csv,range over 2 rows [set=='iv' & reason=='span ratio below threshold'] :: hierarchical_pct,27.090; 39.235,27.1~39.2%,5f1a2d06e6133182ab528c1f173ff51dc2e12ab9c8a52653f94e1d9f9ee7275d,9,66cfbf9
deck,S09,"lambda-z not estimable (all sets), two models",results/trialpop/tp_failure_by_set.csv,range over 2 rows [set=='i'] :: lz_pct,0.615; 1.460,0.62~1.46%,245552b2db5039299ce2f100ed592fc537ebac8bb1693371509535992aa6ca09,9,66cfbf9
deck,S09,figure s09_failure_by_set,results/trialpop/tp_failure_by_set.csv,whole object,NA,(figure),245552b2db5039299ce2f100ed592fc537ebac8bb1693371509535992aa6ca09,9,66cfbf9
deck,S09,set (iv) failing,results/trialpop/tp_failure_by_set.csv,range over 2 rows [set=='iv'] :: fail_pct,65.85; 72.45,65.9~72.5%,245552b2db5039299ce2f100ed592fc537ebac8bb1693371509535992aa6ca09,9,66cfbf9
deck,S09,"set (iv), residual 24.2%",results/trialpop/tp_residual_sensitivity.csv,variant=='k2016' & set=='iv' :: fail_pct,65.85,65.9%,860c21b7b69a4dd5e1e0ae43bef40eb83c308ae0d97f6e2bcf3a6f1c98454e09,9,66cfbf9
deck,S09,"set (iv), residual 12%",results/trialpop/tp_residual_sensitivity.csv,variant=='resid12' & set=='iv' :: fail_pct,66.01,66.0%,860c21b7b69a4dd5e1e0ae43bef40eb83c308ae0d97f6e2bcf3a6f1c98454e09,9,66cfbf9
deck,S09,"set (iii) failing, 2016 model (residual 24.2%)",results/trialpop/tp_residual_sensitivity.csv,variant=='k2016' & set=='iii' :: fail_pct,38.76,38.8%,860c21b7b69a4dd5e1e0ae43bef40eb83c308ae0d97f6e2bcf3a6f1c98454e09,9,66cfbf9
deck,S09,"set (iii) failing, 2016 model with residual 12%",results/trialpop/tp_residual_sensitivity.csv,variant=='resid12' & set=='iii' :: fail_pct,27.235,27.2%,860c21b7b69a4dd5e1e0ae43bef40eb83c308ae0d97f6e2bcf3a6f1c98454e09,9,66cfbf9
deck,S09,"proportional residual, 2016 model",results/trialpop/tp_residual_sensitivity.csv,variant=='k2016' & set=='iii' :: sigma_prop_pct,24.2,24.2%,860c21b7b69a4dd5e1e0ae43bef40eb83c308ae0d97f6e2bcf3a6f1c98454e09,9,66cfbf9
deck,S09,"proportional residual, variant",results/trialpop/tp_residual_sensitivity.csv,variant=='resid12' & set=='iii' :: sigma_prop_pct,12,12.0%,860c21b7b69a4dd5e1e0ae43bef40eb83c308ae0d97f6e2bcf3a6f1c98454e09,9,66cfbf9
deck,S09,criteria set (iv) span_ratio_min,config/prereg_20260926.yaml,section4.criteria_sets.iv.span_ratio_min,3,3,dc2c9f1bd4d62e13ad9f5f551dcf97eb7ee1359ba13aaa3af8efc063dfc6303e,9,66cfbf9
deck,S09,"set (i) adjusted R-squared below 0.80 (hierarchical), two models",results/trialpop/tp_failure_reasons.csv,range over 2 rows [set=='i' & reason=='adjusted R-squared below threshold'] :: hierarchical_pct, 6.955; 11.370,7.0~11.4%,5f1a2d06e6133182ab528c1f173ff51dc2e12ab9c8a52653f94e1d9f9ee7275d,9,66cfbf9
deck,S09,"set (iii) adjusted R-squared below 0.90 (hierarchical), two models",results/trialpop/tp_failure_reasons.csv,range over 2 rows [set=='iii' & reason=='adjusted R-squared below threshold'] :: hierarchical_pct,32.09; 36.84,32.1~36.8%,5f1a2d06e6133182ab528c1f173ff51dc2e12ab9c8a52653f94e1d9f9ee7275d,9,66cfbf9
deck,S09,"set (ii) span below 2 (hierarchical), two models",results/trialpop/tp_failure_reasons.csv,range over 2 rows [set=='ii' & reason=='span ratio below threshold'] :: hierarchical_pct,5.83; 7.92,5.8~7.9%,5f1a2d06e6133182ab528c1f173ff51dc2e12ab9c8a52653f94e1d9f9ee7275d,9,66cfbf9
deck,S09,"set (iv) span below 3 (hierarchical), 2020 model",results/trialpop/tp_failure_reasons.csv,pk_model=='k2020' & set=='iv' & reason=='span ratio below threshold' :: hierarchical_pct,39.235,39.2%,5f1a2d06e6133182ab528c1f173ff51dc2e12ab9c8a52653f94e1d9f9ee7275d,9,66cfbf9
deck,S09,"set (iv) adjusted R-squared below 0.90 (hierarchical), 2020 model",results/trialpop/tp_failure_reasons.csv,pk_model=='k2020' & set=='iv' & reason=='adjusted R-squared below threshold' :: hierarchical_pct,32.09,32.1%,5f1a2d06e6133182ab528c1f173ff51dc2e12ab9c8a52653f94e1d9f9ee7275d,9,66cfbf9
deck,S10,"two or more samples on the cliff, fixed schedules, windowed days, max over schedules and models",results/cliff/cliff_points.csv,max over 10 rows [weight=='base' & timing=='windowed' & definition_day==1 & schedule!='daily_29_57'] :: pct_ge2,0.04,0.04%,0d0ea5c5b1e2ada1b9ff68be6415c912fec7ea8806f75a2d201b46932359fead,10,66cfbf9
deck,S10,"two or more samples on the cliff, fixed schedules, nominal days, max",results/cliff/cliff_points.csv,max over 10 rows [weight=='base' & timing=='nominal' & definition_day==1 & schedule!='daily_29_57'] :: pct_ge2,0,0.0%,0d0ea5c5b1e2ada1b9ff68be6415c912fec7ea8806f75a2d201b46932359fead,10,66cfbf9
deck,S10,"largest reliability gain versus B0 (set (i); set (ii) lower), trial population, D1 to D4",results/reliability/reliability_paired_vs_B0.csv,"max over 8 rows [variant %in% c('base','struct2020') & schedule %in% c('D1','D2','D3','D4')] :: gain_i_pp",2.755,2.76,25c664d815ff40194ca4fb53984e0c166bbf23a169e9c0533214cfb3d9385ecc,10,66cfbf9
deck,S10,"median cliff length, 1-day definition, two models (60-90 kg)",results/cliff/cliff_summary.csv,range over 2 rows [weight=='base'] :: len1_median,1.38152205729940; 1.38301245217869,1.38,f853aba868c8cd024ca3a2c4a971159d7aece8f76fb8f2156c300c88e0dfd115,10,66cfbf9
deck,S10,figure s10_lloq_day_hist,results/deck_inputs/cliff_lloq_day_hist.csv,whole object,NA,(figure),60dd9a04c306463b93585d116a967745a9b7e504bc01e1833f016cbed69777fc,10,66cfbf9
deck,S10,figure s10_lloq_day_hist,results/cliff/cliff_summary.csv,whole object,NA,(figure),f853aba868c8cd024ca3a2c4a971159d7aece8f76fb8f2156c300c88e0dfd115,10,66cfbf9
deck,S10,figure s10_lloq_day_hist,results/cliff/cliff_points.csv,whole object,NA,(figure),0d0ea5c5b1e2ada1b9ff68be6415c912fec7ea8806f75a2d201b46932359fead,10,66cfbf9
deck,S10,figure s10_points_in_cliff,results/cliff/cliff_points.csv,whole object,NA,(figure),0d0ea5c5b1e2ada1b9ff68be6415c912fec7ea8806f75a2d201b46932359fead,10,66cfbf9
deck,S10,lambda-z minimum points,config/nca_rules.yaml,standard.lambda_z.min_points,3,3,0f53d9e003bf1df504df24201f06301cabe423babd1078def5c5a4b3b2c1db94,10,66cfbf9
deck,S10,"cliff start: instantaneous half-life threshold, primary definition (days)",config/oc_design.yaml,cliff.definition_days,1; 2,1,629011b264fbc4c3f03f8a3989bac1f2711d49959f3268f5e8f758c80f93ea0a,10,66cfbf9
deck,S10,"study day at LLOQ, 5th to 95th percentile, 2016 model",results/cliff/cliff_summary.csv,"over 1 rows [model=='k2016' & weight=='base'] :: min(lloq_studyday_p05), max(lloq_studyday_p95)",27.1952125885761; 54.2389099403096,27.2~54.2,f853aba868c8cd024ca3a2c4a971159d7aece8f76fb8f2156c300c88e0dfd115,10,66cfbf9
deck,S10,minimum sampling interval of B0 in the cliff window (days),results/cliff/cliff_points.csv,weight=='base' & timing=='nominal' & definition_day==1 & model=='k2016' & schedule=='current' :: min_interval_day,7,7,0d0ea5c5b1e2ada1b9ff68be6415c912fec7ea8806f75a2d201b46932359fead,10,66cfbf9
deck,S10,minimum interval after Day 22 with added samples (days),results/cliff/cliff_schedules.csv,schedule=='plus_39_46' :: min_interval_day_from_day22,3,3,a5b0c34e260d2e0c1af7e11259055e6ebbad7b191686eabec721ac60241d4ad4,10,66cfbf9
deck,S10,"one or more samples on the cliff, B0, two models",results/cliff/cliff_points.csv,range over 2 rows [weight=='base' & timing=='nominal' & definition_day==1 & schedule=='current'] :: pct_ge1,18.825; 19.965,18.8~20.0%,0d0ea5c5b1e2ada1b9ff68be6415c912fec7ea8806f75a2d201b46932359fead,10,66cfbf9
deck,S10,"one or more samples on the cliff, D3, two models",results/cliff/cliff_points.csv,range over 2 rows [weight=='base' & timing=='nominal' & definition_day==1 & schedule=='plus_32_39_46_53'] :: pct_ge1,36.270; 37.145,36.3~37.1%,0d0ea5c5b1e2ada1b9ff68be6415c912fec7ea8806f75a2d201b46932359fead,10,66cfbf9
deck,S10,"three or more samples on the cliff, daily sampling, two models",results/cliff/cliff_points.csv,range over 2 rows [weight=='base' & timing=='nominal' & definition_day==1 & schedule=='daily_29_57'] :: pct_ge3,0; 0,0.0%,0d0ea5c5b1e2ada1b9ff68be6415c912fec7ea8806f75a2d201b46932359fead,10,66cfbf9
deck,S10,"three or more samples on the cliff, daily sampling, windowed, two models",results/cliff/cliff_points.csv,range over 2 rows [weight=='base' & timing=='windowed' & definition_day==1 & schedule=='daily_29_57'] :: pct_ge3,7.490; 7.715,7.49~7.72%,0d0ea5c5b1e2ada1b9ff68be6415c912fec7ea8806f75a2d201b46932359fead,10,66cfbf9
deck,S10,"reliability change versus B0, set (i), two models, D1 to D4",results/reliability/reliability_paired_vs_B0.csv,"range over 8 rows [variant %in% c('base','struct2020') & schedule %in% c('D1','D2','D3','D4')] :: gain_i_pp",-1.015;  2.755,-1.02~2.76,25c664d815ff40194ca4fb53984e0c166bbf23a169e9c0533214cfb3d9385ecc,10,66cfbf9
deck,S10,"reliability change versus B0, set (ii), two models, D1 to D4",results/reliability/reliability_paired_vs_B0.csv,"range over 8 rows [variant %in% c('base','struct2020') & schedule %in% c('D1','D2','D3','D4')] :: gain_ii_pp",-3.50;  1.69,-3.50~1.69,25c664d815ff40194ca4fb53984e0c166bbf23a169e9c0533214cfb3d9385ecc,10,66cfbf9
deck,S10,"schedule-model combinations where reliability under set (ii) falls, trial population",results/reliability/reliability_paired_vs_B0.csv,"count of rows [variant %in% c('base','struct2020') & schedule %in% c('D1','D2','D3','D4') & gain_ii_pp < 0]",7,7,25c664d815ff40194ca4fb53984e0c166bbf23a169e9c0533214cfb3d9385ecc,10,66cfbf9
deck,S10,"added-sampling schedule-model combinations, trial population (two models x D1 to D4)",results/reliability/reliability_paired_vs_B0.csv,"count of rows [variant %in% c('base','struct2020') & schedule %in% c('D1','D2','D3','D4')]",8,8,25c664d815ff40194ca4fb53984e0c166bbf23a169e9c0533214cfb3d9385ecc,10,66cfbf9
deck,S10,criterion (c) threshold (points),config/trial_design.yaml,decision_rule.reliability_gain_pp_min,5,5,553eceab74155a3497fef1ab587f3b8d2be1319704e17ae1f0e177601726e84f,10,66cfbf9
deck,S10,schedule D1: study days added to B0,config/trial_design.yaml,"setdiff(schedules.D1.days, schedules.B0.days) + 1",39; 46,"39, 46",553eceab74155a3497fef1ab587f3b8d2be1319704e17ae1f0e177601726e84f,10,66cfbf9
deck,S10,schedule D2: study days added to B0,config/trial_design.yaml,"setdiff(schedules.D2.days, schedules.B0.days) + 1",39; 46; 53,"39, 46, 53",553eceab74155a3497fef1ab587f3b8d2be1319704e17ae1f0e177601726e84f,10,66cfbf9
deck,S10,schedule D3: study days added to B0,config/trial_design.yaml,"setdiff(schedules.D3.days, schedules.B0.days) + 1",32; 39; 46; 53,"32, 39, 46, 53",553eceab74155a3497fef1ab587f3b8d2be1319704e17ae1f0e177601726e84f,10,66cfbf9
deck,S10,schedule D4: study days added to B0,config/trial_design.yaml,"setdiff(schedules.D4.days, schedules.B0.days) + 1",40; 47,"40, 47",553eceab74155a3497fef1ab587f3b8d2be1319704e17ae1f0e177601726e84f,10,66cfbf9
deck,S10,"reliability change versus B0, set (i), k2016, D1",results/reliability/reliability_paired_vs_B0.csv,variant=='base' & schedule=='D1' :: gain_i_pp,0.375,0.38,25c664d815ff40194ca4fb53984e0c166bbf23a169e9c0533214cfb3d9385ecc,10,66cfbf9
deck,S10,"reliability change versus B0, set (i), k2016, D2",results/reliability/reliability_paired_vs_B0.csv,variant=='base' & schedule=='D2' :: gain_i_pp,0.225,0.23,25c664d815ff40194ca4fb53984e0c166bbf23a169e9c0533214cfb3d9385ecc,10,66cfbf9
deck,S10,"reliability change versus B0, set (i), k2016, D3",results/reliability/reliability_paired_vs_B0.csv,variant=='base' & schedule=='D3' :: gain_i_pp,2.755,2.76,25c664d815ff40194ca4fb53984e0c166bbf23a169e9c0533214cfb3d9385ecc,10,66cfbf9
deck,S10,"reliability change versus B0, set (i), k2016, D4",results/reliability/reliability_paired_vs_B0.csv,variant=='base' & schedule=='D4' :: gain_i_pp,-0.26,-0.26,25c664d815ff40194ca4fb53984e0c166bbf23a169e9c0533214cfb3d9385ecc,10,66cfbf9
deck,S10,"reliability change versus B0, set (i), k2020, D1",results/reliability/reliability_paired_vs_B0.csv,variant=='struct2020' & schedule=='D1' :: gain_i_pp,-0.26,-0.26,25c664d815ff40194ca4fb53984e0c166bbf23a169e9c0533214cfb3d9385ecc,10,66cfbf9
deck,S10,"reliability change versus B0, set (i), k2020, D2",results/reliability/reliability_paired_vs_B0.csv,variant=='struct2020' & schedule=='D2' :: gain_i_pp,-0.595,-0.60,25c664d815ff40194ca4fb53984e0c166bbf23a169e9c0533214cfb3d9385ecc,10,66cfbf9
deck,S10,"reliability change versus B0, set (i), k2020, D3",results/reliability/reliability_paired_vs_B0.csv,variant=='struct2020' & schedule=='D3' :: gain_i_pp,1.235,1.24,25c664d815ff40194ca4fb53984e0c166bbf23a169e9c0533214cfb3d9385ecc,10,66cfbf9
deck,S10,"reliability change versus B0, set (i), k2020, D4",results/reliability/reliability_paired_vs_B0.csv,variant=='struct2020' & schedule=='D4' :: gain_i_pp,-1.015,-1.02,25c664d815ff40194ca4fb53984e0c166bbf23a169e9c0533214cfb3d9385ecc,10,66cfbf9
deck,S10,"reliability change versus B0, set (ii), k2016, D1",results/reliability/reliability_paired_vs_B0.csv,variant=='base' & schedule=='D1' :: gain_ii_pp,-0.595,-0.60,25c664d815ff40194ca4fb53984e0c166bbf23a169e9c0533214cfb3d9385ecc,10,66cfbf9
deck,S10,"reliability change versus B0, set (ii), k2016, D2",results/reliability/reliability_paired_vs_B0.csv,variant=='base' & schedule=='D2' :: gain_ii_pp,-0.27,-0.27,25c664d815ff40194ca4fb53984e0c166bbf23a169e9c0533214cfb3d9385ecc,10,66cfbf9
deck,S10,"reliability change versus B0, set (ii), k2016, D3",results/reliability/reliability_paired_vs_B0.csv,variant=='base' & schedule=='D3' :: gain_ii_pp,1.69,1.69,25c664d815ff40194ca4fb53984e0c166bbf23a169e9c0533214cfb3d9385ecc,10,66cfbf9
deck,S10,"reliability change versus B0, set (ii), k2016, D4",results/reliability/reliability_paired_vs_B0.csv,variant=='base' & schedule=='D4' :: gain_ii_pp,-0.83,-0.83,25c664d815ff40194ca4fb53984e0c166bbf23a169e9c0533214cfb3d9385ecc,10,66cfbf9
deck,S10,"reliability change versus B0, set (ii), k2020, D1",results/reliability/reliability_paired_vs_B0.csv,variant=='struct2020' & schedule=='D1' :: gain_ii_pp,-3.11,-3.11,25c664d815ff40194ca4fb53984e0c166bbf23a169e9c0533214cfb3d9385ecc,10,66cfbf9
deck,S10,"reliability change versus B0, set (ii), k2020, D2",results/reliability/reliability_paired_vs_B0.csv,variant=='struct2020' & schedule=='D2' :: gain_ii_pp,-2.29,-2.29,25c664d815ff40194ca4fb53984e0c166bbf23a169e9c0533214cfb3d9385ecc,10,66cfbf9
deck,S10,"reliability change versus B0, set (ii), k2020, D3",results/reliability/reliability_paired_vs_B0.csv,variant=='struct2020' & schedule=='D3' :: gain_ii_pp,-1.935,-1.94,25c664d815ff40194ca4fb53984e0c166bbf23a169e9c0533214cfb3d9385ecc,10,66cfbf9
deck,S10,"reliability change versus B0, set (ii), k2020, D4",results/reliability/reliability_paired_vs_B0.csv,variant=='struct2020' & schedule=='D4' :: gain_ii_pp,-3.5,-3.50,25c664d815ff40194ca4fb53984e0c166bbf23a169e9c0533214cfb3d9385ecc,10,66cfbf9
deck,S10,body weight inclusion range (kg),config/trial_design.yaml,weight.inclusion_kg,60; 90,60~90,553eceab74155a3497fef1ab587f3b8d2be1319704e17ae1f0e177601726e84f,10,66cfbf9
deck,S10,virtual subjects per model (cliff analysis),results/cliff/cliff_summary.csv,model=='k2016' & weight=='base' :: n,20000,"20,000",f853aba868c8cd024ca3a2c4a971159d7aece8f76fb8f2156c300c88e0dfd115,10,66cfbf9
deck,S10,study LLOQ (mg/L),config/assay.yaml,lloq_mg_L.value,0.078,0.078,13bb4e6e5a604962f3e30a9f31dffb53fcfcaa71272e41d6a12413c1cec26604,10,66cfbf9
deck,S10,cliff start: sensitivity definition (days),config/oc_design.yaml,cliff.definition_days,1; 2,2,629011b264fbc4c3f03f8a3989bac1f2711d49959f3268f5e8f758c80f93ea0a,10,66cfbf9
deck,S10,daily sampling schedule: first and last study day (from schedule code),results/cliff/cliff_schedules.csv,schedule=='daily_29_57' :: digits of the schedule code; added_study_days lie between,29; 57,29~57,a5b0c34e260d2e0c1af7e11259055e6ebbad7b191686eabec721ac60241d4ad4,10,66cfbf9
deck,S10,"median study day at LLOQ, 2016 model",results/cliff/cliff_summary.csv,model=='k2016' & weight=='base' :: lloq_studyday_median,38.4647596937202,38.5,f853aba868c8cd024ca3a2c4a971159d7aece8f76fb8f2156c300c88e0dfd115,10,66cfbf9
deck,S10,"median study day at LLOQ, 2020 model",results/cliff/cliff_summary.csv,model=='k2020' & weight=='base' :: lloq_studyday_median,40.7685378859273,40.8,f853aba868c8cd024ca3a2c4a971159d7aece8f76fb8f2156c300c88e0dfd115,10,66cfbf9
deck,S10,"study day at LLOQ, 5th to 95th percentile, 2020 model",results/cliff/cliff_summary.csv,"over 1 rows [model=='k2020' & weight=='base'] :: min(lloq_studyday_p05), max(lloq_studyday_p95)",28.7255249421131; 57.5793756314783,28.7~57.6,f853aba868c8cd024ca3a2c4a971159d7aece8f76fb8f2156c300c88e0dfd115,10,66cfbf9
deck,S10,study day in column name min_interval_day_from_day22,results/cliff/cliff_schedules.csv,column name min_interval_day_from_day22,22,22,a5b0c34e260d2e0c1af7e11259055e6ebbad7b191686eabec721ac60241d4ad4,10,66cfbf9
deck,S10,minimum interval with daily sampling (days),results/cliff/cliff_schedules.csv,schedule=='daily_29_57' :: min_interval_day_from_day22,1,1,a5b0c34e260d2e0c1af7e11259055e6ebbad7b191686eabec721ac60241d4ad4,10,66cfbf9
deck,S10,"one or more samples on the cliff, D1, two models",results/cliff/cliff_points.csv,range over 2 rows [weight=='base' & timing=='nominal' & definition_day==1 & schedule=='plus_39_46'] :: pct_ge1,29.84; 30.00,29.8~30.0%,0d0ea5c5b1e2ada1b9ff68be6415c912fec7ea8806f75a2d201b46932359fead,10,66cfbf9
deck,S10,"one or more samples on the cliff, D2, two models",results/cliff/cliff_points.csv,range over 2 rows [weight=='base' & timing=='nominal' & definition_day==1 & schedule=='plus_39_46_53'] :: pct_ge1,31.415; 31.805,31.4~31.8%,0d0ea5c5b1e2ada1b9ff68be6415c912fec7ea8806f75a2d201b46932359fead,10,66cfbf9
deck,S10,"one or more samples on the cliff, D4, two models",results/cliff/cliff_points.csv,range over 2 rows [weight=='base' & timing=='nominal' & definition_day==1 & schedule=='plus_40_47'] :: pct_ge1,29.330; 29.405,29.3~29.4%,0d0ea5c5b1e2ada1b9ff68be6415c912fec7ea8806f75a2d201b46932359fead,10,66cfbf9
deck,S10,"two or more samples on the cliff, daily sampling, nominal, two models",results/cliff/cliff_points.csv,range over 2 rows [weight=='base' & timing=='nominal' & definition_day==1 & schedule=='daily_29_57'] :: pct_ge2,32.615; 33.950,32.6~34.0%,0d0ea5c5b1e2ada1b9ff68be6415c912fec7ea8806f75a2d201b46932359fead,10,66cfbf9
deck,S10,"three or more samples on the cliff, daily sampling, nominal, 2-day definition, two models",results/cliff/cliff_points.csv,range over 2 rows [weight=='base' & timing=='nominal' & definition_day==2 & schedule=='daily_29_57'] :: pct_ge3,76.735; 80.400,76.7~80.4%,0d0ea5c5b1e2ada1b9ff68be6415c912fec7ea8806f75a2d201b46932359fead,10,66cfbf9
deck,S10,"three or more samples on the cliff, daily sampling, windowed, 2-day definition, two models",results/cliff/cliff_points.csv,range over 2 rows [weight=='base' & timing=='windowed' & definition_day==2 & schedule=='daily_29_57'] :: pct_ge3,57.595; 59.780,57.6~59.8%,0d0ea5c5b1e2ada1b9ff68be6415c912fec7ea8806f75a2d201b46932359fead,10,66cfbf9
deck,S10,"two or more samples on the cliff, fixed schedules, nominal, 2-day definition, max",results/cliff/cliff_points.csv,max over 10 rows [weight=='base' & timing=='nominal' & definition_day==2 & schedule!='daily_29_57'] :: pct_ge2,0.1,0.1%,0d0ea5c5b1e2ada1b9ff68be6415c912fec7ea8806f75a2d201b46932359fead,10,66cfbf9
deck,S10,"two or more samples on the cliff, fixed schedules, windowed, 2-day definition, max",results/cliff/cliff_points.csv,max over 10 rows [weight=='base' & timing=='windowed' & definition_day==2 & schedule!='daily_29_57'] :: pct_ge2,4.525,4.53%,0d0ea5c5b1e2ada1b9ff68be6415c912fec7ea8806f75a2d201b46932359fead,10,66cfbf9
deck,S10,"subjects per model, paired reliability comparison",results/reliability/reliability_paired_vs_B0.csv,variant=='base' & schedule=='D3' :: n,20000,"20,000",25c664d815ff40194ca4fb53984e0c166bbf23a169e9c0533214cfb3d9385ecc,10,66cfbf9
deck,S10,"reliability change versus B0, D3, set (i), k2016, with paired 95% CI",results/reliability/reliability_paired_vs_B0.csv,"variant=='base' & schedule=='D3' :: gain_i_pp [gain_i_lo, gain_i_hi]",2.75500000000000; 2.24900717349969; 3.26099282650031,2.76%p (95% CI 2.25~3.26),25c664d815ff40194ca4fb53984e0c166bbf23a169e9c0533214cfb3d9385ecc,10,66cfbf9
deck,S10,"reliability change versus B0, D3, set (i), k2020, with paired 95% CI",results/reliability/reliability_paired_vs_B0.csv,"variant=='struct2020' & schedule=='D3' :: gain_i_pp [gain_i_lo, gain_i_hi]",1.23500000000000; 0.80358008740933; 1.66641991259067,1.24%p (95% CI 0.80~1.67),25c664d815ff40194ca4fb53984e0c166bbf23a169e9c0533214cfb3d9385ecc,10,66cfbf9
deck,S10,"reliability change versus B0, D3, set (ii), k2016, with paired 95% CI",results/reliability/reliability_paired_vs_B0.csv,"variant=='base' & schedule=='D3' :: gain_ii_pp [gain_ii_lo, gain_ii_hi]",1.69000000000000; 1.06939292323727; 2.31060707676274,1.69%p (95% CI 1.07~2.31),25c664d815ff40194ca4fb53984e0c166bbf23a169e9c0533214cfb3d9385ecc,10,66cfbf9
deck,S10,"reliability change versus B0, D3, set (ii), k2020, with paired 95% CI",results/reliability/reliability_paired_vs_B0.csv,"variant=='struct2020' & schedule=='D3' :: gain_ii_pp [gain_ii_lo, gain_ii_hi]",-1.93500000000000; -2.58487891599249; -1.28512108400752,-1.94%p (95% CI -2.58~-1.29),25c664d815ff40194ca4fb53984e0c166bbf23a169e9c0533214cfb3d9385ecc,10,66cfbf9
deck,S10,"lowest set (ii) change, 2020 model D4, with paired 95% CI",results/reliability/reliability_paired_vs_B0.csv,"variant=='struct2020' & schedule=='D4' :: gain_ii_pp [gain_ii_lo, gain_ii_hi]",-3.50000000000000; -4.02368488030016; -2.97631511969984,-3.50%p (95% CI -4.02~-2.98),25c664d815ff40194ca4fb53984e0c166bbf23a169e9c0533214cfb3d9385ecc,10,66cfbf9
deck,S10,criteria set (ii) span_ratio_min,config/prereg_20260926.yaml,section4.criteria_sets.ii.span_ratio_min,2,2,dc2c9f1bd4d62e13ad9f5f551dcf97eb7ee1359ba13aaa3af8efc063dfc6303e,10,66cfbf9
deck,S10,"shortest three-point nominal window after Day 22, B0 (days)",results/reliability/reliability_lz_window_by_schedule.csv,"range over 2 rows [variant %in% c('base','struct2020') & schedule=='B0'] :: min_3pt_nominal_window_days",14; 14,14,1536caedc7e14453f2b73d122df430f8820659dbbdaa657e19827b41eefde816,10,66cfbf9
deck,S10,"shortest three-point nominal window, D1 to D4 (days)",results/reliability/reliability_lz_window_by_schedule.csv,"range over 8 rows [variant %in% c('base','struct2020') & schedule %in% c('D1','D2','D3','D4')] :: min_3pt_nominal_window_days",7; 7,7,1536caedc7e14453f2b73d122df430f8820659dbbdaa657e19827b41eefde816,10,66cfbf9
deck,S10,"median lambda-z window, B0, two models (days)",results/reliability/reliability_lz_window_by_schedule.csv,"range over 2 rows [variant %in% c('base','struct2020') & schedule=='B0'] :: window_median",14.8962690127082; 15.0163809077349,14.9~15.0,1536caedc7e14453f2b73d122df430f8820659dbbdaa657e19827b41eefde816,10,66cfbf9
deck,S10,"median lambda-z window, D3, two models (days)",results/reliability/reliability_lz_window_by_schedule.csv,"range over 2 rows [variant %in% c('base','struct2020') & schedule=='D3'] :: window_median",10.0922767682932; 11.3398711383343,10.1~11.3,1536caedc7e14453f2b73d122df430f8820659dbbdaa657e19827b41eefde816,10,66cfbf9
deck,S11,"set (iv) failing, 2016 model (residual as estimated)",results/trialpop/tp_residual_sensitivity.csv,variant=='k2016' & set=='iv' :: fail_pct,65.85,65.9%,860c21b7b69a4dd5e1e0ae43bef40eb83c308ae0d97f6e2bcf3a6f1c98454e09,11,66cfbf9
deck,S11,"set (iv) failing, 2016 model with proportional residual 12%",results/trialpop/tp_residual_sensitivity.csv,variant=='resid12' & set=='iv' :: fail_pct,66.01,66.0%,860c21b7b69a4dd5e1e0ae43bef40eb83c308ae0d97f6e2bcf3a6f1c98454e09,11,66cfbf9
deck,S11,"proportional residual, 2016 model",results/trialpop/tp_residual_sensitivity.csv,variant=='k2016' & set=='i' :: sigma_prop_pct,24.2,24.2%,860c21b7b69a4dd5e1e0ae43bef40eb83c308ae0d97f6e2bcf3a6f1c98454e09,11,66cfbf9
deck,S11,"proportional residual, sensitivity variant",results/trialpop/tp_residual_sensitivity.csv,variant=='resid12' & set=='i' :: sigma_prop_pct,12,12.0%,860c21b7b69a4dd5e1e0ae43bef40eb83c308ae0d97f6e2bcf3a6f1c98454e09,11,66cfbf9
deck,S11,figure s11_residual_halved,results/trialpop/tp_residual_sensitivity.csv,whole object,NA,(figure),860c21b7b69a4dd5e1e0ae43bef40eb83c308ae0d97f6e2bcf3a6f1c98454e09,11,66cfbf9
deck,S11,"set (iii) failing, 2016 model (residual as estimated)",results/trialpop/tp_residual_sensitivity.csv,variant=='k2016' & set=='iii' :: fail_pct,38.76,38.8%,860c21b7b69a4dd5e1e0ae43bef40eb83c308ae0d97f6e2bcf3a6f1c98454e09,11,66cfbf9
deck,S11,"set (iii) failing, 2016 model with residual 12%",results/trialpop/tp_residual_sensitivity.csv,variant=='resid12' & set=='iii' :: fail_pct,27.235,27.2%,860c21b7b69a4dd5e1e0ae43bef40eb83c308ae0d97f6e2bcf3a6f1c98454e09,11,66cfbf9
deck,S11,"meeting set (iii) but failing span 3 = set (iv) minus set (iii) failing, k2016 (points)",results/trialpop/tp_residual_sensitivity.csv,variant=='k2016' :: fail_pct[set=='iv'] - fail_pct[set=='iii'],27.09,27.1,860c21b7b69a4dd5e1e0ae43bef40eb83c308ae0d97f6e2bcf3a6f1c98454e09,11,66cfbf9
deck,S11,"meeting set (iii) but failing span 3 = set (iv) minus set (iii) failing, resid12 (points)",results/trialpop/tp_residual_sensitivity.csv,variant=='resid12' :: fail_pct[set=='iv'] - fail_pct[set=='iii'],38.775,38.8,860c21b7b69a4dd5e1e0ae43bef40eb83c308ae0d97f6e2bcf3a6f1c98454e09,11,66cfbf9
deck,S11,criteria set (iv) span_ratio_min,config/prereg_20260926.yaml,section4.criteria_sets.iv.span_ratio_min,3,3,dc2c9f1bd4d62e13ad9f5f551dcf97eb7ee1359ba13aaa3af8efc063dfc6303e,11,66cfbf9
deck,S11,"median lambda-z window, B0, two models (days)",results/reliability/reliability_lz_window_by_schedule.csv,"range over 2 rows [variant %in% c('base','struct2020') & schedule=='B0'] :: window_median",14.8962690127082; 15.0163809077349,14.9~15.0,1536caedc7e14453f2b73d122df430f8820659dbbdaa657e19827b41eefde816,11,66cfbf9
deck,S11,"median half-life from lambda-z, B0, two models (days)",results/reliability/reliability_lz_window_by_schedule.csv,"range over 2 rows [variant %in% c('base','struct2020') & schedule=='B0'] :: HL_median",5.33701567403744; 5.77051227598795,5.3~5.8,1536caedc7e14453f2b73d122df430f8820659dbbdaa657e19827b41eefde816,11,66cfbf9
deck,S11,"span ratio below 3 (any flag), two models",results/trialpop/tp_failure_reasons.csv,range over 2 rows [set=='iv' & reason=='span ratio below threshold'] :: any_pct,38.54; 46.78,38.5~46.8%,5f1a2d06e6133182ab528c1f173ff51dc2e12ab9c8a52653f94e1d9f9ee7275d,11,66cfbf9
deck,S11,"median span ratio, B0, two models",results/reliability/reliability_lz_window_by_schedule.csv,"range over 2 rows [variant %in% c('base','struct2020') & schedule=='B0'] :: span_median",3.07381503609787; 3.28805182513995,3.07~3.29,1536caedc7e14453f2b73d122df430f8820659dbbdaa657e19827b41eefde816,11,66cfbf9
deck,S11,figure s11_lloq_reliability,results/lloq/lloq_individual_table.csv,whole object,NA,(figure),6d5fc6a570bb69ad49d2d235250f61e39c074ab5d023b5a9fdd0cfaa79b0e3b5,11,66cfbf9
deck,S11,study LLOQ (mg/L),config/assay.yaml,lloq_mg_L.value,0.078,0.078,13bb4e6e5a604962f3e30a9f31dffb53fcfcaa71272e41d6a12413c1cec26604,11,66cfbf9
deck,S11,lowest LLOQ in the sensitivity grid (mg/L),results/lloq/lloq_individual_table.csv,model=='k2016' & resid=='fixed' & abs(lloq - 0.02) < 1e-9 :: lloq,0.02,0.02,6d5fc6a570bb69ad49d2d235250f61e39c074ab5d023b5a9fdd0cfaa79b0e3b5,11,66cfbf9
deck,S11,"set (i) reliability change, lowest LLOQ vs study LLOQ, k2016, residual fixed (points)",results/lloq/lloq_individual_table.csv,model=='k2016' & resid=='fixed' & abs(lloq - 0.02) < 1e-9 :: d_rel_i_pp,-2.33,-2.33,6d5fc6a570bb69ad49d2d235250f61e39c074ab5d023b5a9fdd0cfaa79b0e3b5,11,66cfbf9
deck,S11,"set (i) reliability change, lowest LLOQ vs study LLOQ, k2020, residual fixed (points)",results/lloq/lloq_individual_table.csv,model=='k2020' & resid=='fixed' & abs(lloq - 0.02) < 1e-9 :: d_rel_i_pp,-5.93,-5.93,6d5fc6a570bb69ad49d2d235250f61e39c074ab5d023b5a9fdd0cfaa79b0e3b5,11,66cfbf9
deck,S11,"additive residual SD (mg/L), both models",config/params_variability.yaml,residual.sigma_add.value,0.03,0.03,b849a4cc3acc6d47f9833392ac4f47ebacc6ad9fa79fcc5848628fd4b5aa99a9,11,66cfbf9
deck,S11,"adjusted R-squared below 0.80, 2016 model, study LLOQ (%)",results/lloq/lloq_individual_k2016.csv,resid=='fixed' & abs(lloq - 0.078) < 1e-9 :: flag_rsq_pct,11.37,11.4%,9f2644edcbe3fd5f62eaa86c467b048b80c1b6e3484cff6cb0d620eb19e824e8,11,66cfbf9
deck,S11,"adjusted R-squared below 0.80, 2016 model, lowest LLOQ (%)",results/lloq/lloq_individual_k2016.csv,resid=='fixed' & abs(lloq - 0.02) < 1e-9 :: flag_rsq_pct,14.75,14.8%,9f2644edcbe3fd5f62eaa86c467b048b80c1b6e3484cff6cb0d620eb19e824e8,11,66cfbf9
deck,S11,"set (ii) reliability change with paired 95% CI, lowest LLOQ vs study LLOQ, 2016 model, residual as estimated",results/lloq/lloq_individual_table.csv,"model=='k2016' & resid=='fixed' & abs(lloq - 0.02) < 1e-9 :: d_rel_ii_pp [d_rel_ii_lo, d_rel_ii_hi]", 0.160000000000000; -0.316685151450564;  0.636685151450564,0.16%p (95% CI -0.32~0.64),6d5fc6a570bb69ad49d2d235250f61e39c074ab5d023b5a9fdd0cfaa79b0e3b5,11,66cfbf9
deck,S11,"set (ii) reliability change, lowest LLOQ, 2020 model, residual as estimated",results/lloq/lloq_individual_table.csv,model=='k2020' & resid=='fixed' & abs(lloq - 0.02) < 1e-9 :: d_rel_ii_pp,-2.52,-2.52%p,6d5fc6a570bb69ad49d2d235250f61e39c074ab5d023b5a9fdd0cfaa79b0e3b5,11,66cfbf9
deck,S11,body weight inclusion range (kg),config/trial_design.yaml,weight.inclusion_kg,60; 90,60~90,553eceab74155a3497fef1ab587f3b8d2be1319704e17ae1f0e177601726e84f,11,66cfbf9
deck,S11,"subjects per model, trial population",results/trialpop/tp_failure_by_set.csv,pk_model=='k2016' & set=='i' :: n,20000,"20,000",245552b2db5039299ce2f100ed592fc537ebac8bb1693371509535992aa6ca09,11,66cfbf9
deck,S11,criteria set (i) adj_r2_min,config/prereg_20260926.yaml,section4.criteria_sets.i.adj_r2_min,0.8,0.80,dc2c9f1bd4d62e13ad9f5f551dcf97eb7ee1359ba13aaa3af8efc063dfc6303e,11,66cfbf9
deck,S11,"proportional residual, 2020 model",results/trialpop/tp_residual_sensitivity.csv,variant=='k2020' & set=='i' :: sigma_prop_pct,15,15.0%,860c21b7b69a4dd5e1e0ae43bef40eb83c308ae0d97f6e2bcf3a6f1c98454e09,11,66cfbf9
deck,S11,"set (i) failing, 2016 model",results/trialpop/tp_residual_sensitivity.csv,variant=='k2016' & set=='i' :: fail_pct,13.435,13.4%,860c21b7b69a4dd5e1e0ae43bef40eb83c308ae0d97f6e2bcf3a6f1c98454e09,11,66cfbf9
deck,S11,"set (i) failing, residual 12%",results/trialpop/tp_residual_sensitivity.csv,variant=='resid12' & set=='i' :: fail_pct,5.755,5.8%,860c21b7b69a4dd5e1e0ae43bef40eb83c308ae0d97f6e2bcf3a6f1c98454e09,11,66cfbf9
deck,S11,"set (ii) failing, 2016 model",results/trialpop/tp_residual_sensitivity.csv,variant=='k2016' & set=='ii' :: fail_pct,19.265,19.3%,860c21b7b69a4dd5e1e0ae43bef40eb83c308ae0d97f6e2bcf3a6f1c98454e09,11,66cfbf9
deck,S11,"set (ii) failing, residual 12%",results/trialpop/tp_residual_sensitivity.csv,variant=='resid12' & set=='ii' :: fail_pct,12.14,12.1%,860c21b7b69a4dd5e1e0ae43bef40eb83c308ae0d97f6e2bcf3a6f1c98454e09,11,66cfbf9
deck,S11,"set (iv) failing, Wilson 95% interval, 2016 model",results/trialpop/tp_residual_sensitivity.csv,"over 1 rows [variant=='k2016' & set=='iv'] :: min(fail_lo), max(fail_hi)",65.1897989971713; 66.5041134598502,65.2~66.5,860c21b7b69a4dd5e1e0ae43bef40eb83c308ae0d97f6e2bcf3a6f1c98454e09,11,66cfbf9
deck,S11,"set (iv) failing, Wilson 95% interval, residual 12%",results/trialpop/tp_residual_sensitivity.csv,"over 1 rows [variant=='resid12' & set=='iv'] :: min(fail_lo), max(fail_hi)",65.3505133671969; 66.6633376382867,65.4~66.7,860c21b7b69a4dd5e1e0ae43bef40eb83c308ae0d97f6e2bcf3a6f1c98454e09,11,66cfbf9
deck,S11,"median adjusted R-squared, 2016 model",results/trialpop/tp_residual_sensitivity.csv,variant=='k2016' & set=='i' :: adj_r2_median,0.929840166324454,0.930,860c21b7b69a4dd5e1e0ae43bef40eb83c308ae0d97f6e2bcf3a6f1c98454e09,11,66cfbf9
deck,S11,"median adjusted R-squared, residual 12%",results/trialpop/tp_residual_sensitivity.csv,variant=='resid12' & set=='i' :: adj_r2_median,0.946059919565497,0.946,860c21b7b69a4dd5e1e0ae43bef40eb83c308ae0d97f6e2bcf3a6f1c98454e09,11,66cfbf9
deck,S11,"set (iv) failing, 2020 model",results/trialpop/tp_residual_sensitivity.csv,variant=='k2020' & set=='iv' :: fail_pct,72.45,72.5%,860c21b7b69a4dd5e1e0ae43bef40eb83c308ae0d97f6e2bcf3a6f1c98454e09,11,66cfbf9
deck,S11,"set (iii) failing, 2020 model",results/trialpop/tp_residual_sensitivity.csv,variant=='k2020' & set=='iii' :: fail_pct,33.215,33.2%,860c21b7b69a4dd5e1e0ae43bef40eb83c308ae0d97f6e2bcf3a6f1c98454e09,11,66cfbf9
deck,S11,criteria set (ii) span_ratio_min,config/prereg_20260926.yaml,section4.criteria_sets.ii.span_ratio_min,2,2,dc2c9f1bd4d62e13ad9f5f551dcf97eb7ee1359ba13aaa3af8efc063dfc6303e,11,66cfbf9
deck,S11,"span below 3 (hierarchical), two models",results/trialpop/tp_failure_reasons.csv,range over 2 rows [set=='iv' & reason=='span ratio below threshold'] :: hierarchical_pct,27.090; 39.235,27.1~39.2%,5f1a2d06e6133182ab528c1f173ff51dc2e12ab9c8a52653f94e1d9f9ee7275d,11,66cfbf9
deck,S11,"shortest three-point nominal window after Day 22, B0 (days)",results/reliability/reliability_lz_window_by_schedule.csv,"range over 2 rows [variant %in% c('base','struct2020') & schedule=='B0'] :: min_3pt_nominal_window_days",14; 14,14,1536caedc7e14453f2b73d122df430f8820659dbbdaa657e19827b41eefde816,11,66cfbf9
deck,S11,highest LLOQ in the sensitivity grid (mg/L),results/lloq/lloq_individual_table.csv,model=='k2016' & resid=='fixed' & abs(lloq - 0.5) < 1e-9 :: lloq,0.5,0.5,6d5fc6a570bb69ad49d2d235250f61e39c074ab5d023b5a9fdd0cfaa79b0e3b5,11,66cfbf9
deck,S11,"set (i) reliability change with paired 95% CI, lowest LLOQ vs study LLOQ, k2016, residual fixed",results/lloq/lloq_individual_table.csv,"model=='k2016' & resid=='fixed' & abs(lloq - 0.02) < 1e-9 :: d_rel_i_pp [d_rel_i_lo, d_rel_i_hi]",-2.33000000000000; -2.80296276905277; -1.85703723094723,-2.33%p (95% CI -2.80~-1.86),6d5fc6a570bb69ad49d2d235250f61e39c074ab5d023b5a9fdd0cfaa79b0e3b5,11,66cfbf9
deck,S11,"set (i) reliability change with paired 95% CI, lowest LLOQ vs study LLOQ, k2020, residual fixed",results/lloq/lloq_individual_table.csv,"model=='k2020' & resid=='fixed' & abs(lloq - 0.02) < 1e-9 :: d_rel_i_pp [d_rel_i_lo, d_rel_i_hi]",-5.93000000000000; -6.39461716105881; -5.46538283894119,-5.93%p (95% CI -6.39~-5.47),6d5fc6a570bb69ad49d2d235250f61e39c074ab5d023b5a9fdd0cfaa79b0e3b5,11,66cfbf9
deck,S11,"set (i) reliability change with paired 95% CI, lowest LLOQ vs study LLOQ, k2016, residual scaled",results/lloq/lloq_individual_table.csv,"model=='k2016' & resid=='scaled' & abs(lloq - 0.02) < 1e-9 :: d_rel_i_pp [d_rel_i_lo, d_rel_i_hi]",-1.9250000000000; -2.1576537787407; -1.6923462212593,-1.93%p (95% CI -2.16~-1.69),6d5fc6a570bb69ad49d2d235250f61e39c074ab5d023b5a9fdd0cfaa79b0e3b5,11,66cfbf9
deck,S11,"set (i) reliability change with paired 95% CI, lowest LLOQ vs study LLOQ, k2020, residual scaled",results/lloq/lloq_individual_table.csv,"model=='k2020' & resid=='scaled' & abs(lloq - 0.02) < 1e-9 :: d_rel_i_pp [d_rel_i_lo, d_rel_i_hi]",-2.42500000000000; -2.66329251341406; -2.18670748658594,-2.43%p (95% CI -2.66~-2.19),6d5fc6a570bb69ad49d2d235250f61e39c074ab5d023b5a9fdd0cfaa79b0e3b5,11,66cfbf9
deck,S11,"reliable_no_span_pct, k2016, residual fixed, LLOQ 0.02",results/lloq/lloq_individual_table.csv,model=='k2016' & resid=='fixed' & abs(lloq - 0.02) < 1e-9 :: reliable_no_span_pct,84.235,84.2%,6d5fc6a570bb69ad49d2d235250f61e39c074ab5d023b5a9fdd0cfaa79b0e3b5,11,66cfbf9
deck,S11,"reliable_no_span_pct, k2016, residual fixed, LLOQ 0.078",results/lloq/lloq_individual_table.csv,model=='k2016' & resid=='fixed' & abs(lloq - 0.078) < 1e-9 :: reliable_no_span_pct,86.565,86.6%,6d5fc6a570bb69ad49d2d235250f61e39c074ab5d023b5a9fdd0cfaa79b0e3b5,11,66cfbf9
deck,S11,"reliable_no_span_pct, k2016, residual fixed, LLOQ 0.5",results/lloq/lloq_individual_table.csv,model=='k2016' & resid=='fixed' & abs(lloq - 0.5) < 1e-9 :: reliable_no_span_pct,88,88.0%,6d5fc6a570bb69ad49d2d235250f61e39c074ab5d023b5a9fdd0cfaa79b0e3b5,11,66cfbf9
deck,S11,"reliable_no_span_pct, k2020, residual fixed, LLOQ 0.02",results/lloq/lloq_individual_table.csv,model=='k2020' & resid=='fixed' & abs(lloq - 0.02) < 1e-9 :: reliable_no_span_pct,85.905,85.9%,6d5fc6a570bb69ad49d2d235250f61e39c074ab5d023b5a9fdd0cfaa79b0e3b5,11,66cfbf9
deck,S11,"reliable_no_span_pct, k2020, residual fixed, LLOQ 0.078",results/lloq/lloq_individual_table.csv,model=='k2020' & resid=='fixed' & abs(lloq - 0.078) < 1e-9 :: reliable_no_span_pct,91.835,91.8%,6d5fc6a570bb69ad49d2d235250f61e39c074ab5d023b5a9fdd0cfaa79b0e3b5,11,66cfbf9
deck,S11,"reliable_no_span_pct, k2020, residual fixed, LLOQ 0.5",results/lloq/lloq_individual_table.csv,model=='k2020' & resid=='fixed' & abs(lloq - 0.5) < 1e-9 :: reliable_no_span_pct,94.95,95.0%,6d5fc6a570bb69ad49d2d235250f61e39c074ab5d023b5a9fdd0cfaa79b0e3b5,11,66cfbf9
deck,S11,"set (ii) reliability change, lowest LLOQ, 2016 model, residual scaled",results/lloq/lloq_individual_table.csv,model=='k2016' & resid=='scaled' & abs(lloq - 0.02) < 1e-9 :: d_rel_ii_pp,-1.27,-1.27%p,6d5fc6a570bb69ad49d2d235250f61e39c074ab5d023b5a9fdd0cfaa79b0e3b5,11,66cfbf9
deck,S11,"set (ii) reliability change, lowest LLOQ, 2020 model, residual scaled",results/lloq/lloq_individual_table.csv,model=='k2020' & resid=='scaled' & abs(lloq - 0.02) < 1e-9 :: d_rel_ii_pp,-1.615,-1.62%p,6d5fc6a570bb69ad49d2d235250f61e39c074ab5d023b5a9fdd0cfaa79b0e3b5,11,66cfbf9
deck,S11,"median last quantifiable time, 2016 model, study LLOQ (days after dose)",results/lloq/lloq_individual_k2016.csv,resid=='fixed' & abs(lloq - 0.078) < 1e-9 :: tlast_median,34.7484493784141,34.7,9f2644edcbe3fd5f62eaa86c467b048b80c1b6e3484cff6cb0d620eb19e824e8,11,66cfbf9
deck,S11,"median last quantifiable time, 2016 model, lowest LLOQ (days after dose)",results/lloq/lloq_individual_k2016.csv,resid=='fixed' & abs(lloq - 0.02) < 1e-9 :: tlast_median,41.6095017970074,41.6,9f2644edcbe3fd5f62eaa86c467b048b80c1b6e3484cff6cb0d620eb19e824e8,11,66cfbf9
deck,S11,"quantifiable at the last planned sample, 2016 model, study LLOQ (%)",results/lloq/lloq_individual_k2016.csv,resid=='fixed' & abs(lloq - 0.078) < 1e-9 :: quant_at_last_pct,3.365,3.4%,9f2644edcbe3fd5f62eaa86c467b048b80c1b6e3484cff6cb0d620eb19e824e8,11,66cfbf9
deck,S11,"quantifiable at the last planned sample, 2016 model, lowest LLOQ (%)",results/lloq/lloq_individual_k2016.csv,resid=='fixed' & abs(lloq - 0.02) < 1e-9 :: quant_at_last_pct,17.16,17.2%,9f2644edcbe3fd5f62eaa86c467b048b80c1b6e3484cff6cb0d620eb19e824e8,11,66cfbf9
deck,S11,"span ratio below 2, 2016 model, study LLOQ (%)",results/lloq/lloq_individual_k2016.csv,resid=='fixed' & abs(lloq - 0.078) < 1e-9 :: flag_span_pct,8.25,8.3%,9f2644edcbe3fd5f62eaa86c467b048b80c1b6e3484cff6cb0d620eb19e824e8,11,66cfbf9
deck,S11,"span ratio below 2, 2016 model, lowest LLOQ (%)",results/lloq/lloq_individual_k2016.csv,resid=='fixed' & abs(lloq - 0.02) < 1e-9 :: flag_span_pct,4.525,4.5%,9f2644edcbe3fd5f62eaa86c467b048b80c1b6e3484cff6cb0d620eb19e824e8,11,66cfbf9
deck,S11,"adjusted R-squared below 0.80, 2020 model, study LLOQ (%)",results/lloq/lloq_individual_k2020.csv,resid=='fixed' & abs(lloq - 0.078) < 1e-9 :: flag_rsq_pct,6.955,7.0%,608617d88094e914934cc1a9017be7a75b2c40cafef749368083302a2de44045,11,66cfbf9
deck,S11,"adjusted R-squared below 0.80, 2020 model, lowest LLOQ (%)",results/lloq/lloq_individual_k2020.csv,resid=='fixed' & abs(lloq - 0.02) < 1e-9 :: flag_rsq_pct,13.525,13.5%,608617d88094e914934cc1a9017be7a75b2c40cafef749368083302a2de44045,11,66cfbf9
deck,S11,subjects per model and LLOQ,results/lloq/lloq_individual_table.csv,model=='k2016' & resid=='fixed' & abs(lloq - 0.078) < 1e-9 :: n,20000,"20,000",6d5fc6a570bb69ad49d2d235250f61e39c074ab5d023b5a9fdd0cfaa79b0e3b5,11,66cfbf9
deck,S12,"failing versus retained, set i, true_aucinf_gmr",results/trialpop/tp_characteristics.csv,range over 2 rows [set=='i'] :: true_aucinf_gmr,0.786054078286093; 0.814793379307349,0.786~0.815,4ecec80dd889cc798aad376dbb7a21a23d30d530a0ef29366e3caf9011779573,12,66cfbf9
deck,S12,"true AUC0-inf of failing subjects lower than retained, set i, two models (percent)",results/trialpop/tp_characteristics.csv,range over 2 rows [set=='i'] :: 100 x (1 - true_aucinf_gmr),18.5206620692651; 21.3945921713907,18.5~21.4%,4ecec80dd889cc798aad376dbb7a21a23d30d530a0ef29366e3caf9011779573,12,66cfbf9
deck,S12,"failing versus retained, set iii, true_aucinf_gmr",results/trialpop/tp_characteristics.csv,range over 2 rows [set=='iii'] :: true_aucinf_gmr,0.895137990266898; 0.928174485565535,0.895~0.928,4ecec80dd889cc798aad376dbb7a21a23d30d530a0ef29366e3caf9011779573,12,66cfbf9
deck,S12,"stratum difference, set i, diff_pp",results/trialpop/tp_strata_individual.csv,range over 2 rows [set=='i'] :: diff_pp,1.48237025831265; 2.69034874703012,1.5~2.7,49152d19e245c1c341396c7d1462f349edf1a07b980ef7210d31729d3ccdeb1f,12,66cfbf9
deck,S12,"stratum difference, set iii, diff_pp",results/trialpop/tp_strata_individual.csv,range over 2 rows [set=='iii'] :: diff_pp,2.04821738354254; 2.29695810974729,2.0~2.3,49152d19e245c1c341396c7d1462f349edf1a07b980ef7210d31729d3ccdeb1f,12,66cfbf9
deck,S12,"failing versus retained, set i, wt_diff_kg",results/trialpop/tp_characteristics.csv,range over 2 rows [set=='i'] :: wt_diff_kg,0.810617907513148; 1.133927758936380,0.81~1.13,4ecec80dd889cc798aad376dbb7a21a23d30d530a0ef29366e3caf9011779573,12,66cfbf9
deck,S12,randomization stratum split (kg),config/trial_design.yaml,stratification.split_kg.value,75,75,553eceab74155a3497fef1ab587f3b8d2be1319704e17ae1f0e177601726e84f,12,66cfbf9
deck,S12,threshold in column name armdiff_abs_gt5_pct (points),results/trialpop/tp_strata_composition.csv,column name armdiff_abs_gt5_pct,5,5,c888fc5d6871d4b71cb531fc782c07c0ccee83dc73c40b19a3c0215c6d1eb911,12,66cfbf9
deck,S12,"armdiff, S00, auclast: 5th to 95th percentile, two models",results/trialpop/tp_strata_composition.csv,"over 2 rows [scenario=='S00' & analysis_set=='auclast'] :: min(armdiff_p05), max(armdiff_p95)",-0.854700854700859;  0.854700854700859,-0.9~0.9,c888fc5d6871d4b71cb531fc782c07c0ccee83dc73c40b19a3c0215c6d1eb911,12,66cfbf9
deck,S12,"armdiff, S00, i: 5th to 95th percentile, two models",results/trialpop/tp_strata_composition.csv,"over 2 rows [scenario=='S00' & analysis_set=='i'] :: min(armdiff_p05), max(armdiff_p95)",-4.39875378940609;  4.59466580488504,-4.4~4.6,c888fc5d6871d4b71cb531fc782c07c0ccee83dc73c40b19a3c0215c6d1eb911,12,66cfbf9
deck,S12,"armdiff, S00, iii: 5th to 95th percentile, two models",results/trialpop/tp_strata_composition.csv,"over 2 rows [scenario=='S00' & analysis_set=='iii'] :: min(armdiff_p05), max(armdiff_p95)",-8.69503563911213;  8.46816884758061,-8.7~8.5,c888fc5d6871d4b71cb531fc782c07c0ccee83dc73c40b19a3c0215c6d1eb911,12,66cfbf9
deck,S12,"share of trials with a between-arm heavier-stratum difference above 5 points, S00, auclast",results/trialpop/tp_strata_composition.csv,range over 2 rows [scenario=='S00' & analysis_set=='auclast'] :: armdiff_abs_gt5_pct,0; 0,0.0%,c888fc5d6871d4b71cb531fc782c07c0ccee83dc73c40b19a3c0215c6d1eb911,12,66cfbf9
deck,S12,"share of trials with a between-arm heavier-stratum difference above 5 points, S00, i",results/trialpop/tp_strata_composition.csv,range over 2 rows [scenario=='S00' & analysis_set=='i'] :: armdiff_abs_gt5_pct,1.55; 6.50,1.6~6.5%,c888fc5d6871d4b71cb531fc782c07c0ccee83dc73c40b19a3c0215c6d1eb911,12,66cfbf9
deck,S12,"share of trials with a between-arm heavier-stratum difference above 5 points, S00, iii",results/trialpop/tp_strata_composition.csv,range over 2 rows [scenario=='S00' & analysis_set=='iii'] :: armdiff_abs_gt5_pct,28.55; 33.40,28.6~33.4%,c888fc5d6871d4b71cb531fc782c07c0ccee83dc73c40b19a3c0215c6d1eb911,12,66cfbf9
deck,S12,regenerated trials per scenario,results/trialpop/tp_strata_composition.csv,pk_model=='k2016' & scenario=='S00' & analysis_set=='auclast' :: n_trials,2000,"2,000",c888fc5d6871d4b71cb531fc782c07c0ccee83dc73c40b19a3c0215c6d1eb911,12,66cfbf9
deck,S12,figure s12_strata_armdiff,results/trialpop/trialpop_counts_k2016.csv.gz,whole object,NA,(figure),2e9343ab02d3598e6198fea38d0becf488127ec49401728a6edbd3cdeeed7a21,12,66cfbf9
deck,S12,figure s12_strata_armdiff,results/trialpop/trialpop_counts_k2020.csv.gz,whole object,NA,(figure),9d767a9a53ffda3cb94079e986d36c446cabb774e1719bcd174228b5e7794132,12,66cfbf9
deck,S12,figure s12_strata_armdiff,results/deck_inputs/strata_armdiff_hist.csv,whole object,NA,(figure),f23ee88fbadc40251c8638dc724d20dac7f76aa12a1735b733544b9f7a1afa63,12,66cfbf9
deck,S12,figure s12_strata_armdiff,results/trialpop/tp_strata_composition.csv,whole object,NA,(figure),c888fc5d6871d4b71cb531fc782c07c0ccee83dc73c40b19a3c0215c6d1eb911,12,66cfbf9
deck,S12,largest between-arm difference in the heavier-stratum share at randomization (points),results/trialpop/tp_strata_composition.csv,max over 26 rows [analysis_set=='auclast'] :: rand_armdiff_abs_max,0.854700854700859,0.9,c888fc5d6871d4b71cb531fc782c07c0ccee83dc73c40b19a3c0215c6d1eb911,12,66cfbf9
deck,S12,body weight inclusion range (kg),config/trial_design.yaml,weight.inclusion_kg,60; 90,60~90,553eceab74155a3497fef1ab587f3b8d2be1319704e17ae1f0e177601726e84f,12,66cfbf9
deck,S12,dose (mg),config/trial_design.yaml,dose_mg,300,300,553eceab74155a3497fef1ab587f3b8d2be1319704e17ae1f0e177601726e84f,12,66cfbf9
deck,S12,subjects per model,results/trialpop/tp_failure_by_set.csv,pk_model=='k2016' & set=='i' :: n,20000,"20,000",245552b2db5039299ce2f100ed592fc537ebac8bb1693371509535992aa6ca09,12,66cfbf9
deck,S12,"true AUC0-inf GMR failing to retained, set i, k2016",results/trialpop/tp_characteristics.csv,pk_model=='k2016' & set=='i' :: true_aucinf_gmr,0.814793379307349,0.815,4ecec80dd889cc798aad376dbb7a21a23d30d530a0ef29366e3caf9011779573,12,66cfbf9
deck,S12,"true AUC0-inf GMR failing to retained, set i, k2020",results/trialpop/tp_characteristics.csv,pk_model=='k2020' & set=='i' :: true_aucinf_gmr,0.786054078286093,0.786,4ecec80dd889cc798aad376dbb7a21a23d30d530a0ef29366e3caf9011779573,12,66cfbf9
deck,S12,"failing versus retained, set ii, true_aucinf_gmr, two models",results/trialpop/tp_characteristics.csv,range over 2 rows [set=='ii'] :: true_aucinf_gmr,0.842348745308615; 0.847444865573701,0.842~0.847,4ecec80dd889cc798aad376dbb7a21a23d30d530a0ef29366e3caf9011779573,12,66cfbf9
deck,S12,"failing versus retained, set iv, true_aucinf_gmr, two models",results/trialpop/tp_characteristics.csv,range over 2 rows [set=='iv'] :: true_aucinf_gmr,0.909232921275708; 0.933561191940146,0.909~0.934,4ecec80dd889cc798aad376dbb7a21a23d30d530a0ef29366e3caf9011779573,12,66cfbf9
deck,S12,"failing minus retained body weight with Welch 95% CI, set i, k2016",results/trialpop/tp_characteristics.csv,"pk_model=='k2016' & set=='i' :: wt_diff_kg [wt_diff_lo, wt_diff_hi]",1.133927758936380; 0.843862070551382; 1.423993447321380,1.13 kg (95% CI 0.84~1.42),4ecec80dd889cc798aad376dbb7a21a23d30d530a0ef29366e3caf9011779573,12,66cfbf9
deck,S12,"failing minus retained body weight with Welch 95% CI, set i, k2020",results/trialpop/tp_characteristics.csv,"pk_model=='k2020' & set=='i' :: wt_diff_kg [wt_diff_lo, wt_diff_hi]",0.810617907513148; 0.443704707191664; 1.177531107834630,0.81 kg (95% CI 0.44~1.18),4ecec80dd889cc798aad376dbb7a21a23d30d530a0ef29366e3caf9011779573,12,66cfbf9
deck,S12,"failing minus retained body weight, set iii, two models",results/trialpop/tp_characteristics.csv,range over 2 rows [set=='iii'] :: wt_diff_kg,0.349640423512781; 0.415961827771483,0.35~0.42 kg,4ecec80dd889cc798aad376dbb7a21a23d30d530a0ef29366e3caf9011779573,12,66cfbf9
deck,S12,"AUC0-last GMR failing to retained, set i, two models",results/trialpop/tp_characteristics.csv,range over 2 rows [set=='i'] :: auclast_gmr,0.771529285293624; 0.783016340595720,0.772~0.783,4ecec80dd889cc798aad376dbb7a21a23d30d530a0ef29366e3caf9011779573,12,66cfbf9
deck,S12,"failing, lighter stratum, set i, k2016",results/trialpop/tp_strata_individual.csv,pk_model=='k2016' & set=='i' :: fail_light_pct,12.0828307197427,12.1%,49152d19e245c1c341396c7d1462f349edf1a07b980ef7210d31729d3ccdeb1f,12,66cfbf9
deck,S12,"failing, heavier stratum, set i, k2016",results/trialpop/tp_strata_individual.csv,pk_model=='k2016' & set=='i' :: fail_heavy_pct,14.7731794667728,14.8%,49152d19e245c1c341396c7d1462f349edf1a07b980ef7210d31729d3ccdeb1f,12,66cfbf9
deck,S12,"failing, lighter stratum, set i, k2020",results/trialpop/tp_strata_individual.csv,pk_model=='k2020' & set=='i' :: fail_light_pct,7.42981847038984,7.4%,49152d19e245c1c341396c7d1462f349edf1a07b980ef7210d31729d3ccdeb1f,12,66cfbf9
deck,S12,"failing, heavier stratum, set i, k2020",results/trialpop/tp_strata_individual.csv,pk_model=='k2020' & set=='i' :: fail_heavy_pct,8.91218872870249,8.9%,49152d19e245c1c341396c7d1462f349edf1a07b980ef7210d31729d3ccdeb1f,12,66cfbf9
deck,S12,"stratum difference with Newcombe 95% CI, set i, k2016",results/trialpop/tp_strata_individual.csv,"pk_model=='k2016' & set=='i' :: diff_pp [diff_lo, diff_hi]",2.69034874703012; 1.74594397090788; 3.63466855298406,2.7%p (95% CI 1.7~3.6),49152d19e245c1c341396c7d1462f349edf1a07b980ef7210d31729d3ccdeb1f,12,66cfbf9
deck,S12,"stratum difference with Newcombe 95% CI, set i, k2020",results/trialpop/tp_strata_individual.csv,"pk_model=='k2020' & set=='i' :: diff_pp [diff_lo, diff_hi]",1.482370258312650; 0.723387484941979; 2.242976371717510,1.5%p (95% CI 0.7~2.2),49152d19e245c1c341396c7d1462f349edf1a07b980ef7210d31729d3ccdeb1f,12,66cfbf9
deck,S12,evaluable subjects per arm,config/trial_design.yaml,n_per_arm,117,117,553eceab74155a3497fef1ab587f3b8d2be1319704e17ae1f0e177601726e84f,12,66cfbf9
deck,S12,"armdiff median, S00, rule A sets i and iii, two models",results/trialpop/tp_strata_composition.csv,"range over 4 rows [scenario=='S00' & analysis_set %in% c('i','iii')] :: armdiff_median",-0.0672141576031748;  0.0548151726715496,-0.07~0.05,c888fc5d6871d4b71cb531fc782c07c0ccee83dc73c40b19a3c0215c6d1eb911,12,66cfbf9
deck,S13,reference value: no between-arm difference in the share failing (points),results/trialpop/tp_arm_difference.csv,reference line diff_mean = 0,0,0,cdf32cb67af28daa0f22468c8f79ffcfdc1b7f3fdd7b124be9b27f61fddec8d4,13,66cfbf9
deck,S13,largest absolute test minus reference difference in the share failing set i over the test scenarios of both models (points),results/trialpop/tp_arm_difference.csv,set=='i' & scenario!='S00' :: max(abs(diff_mean)),12.2884615384615,12.3,cdf32cb67af28daa0f22468c8f79ffcfdc1b7f3fdd7b124be9b27f61fddec8d4,13,66cfbf9
deck,S13,"widest 95% CI of the mean arm difference, sets i and iii, all scenarios, two models (points)",results/trialpop/tp_arm_difference.csv,"set %in% c('i','iii') :: max(diff_hi - diff_lo)",0.5737418557024,0.57,cdf32cb67af28daa0f22468c8f79ffcfdc1b7f3fdd7b124be9b27f61fddec8d4,13,66cfbf9
deck,S13,"true AUC0-inf ratio, boundary cells at 0.80, two models",results/trialpop/tp_arm_difference.csv,"range over 10 rows [grepl('_080$', scenario) & set=='i'] :: auc_ratio",0.799297411482507; 0.800570249731887,0.80,cdf32cb67af28daa0f22468c8f79ffcfdc1b7f3fdd7b124be9b27f61fddec8d4,13,66cfbf9
deck,S13,"true AUC0-inf ratio, boundary cells at 1.25, two models",results/trialpop/tp_arm_difference.csv,"range over 6 rows [grepl('_125$', scenario) & set=='i'] :: auc_ratio",1.24933521039854; 1.25092658233271,1.25,cdf32cb67af28daa0f22468c8f79ffcfdc1b7f3fdd7b124be9b27f61fddec8d4,13,66cfbf9
deck,S13,scenario F097 multiplier on F,config/scenarios.yaml,scenarios.F097.T_multipliers.F,0.97,0.97,7243c4f34f21614eccae4c143ba05b8a9eb9183a76770cfce7153ef30a5dc17c,13,66cfbf9
deck,S13,scenario KE110 multiplier on ke,config/scenarios.yaml,scenarios.KE110.T_multipliers.ke,1.1,1.10,7243c4f34f21614eccae4c143ba05b8a9eb9183a76770cfce7153ef30a5dc17c,13,66cfbf9
deck,S13,scenario KE120 multiplier on ke,config/scenarios.yaml,scenarios.KE120.T_multipliers.ke,1.2,1.20,7243c4f34f21614eccae4c143ba05b8a9eb9183a76770cfce7153ef30a5dc17c,13,66cfbf9
deck,S13,scenario VM125 multiplier on Vmax,config/scenarios.yaml,scenarios.VM125.T_multipliers.Vmax,1.25,1.25,7243c4f34f21614eccae4c143ba05b8a9eb9183a76770cfce7153ef30a5dc17c,13,66cfbf9
deck,S13,figure s13_arm_difference,results/trialpop/tp_arm_difference.csv,whole object,NA,(figure),cdf32cb67af28daa0f22468c8f79ffcfdc1b7f3fdd7b124be9b27f61fddec8d4,13,66cfbf9
deck,S13,"largest absolute mean arm difference, identical products, sets i and iii, two models (points)",results/trialpop/tp_arm_difference.csv,"scenario=='S00' & set %in% c('i','iii') :: max(abs(diff_mean))",0.168803418803419,0.17,cdf32cb67af28daa0f22468c8f79ffcfdc1b7f3fdd7b124be9b27f61fddec8d4,13,66cfbf9
deck,S13,"test minus reference failing, VM125, set i, diff_mean",results/trialpop/tp_arm_difference.csv,range over 2 rows [scenario=='VM125' & set=='i'] :: diff_mean,4.27094017094017; 6.63589743589744,4.27~6.64,cdf32cb67af28daa0f22468c8f79ffcfdc1b7f3fdd7b124be9b27f61fddec8d4,13,66cfbf9
deck,S13,"test minus reference failing, ka_down_080, set i, diff_mean",results/trialpop/tp_arm_difference.csv,range over 2 rows [scenario=='ka_down_080' & set=='i'] :: diff_mean,10.2564102564103; 12.2884615384615,10.26~12.29,cdf32cb67af28daa0f22468c8f79ffcfdc1b7f3fdd7b124be9b27f61fddec8d4,13,66cfbf9
deck,S13,"reference minus test failing (magnitude), V2_up_080, set i, -diff_mean",results/trialpop/tp_arm_difference.csv,range over 2 rows [scenario=='V2_up_080' & set=='i'] :: diff_mean x -1,3.49358974358974; 4.05512820512821,3.49~4.06,cdf32cb67af28daa0f22468c8f79ffcfdc1b7f3fdd7b124be9b27f61fddec8d4,13,66cfbf9
deck,S13,"arm difference per 10% lower true ratio, set i, r_squared",results/trialpop/tp_arm_difference_fit.csv,range over 2 rows [set=='i'] :: r_squared,0.232470424551062; 0.360108101646794,0.23~0.36,c3441189dd0b9c008d5d06147ce4866ad527eb88716193d2ba47859f86ce9b1c,13,66cfbf9
deck,S13,"arm difference per 10% lower true ratio, set iii, r_squared",results/trialpop/tp_arm_difference_fit.csv,range over 2 rows [set=='iii'] :: r_squared,0.167806345901734; 0.176066239916273,0.17~0.18,c3441189dd0b9c008d5d06147ce4866ad527eb88716193d2ba47859f86ce9b1c,13,66cfbf9
deck,S13,"regenerated per-arm counts identical to section1 (rows compared, both models)",results/trialpop/tp_identity_check.csv,"sum(rows_compared), all ok",264000,"264,000",adbe96b4447408f1b646f40ff1e0792fd3344653e8e18b745fd5f07caf003137,13,66cfbf9
deck,S13,body weight inclusion range (kg),config/trial_design.yaml,weight.inclusion_kg,60; 90,60~90,553eceab74155a3497fef1ab587f3b8d2be1319704e17ae1f0e177601726e84f,13,66cfbf9
deck,S13,regenerated trials per scenario,results/trialpop/tp_arm_difference.csv,pk_model=='k2016' & scenario=='S00' & set=='i' :: n_trials,2000,"2,000",cdf32cb67af28daa0f22468c8f79ffcfdc1b7f3fdd7b124be9b27f61fddec8d4,13,66cfbf9
deck,S13,"reference-arm mean share failing, set i, two models",results/trialpop/tp_arm_difference.csv,range over 2 rows [scenario=='S00' & set=='i'] :: fail_R_mean, 8.35940170940171; 13.80341880341880,8.36~13.80%,cdf32cb67af28daa0f22468c8f79ffcfdc1b7f3fdd7b124be9b27f61fddec8d4,13,66cfbf9
deck,S13,"reference-arm mean share failing, set iii, two models",results/trialpop/tp_arm_difference.csv,range over 2 rows [scenario=='S00' & set=='iii'] :: fail_R_mean,33.8551282051282; 38.6418803418803,33.86~38.64%,cdf32cb67af28daa0f22468c8f79ffcfdc1b7f3fdd7b124be9b27f61fddec8d4,13,66cfbf9
deck,S13,"true AUC0-inf ratio, product scenarios, two models",results/trialpop/tp_arm_difference.csv,"range over 8 rows [scenario %in% c('F097','KE110','KE120','VM125') & set=='i'] :: auc_ratio",0.864966317600168; 0.952367656502161,0.86~0.95,cdf32cb67af28daa0f22468c8f79ffcfdc1b7f3fdd7b124be9b27f61fddec8d4,13,66cfbf9
deck,S13,boundary cells per model,results/trialpop/tp_arm_difference.csv,"count of rows [pk_model=='k2016' & set=='i' & !scenario %in% c('S00','F097','KE110','KE120','VM125')]",8,8,cdf32cb67af28daa0f22468c8f79ffcfdc1b7f3fdd7b124be9b27f61fddec8d4,13,66cfbf9
deck,S13,"per-trial arm difference, identical products, set i, 5th to 95th percentile, two models",results/trialpop/tp_arm_difference.csv,"over 2 rows [scenario=='S00' & set=='i'] :: min(diff_p05), max(diff_p95)",-7.69230769230769;  7.69230769230769,-7.69~7.69,cdf32cb67af28daa0f22468c8f79ffcfdc1b7f3fdd7b124be9b27f61fddec8d4,13,66cfbf9
deck,S13,"test minus reference failing, S00, set i, diff_mean",results/trialpop/tp_arm_difference.csv,range over 2 rows [scenario=='S00' & set=='i'] :: diff_mean,-0.09188034188034171; -0.00384615384615384,-0.09~0.00,cdf32cb67af28daa0f22468c8f79ffcfdc1b7f3fdd7b124be9b27f61fddec8d4,13,66cfbf9
deck,S13,"test minus reference failing, S00, set iii, diff_mean",results/trialpop/tp_arm_difference.csv,range over 2 rows [scenario=='S00' & set=='iii'] :: diff_mean,-0.1688034188034190;  0.0615384615384617,-0.17~0.06,cdf32cb67af28daa0f22468c8f79ffcfdc1b7f3fdd7b124be9b27f61fddec8d4,13,66cfbf9
deck,S13,"test minus reference failing, KE120, set i, diff_mean",results/trialpop/tp_arm_difference.csv,range over 2 rows [scenario=='KE120' & set=='i'] :: diff_mean,-0.1551282051282050;  0.0478632478632479,-0.16~0.05,cdf32cb67af28daa0f22468c8f79ffcfdc1b7f3fdd7b124be9b27f61fddec8d4,13,66cfbf9
deck,S13,"reference minus test failing (magnitude), V2_up_080, set iii, -diff_mean",results/trialpop/tp_arm_difference.csv,range over 2 rows [scenario=='V2_up_080' & set=='iii'] :: diff_mean x -1,8.44615384615385; 9.38290598290598,8.45~9.38,cdf32cb67af28daa0f22468c8f79ffcfdc1b7f3fdd7b124be9b27f61fddec8d4,13,66cfbf9
deck,S13,"test minus reference failing, ka_down_080, set iii, diff_mean",results/trialpop/tp_arm_difference.csv,range over 2 rows [scenario=='ka_down_080' & set=='iii'] :: diff_mean,12.6008547008547; 12.9555555555556,12.60~12.96,cdf32cb67af28daa0f22468c8f79ffcfdc1b7f3fdd7b124be9b27f61fddec8d4,13,66cfbf9
deck,S13,"reference minus test failing (magnitude), ke scenarios, set iii, two models",results/trialpop/tp_arm_difference.csv,"range over 4 rows [scenario %in% c('KE110','KE120') & set=='iii'] :: diff_mean x -1",0.463675213675214; 0.764957264957265,0.46~0.76,cdf32cb67af28daa0f22468c8f79ffcfdc1b7f3fdd7b124be9b27f61fddec8d4,13,66cfbf9
deck,S13,scenario means per linear fit,results/trialpop/tp_arm_difference_fit.csv,pk_model=='k2016' & set=='i' :: n_scenarios,13,13,c3441189dd0b9c008d5d06147ce4866ad527eb88716193d2ba47859f86ce9b1c,13,66cfbf9
deck,S14,reference ratio of the bias direction toward 1 (identical products),results/criteria/criteria_bias.csv,bias_dir == 'toward_1' :: GMR moves toward the ratio 1,1,1,bc5ff89ec184d87a6cf94f6b56fe05cf2769267911df0b6e6b64f6f5c9660481,14,66cfbf9
deck,S14,nominal type I error per one-sided test (%) = (1 - be.ci_level) / 2,config/trial_design.yaml,be.ci_level :: (1 - x) / 2 x 100,5,5%,553eceab74155a3497fef1ab587f3b8d2be1319704e17ae1f0e177601726e84f,14,66cfbf9
deck,S14,boundary cells per variant (M1),results/criteria/criteria_g2_type1.csv,count of rows [analysis_model=='M1' & config=='G2_A_i'],16,16,b450c534a36e2e03b49bad2427de6317153e3b71210dce8caab616e43ef64981,14,66cfbf9
deck,S14,"M1 rules A (i) to (iv) and B: cells above 5% (point), range over variants",results/criteria/criteria_g2_type1.csv,"analysis_model=='M1' & config in (G2_A_i, G2_A_ii, G2_A_iii, G2_A_iv, G2_B) & pass_pct > 5 :: range over configs of row counts",10; 12; 10; 12; 10,10~12,b450c534a36e2e03b49bad2427de6317153e3b71210dce8caab616e43ef64981,14,66cfbf9
deck,S14,"M1 rule C (i) to (iv): cells above 5% (point), same count in every set",results/criteria/criteria_g2_type1.csv,"analysis_model=='M1' & config in (G2_C_i, G2_C_ii, G2_C_iii, G2_C_iv) & pass_pct > 5 :: range over configs of row counts",1; 1; 1; 1,1,b450c534a36e2e03b49bad2427de6317153e3b71210dce8caab616e43ef64981,14,66cfbf9
deck,S14,M1 G2_A_i cells above 5% (point),results/criteria/criteria_g2_type1.csv,count of rows [analysis_model=='M1' & config=='G2_A_i' & pass_pct > 5],10,10,b450c534a36e2e03b49bad2427de6317153e3b71210dce8caab616e43ef64981,14,66cfbf9
deck,S14,M0 G2_A_i cells above 5% (point),results/criteria/criteria_g2_type1.csv,count of rows [analysis_model=='M0' & config=='G2_A_i' & pass_pct > 5],8,8,b450c534a36e2e03b49bad2427de6317153e3b71210dce8caab616e43ef64981,14,66cfbf9
deck,S14,M1 G2_A_i cells with Wilson lower bound above 5%,results/criteria/criteria_g2_type1.csv,count of rows [analysis_model=='M1' & config=='G2_A_i' & lo > 5],8,8,b450c534a36e2e03b49bad2427de6317153e3b71210dce8caab616e43ef64981,14,66cfbf9
deck,S14,M0 G2_A_i cells with Wilson lower bound above 5%,results/criteria/criteria_g2_type1.csv,count of rows [analysis_model=='M0' & config=='G2_A_i' & lo > 5],8,8,b450c534a36e2e03b49bad2427de6317153e3b71210dce8caab616e43ef64981,14,66cfbf9
deck,S14,M1 G2_A_i largest boundary pass rate,results/criteria/criteria_g2_type1.csv,max over 16 rows [analysis_model=='M1' & config=='G2_A_i'] :: pass_pct,20.27,20.27%,b450c534a36e2e03b49bad2427de6317153e3b71210dce8caab616e43ef64981,14,66cfbf9
deck,S14,"M1 AUC0-inf GMR bias against the true ratio, A_i",results/criteria/criteria_bias.csv,range over 16 rows [analysis_model=='M1' & config=='A_i'] :: bias_pct,-2.63240941787954;  7.95561136647682,-2.63~7.96%,bc5ff89ec184d87a6cf94f6b56fe05cf2769267911df0b6e6b64f6f5c9660481,14,66cfbf9
deck,S14,M1 A_i cells with AUC0-inf GMR biased toward 1,results/criteria/criteria_bias.csv,count of rows [analysis_model=='M1' & config=='A_i' & bias_dir=='toward_1'],10,10,bc5ff89ec184d87a6cf94f6b56fe05cf2769267911df0b6e6b64f6f5c9660481,14,66cfbf9
deck,S14,M1 G2_A_ii cells above 5% (point),results/criteria/criteria_g2_type1.csv,count of rows [analysis_model=='M1' & config=='G2_A_ii' & pass_pct > 5],12,12,b450c534a36e2e03b49bad2427de6317153e3b71210dce8caab616e43ef64981,14,66cfbf9
deck,S14,M0 G2_A_ii cells above 5% (point),results/criteria/criteria_g2_type1.csv,count of rows [analysis_model=='M0' & config=='G2_A_ii' & pass_pct > 5],12,12,b450c534a36e2e03b49bad2427de6317153e3b71210dce8caab616e43ef64981,14,66cfbf9
deck,S14,M1 G2_A_ii cells with Wilson lower bound above 5%,results/criteria/criteria_g2_type1.csv,count of rows [analysis_model=='M1' & config=='G2_A_ii' & lo > 5],12,12,b450c534a36e2e03b49bad2427de6317153e3b71210dce8caab616e43ef64981,14,66cfbf9
deck,S14,M0 G2_A_ii cells with Wilson lower bound above 5%,results/criteria/criteria_g2_type1.csv,count of rows [analysis_model=='M0' & config=='G2_A_ii' & lo > 5],12,12,b450c534a36e2e03b49bad2427de6317153e3b71210dce8caab616e43ef64981,14,66cfbf9
deck,S14,M1 G2_A_ii largest boundary pass rate,results/criteria/criteria_g2_type1.csv,max over 16 rows [analysis_model=='M1' & config=='G2_A_ii'] :: pass_pct,27.44,27.44%,b450c534a36e2e03b49bad2427de6317153e3b71210dce8caab616e43ef64981,14,66cfbf9
deck,S14,"M1 AUC0-inf GMR bias against the true ratio, A_ii",results/criteria/criteria_bias.csv,range over 16 rows [analysis_model=='M1' & config=='A_ii'] :: bias_pct,-5.26265822254924;  8.08210865512700,-5.26~8.08%,bc5ff89ec184d87a6cf94f6b56fe05cf2769267911df0b6e6b64f6f5c9660481,14,66cfbf9
deck,S14,M1 A_ii cells with AUC0-inf GMR biased toward 1,results/criteria/criteria_bias.csv,count of rows [analysis_model=='M1' & config=='A_ii' & bias_dir=='toward_1'],14,14,bc5ff89ec184d87a6cf94f6b56fe05cf2769267911df0b6e6b64f6f5c9660481,14,66cfbf9
deck,S14,M1 G2_A_iii cells above 5% (point),results/criteria/criteria_g2_type1.csv,count of rows [analysis_model=='M1' & config=='G2_A_iii' & pass_pct > 5],10,10,b450c534a36e2e03b49bad2427de6317153e3b71210dce8caab616e43ef64981,14,66cfbf9
deck,S14,M0 G2_A_iii cells above 5% (point),results/criteria/criteria_g2_type1.csv,count of rows [analysis_model=='M0' & config=='G2_A_iii' & pass_pct > 5],9,9,b450c534a36e2e03b49bad2427de6317153e3b71210dce8caab616e43ef64981,14,66cfbf9
deck,S14,M1 G2_A_iii cells with Wilson lower bound above 5%,results/criteria/criteria_g2_type1.csv,count of rows [analysis_model=='M1' & config=='G2_A_iii' & lo > 5],9,9,b450c534a36e2e03b49bad2427de6317153e3b71210dce8caab616e43ef64981,14,66cfbf9
deck,S14,M0 G2_A_iii cells with Wilson lower bound above 5%,results/criteria/criteria_g2_type1.csv,count of rows [analysis_model=='M0' & config=='G2_A_iii' & lo > 5],8,8,b450c534a36e2e03b49bad2427de6317153e3b71210dce8caab616e43ef64981,14,66cfbf9
deck,S14,M1 G2_A_iii largest boundary pass rate,results/criteria/criteria_g2_type1.csv,max over 16 rows [analysis_model=='M1' & config=='G2_A_iii'] :: pass_pct,17.47,17.47%,b450c534a36e2e03b49bad2427de6317153e3b71210dce8caab616e43ef64981,14,66cfbf9
deck,S14,"M1 AUC0-inf GMR bias against the true ratio, A_iii",results/criteria/criteria_bias.csv,range over 16 rows [analysis_model=='M1' & config=='A_iii'] :: bias_pct,-2.64408522721903; 10.80947372927210,-2.64~10.81%,bc5ff89ec184d87a6cf94f6b56fe05cf2769267911df0b6e6b64f6f5c9660481,14,66cfbf9
deck,S14,M1 A_iii cells with AUC0-inf GMR biased toward 1,results/criteria/criteria_bias.csv,count of rows [analysis_model=='M1' & config=='A_iii' & bias_dir=='toward_1'],11,11,bc5ff89ec184d87a6cf94f6b56fe05cf2769267911df0b6e6b64f6f5c9660481,14,66cfbf9
deck,S14,M1 G2_A_iv cells above 5% (point),results/criteria/criteria_g2_type1.csv,count of rows [analysis_model=='M1' & config=='G2_A_iv' & pass_pct > 5],12,12,b450c534a36e2e03b49bad2427de6317153e3b71210dce8caab616e43ef64981,14,66cfbf9
deck,S14,M0 G2_A_iv cells above 5% (point),results/criteria/criteria_g2_type1.csv,count of rows [analysis_model=='M0' & config=='G2_A_iv' & pass_pct > 5],12,12,b450c534a36e2e03b49bad2427de6317153e3b71210dce8caab616e43ef64981,14,66cfbf9
deck,S14,M1 G2_A_iv cells with Wilson lower bound above 5%,results/criteria/criteria_g2_type1.csv,count of rows [analysis_model=='M1' & config=='G2_A_iv' & lo > 5],11,11,b450c534a36e2e03b49bad2427de6317153e3b71210dce8caab616e43ef64981,14,66cfbf9
deck,S14,M0 G2_A_iv cells with Wilson lower bound above 5%,results/criteria/criteria_g2_type1.csv,count of rows [analysis_model=='M0' & config=='G2_A_iv' & lo > 5],9,9,b450c534a36e2e03b49bad2427de6317153e3b71210dce8caab616e43ef64981,14,66cfbf9
deck,S14,M1 G2_A_iv largest boundary pass rate,results/criteria/criteria_g2_type1.csv,max over 16 rows [analysis_model=='M1' & config=='G2_A_iv'] :: pass_pct,27.19,27.19%,b450c534a36e2e03b49bad2427de6317153e3b71210dce8caab616e43ef64981,14,66cfbf9
deck,S14,"M1 AUC0-inf GMR bias against the true ratio, A_iv",results/criteria/criteria_bias.csv,range over 16 rows [analysis_model=='M1' & config=='A_iv'] :: bias_pct,-8.35656166074632; 10.89366176240210,-8.36~10.89%,bc5ff89ec184d87a6cf94f6b56fe05cf2769267911df0b6e6b64f6f5c9660481,14,66cfbf9
deck,S14,M1 A_iv cells with AUC0-inf GMR biased toward 1,results/criteria/criteria_bias.csv,count of rows [analysis_model=='M1' & config=='A_iv' & bias_dir=='toward_1'],15,15,bc5ff89ec184d87a6cf94f6b56fe05cf2769267911df0b6e6b64f6f5c9660481,14,66cfbf9
deck,S14,M1 G2_B cells above 5% (point),results/criteria/criteria_g2_type1.csv,count of rows [analysis_model=='M1' & config=='G2_B' & pass_pct > 5],10,10,b450c534a36e2e03b49bad2427de6317153e3b71210dce8caab616e43ef64981,14,66cfbf9
deck,S14,M0 G2_B cells above 5% (point),results/criteria/criteria_g2_type1.csv,count of rows [analysis_model=='M0' & config=='G2_B' & pass_pct > 5],8,8,b450c534a36e2e03b49bad2427de6317153e3b71210dce8caab616e43ef64981,14,66cfbf9
deck,S14,M1 G2_B cells with Wilson lower bound above 5%,results/criteria/criteria_g2_type1.csv,count of rows [analysis_model=='M1' & config=='G2_B' & lo > 5],8,8,b450c534a36e2e03b49bad2427de6317153e3b71210dce8caab616e43ef64981,14,66cfbf9
deck,S14,M0 G2_B cells with Wilson lower bound above 5%,results/criteria/criteria_g2_type1.csv,count of rows [analysis_model=='M0' & config=='G2_B' & lo > 5],6,6,b450c534a36e2e03b49bad2427de6317153e3b71210dce8caab616e43ef64981,14,66cfbf9
deck,S14,M1 G2_B largest boundary pass rate,results/criteria/criteria_g2_type1.csv,max over 16 rows [analysis_model=='M1' & config=='G2_B'] :: pass_pct,16.03,16.03%,b450c534a36e2e03b49bad2427de6317153e3b71210dce8caab616e43ef64981,14,66cfbf9
deck,S14,"M1 AUC0-inf GMR bias against the true ratio, B",results/criteria/criteria_bias.csv,range over 16 rows [analysis_model=='M1' & config=='B'] :: bias_pct,-0.867253719828454;  3.827603510176530,-0.87~3.83%,bc5ff89ec184d87a6cf94f6b56fe05cf2769267911df0b6e6b64f6f5c9660481,14,66cfbf9
deck,S14,M1 B cells with AUC0-inf GMR biased toward 1,results/criteria/criteria_bias.csv,count of rows [analysis_model=='M1' & config=='B' & bias_dir=='toward_1'],11,11,bc5ff89ec184d87a6cf94f6b56fe05cf2769267911df0b6e6b64f6f5c9660481,14,66cfbf9
deck,S14,M1 G2_C_i cells above 5% (point),results/criteria/criteria_g2_type1.csv,count of rows [analysis_model=='M1' & config=='G2_C_i' & pass_pct > 5],1,1,b450c534a36e2e03b49bad2427de6317153e3b71210dce8caab616e43ef64981,14,66cfbf9
deck,S14,M0 G2_C_i cells above 5% (point),results/criteria/criteria_g2_type1.csv,count of rows [analysis_model=='M0' & config=='G2_C_i' & pass_pct > 5],0,0,b450c534a36e2e03b49bad2427de6317153e3b71210dce8caab616e43ef64981,14,66cfbf9
deck,S14,M1 G2_C_i cells with Wilson lower bound above 5%,results/criteria/criteria_g2_type1.csv,count of rows [analysis_model=='M1' & config=='G2_C_i' & lo > 5],0,0,b450c534a36e2e03b49bad2427de6317153e3b71210dce8caab616e43ef64981,14,66cfbf9
deck,S14,M0 G2_C_i cells with Wilson lower bound above 5%,results/criteria/criteria_g2_type1.csv,count of rows [analysis_model=='M0' & config=='G2_C_i' & lo > 5],0,0,b450c534a36e2e03b49bad2427de6317153e3b71210dce8caab616e43ef64981,14,66cfbf9
deck,S14,M1 G2_C_i largest boundary pass rate,results/criteria/criteria_g2_type1.csv,max over 16 rows [analysis_model=='M1' & config=='G2_C_i'] :: pass_pct,5.055,5.06%,b450c534a36e2e03b49bad2427de6317153e3b71210dce8caab616e43ef64981,14,66cfbf9
deck,S14,"M1 AUC0-inf GMR bias against the true ratio, C_i",results/criteria/criteria_bias.csv,range over 16 rows [analysis_model=='M1' & config=='C_i'] :: bias_pct,-0.929092320183100;  0.435055991821876,-0.93~0.44%,bc5ff89ec184d87a6cf94f6b56fe05cf2769267911df0b6e6b64f6f5c9660481,14,66cfbf9
deck,S14,M1 C_i cells with AUC0-inf GMR biased toward 1,results/criteria/criteria_bias.csv,count of rows [analysis_model=='M1' & config=='C_i' & bias_dir=='toward_1'],1,1,bc5ff89ec184d87a6cf94f6b56fe05cf2769267911df0b6e6b64f6f5c9660481,14,66cfbf9
deck,S14,M1 rules A and B: largest boundary pass rate,results/criteria/criteria_g2_type1.csv,"max over 80 rows [analysis_model=='M1' & config %in% c('G2_A_i','G2_A_ii','G2_A_iii','G2_A_iv','G2_B')] :: pass_pct",27.44,27.44%,b450c534a36e2e03b49bad2427de6317153e3b71210dce8caab616e43ef64981,14,66cfbf9
deck,S14,"M1 AUC0-last + Cmax, 2020 model V2 up cell",results/oc_models/type1_models.csv,analysis_model=='M1' & config=='P2' & pk_model=='k2020' & scenario=='V2_up_080' :: pass_pct,5.625,5.63%,d6e5c650fb4d6d241a554f896de38205ac2c890bfa442f4f9cb2749c70b5f261,14,66cfbf9
deck,S14,"M1 G2_C_i, 2020 model V2 up cell",results/criteria/criteria_g2_type1.csv,analysis_model=='M1' & pk_model=='k2020' & scenario=='V2_up_080' & config=='G2_C_i' :: pass_pct,5.055,5.06%,b450c534a36e2e03b49bad2427de6317153e3b71210dce8caab616e43ef64981,14,66cfbf9
deck,S14,"M1 G2_C_ii, 2020 model V2 up cell",results/criteria/criteria_g2_type1.csv,analysis_model=='M1' & pk_model=='k2020' & scenario=='V2_up_080' & config=='G2_C_ii' :: pass_pct,5.39,5.39%,b450c534a36e2e03b49bad2427de6317153e3b71210dce8caab616e43ef64981,14,66cfbf9
deck,S14,"M1 G2_C_iii, 2020 model V2 up cell",results/criteria/criteria_g2_type1.csv,analysis_model=='M1' & pk_model=='k2020' & scenario=='V2_up_080' & config=='G2_C_iii' :: pass_pct,5.645,5.65%,b450c534a36e2e03b49bad2427de6317153e3b71210dce8caab616e43ef64981,14,66cfbf9
deck,S14,"M1 G2_C_iv, 2020 model V2 up cell",results/criteria/criteria_g2_type1.csv,analysis_model=='M1' & pk_model=='k2020' & scenario=='V2_up_080' & config=='G2_C_iv' :: pass_pct,6.645,6.65%,b450c534a36e2e03b49bad2427de6317153e3b71210dce8caab616e43ef64981,14,66cfbf9
deck,S14,ka-down boundary cells (M1),results/criteria/criteria_instability.csv,"count of rows [analysis_model=='M1' & grepl('^ka_', scenario)]",2,2,f4bab2830356f6a82612ac7ddb6eb4478ae350b60ab618ff2841b07078260fee,14,66cfbf9
deck,S14,"decision instability in the ka-down cells, M1",results/criteria/criteria_instability.csv,"max over 2 rows [analysis_model=='M1' & grepl('^ka_', scenario)] :: inst_all",0,0%,f4bab2830356f6a82612ac7ddb6eb4478ae350b60ab618ff2841b07078260fee,14,66cfbf9
deck,S14,informative boundary cells (M1),results/criteria/criteria_instability.csv,"count of rows [analysis_model=='M1' & !scenario %in% c('S00','F097') & !grepl('^ka_', scenario)]",14,14,f4bab2830356f6a82612ac7ddb6eb4478ae350b60ab618ff2841b07078260fee,14,66cfbf9
deck,S14,number of AUC0-inf + Cmax variants (rule x criteria set),results/criteria/criteria_g2_type1.csv,analysis_model=='M1' :: count of distinct config,9,9,b450c534a36e2e03b49bad2427de6317153e3b71210dce8caab616e43ef64981,14,66cfbf9
deck,S14,"decision instability inst_all, median over 16 boundary cells, M1",results/criteria/criteria_instability.csv,"analysis_model=='M1' & !scenario in (S00, F097) :: median of inst_all",13.305,13.3%,f4bab2830356f6a82612ac7ddb6eb4478ae350b60ab618ff2841b07078260fee,14,66cfbf9
deck,S14,"decision instability inst_all, median over 14 boundary cells, M1",results/criteria/criteria_instability.csv,"analysis_model=='M1' & !scenario in (S00, F097) & not ka :: median of inst_all",14.025,14.0%,f4bab2830356f6a82612ac7ddb6eb4478ae350b60ab618ff2841b07078260fee,14,66cfbf9
deck,S14,"decision instability inst_all, max over 16 boundary cells, M1",results/criteria/criteria_instability.csv,"analysis_model=='M1' & !scenario in (S00, F097) :: max of inst_all",39.36,39.4%,f4bab2830356f6a82612ac7ddb6eb4478ae350b60ab618ff2841b07078260fee,14,66cfbf9
deck,S14,"decision instability inst_all, median over 16 boundary cells, M0",results/criteria/criteria_instability.csv,"analysis_model=='M0' & !scenario in (S00, F097) :: median of inst_all",12.6,12.6%,f4bab2830356f6a82612ac7ddb6eb4478ae350b60ab618ff2841b07078260fee,14,66cfbf9
deck,S14,"decision instability inst_all, max over 16 boundary cells, M0",results/criteria/criteria_instability.csv,"analysis_model=='M0' & !scenario in (S00, F097) :: max of inst_all",39.63,39.6%,f4bab2830356f6a82612ac7ddb6eb4478ae350b60ab618ff2841b07078260fee,14,66cfbf9
deck,S14,"decision instability inst_sets_C, max over 16 boundary cells, M1",results/criteria/criteria_instability.csv,"analysis_model=='M1' & !scenario in (S00, F097) :: max of inst_sets_C",1.95,2.0%,f4bab2830356f6a82612ac7ddb6eb4478ae350b60ab618ff2841b07078260fee,14,66cfbf9
deck,S14,"decision instability inst_sets_A, median over 16 boundary cells, M1",results/criteria/criteria_instability.csv,"analysis_model=='M1' & !scenario in (S00, F097) :: median of inst_sets_A",12.08,12.1%,f4bab2830356f6a82612ac7ddb6eb4478ae350b60ab618ff2841b07078260fee,14,66cfbf9
deck,S14,"decision instability inst_sets_A, max over 16 boundary cells, M1",results/criteria/criteria_instability.csv,"analysis_model=='M1' & !scenario in (S00, F097) :: max of inst_sets_A",37.02,37.0%,f4bab2830356f6a82612ac7ddb6eb4478ae350b60ab618ff2841b07078260fee,14,66cfbf9
deck,S14,"decision instability inst_sets_C, median over 16 boundary cells, M1",results/criteria/criteria_instability.csv,"analysis_model=='M1' & !scenario in (S00, F097) :: median of inst_sets_C",1.295,1.3%,f4bab2830356f6a82612ac7ddb6eb4478ae350b60ab618ff2841b07078260fee,14,66cfbf9
deck,S14,M1 G2_C_i cells above 5% (point),results/criteria/criteria_g2_type1.csv,count of rows [analysis_model=='M1' & config=='G2_C_i' & pass_pct > 5],1,1,b450c534a36e2e03b49bad2427de6317153e3b71210dce8caab616e43ef64981,14,66cfbf9
deck,S14,M0 G2_C_i cells above 5% (point),results/criteria/criteria_g2_type1.csv,count of rows [analysis_model=='M0' & config=='G2_C_i' & pass_pct > 5],0,0,b450c534a36e2e03b49bad2427de6317153e3b71210dce8caab616e43ef64981,14,66cfbf9
deck,S14,M1 G2_C_i cells with Wilson lower bound above 5%,results/criteria/criteria_g2_type1.csv,count of rows [analysis_model=='M1' & config=='G2_C_i' & lo > 5],0,0,b450c534a36e2e03b49bad2427de6317153e3b71210dce8caab616e43ef64981,14,66cfbf9
deck,S14,M0 G2_C_i cells with Wilson lower bound above 5%,results/criteria/criteria_g2_type1.csv,count of rows [analysis_model=='M0' & config=='G2_C_i' & lo > 5],0,0,b450c534a36e2e03b49bad2427de6317153e3b71210dce8caab616e43ef64981,14,66cfbf9
deck,S14,"M1 AUC0-inf GMR bias against the true ratio, C_i",results/criteria/criteria_bias.csv,range over 16 rows [analysis_model=='M1' & config=='C_i'] :: bias_pct,-0.929092320183100;  0.435055991821876,-0.93~0.44%,bc5ff89ec184d87a6cf94f6b56fe05cf2769267911df0b6e6b64f6f5c9660481,14,66cfbf9
deck,S14,M1 C_i cells with AUC0-inf GMR biased toward 1,results/criteria/criteria_bias.csv,count of rows [analysis_model=='M1' & config=='C_i' & bias_dir=='toward_1'],1,1,bc5ff89ec184d87a6cf94f6b56fe05cf2769267911df0b6e6b64f6f5c9660481,14,66cfbf9
deck,S14,M0 G2_C_i largest boundary pass rate,results/criteria/criteria_g2_type1.csv,max over 16 rows [analysis_model=='M0' & config=='G2_C_i'] :: pass_pct,4.625,4.63%,b450c534a36e2e03b49bad2427de6317153e3b71210dce8caab616e43ef64981,14,66cfbf9
deck,S14,M1 G2_C_ii cells above 5% (point),results/criteria/criteria_g2_type1.csv,count of rows [analysis_model=='M1' & config=='G2_C_ii' & pass_pct > 5],1,1,b450c534a36e2e03b49bad2427de6317153e3b71210dce8caab616e43ef64981,14,66cfbf9
deck,S14,M0 G2_C_ii cells above 5% (point),results/criteria/criteria_g2_type1.csv,count of rows [analysis_model=='M0' & config=='G2_C_ii' & pass_pct > 5],1,1,b450c534a36e2e03b49bad2427de6317153e3b71210dce8caab616e43ef64981,14,66cfbf9
deck,S14,M1 G2_C_ii cells with Wilson lower bound above 5%,results/criteria/criteria_g2_type1.csv,count of rows [analysis_model=='M1' & config=='G2_C_ii' & lo > 5],1,1,b450c534a36e2e03b49bad2427de6317153e3b71210dce8caab616e43ef64981,14,66cfbf9
deck,S14,M0 G2_C_ii cells with Wilson lower bound above 5%,results/criteria/criteria_g2_type1.csv,count of rows [analysis_model=='M0' & config=='G2_C_ii' & lo > 5],0,0,b450c534a36e2e03b49bad2427de6317153e3b71210dce8caab616e43ef64981,14,66cfbf9
deck,S14,"M1 AUC0-inf GMR bias against the true ratio, C_ii",results/criteria/criteria_bias.csv,range over 16 rows [analysis_model=='M1' & config=='C_ii'] :: bias_pct,-1.381946413248520;  0.437209821047002,-1.38~0.44%,bc5ff89ec184d87a6cf94f6b56fe05cf2769267911df0b6e6b64f6f5c9660481,14,66cfbf9
deck,S14,M1 C_ii cells with AUC0-inf GMR biased toward 1,results/criteria/criteria_bias.csv,count of rows [analysis_model=='M1' & config=='C_ii' & bias_dir=='toward_1'],1,1,bc5ff89ec184d87a6cf94f6b56fe05cf2769267911df0b6e6b64f6f5c9660481,14,66cfbf9
deck,S14,M0 G2_C_ii largest boundary pass rate,results/criteria/criteria_g2_type1.csv,max over 16 rows [analysis_model=='M0' & config=='G2_C_ii'] :: pass_pct,5.005,5.01%,b450c534a36e2e03b49bad2427de6317153e3b71210dce8caab616e43ef64981,14,66cfbf9
deck,S14,M1 G2_C_iii cells above 5% (point),results/criteria/criteria_g2_type1.csv,count of rows [analysis_model=='M1' & config=='G2_C_iii' & pass_pct > 5],1,1,b450c534a36e2e03b49bad2427de6317153e3b71210dce8caab616e43ef64981,14,66cfbf9
deck,S14,M0 G2_C_iii cells above 5% (point),results/criteria/criteria_g2_type1.csv,count of rows [analysis_model=='M0' & config=='G2_C_iii' & pass_pct > 5],1,1,b450c534a36e2e03b49bad2427de6317153e3b71210dce8caab616e43ef64981,14,66cfbf9
deck,S14,M1 G2_C_iii cells with Wilson lower bound above 5%,results/criteria/criteria_g2_type1.csv,count of rows [analysis_model=='M1' & config=='G2_C_iii' & lo > 5],1,1,b450c534a36e2e03b49bad2427de6317153e3b71210dce8caab616e43ef64981,14,66cfbf9
deck,S14,M0 G2_C_iii cells with Wilson lower bound above 5%,results/criteria/criteria_g2_type1.csv,count of rows [analysis_model=='M0' & config=='G2_C_iii' & lo > 5],0,0,b450c534a36e2e03b49bad2427de6317153e3b71210dce8caab616e43ef64981,14,66cfbf9
deck,S14,"M1 AUC0-inf GMR bias against the true ratio, C_iii",results/criteria/criteria_bias.csv,range over 16 rows [analysis_model=='M1' & config=='C_iii'] :: bias_pct,-1.127011576901080;  0.493585941008989,-1.13~0.49%,bc5ff89ec184d87a6cf94f6b56fe05cf2769267911df0b6e6b64f6f5c9660481,14,66cfbf9
deck,S14,M1 C_iii cells with AUC0-inf GMR biased toward 1,results/criteria/criteria_bias.csv,count of rows [analysis_model=='M1' & config=='C_iii' & bias_dir=='toward_1'],1,1,bc5ff89ec184d87a6cf94f6b56fe05cf2769267911df0b6e6b64f6f5c9660481,14,66cfbf9
deck,S14,M0 G2_C_iii largest boundary pass rate,results/criteria/criteria_g2_type1.csv,max over 16 rows [analysis_model=='M0' & config=='G2_C_iii'] :: pass_pct,5.205,5.21%,b450c534a36e2e03b49bad2427de6317153e3b71210dce8caab616e43ef64981,14,66cfbf9
deck,S14,M1 G2_C_iv cells above 5% (point),results/criteria/criteria_g2_type1.csv,count of rows [analysis_model=='M1' & config=='G2_C_iv' & pass_pct > 5],1,1,b450c534a36e2e03b49bad2427de6317153e3b71210dce8caab616e43ef64981,14,66cfbf9
deck,S14,M0 G2_C_iv cells above 5% (point),results/criteria/criteria_g2_type1.csv,count of rows [analysis_model=='M0' & config=='G2_C_iv' & pass_pct > 5],1,1,b450c534a36e2e03b49bad2427de6317153e3b71210dce8caab616e43ef64981,14,66cfbf9
deck,S14,M1 G2_C_iv cells with Wilson lower bound above 5%,results/criteria/criteria_g2_type1.csv,count of rows [analysis_model=='M1' & config=='G2_C_iv' & lo > 5],1,1,b450c534a36e2e03b49bad2427de6317153e3b71210dce8caab616e43ef64981,14,66cfbf9
deck,S14,M0 G2_C_iv cells with Wilson lower bound above 5%,results/criteria/criteria_g2_type1.csv,count of rows [analysis_model=='M0' & config=='G2_C_iv' & lo > 5],1,1,b450c534a36e2e03b49bad2427de6317153e3b71210dce8caab616e43ef64981,14,66cfbf9
deck,S14,"M1 AUC0-inf GMR bias against the true ratio, C_iv",results/criteria/criteria_bias.csv,range over 16 rows [analysis_model=='M1' & config=='C_iv'] :: bias_pct,-1.648469309403980;  0.964411334064508,-1.65~0.96%,bc5ff89ec184d87a6cf94f6b56fe05cf2769267911df0b6e6b64f6f5c9660481,14,66cfbf9
deck,S14,M1 C_iv cells with AUC0-inf GMR biased toward 1,results/criteria/criteria_bias.csv,count of rows [analysis_model=='M1' & config=='C_iv' & bias_dir=='toward_1'],1,1,bc5ff89ec184d87a6cf94f6b56fe05cf2769267911df0b6e6b64f6f5c9660481,14,66cfbf9
deck,S14,M0 G2_C_iv largest boundary pass rate,results/criteria/criteria_g2_type1.csv,max over 16 rows [analysis_model=='M0' & config=='G2_C_iv'] :: pass_pct,6.05,6.05%,b450c534a36e2e03b49bad2427de6317153e3b71210dce8caab616e43ef64981,14,66cfbf9
deck,S14,body weight inclusion range (kg),config/trial_design.yaml,weight.inclusion_kg,60; 90,60~90,553eceab74155a3497fef1ab587f3b8d2be1319704e17ae1f0e177601726e84f,14,66cfbf9
deck,S14,evaluable subjects per arm,config/trial_design.yaml,n_per_arm,117,117,553eceab74155a3497fef1ab587f3b8d2be1319704e17ae1f0e177601726e84f,14,66cfbf9
deck,S14,trials per boundary scenario (pre-specified),config/oc_design.yaml,trials.reps_boundary,10000,"10,000",629011b264fbc4c3f03f8a3989bac1f2711d49959f3268f5e8f758c80f93ea0a,14,66cfbf9
deck,S14,"trials, 2020 model V2 up cell",results/criteria/criteria_g2_type1.csv,analysis_model=='M1' & config=='G2_C_ii' & pk_model=='k2020' & scenario=='V2_up_080' :: n_trials,20000,"20,000",b450c534a36e2e03b49bad2427de6317153e3b71210dce8caab616e43ef64981,14,66cfbf9
deck,S14,M1 G2_A_i cells above 5% (point),results/criteria/criteria_g2_type1.csv,count of rows [analysis_model=='M1' & config=='G2_A_i' & pass_pct > 5],10,10,b450c534a36e2e03b49bad2427de6317153e3b71210dce8caab616e43ef64981,14,66cfbf9
deck,S14,M1 G2_A_i cells with Wilson lower bound above 5%,results/criteria/criteria_g2_type1.csv,count of rows [analysis_model=='M1' & config=='G2_A_i' & lo > 5],8,8,b450c534a36e2e03b49bad2427de6317153e3b71210dce8caab616e43ef64981,14,66cfbf9
deck,S14,M1 G2_B cells above 5% (point),results/criteria/criteria_g2_type1.csv,count of rows [analysis_model=='M1' & config=='G2_B' & pass_pct > 5],10,10,b450c534a36e2e03b49bad2427de6317153e3b71210dce8caab616e43ef64981,14,66cfbf9
deck,S14,M1 G2_B cells with Wilson lower bound above 5%,results/criteria/criteria_g2_type1.csv,count of rows [analysis_model=='M1' & config=='G2_B' & lo > 5],8,8,b450c534a36e2e03b49bad2427de6317153e3b71210dce8caab616e43ef64981,14,66cfbf9
deck,S14,M1 G2_C_i cells above 5% (point),results/criteria/criteria_g2_type1.csv,count of rows [analysis_model=='M1' & config=='G2_C_i' & pass_pct > 5],1,1,b450c534a36e2e03b49bad2427de6317153e3b71210dce8caab616e43ef64981,14,66cfbf9
deck,S14,M1 G2_C_i cells with Wilson lower bound above 5%,results/criteria/criteria_g2_type1.csv,count of rows [analysis_model=='M1' & config=='G2_C_i' & lo > 5],0,0,b450c534a36e2e03b49bad2427de6317153e3b71210dce8caab616e43ef64981,14,66cfbf9
deck,S14,"M1 G2_C_i, k2020 V2_up_080",results/criteria/criteria_g2_type1.csv,"analysis_model=='M1' & config=='G2_C_i' & pk_model=='k2020' & scenario=='V2_up_080' :: pass_pct [lo, hi]",5.05500000000000; 4.75991800612279; 5.36734411496046,5.06% (95% CI 4.76~5.37),b450c534a36e2e03b49bad2427de6317153e3b71210dce8caab616e43ef64981,14,66cfbf9
deck,S14,"M1 G2_C_ii, k2020 V2_up_080",results/criteria/criteria_g2_type1.csv,"analysis_model=='M1' & config=='G2_C_ii' & pk_model=='k2020' & scenario=='V2_up_080' :: pass_pct [lo, hi]",5.39000000000000; 5.08551438080929; 5.71161907611637,5.39% (95% CI 5.09~5.71),b450c534a36e2e03b49bad2427de6317153e3b71210dce8caab616e43ef64981,14,66cfbf9
deck,S14,"M1 G2_C_iii, k2020 V2_up_080",results/criteria/criteria_g2_type1.csv,"analysis_model=='M1' & config=='G2_C_iii' & pk_model=='k2020' & scenario=='V2_up_080' :: pass_pct [lo, hi]",5.64500000000000; 5.33358420346469; 5.97345131507236,5.65% (95% CI 5.33~5.97),b450c534a36e2e03b49bad2427de6317153e3b71210dce8caab616e43ef64981,14,66cfbf9
deck,S14,"M1 G2_C_iv, k2020 V2_up_080",results/criteria/criteria_g2_type1.csv,"analysis_model=='M1' & config=='G2_C_iv' & pk_model=='k2020' & scenario=='V2_up_080' :: pass_pct [lo, hi]",6.64500000000000; 6.30807548345250; 6.99857596297233,6.65% (95% CI 6.31~7.00),b450c534a36e2e03b49bad2427de6317153e3b71210dce8caab616e43ef64981,14,66cfbf9
deck,S14,"M1 AUC0-last + Cmax, 2020 model V2 up cell",results/oc_models/type1_models.csv,"analysis_model=='M1' & config=='P2' & pk_model=='k2020' & scenario=='V2_up_080' :: pass_pct [lo, hi]",5.62500000000000; 5.31412097634036; 5.95292222363892,5.63% (95% CI 5.31~5.95),d6e5c650fb4d6d241a554f896de38205ac2c890bfa442f4f9cb2749c70b5f261,14,66cfbf9
deck,S14,"M1 G2_A_ii, k2020 Vmax_down_125",results/criteria/criteria_g2_type1.csv,"analysis_model=='M1' & config=='G2_A_ii' & pk_model=='k2020' & scenario=='Vmax_down_125' :: pass_pct [lo, hi]",27.4400000000000; 26.5742296889373; 28.3230963175476,27.44% (95% CI 26.57~28.32),b450c534a36e2e03b49bad2427de6317153e3b71210dce8caab616e43ef64981,14,66cfbf9
deck,S14,"M1 G2_B, k2016 Vmax_up_080",results/criteria/criteria_g2_type1.csv,"analysis_model=='M1' & config=='G2_B' & pk_model=='k2016' & scenario=='Vmax_up_080' :: pass_pct [lo, hi]",16.0300000000000; 15.3239846369558; 16.7621042123479,16.03% (95% CI 15.32~16.76),b450c534a36e2e03b49bad2427de6317153e3b71210dce8caab616e43ef64981,14,66cfbf9
deck,S14,M0 G2_A_ii largest boundary pass rate,results/criteria/criteria_g2_type1.csv,max over 16 rows [analysis_model=='M0' & config=='G2_A_ii'] :: pass_pct,27.6,27.60%,b450c534a36e2e03b49bad2427de6317153e3b71210dce8caab616e43ef64981,14,66cfbf9
deck,S14,M0 G2_B largest boundary pass rate,results/criteria/criteria_g2_type1.csv,max over 16 rows [analysis_model=='M0' & config=='G2_B'] :: pass_pct,15.06,15.06%,b450c534a36e2e03b49bad2427de6317153e3b71210dce8caab616e43ef64981,14,66cfbf9
deck,S14,boundary true AUC0-inf ratios,config/oc_design.yaml,boundary_targets,0.80; 1.25,"0.80, 1.25",629011b264fbc4c3f03f8a3989bac1f2711d49959f3268f5e8f758c80f93ea0a,14,66cfbf9
deck,S14,lower boundary true AUC0-inf ratio,config/oc_design.yaml,boundary_targets,0.80; 1.25,0.80,629011b264fbc4c3f03f8a3989bac1f2711d49959f3268f5e8f758c80f93ea0a,14,66cfbf9
deck,S14,upper boundary true AUC0-inf ratio,config/oc_design.yaml,boundary_targets,0.80; 1.25,1.25,629011b264fbc4c3f03f8a3989bac1f2711d49959f3268f5e8f758c80f93ea0a,14,66cfbf9
deck,S14,"M1 AUC0-inf GMR bias, A_ii, without ka cells",results/criteria/criteria_bias.csv,"range over 14 rows [analysis_model=='M1' & config=='A_ii' & !grepl('^ka_', scenario)] :: bias_pct",-5.26265822254924;  5.37106922473338,-5.26~5.37%,bc5ff89ec184d87a6cf94f6b56fe05cf2769267911df0b6e6b64f6f5c9660481,14,66cfbf9
deck,S14,"M1 AUC0-inf GMR bias, B, without ka cells",results/criteria/criteria_bias.csv,"range over 14 rows [analysis_model=='M1' & config=='B' & !grepl('^ka_', scenario)] :: bias_pct",-0.867253719828454;  3.270748405448430,-0.87~3.27%,bc5ff89ec184d87a6cf94f6b56fe05cf2769267911df0b6e6b64f6f5c9660481,14,66cfbf9
deck,S14,"M0 AUC0-inf GMR bias, A_ii",results/criteria/criteria_bias.csv,range over 16 rows [analysis_model=='M0' & config=='A_ii'] :: bias_pct,-5.43629087098193;  8.22471733035144,-5.44~8.22%,bc5ff89ec184d87a6cf94f6b56fe05cf2769267911df0b6e6b64f6f5c9660481,14,66cfbf9
deck,S14,"M0 AUC0-inf GMR bias, C_i",results/criteria/criteria_bias.csv,range over 16 rows [analysis_model=='M0' & config=='C_i'] :: bias_pct,-0.929602991976952;  0.434460003179882,-0.93~0.43%,bc5ff89ec184d87a6cf94f6b56fe05cf2769267911df0b6e6b64f6f5c9660481,14,66cfbf9
deck,S14,"decision instability inst_rules_i, median over 16 boundary cells, M1",results/criteria/criteria_instability.csv,"analysis_model=='M1' & !scenario in (S00, F097) :: median of inst_rules_i",4.86,4.9%,f4bab2830356f6a82612ac7ddb6eb4478ae350b60ab618ff2841b07078260fee,14,66cfbf9
deck,S14,"decision instability inst_rules_ii, median over 16 boundary cells, M1",results/criteria/criteria_instability.csv,"analysis_model=='M1' & !scenario in (S00, F097) :: median of inst_rules_ii",6.825,6.8%,f4bab2830356f6a82612ac7ddb6eb4478ae350b60ab618ff2841b07078260fee,14,66cfbf9
deck,S14,"decision instability inst_rules_iii, median over 16 boundary cells, M1",results/criteria/criteria_instability.csv,"analysis_model=='M1' & !scenario in (S00, F097) :: median of inst_rules_iii",6.435,6.4%,f4bab2830356f6a82612ac7ddb6eb4478ae350b60ab618ff2841b07078260fee,14,66cfbf9
deck,S14,"decision instability inst_rules_iv, median over 16 boundary cells, M1",results/criteria/criteria_instability.csv,"analysis_model=='M1' & !scenario in (S00, F097) :: median of inst_rules_iv",8.665,8.7%,f4bab2830356f6a82612ac7ddb6eb4478ae350b60ab618ff2841b07078260fee,14,66cfbf9
deck,S14,"decision instability, identical products, M1, two models",results/criteria/criteria_instability.csv,range over 2 rows [analysis_model=='M1' & scenario=='S00'] :: inst_all,24.57; 45.87,24.6~45.9%,f4bab2830356f6a82612ac7ddb6eb4478ae350b60ab618ff2841b07078260fee,14,66cfbf9
deck,S14,"instability across sets within rule A, identical products, M1",results/criteria/criteria_instability.csv,range over 2 rows [analysis_model=='M1' & scenario=='S00'] :: inst_sets_A,24.35; 45.61,24.4~45.6%,f4bab2830356f6a82612ac7ddb6eb4478ae350b60ab618ff2841b07078260fee,14,66cfbf9
deck,S14,"instability across rules with set (i), identical products, M1",results/criteria/criteria_instability.csv,range over 2 rows [analysis_model=='M1' & scenario=='S00'] :: inst_rules_i,0.42; 0.77,0.4~0.8%,f4bab2830356f6a82612ac7ddb6eb4478ae350b60ab618ff2841b07078260fee,14,66cfbf9
deck,S14,"power, identical products, M1, G2_A_iv, two models",results/criteria/criteria_g2_power.csv,range over 2 rows [scenario=='S00' & analysis_model=='M1' & config=='G2_A_iv'] :: pass_pct,54.87; 76.19,54.9~76.2%,fe9d0c6c7c030f8a06a37c30f672b1aa49da1f1e50d60f7bfbe3142afa31cab5,14,66cfbf9
deck,S15,M1 P2 boundary cells,results/oc_models/type1_models.csv,count of rows [analysis_model=='M1' & config=='P2'],16,16,d6e5c650fb4d6d241a554f896de38205ac2c890bfa442f4f9cb2749c70b5f261,15,66cfbf9
deck,S15,"P2 cells at or below nominal, M1",results/oc_models/type1_models.csv,"analysis_model=='M1' & config=='P2' :: count class in (conservative, nominal)",15,15,d6e5c650fb4d6d241a554f896de38205ac2c890bfa442f4f9cb2749c70b5f261,15,66cfbf9
deck,S15,nominal type I error per one-sided test (%) = (1 - be.ci_level) / 2,config/trial_design.yaml,be.ci_level :: (1 - x) / 2 x 100,5,5%,553eceab74155a3497fef1ab587f3b8d2be1319704e17ae1f0e177601726e84f,15,66cfbf9
deck,S15,M1 P2 cells above 5% (point),results/oc_models/type1_models.csv,count of rows [analysis_model=='M1' & config=='P2' & pass_pct > 5],1,1,d6e5c650fb4d6d241a554f896de38205ac2c890bfa442f4f9cb2749c70b5f261,15,66cfbf9
deck,S15,"M1 AUC0-inf + Cmax, rules A (i), A (ii) and B: cells above 5% (point), range over configurations",results/oc_models/type1_models.csv,"analysis_model=='M1' & config in (G2_Ai, G2_Aii, G2_B) & pass_pct > 5 :: range over configs of row counts",10; 12; 10,10~12,d6e5c650fb4d6d241a554f896de38205ac2c890bfa442f4f9cb2749c70b5f261,15,66cfbf9
deck,S15,figure s15_boundary_by_mechanism,results/oc_models/type1_models.csv,whole object,NA,(figure),d6e5c650fb4d6d241a554f896de38205ac2c890bfa442f4f9cb2749c70b5f261,15,66cfbf9
deck,S15,"M1 P2, 2020 model V2 up cell",results/oc_models/type1_models.csv,"analysis_model=='M1' & config=='P2' & pk_model=='k2020' & scenario=='V2_up_080' :: pass_pct [lo, hi]",5.62500000000000; 5.31412097634036; 5.95292222363892,5.63% (95% CI 5.31~5.95),d6e5c650fb4d6d241a554f896de38205ac2c890bfa442f4f9cb2749c70b5f261,15,66cfbf9
deck,S15,M1 P2 cells classified exceeding,results/oc_models/type1_models.csv,count of rows [analysis_model=='M1' & config=='P2' & class=='exceeding'],1,1,d6e5c650fb4d6d241a554f896de38205ac2c890bfa442f4f9cb2749c70b5f261,15,66cfbf9
deck,S15,"M1 P2, 2020 model V2 up cell",results/oc_models/type1_models.csv,analysis_model=='M1' & config=='P2' & pk_model=='k2020' & scenario=='V2_up_080' :: pass_pct,5.625,5.63%,d6e5c650fb4d6d241a554f896de38205ac2c890bfa442f4f9cb2749c70b5f261,15,66cfbf9
deck,S15,"P2 cells at or below nominal, M0",results/oc_models/type1_models.csv,"analysis_model=='M0' & config=='P2' :: count class in (conservative, nominal)",16,16,d6e5c650fb4d6d241a554f896de38205ac2c890bfa442f4f9cb2749c70b5f261,15,66cfbf9
deck,S15,"M0 P2, 2020 model V2 up cell",results/oc_models/type1_models.csv,analysis_model=='M0' & config=='P2' & pk_model=='k2020' & scenario=='V2_up_080' :: pass_pct,5.18,5.18%,d6e5c650fb4d6d241a554f896de38205ac2c890bfa442f4f9cb2749c70b5f261,15,66cfbf9
deck,S15,M1 G2_Ai cells above 5% (point),results/oc_models/type1_models.csv,count of rows [analysis_model=='M1' & config=='G2_Ai' & pass_pct > 5],10,10,d6e5c650fb4d6d241a554f896de38205ac2c890bfa442f4f9cb2749c70b5f261,15,66cfbf9
deck,S15,M1 G2_Aii cells above 5% (point),results/oc_models/type1_models.csv,count of rows [analysis_model=='M1' & config=='G2_Aii' & pass_pct > 5],12,12,d6e5c650fb4d6d241a554f896de38205ac2c890bfa442f4f9cb2749c70b5f261,15,66cfbf9
deck,S15,M1 G2_B cells above 5% (point),results/oc_models/type1_models.csv,count of rows [analysis_model=='M1' & config=='G2_B' & pass_pct > 5],10,10,d6e5c650fb4d6d241a554f896de38205ac2c890bfa442f4f9cb2749c70b5f261,15,66cfbf9
deck,S15,M1 G2_Ci cells above 5% (point),results/oc_models/type1_models.csv,count of rows [analysis_model=='M1' & config=='G2_Ci' & pass_pct > 5],1,1,d6e5c650fb4d6d241a554f896de38205ac2c890bfa442f4f9cb2749c70b5f261,15,66cfbf9
deck,S15,M1 P2 cells above 5% (point),results/oc_models/type1_models.csv,count of rows [analysis_model=='M1' & config=='P2' & pass_pct > 5],1,1,d6e5c650fb4d6d241a554f896de38205ac2c890bfa442f4f9cb2749c70b5f261,15,66cfbf9
deck,S15,M1 G2_Ai largest boundary pass rate,results/oc_models/type1_models.csv,max over 16 rows [analysis_model=='M1' & config=='G2_Ai'] :: pass_pct,20.27,20.27%,d6e5c650fb4d6d241a554f896de38205ac2c890bfa442f4f9cb2749c70b5f261,15,66cfbf9
deck,S15,M1 G2_Aii largest boundary pass rate,results/oc_models/type1_models.csv,max over 16 rows [analysis_model=='M1' & config=='G2_Aii'] :: pass_pct,27.44,27.44%,d6e5c650fb4d6d241a554f896de38205ac2c890bfa442f4f9cb2749c70b5f261,15,66cfbf9
deck,S15,M1 G2_B largest boundary pass rate,results/oc_models/type1_models.csv,max over 16 rows [analysis_model=='M1' & config=='G2_B'] :: pass_pct,16.03,16.03%,d6e5c650fb4d6d241a554f896de38205ac2c890bfa442f4f9cb2749c70b5f261,15,66cfbf9
deck,S15,M1 G2_Ci largest boundary pass rate,results/oc_models/type1_models.csv,max over 16 rows [analysis_model=='M1' & config=='G2_Ci'] :: pass_pct,5.055,5.06%,d6e5c650fb4d6d241a554f896de38205ac2c890bfa442f4f9cb2749c70b5f261,15,66cfbf9
deck,S15,M1 P2 largest boundary pass rate,results/oc_models/type1_models.csv,max over 16 rows [analysis_model=='M1' & config=='P2'] :: pass_pct,5.625,5.63%,d6e5c650fb4d6d241a554f896de38205ac2c890bfa442f4f9cb2749c70b5f261,15,66cfbf9
deck,S15,M0 G2_Ai cells above 5% (point),results/oc_models/type1_models.csv,count of rows [analysis_model=='M0' & config=='G2_Ai' & pass_pct > 5],8,8,d6e5c650fb4d6d241a554f896de38205ac2c890bfa442f4f9cb2749c70b5f261,15,66cfbf9
deck,S15,M0 G2_Aii cells above 5% (point),results/oc_models/type1_models.csv,count of rows [analysis_model=='M0' & config=='G2_Aii' & pass_pct > 5],12,12,d6e5c650fb4d6d241a554f896de38205ac2c890bfa442f4f9cb2749c70b5f261,15,66cfbf9
deck,S15,M0 G2_B cells above 5% (point),results/oc_models/type1_models.csv,count of rows [analysis_model=='M0' & config=='G2_B' & pass_pct > 5],8,8,d6e5c650fb4d6d241a554f896de38205ac2c890bfa442f4f9cb2749c70b5f261,15,66cfbf9
deck,S15,M0 G2_Ci cells above 5% (point),results/oc_models/type1_models.csv,count of rows [analysis_model=='M0' & config=='G2_Ci' & pass_pct > 5],0,0,d6e5c650fb4d6d241a554f896de38205ac2c890bfa442f4f9cb2749c70b5f261,15,66cfbf9
deck,S15,M0 P2 cells above 5% (point),results/oc_models/type1_models.csv,count of rows [analysis_model=='M0' & config=='P2' & pass_pct > 5],1,1,d6e5c650fb4d6d241a554f896de38205ac2c890bfa442f4f9cb2749c70b5f261,15,66cfbf9
deck,S15,M0 G2_Ai largest boundary pass rate,results/oc_models/type1_models.csv,max over 16 rows [analysis_model=='M0' & config=='G2_Ai'] :: pass_pct,19.91,19.91%,d6e5c650fb4d6d241a554f896de38205ac2c890bfa442f4f9cb2749c70b5f261,15,66cfbf9
deck,S15,M0 G2_Aii largest boundary pass rate,results/oc_models/type1_models.csv,max over 16 rows [analysis_model=='M0' & config=='G2_Aii'] :: pass_pct,27.6,27.60%,d6e5c650fb4d6d241a554f896de38205ac2c890bfa442f4f9cb2749c70b5f261,15,66cfbf9
deck,S15,M0 G2_B largest boundary pass rate,results/oc_models/type1_models.csv,max over 16 rows [analysis_model=='M0' & config=='G2_B'] :: pass_pct,15.06,15.06%,d6e5c650fb4d6d241a554f896de38205ac2c890bfa442f4f9cb2749c70b5f261,15,66cfbf9
deck,S15,M0 G2_Ci largest boundary pass rate,results/oc_models/type1_models.csv,max over 16 rows [analysis_model=='M0' & config=='G2_Ci'] :: pass_pct,4.625,4.63%,d6e5c650fb4d6d241a554f896de38205ac2c890bfa442f4f9cb2749c70b5f261,15,66cfbf9
deck,S15,M0 P2 largest boundary pass rate,results/oc_models/type1_models.csv,max over 16 rows [analysis_model=='M0' & config=='P2'] :: pass_pct,5.18,5.18%,d6e5c650fb4d6d241a554f896de38205ac2c890bfa442f4f9cb2749c70b5f261,15,66cfbf9
deck,S15,"M1 G2_Aii, Vmax cells, range",results/oc_models/type1_models.csv,range over 4 rows [analysis_model=='M1' & config=='G2_Aii' & mechanism=='Vmax'] :: pass_pct,22.52; 27.44,22.52~27.44%,d6e5c650fb4d6d241a554f896de38205ac2c890bfa442f4f9cb2749c70b5f261,15,66cfbf9
deck,S15,"M1 G2_A_iii, 2016 model V2 up cell",results/criteria/criteria_g2_type1.csv,analysis_model=='M1' & config=='G2_A_iii' & pk_model=='k2016' & scenario=='V2_up_080' :: pass_pct,6.22,6.22%,b450c534a36e2e03b49bad2427de6317153e3b71210dce8caab616e43ef64981,15,66cfbf9
deck,S15,"M1 G2_A_iv, 2016 model V2 up cell",results/criteria/criteria_g2_type1.csv,analysis_model=='M1' & config=='G2_A_iv' & pk_model=='k2016' & scenario=='V2_up_080' :: pass_pct,11.16,11.16%,b450c534a36e2e03b49bad2427de6317153e3b71210dce8caab616e43ef64981,15,66cfbf9
deck,S15,boundary true AUC0-inf ratios,config/oc_design.yaml,boundary_targets,0.80; 1.25,"0.80, 1.25",629011b264fbc4c3f03f8a3989bac1f2711d49959f3268f5e8f758c80f93ea0a,15,66cfbf9
deck,S15,"Vmax multiplier, 2016 model, ratio 0.80 cell",results/oc_models/type1_models.csv,analysis_model=='M1' & config=='P2' & pk_model=='k2016' & scenario=='Vmax_up_080' :: multiplier,1.39486202241965,1.39,d6e5c650fb4d6d241a554f896de38205ac2c890bfa442f4f9cb2749c70b5f261,15,66cfbf9
deck,S15,target ratio of the Vmax up cell,results/oc_models/type1_models.csv,analysis_model=='M1' & config=='P2' & pk_model=='k2016' & scenario=='Vmax_up_080' :: target,0.8,0.80,d6e5c650fb4d6d241a554f896de38205ac2c890bfa442f4f9cb2749c70b5f261,15,66cfbf9
deck,S15,boundary cells per PK model,results/oc_models/type1_models.csv,count of rows [analysis_model=='M1' & config=='P2' & pk_model=='k2016'],8,8,d6e5c650fb4d6d241a554f896de38205ac2c890bfa442f4f9cb2749c70b5f261,15,66cfbf9
deck,S15,M1 P2 cells conservative,results/oc_models/type1_models.csv,count of rows [analysis_model=='M1' & config=='P2' & class=='conservative'],15,15,d6e5c650fb4d6d241a554f896de38205ac2c890bfa442f4f9cb2749c70b5f261,15,66cfbf9
deck,S15,M1 P2 cells nominal,results/oc_models/type1_models.csv,count of rows [analysis_model=='M1' & config=='P2' & class=='nominal'],0,0,d6e5c650fb4d6d241a554f896de38205ac2c890bfa442f4f9cb2749c70b5f261,15,66cfbf9
deck,S15,M1 P2 cells exceeding,results/oc_models/type1_models.csv,count of rows [analysis_model=='M1' & config=='P2' & class=='exceeding'],1,1,d6e5c650fb4d6d241a554f896de38205ac2c890bfa442f4f9cb2749c70b5f261,15,66cfbf9
deck,S15,M1 P2 boundary range,results/oc_models/type1_models.csv,range over 16 rows [analysis_model=='M1' & config=='P2'] :: pass_pct,0.000; 5.625,0.00~5.63%,d6e5c650fb4d6d241a554f896de38205ac2c890bfa442f4f9cb2749c70b5f261,15,66cfbf9
deck,S15,"V2 multiplier, 2020 model",results/oc_models/type1_models.csv,analysis_model=='M1' & config=='P2' & pk_model=='k2020' & scenario=='V2_up_080' :: multiplier,2.27730854120339,2.28,d6e5c650fb4d6d241a554f896de38205ac2c890bfa442f4f9cb2749c70b5f261,15,66cfbf9
deck,S15,"true AUC0-inf ratio, 2020 model V2 cell",results/oc_models/type1_models.csv,analysis_model=='M1' & config=='P2' & pk_model=='k2020' & scenario=='V2_up_080' :: auc_ratio,0.79979742585522,0.7998,d6e5c650fb4d6d241a554f896de38205ac2c890bfa442f4f9cb2749c70b5f261,15,66cfbf9
deck,S15,"trials, 2020 model V2 cell",results/oc_models/type1_models.csv,analysis_model=='M1' & config=='P2' & pk_model=='k2020' & scenario=='V2_up_080' :: n_trials,20000,"20,000",d6e5c650fb4d6d241a554f896de38205ac2c890bfa442f4f9cb2749c70b5f261,15,66cfbf9
deck,S15,trials per boundary scenario (pre-specified),config/oc_design.yaml,trials.reps_boundary,10000,"10,000",629011b264fbc4c3f03f8a3989bac1f2711d49959f3268f5e8f758c80f93ea0a,15,66cfbf9
deck,S15,"M1 P2, 2020 model V2 cell, first 10,000 trials",results/oc_models/type1_models.csv,"analysis_model=='M1' & config=='P2' & pk_model=='k2020' & scenario=='V2_up_080' :: pass_pct_10k [lo_10k, hi_10k]",5.74000000000000; 5.30086848721034; 6.21312304856195,5.74% (95% CI 5.30~6.21),d6e5c650fb4d6d241a554f896de38205ac2c890bfa442f4f9cb2749c70b5f261,15,66cfbf9
deck,S15,"V2 multiplier, 2016 model",results/oc_models/type1_models.csv,analysis_model=='M1' & config=='P2' & pk_model=='k2016' & scenario=='V2_up_080' :: multiplier,3.21003979693093,3.21,d6e5c650fb4d6d241a554f896de38205ac2c890bfa442f4f9cb2749c70b5f261,15,66cfbf9
deck,S15,"M1 P2, 2016 model V2 cell",results/oc_models/type1_models.csv,analysis_model=='M1' & config=='P2' & pk_model=='k2016' & scenario=='V2_up_080' :: pass_pct,4.33,4.33%,d6e5c650fb4d6d241a554f896de38205ac2c890bfa442f4f9cb2749c70b5f261,15,66cfbf9
deck,S15,M0 P2 cells conservative,results/oc_models/type1_models.csv,count of rows [analysis_model=='M0' & config=='P2' & class=='conservative'],15,15,d6e5c650fb4d6d241a554f896de38205ac2c890bfa442f4f9cb2749c70b5f261,15,66cfbf9
deck,S15,M0 P2 cells nominal,results/oc_models/type1_models.csv,count of rows [analysis_model=='M0' & config=='P2' & class=='nominal'],1,1,d6e5c650fb4d6d241a554f896de38205ac2c890bfa442f4f9cb2749c70b5f261,15,66cfbf9
deck,S15,"M0 P2, 2020 model V2 cell",results/oc_models/type1_models.csv,"analysis_model=='M0' & config=='P2' & pk_model=='k2020' & scenario=='V2_up_080' :: pass_pct [lo, hi]",5.18000000000000; 4.88136778412433; 5.49584632794489,5.18% (95% CI 4.88~5.50),d6e5c650fb4d6d241a554f896de38205ac2c890bfa442f4f9cb2749c70b5f261,15,66cfbf9
deck,S15,M1 G2_Ci largest,results/oc_models/type1_models.csv,"analysis_model=='M1' & config=='G2_Ci' & pk_model=='k2020' & scenario=='V2_up_080' :: pass_pct [lo, hi]",5.05500000000000; 4.75991800612279; 5.36734411496046,5.06% (95% CI 4.76~5.37),d6e5c650fb4d6d241a554f896de38205ac2c890bfa442f4f9cb2749c70b5f261,15,66cfbf9
deck,S15,M0 G2_Ci largest,results/oc_models/type1_models.csv,"analysis_model=='M0' & config=='G2_Ci' & pk_model=='k2020' & scenario=='V2_up_080' :: pass_pct [lo, hi]",4.62500000000000; 4.34253528496361; 4.92489198712789,4.63% (95% CI 4.34~4.92),d6e5c650fb4d6d241a554f896de38205ac2c890bfa442f4f9cb2749c70b5f261,15,66cfbf9
deck,S15,M1 G2_Cii largest,results/oc_models/type1_models.csv,"analysis_model=='M1' & config=='G2_Cii' & pk_model=='k2020' & scenario=='V2_up_080' :: pass_pct [lo, hi]",5.39000000000000; 5.08551438080929; 5.71161907611637,5.39% (95% CI 5.09~5.71),d6e5c650fb4d6d241a554f896de38205ac2c890bfa442f4f9cb2749c70b5f261,15,66cfbf9
deck,S15,M0 G2_Cii largest,results/oc_models/type1_models.csv,"analysis_model=='M0' & config=='G2_Cii' & pk_model=='k2020' & scenario=='V2_up_080' :: pass_pct [lo, hi]",5.00500000000000; 4.71135239078929; 5.31592893389957,5.01% (95% CI 4.71~5.32),d6e5c650fb4d6d241a554f896de38205ac2c890bfa442f4f9cb2749c70b5f261,15,66cfbf9
deck,S15,"M1 G2_A_iii, 2016 model V2 up cell",results/criteria/criteria_g2_type1.csv,analysis_model=='M1' & config=='G2_A_iii' & pk_model=='k2016' & scenario=='V2_up_080' :: pass_pct,6.22,6.22%,b450c534a36e2e03b49bad2427de6317153e3b71210dce8caab616e43ef64981,15,66cfbf9
deck,S15,"M1 G2_A_iv, 2016 model V2 up cell",results/criteria/criteria_g2_type1.csv,analysis_model=='M1' & config=='G2_A_iv' & pk_model=='k2016' & scenario=='V2_up_080' :: pass_pct,11.16,11.16%,b450c534a36e2e03b49bad2427de6317153e3b71210dce8caab616e43ef64981,15,66cfbf9
deck,S15,"true Cmax ratio, ka-down cells",results/oc_models/type1_models.csv,"range over 2 rows [analysis_model=='M1' & config=='P2' & grepl('^ka_', scenario)] :: cmax_ratio",0.631952944916229; 0.632507704543837,0.632~0.633,d6e5c650fb4d6d241a554f896de38205ac2c890bfa442f4f9cb2749c70b5f261,15,66cfbf9
deck,S15,P2 in the ka-down cells,results/oc_models/type1_models.csv,"max over 2 rows [analysis_model=='M1' & config=='P2' & grepl('^ka_', scenario)] :: pass_pct",0,0%,d6e5c650fb4d6d241a554f896de38205ac2c890bfa442f4f9cb2749c70b5f261,15,66cfbf9
deck,S15,informative boundary cells,results/oc_models/type1_models.csv,"count of rows [analysis_model=='M1' & config=='P2' & !grepl('^ka_', scenario)]",14,14,d6e5c650fb4d6d241a554f896de38205ac2c890bfa442f4f9cb2749c70b5f261,15,66cfbf9
deck,S15,M1 G2_Aii largest,results/oc_models/type1_models.csv,"analysis_model=='M1' & config=='G2_Aii' & pk_model=='k2020' & scenario=='Vmax_down_125' :: pass_pct [lo, hi]",27.4400000000000; 26.5742296889373; 28.3230963175476,27.44% (95% CI 26.57~28.32),d6e5c650fb4d6d241a554f896de38205ac2c890bfa442f4f9cb2749c70b5f261,15,66cfbf9
deck,S15,M1 G2_B largest,results/oc_models/type1_models.csv,"analysis_model=='M1' & config=='G2_B' & pk_model=='k2016' & scenario=='Vmax_up_080' :: pass_pct [lo, hi]",16.0300000000000; 15.3239846369558; 16.7621042123479,16.03% (95% CI 15.32~16.76),d6e5c650fb4d6d241a554f896de38205ac2c890bfa442f4f9cb2749c70b5f261,15,66cfbf9
deck,S15,M0 G2_Aii largest,results/oc_models/type1_models.csv,"analysis_model=='M0' & config=='G2_Aii' & pk_model=='k2020' & scenario=='Vmax_down_125' :: pass_pct [lo, hi]",27.6000000000000; 26.7325907809694; 28.4846123460370,27.60% (95% CI 26.73~28.48),d6e5c650fb4d6d241a554f896de38205ac2c890bfa442f4f9cb2749c70b5f261,15,66cfbf9
deck,S15,M0 G2_B largest,results/oc_models/type1_models.csv,"analysis_model=='M0' & config=='G2_B' & pk_model=='k2016' & scenario=='Vmax_up_080' :: pass_pct [lo, hi]",15.0600000000000; 14.3724252150584; 15.7744085910845,15.06% (95% CI 14.37~15.77),d6e5c650fb4d6d241a554f896de38205ac2c890bfa442f4f9cb2749c70b5f261,15,66cfbf9
deck,S15,M1 G2_Aii cells with lower bound above 5%,results/oc_models/type1_models.csv,count of rows [analysis_model=='M1' & config=='G2_Aii' & lo > 5],12,12,d6e5c650fb4d6d241a554f896de38205ac2c890bfa442f4f9cb2749c70b5f261,15,66cfbf9
deck,S15,M1 G2_Ai cells with lower bound above 5%,results/oc_models/type1_models.csv,count of rows [analysis_model=='M1' & config=='G2_Ai' & lo > 5],8,8,d6e5c650fb4d6d241a554f896de38205ac2c890bfa442f4f9cb2749c70b5f261,15,66cfbf9
deck,S15,M1 G2_B cells with lower bound above 5%,results/oc_models/type1_models.csv,count of rows [analysis_model=='M1' & config=='G2_B' & lo > 5],8,8,d6e5c650fb4d6d241a554f896de38205ac2c890bfa442f4f9cb2749c70b5f261,15,66cfbf9
deck,S15,M0 G2_Aii cells with lower bound above 5%,results/oc_models/type1_models.csv,count of rows [analysis_model=='M0' & config=='G2_Aii' & lo > 5],12,12,d6e5c650fb4d6d241a554f896de38205ac2c890bfa442f4f9cb2749c70b5f261,15,66cfbf9
deck,S15,M0 G2_Ai cells with lower bound above 5%,results/oc_models/type1_models.csv,count of rows [analysis_model=='M0' & config=='G2_Ai' & lo > 5],8,8,d6e5c650fb4d6d241a554f896de38205ac2c890bfa442f4f9cb2749c70b5f261,15,66cfbf9
deck,S15,M0 G2_B cells with lower bound above 5%,results/oc_models/type1_models.csv,count of rows [analysis_model=='M0' & config=='G2_B' & lo > 5],6,6,d6e5c650fb4d6d241a554f896de38205ac2c890bfa442f4f9cb2749c70b5f261,15,66cfbf9
deck,S15,"M0 AUC0-inf + Cmax, rules A (i), A (ii) and B: cells above 5% (point), range over configurations",results/oc_models/type1_models.csv,"analysis_model=='M0' & config in (G2_Ai, G2_Aii, G2_B) & pass_pct > 5 :: range over configs of row counts", 8; 12;  8,8~12,d6e5c650fb4d6d241a554f896de38205ac2c890bfa442f4f9cb2749c70b5f261,15,66cfbf9
deck,S15,M1 unbiased reference (true AUC0-inf) boundary range,results/oc_models/type1_models.csv,range over 16 rows [analysis_model=='M1' & config=='AUCinf_true_only'] :: pass_pct,4.53; 5.83,4.53~5.83%,d6e5c650fb4d6d241a554f896de38205ac2c890bfa442f4f9cb2749c70b5f261,15,66cfbf9
deck,S15,SD/SE AUCinf_true M0,results/oc_models/sd_se_models.csv,"range over 16 rows [endpoint=='AUCinf_true' & analysis_model=='M0' & !scenario %in% c('S00','F097')] :: sd_se_ratio",0.960904694847028; 0.993484190924169,0.961~0.993,d78065adf953809467648b9aedda6b8cb346007f065d1ac3c40a9677083121cc,15,66cfbf9
deck,S15,SD/SE AUCinf_true M1,results/oc_models/sd_se_models.csv,"range over 16 rows [endpoint=='AUCinf_true' & analysis_model=='M1' & !scenario %in% c('S00','F097')] :: sd_se_ratio",0.991270619596083; 1.020344572967900,0.991~1.020,d78065adf953809467648b9aedda6b8cb346007f065d1ac3c40a9677083121cc,15,66cfbf9
deck,S15,P2 paired change M1 minus M0 (points),results/oc_models/type1_paired_change.csv,range over 16 rows [config=='P2' & comparison=='M1 minus M0'] :: diff_pp,0.000; 0.445,0.00~0.45,478d0b4592760bd3ab64736acefaf08cd1e6d7a9ee7cb1edc7d9d21b25fa281a,15,66cfbf9
deck,S15,"V2 cells with AUC0-inf GMR bias away from 1, rules A (i), A (ii) and B, M1",results/criteria/criteria_bias.csv,"count of rows [analysis_model=='M1' & config %in% c('A_i','A_ii','B') & scenario=='V2_up_080' & bias_dir=='away_from_1']",6,6,bc5ff89ec184d87a6cf94f6b56fe05cf2769267911df0b6e6b64f6f5c9660481,15,66cfbf9
deck,S16,"window coverage, median, two models",results/trialpop/tp_coverage_individual.csv,range over 2 rows [metric=='window coverage (true AUC0-tlast / true AUC0-inf)'] :: median x 100,99.3479499465381; 99.3596498487100,99.3~99.4%,beb14fd4f7176e6f2ef9052b677f4abdb908dd5be2e4a19aacbf68c1122be409,16,66cfbf9
deck,S16,"window coverage, smallest subject over both models",results/trialpop/tp_coverage_individual.csv,min over 2 rows [metric=='window coverage (true AUC0-tlast / true AUC0-inf)'] :: min,84.3159734852213,84.3%,beb14fd4f7176e6f2ef9052b677f4abdb908dd5be2e4a19aacbf68c1122be409,16,66cfbf9
deck,S16,window coverage threshold in column name coverage_lt80_pct_ci (percent),results/rationale/pillar1_coverage_B0.csv,column name coverage_lt80_pct_ci,80,80,f5bd530b5e2198d6fc9ae9dcf29e9fda50cb699af423210a732c31d1ccf6cbb6,16,66cfbf9
deck,S16,figure s16_window_coverage_hist,results/deck_inputs/coverage_hist.csv,whole object,NA,(figure),ce39a00391cff436f907f950472c7780d45e127f25ab5bb3b0f82026f8dd9974,16,66cfbf9
deck,S16,"window coverage, median, k2016",results/trialpop/tp_coverage_individual.csv,metric=='window coverage (true AUC0-tlast / true AUC0-inf)' & pk_model=='k2016' :: median x 100,99.3479499465381,99.3%,beb14fd4f7176e6f2ef9052b677f4abdb908dd5be2e4a19aacbf68c1122be409,16,66cfbf9
deck,S16,"window coverage, median, k2020",results/trialpop/tp_coverage_individual.csv,metric=='window coverage (true AUC0-tlast / true AUC0-inf)' & pk_model=='k2020' :: median x 100,99.35964984871,99.4%,beb14fd4f7176e6f2ef9052b677f4abdb908dd5be2e4a19aacbf68c1122be409,16,66cfbf9
deck,S16,"window coverage, p05, k2016",results/trialpop/tp_coverage_individual.csv,metric=='window coverage (true AUC0-tlast / true AUC0-inf)' & pk_model=='k2016' :: p05 x 100,96.3673434596318,96.4%,beb14fd4f7176e6f2ef9052b677f4abdb908dd5be2e4a19aacbf68c1122be409,16,66cfbf9
deck,S16,"window coverage, p05, k2020",results/trialpop/tp_coverage_individual.csv,metric=='window coverage (true AUC0-tlast / true AUC0-inf)' & pk_model=='k2020' :: p05 x 100,96.4604403843398,96.5%,beb14fd4f7176e6f2ef9052b677f4abdb908dd5be2e4a19aacbf68c1122be409,16,66cfbf9
deck,S16,"window coverage, p95, k2016",results/trialpop/tp_coverage_individual.csv,metric=='window coverage (true AUC0-tlast / true AUC0-inf)' & pk_model=='k2016' :: p95 x 100,99.9845954620805,100.0%,beb14fd4f7176e6f2ef9052b677f4abdb908dd5be2e4a19aacbf68c1122be409,16,66cfbf9
deck,S16,"window coverage, p95, k2020",results/trialpop/tp_coverage_individual.csv,metric=='window coverage (true AUC0-tlast / true AUC0-inf)' & pk_model=='k2020' :: p95 x 100,99.9882437862002,100.0%,beb14fd4f7176e6f2ef9052b677f4abdb908dd5be2e4a19aacbf68c1122be409,16,66cfbf9
deck,S16,"window coverage, min, k2016",results/trialpop/tp_coverage_individual.csv,metric=='window coverage (true AUC0-tlast / true AUC0-inf)' & pk_model=='k2016' :: min x 100,84.7764361879052,84.8%,beb14fd4f7176e6f2ef9052b677f4abdb908dd5be2e4a19aacbf68c1122be409,16,66cfbf9
deck,S16,"window coverage, min, k2020",results/trialpop/tp_coverage_individual.csv,metric=='window coverage (true AUC0-tlast / true AUC0-inf)' & pk_model=='k2020' :: min x 100,84.3159734852213,84.3%,beb14fd4f7176e6f2ef9052b677f4abdb908dd5be2e4a19aacbf68c1122be409,16,66cfbf9
deck,S16,"subjects with window coverage below 80 percent, k2016",results/trialpop/tp_coverage_individual.csv,"metric=='window coverage ...' & pk_model=='k2016' :: min = 0.8478 >= 0.80, so the count below 0.80 is 0",0,0,beb14fd4f7176e6f2ef9052b677f4abdb908dd5be2e4a19aacbf68c1122be409,16,66cfbf9
deck,S16,"share of subjects with window coverage below 80 percent, Wilson 95% CI, k2016",results/rationale/pillar1_coverage_B0.csv,model=='k2016' & group=='all' :: coverage_lt80_pct_ci (interval),"0.00 [0.00, 0.02]",0.00~0.02%,f5bd530b5e2198d6fc9ae9dcf29e9fda50cb699af423210a732c31d1ccf6cbb6,16,66cfbf9
deck,S16,"subjects with window coverage below 80 percent, k2020",results/trialpop/tp_coverage_individual.csv,"metric=='window coverage ...' & pk_model=='k2020' :: min = 0.8432 >= 0.80, so the count below 0.80 is 0",0,0,beb14fd4f7176e6f2ef9052b677f4abdb908dd5be2e4a19aacbf68c1122be409,16,66cfbf9
deck,S16,"share of subjects with window coverage below 80 percent, Wilson 95% CI, k2020",results/rationale/pillar1_coverage_B0.csv,model=='k2020' & group=='all' :: coverage_lt80_pct_ci (interval),"0.00 [0.00, 0.02]",0.00~0.02%,f5bd530b5e2198d6fc9ae9dcf29e9fda50cb699af423210a732c31d1ccf6cbb6,16,66cfbf9
deck,S16,"observed-to-true, AUClast (lambda-z estimable), median, k2016",results/trialpop/tp_coverage_individual.csv,"metric=='observed-to-true, AUClast (lambda-z estimable)' & pk_model=='k2016' :: median",0.962594195289511,0.963,beb14fd4f7176e6f2ef9052b677f4abdb908dd5be2e4a19aacbf68c1122be409,16,66cfbf9
deck,S16,"observed-to-true, AUClast (lambda-z estimable), median, k2020",results/trialpop/tp_coverage_individual.csv,"metric=='observed-to-true, AUClast (lambda-z estimable)' & pk_model=='k2020' :: median",0.967489086635127,0.967,beb14fd4f7176e6f2ef9052b677f4abdb908dd5be2e4a19aacbf68c1122be409,16,66cfbf9
deck,S16,"observed-to-true, AUCinf rule B (lambda-z estimable), median, k2016",results/trialpop/tp_coverage_individual.csv,"metric=='observed-to-true, AUCinf rule B (lambda-z estimable)' & pk_model=='k2016' :: median",1.00264271686304,1.003,beb14fd4f7176e6f2ef9052b677f4abdb908dd5be2e4a19aacbf68c1122be409,16,66cfbf9
deck,S16,"observed-to-true, AUCinf rule B (lambda-z estimable), median, k2020",results/trialpop/tp_coverage_individual.csv,"metric=='observed-to-true, AUCinf rule B (lambda-z estimable)' & pk_model=='k2020' :: median",1.00747853586263,1.007,beb14fd4f7176e6f2ef9052b677f4abdb908dd5be2e4a19aacbf68c1122be409,16,66cfbf9
deck,S16,"observed-to-true, AUClast (meeting set (i)), median, k2016",results/trialpop/tp_coverage_individual.csv,"metric=='observed-to-true, AUClast (meeting set (i))' & pk_model=='k2016' :: median",0.966684264536165,0.967,beb14fd4f7176e6f2ef9052b677f4abdb908dd5be2e4a19aacbf68c1122be409,16,66cfbf9
deck,S16,"observed-to-true, AUClast (meeting set (i)), median, k2020",results/trialpop/tp_coverage_individual.csv,"metric=='observed-to-true, AUClast (meeting set (i))' & pk_model=='k2020' :: median",0.96849917871036,0.968,beb14fd4f7176e6f2ef9052b677f4abdb908dd5be2e4a19aacbf68c1122be409,16,66cfbf9
deck,S16,"observed-to-true, AUCinf rule A (meeting set (i)), median, k2016",results/trialpop/tp_coverage_individual.csv,"metric=='observed-to-true, AUCinf rule A (meeting set (i))' & pk_model=='k2016' :: median",1.00497588075914,1.005,beb14fd4f7176e6f2ef9052b677f4abdb908dd5be2e4a19aacbf68c1122be409,16,66cfbf9
deck,S16,"observed-to-true, AUCinf rule A (meeting set (i)), median, k2020",results/trialpop/tp_coverage_individual.csv,"metric=='observed-to-true, AUCinf rule A (meeting set (i))' & pk_model=='k2020' :: median",1.0087454261174,1.009,beb14fd4f7176e6f2ef9052b677f4abdb908dd5be2e4a19aacbf68c1122be409,16,66cfbf9
deck,S16,"observed-to-true, AUClast (lambda-z estimable), max, k2016",results/trialpop/tp_coverage_individual.csv,"metric=='observed-to-true, AUClast (lambda-z estimable)' & pk_model=='k2016' :: max",1.31624325543441,1.32,beb14fd4f7176e6f2ef9052b677f4abdb908dd5be2e4a19aacbf68c1122be409,16,66cfbf9
deck,S16,"observed-to-true, AUClast (lambda-z estimable), max, k2020",results/trialpop/tp_coverage_individual.csv,"metric=='observed-to-true, AUClast (lambda-z estimable)' & pk_model=='k2020' :: max",1.18549006715124,1.19,beb14fd4f7176e6f2ef9052b677f4abdb908dd5be2e4a19aacbf68c1122be409,16,66cfbf9
deck,S16,"observed-to-true, AUCinf rule B (lambda-z estimable), max, k2016",results/trialpop/tp_coverage_individual.csv,"metric=='observed-to-true, AUCinf rule B (lambda-z estimable)' & pk_model=='k2016' :: max",5.28060652812461,5.28,beb14fd4f7176e6f2ef9052b677f4abdb908dd5be2e4a19aacbf68c1122be409,16,66cfbf9
deck,S16,"observed-to-true, AUCinf rule B (lambda-z estimable), max, k2020",results/trialpop/tp_coverage_individual.csv,"metric=='observed-to-true, AUCinf rule B (lambda-z estimable)' & pk_model=='k2020' :: max",1.8655316816009,1.87,beb14fd4f7176e6f2ef9052b677f4abdb908dd5be2e4a19aacbf68c1122be409,16,66cfbf9
deck,S16,"observed-to-true, AUClast (meeting set (i)), max, k2016",results/trialpop/tp_coverage_individual.csv,"metric=='observed-to-true, AUClast (meeting set (i))' & pk_model=='k2016' :: max",1.31624325543441,1.32,beb14fd4f7176e6f2ef9052b677f4abdb908dd5be2e4a19aacbf68c1122be409,16,66cfbf9
deck,S16,"observed-to-true, AUClast (meeting set (i)), max, k2020",results/trialpop/tp_coverage_individual.csv,"metric=='observed-to-true, AUClast (meeting set (i))' & pk_model=='k2020' :: max",1.18549006715124,1.19,beb14fd4f7176e6f2ef9052b677f4abdb908dd5be2e4a19aacbf68c1122be409,16,66cfbf9
deck,S16,"observed-to-true, AUCinf rule A (meeting set (i)), max, k2016",results/trialpop/tp_coverage_individual.csv,"metric=='observed-to-true, AUCinf rule A (meeting set (i))' & pk_model=='k2016' :: max",1.40055794172566,1.40,beb14fd4f7176e6f2ef9052b677f4abdb908dd5be2e4a19aacbf68c1122be409,16,66cfbf9
deck,S16,"observed-to-true, AUCinf rule A (meeting set (i)), max, k2020",results/trialpop/tp_coverage_individual.csv,"metric=='observed-to-true, AUCinf rule A (meeting set (i))' & pk_model=='k2020' :: max",1.28796663053548,1.29,beb14fd4f7176e6f2ef9052b677f4abdb908dd5be2e4a19aacbf68c1122be409,16,66cfbf9
deck,S16,figure s16_observed_to_true_hist,results/deck_inputs/coverage_hist.csv,whole object,NA,(figure),ce39a00391cff436f907f950472c7780d45e127f25ab5bb3b0f82026f8dd9974,16,66cfbf9
deck,S16,"largest observed-to-true NCA AUC0-inf ratio over the other table combinations (2020 model rule B, rule A set (i) both models)",results/trialpop/tp_coverage_individual.csv,"max over 3 rows [(metric=='observed-to-true, AUCinf rule B (lambda-z estimable)' & pk_model=='k2020') | metric=='observed-to-true, AUCinf rule A (meeting set (i))'] :: max",1.8655316816009,1.87,beb14fd4f7176e6f2ef9052b677f4abdb908dd5be2e4a19aacbf68c1122be409,16,66cfbf9
deck,S16,"observed-to-true, AUCinf rule B (lambda-z estimable), max, k2016",results/trialpop/tp_coverage_individual.csv,"metric=='observed-to-true, AUCinf rule B (lambda-z estimable)' & pk_model=='k2016' :: max",5.28060652812461,5.28,beb14fd4f7176e6f2ef9052b677f4abdb908dd5be2e4a19aacbf68c1122be409,16,66cfbf9
deck,S16,"subjects per model, trial population B0",results/trialpop/tp_coverage_individual.csv,metric=='window coverage (true AUC0-tlast / true AUC0-inf)' & pk_model=='k2016' :: n,20000,"20,000",beb14fd4f7176e6f2ef9052b677f4abdb908dd5be2e4a19aacbf68c1122be409,16,66cfbf9
deck,S16,body weight inclusion range (kg),config/trial_design.yaml,weight.inclusion_kg,60; 90,60~90,553eceab74155a3497fef1ab587f3b8d2be1319704e17ae1f0e177601726e84f,16,66cfbf9
deck,S16,dose (mg),config/trial_design.yaml,dose_mg,300,300,553eceab74155a3497fef1ab587f3b8d2be1319704e17ae1f0e177601726e84f,16,66cfbf9
deck,S16,"window coverage, p95 (upper tail), k2016",results/trialpop/tp_coverage_individual.csv,metric=='window coverage (true AUC0-tlast / true AUC0-inf)' & pk_model=='k2016' :: p95,0.999845954620805,1.000,beb14fd4f7176e6f2ef9052b677f4abdb908dd5be2e4a19aacbf68c1122be409,16,66cfbf9
deck,S16,"window coverage, p95 (upper tail), k2020",results/trialpop/tp_coverage_individual.csv,metric=='window coverage (true AUC0-tlast / true AUC0-inf)' & pk_model=='k2020' :: p95,0.999882437862002,1.000,beb14fd4f7176e6f2ef9052b677f4abdb908dd5be2e4a19aacbf68c1122be409,16,66cfbf9
deck,S16,"true extrapolation, 95th percentile, k2016",results/rationale/pillar1_coverage_B0.csv,model=='k2016' & group=='all' :: extrap_true_p95,3.6326565403682,3.63%,f5bd530b5e2198d6fc9ae9dcf29e9fda50cb699af423210a732c31d1ccf6cbb6,16,66cfbf9
deck,S16,"true extrapolation, 95th percentile, k2020",results/rationale/pillar1_coverage_B0.csv,model=='k2020' & group=='all' :: extrap_true_p95,3.53955961566025,3.54%,f5bd530b5e2198d6fc9ae9dcf29e9fda50cb699af423210a732c31d1ccf6cbb6,16,66cfbf9
deck,S16,"true extrapolation, median, k2016",results/rationale/pillar1_coverage_B0.csv,model=='k2016' & group=='all' :: extrap_true_median,0.652050053461906,0.65%,f5bd530b5e2198d6fc9ae9dcf29e9fda50cb699af423210a732c31d1ccf6cbb6,16,66cfbf9
deck,S16,"true extrapolation, median, k2020",results/rationale/pillar1_coverage_B0.csv,model=='k2020' & group=='all' :: extrap_true_median,0.640350151289987,0.64%,f5bd530b5e2198d6fc9ae9dcf29e9fda50cb699af423210a732c31d1ccf6cbb6,16,66cfbf9
deck,S16,"lambda-z estimable subjects, k2016",results/trialpop/tp_coverage_individual.csv,"metric=='observed-to-true, AUCinf rule B (lambda-z estimable)' & pk_model=='k2016' :: n",19708,"19,708",beb14fd4f7176e6f2ef9052b677f4abdb908dd5be2e4a19aacbf68c1122be409,16,66cfbf9
deck,S16,"lambda-z estimable subjects, k2020",results/trialpop/tp_coverage_individual.csv,"metric=='observed-to-true, AUCinf rule B (lambda-z estimable)' & pk_model=='k2020' :: n",19877,"19,877",beb14fd4f7176e6f2ef9052b677f4abdb908dd5be2e4a19aacbf68c1122be409,16,66cfbf9
deck,S16,"subjects meeting set (i), k2016",results/trialpop/tp_coverage_individual.csv,"metric=='observed-to-true, AUCinf rule A (meeting set (i))' & pk_model=='k2016' :: n",17313,"17,313",beb14fd4f7176e6f2ef9052b677f4abdb908dd5be2e4a19aacbf68c1122be409,16,66cfbf9
deck,S16,"subjects meeting set (i), k2020",results/trialpop/tp_coverage_individual.csv,"metric=='observed-to-true, AUCinf rule A (meeting set (i))' & pk_model=='k2020' :: n",18367,"18,367",beb14fd4f7176e6f2ef9052b677f4abdb908dd5be2e4a19aacbf68c1122be409,16,66cfbf9
deck,S16,"observed-to-true, AUClast (lambda-z estimable), sd_log, k2016",results/trialpop/tp_coverage_individual.csv,"metric=='observed-to-true, AUClast (lambda-z estimable)' & pk_model=='k2016' :: sd_log",0.0956950762066282,0.096,beb14fd4f7176e6f2ef9052b677f4abdb908dd5be2e4a19aacbf68c1122be409,16,66cfbf9
deck,S16,"observed-to-true, AUCinf rule B (lambda-z estimable), sd_log, k2016",results/trialpop/tp_coverage_individual.csv,"metric=='observed-to-true, AUCinf rule B (lambda-z estimable)' & pk_model=='k2016' :: sd_log",0.100595530984979,0.101,beb14fd4f7176e6f2ef9052b677f4abdb908dd5be2e4a19aacbf68c1122be409,16,66cfbf9
deck,S16,"observed-to-true, AUClast (lambda-z estimable), sd_log, k2020",results/trialpop/tp_coverage_individual.csv,"metric=='observed-to-true, AUClast (lambda-z estimable)' & pk_model=='k2020' :: sd_log",0.0581798975395449,0.058,beb14fd4f7176e6f2ef9052b677f4abdb908dd5be2e4a19aacbf68c1122be409,16,66cfbf9
deck,S16,"observed-to-true, AUCinf rule B (lambda-z estimable), sd_log, k2020",results/trialpop/tp_coverage_individual.csv,"metric=='observed-to-true, AUCinf rule B (lambda-z estimable)' & pk_model=='k2020' :: sd_log",0.0634223882496898,0.063,beb14fd4f7176e6f2ef9052b677f4abdb908dd5be2e4a19aacbf68c1122be409,16,66cfbf9
deck,S16,"observed-to-true, AUClast (meeting set (i)), sd_log, k2016",results/trialpop/tp_coverage_individual.csv,"metric=='observed-to-true, AUClast (meeting set (i))' & pk_model=='k2016' :: sd_log",0.0935014057383923,0.094,beb14fd4f7176e6f2ef9052b677f4abdb908dd5be2e4a19aacbf68c1122be409,16,66cfbf9
deck,S16,"observed-to-true, AUCinf rule A (meeting set (i)), sd_log, k2016",results/trialpop/tp_coverage_individual.csv,"metric=='observed-to-true, AUCinf rule A (meeting set (i))' & pk_model=='k2016' :: sd_log",0.0938259669825649,0.094,beb14fd4f7176e6f2ef9052b677f4abdb908dd5be2e4a19aacbf68c1122be409,16,66cfbf9
deck,S16,"observed-to-true, AUClast (all subjects), min, k2016",results/trialpop/tp_coverage_individual.csv,"metric=='observed-to-true, AUClast (all subjects)' & pk_model=='k2016' :: min",0.597621041503927,0.598,beb14fd4f7176e6f2ef9052b677f4abdb908dd5be2e4a19aacbf68c1122be409,16,66cfbf9
deck,S16,"observed-to-true, AUClast (all subjects), min, k2020",results/trialpop/tp_coverage_individual.csv,"metric=='observed-to-true, AUClast (all subjects)' & pk_model=='k2020' :: min",0.741565754213867,0.742,beb14fd4f7176e6f2ef9052b677f4abdb908dd5be2e4a19aacbf68c1122be409,16,66cfbf9
deck,S16,"extrapolation factor AUCinf/AUClast, max, k2016",results/trialpop/tp_coverage_individual.csv,metric=='extrapolation factor AUCinf / AUClast (lambda-z estimable)' & pk_model=='k2016' :: max,7.19232205155715,7.19,beb14fd4f7176e6f2ef9052b677f4abdb908dd5be2e4a19aacbf68c1122be409,16,66cfbf9
deck,S16,"extrapolation factor AUCinf/AUClast, max, k2020",results/trialpop/tp_coverage_individual.csv,metric=='extrapolation factor AUCinf / AUClast (lambda-z estimable)' & pk_model=='k2020' :: max,2.31467536109289,2.31,beb14fd4f7176e6f2ef9052b677f4abdb908dd5be2e4a19aacbf68c1122be409,16,66cfbf9
deck,S16,criteria set (i) adj_r2_min,config/prereg_20260926.yaml,section4.criteria_sets.i.adj_r2_min,0.8,0.80,dc2c9f1bd4d62e13ad9f5f551dcf97eb7ee1359ba13aaa3af8efc063dfc6303e,16,66cfbf9
deck,S16,criteria set (i) extrap_max_pct,config/prereg_20260926.yaml,section4.criteria_sets.i.extrap_max_pct,20,20,dc2c9f1bd4d62e13ad9f5f551dcf97eb7ee1359ba13aaa3af8efc063dfc6303e,16,66cfbf9
deck,S16,"observed-to-true, AUCinf rule B (lambda-z estimable), max, k2016",results/trialpop/tp_coverage_individual.csv,"metric=='observed-to-true, AUCinf rule B (lambda-z estimable)' & pk_model=='k2016' :: max",5.28060652812461,5.28,beb14fd4f7176e6f2ef9052b677f4abdb908dd5be2e4a19aacbf68c1122be409,16,66cfbf9
deck,S16,"observed-to-true, AUCinf rule B (lambda-z estimable), max, k2020",results/trialpop/tp_coverage_individual.csv,"metric=='observed-to-true, AUCinf rule B (lambda-z estimable)' & pk_model=='k2020' :: max",1.8655316816009,1.87,beb14fd4f7176e6f2ef9052b677f4abdb908dd5be2e4a19aacbf68c1122be409,16,66cfbf9
deck,S16,"observed-to-true, AUCinf rule A (meeting set (i)), max, k2016",results/trialpop/tp_coverage_individual.csv,"metric=='observed-to-true, AUCinf rule A (meeting set (i))' & pk_model=='k2016' :: max",1.40055794172566,1.40,beb14fd4f7176e6f2ef9052b677f4abdb908dd5be2e4a19aacbf68c1122be409,16,66cfbf9
deck,S16,"observed-to-true, AUCinf rule A (meeting set (i)), max, k2020",results/trialpop/tp_coverage_individual.csv,"metric=='observed-to-true, AUCinf rule A (meeting set (i))' & pk_model=='k2020' :: max",1.28796663053548,1.29,beb14fd4f7176e6f2ef9052b677f4abdb908dd5be2e4a19aacbf68c1122be409,16,66cfbf9
deck,S16,lower edge of the open histogram bin of the observed-to-true ratio,results/deck_inputs/coverage_hist.csv,max(bin_lo) of metric aucinf_B,1.5,1.5,ce39a00391cff436f907f950472c7780d45e127f25ab5bb3b0f82026f8dd9974,16,66cfbf9
deck,S16,"subjects in the open bin, rule B, k2016",results/deck_inputs/coverage_hist.csv,pk_model=='k2016' & metric=='aucinf_B' & bin_lo >= 1.5 :: n,20,20,ce39a00391cff436f907f950472c7780d45e127f25ab5bb3b0f82026f8dd9974,16,66cfbf9
deck,S16,"subjects in the open bin, rule B, k2020",results/deck_inputs/coverage_hist.csv,pk_model=='k2020' & metric=='aucinf_B' & bin_lo >= 1.5 :: n,1,1,ce39a00391cff436f907f950472c7780d45e127f25ab5bb3b0f82026f8dd9974,16,66cfbf9
deck,S17,lower equivalence limit,config/trial_design.yaml,be.limits,0.80; 1.25,0.80,553eceab74155a3497fef1ab587f3b8d2be1319704e17ae1f0e177601726e84f,17,66cfbf9
deck,S17,upper equivalence limit,config/trial_design.yaml,be.limits,0.80; 1.25,1.25,553eceab74155a3497fef1ab587f3b8d2be1319704e17ae1f0e177601726e84f,17,66cfbf9
deck,S17,"boundary cells (both models), M1",results/oc_models/sd_se_models.csv,"count of rows [analysis_model=='M1' & endpoint=='AUClast' & !scenario %in% c('S00','F097')]",16,16,d78065adf953809467648b9aedda6b8cb346007f065d1ac3c40a9677083121cc,17,66cfbf9
deck,S17,"AUC0-last: largest absolute bias of the geometric mean trial GMR vs the true AUC0-inf ratio, 16 boundary cells, M1",results/oc_models/sd_se_models.csv,"max(abs(bias_pct)) over 16 rows [analysis_model=='M1' & endpoint=='AUClast' & !scenario %in% c('S00','F097')]",1.50143586231762,1.50%,d78065adf953809467648b9aedda6b8cb346007f065d1ac3c40a9677083121cc,17,66cfbf9
deck,S17,"NCA AUC0-inf rules A (i), A (ii), B: largest absolute bias, 16 boundary cells, M1",results/oc_models/sd_se_models.csv,"max(abs(bias_pct)) over 48 rows [analysis_model=='M1' & endpoint %in% c('AUCinf_Ai','AUCinf_A','AUCinf_B') & !scenario %in% c('S00','F097')]",8.082108655127,8.08%,d78065adf953809467648b9aedda6b8cb346007f065d1ac3c40a9677083121cc,17,66cfbf9
deck,S17,"NCA AUC0-inf rule A criteria sets (iii) and (iv): largest absolute bias, 16 boundary cells, M1",results/criteria/criteria_bias.csv,"max(abs(bias_pct)) over 32 rows [analysis_model=='M1' & config %in% c('A_iii','A_iv')]",10.8936617624021,10.89%,bc5ff89ec184d87a6cf94f6b56fe05cf2769267911df0b6e6b64f6f5c9660481,17,66cfbf9
deck,S17,figure s17_bias_strip,results/oc_models/sd_se_models.csv,whole object,NA,(figure),d78065adf953809467648b9aedda6b8cb346007f065d1ac3c40a9677083121cc,17,66cfbf9
deck,S17,"AUC0-last bias, 2020 model V2 up (true ratio 0.80), M1",results/oc_models/sd_se_models.csv,analysis_model=='M1' & endpoint=='AUClast' & pk_model=='k2020' & scenario=='V2_up_080' :: bias_pct,0.411740547589035,0.41%,d78065adf953809467648b9aedda6b8cb346007f065d1ac3c40a9677083121cc,17,66cfbf9
deck,S17,"AUC0-last cells biased away from 1, M1",results/oc_models/sd_se_models.csv,"count of rows [analysis_model=='M1' & endpoint=='AUClast' & !scenario %in% c('S00','F097') & bias_dir=='away_from_1']",15,15,d78065adf953809467648b9aedda6b8cb346007f065d1ac3c40a9677083121cc,17,66cfbf9
deck,S17,"cells biased toward 1 (Monte Carlo interval excludes 0), AUCinf_Ci, M1",results/oc_models/sd_se_models.csv,"count of rows [analysis_model=='M1' & endpoint=='AUCinf_Ci' & !scenario %in% c('S00','F097') & bias_dir=='toward_1']",1,1,d78065adf953809467648b9aedda6b8cb346007f065d1ac3c40a9677083121cc,17,66cfbf9
deck,S17,"cells biased toward 1 (Monte Carlo interval excludes 0), AUCinf_Ai, M1",results/oc_models/sd_se_models.csv,"count of rows [analysis_model=='M1' & endpoint=='AUCinf_Ai' & !scenario %in% c('S00','F097') & bias_dir=='toward_1']",10,10,d78065adf953809467648b9aedda6b8cb346007f065d1ac3c40a9677083121cc,17,66cfbf9
deck,S17,"cells biased toward 1 (Monte Carlo interval excludes 0), AUCinf_A, M1",results/oc_models/sd_se_models.csv,"count of rows [analysis_model=='M1' & endpoint=='AUCinf_A' & !scenario %in% c('S00','F097') & bias_dir=='toward_1']",14,14,d78065adf953809467648b9aedda6b8cb346007f065d1ac3c40a9677083121cc,17,66cfbf9
deck,S17,"cells biased toward 1 (Monte Carlo interval excludes 0), AUCinf_B, M1",results/oc_models/sd_se_models.csv,"count of rows [analysis_model=='M1' & endpoint=='AUCinf_B' & !scenario %in% c('S00','F097') & bias_dir=='toward_1']",11,11,d78065adf953809467648b9aedda6b8cb346007f065d1ac3c40a9677083121cc,17,66cfbf9
deck,S17,"cells biased toward 1, rule A criteria set config A_iii, M1",results/criteria/criteria_bias.csv,count of rows [analysis_model=='M1' & config=='A_iii' & bias_dir=='toward_1'],11,11,bc5ff89ec184d87a6cf94f6b56fe05cf2769267911df0b6e6b64f6f5c9660481,17,66cfbf9
deck,S17,"cells biased toward 1, rule A criteria set config A_iv, M1",results/criteria/criteria_bias.csv,count of rows [analysis_model=='M1' & config=='A_iv' & bias_dir=='toward_1'],15,15,bc5ff89ec184d87a6cf94f6b56fe05cf2769267911df0b6e6b64f6f5c9660481,17,66cfbf9
deck,S17,trials per boundary cell,results/oc_models/sd_se_models.csv,analysis_model=='M1' & endpoint=='AUClast' & pk_model=='k2016' & scenario=='F_down_080' :: n_trials,10000,"10,000",d78065adf953809467648b9aedda6b8cb346007f065d1ac3c40a9677083121cc,17,66cfbf9
deck,S17,common virtual subjects for the true ratio,config/oc_design.yaml,estimand.population.n_subjects,200000,"200,000",629011b264fbc4c3f03f8a3989bac1f2711d49959f3268f5e8f758c80f93ea0a,17,66cfbf9
deck,S17,"F multiplier of the F097 product scenario, test arm",config/prereg_20260926.yaml,section1.scenarios.products.F097.F,0.97,0.97,dc2c9f1bd4d62e13ad9f5f551dcf97eb7ee1359ba13aaa3af8efc063dfc6303e,17,66cfbf9
deck,S17,"cells biased toward 1 (Monte Carlo interval excludes 0), AUCinf_true, M1",results/oc_models/sd_se_models.csv,"count of rows [analysis_model=='M1' & endpoint=='AUCinf_true' & !scenario %in% c('S00','F097') & bias_dir=='toward_1']",0,0,d78065adf953809467648b9aedda6b8cb346007f065d1ac3c40a9677083121cc,17,66cfbf9
deck,S17,"cells biased toward 1 (Monte Carlo interval excludes 0), AUClast, M1",results/oc_models/sd_se_models.csv,"count of rows [analysis_model=='M1' & endpoint=='AUClast' & !scenario %in% c('S00','F097') & bias_dir=='toward_1']",1,1,d78065adf953809467648b9aedda6b8cb346007f065d1ac3c40a9677083121cc,17,66cfbf9
deck,S17,"cells biased toward 1 (Monte Carlo interval excludes 0), AUCinf_Ai, M1",results/oc_models/sd_se_models.csv,"count of rows [analysis_model=='M1' & endpoint=='AUCinf_Ai' & !scenario %in% c('S00','F097') & bias_dir=='toward_1']",10,10,d78065adf953809467648b9aedda6b8cb346007f065d1ac3c40a9677083121cc,17,66cfbf9
deck,S17,"cells biased toward 1 (Monte Carlo interval excludes 0), AUCinf_A, M1",results/oc_models/sd_se_models.csv,"count of rows [analysis_model=='M1' & endpoint=='AUCinf_A' & !scenario %in% c('S00','F097') & bias_dir=='toward_1']",14,14,d78065adf953809467648b9aedda6b8cb346007f065d1ac3c40a9677083121cc,17,66cfbf9
deck,S17,"cells biased toward 1 (Monte Carlo interval excludes 0), AUCinf_B, M1",results/oc_models/sd_se_models.csv,"count of rows [analysis_model=='M1' & endpoint=='AUCinf_B' & !scenario %in% c('S00','F097') & bias_dir=='toward_1']",11,11,d78065adf953809467648b9aedda6b8cb346007f065d1ac3c40a9677083121cc,17,66cfbf9
deck,S17,"cells biased toward 1 (Monte Carlo interval excludes 0), AUCinf_Ci, M1",results/oc_models/sd_se_models.csv,"count of rows [analysis_model=='M1' & endpoint=='AUCinf_Ci' & !scenario %in% c('S00','F097') & bias_dir=='toward_1']",1,1,d78065adf953809467648b9aedda6b8cb346007f065d1ac3c40a9677083121cc,17,66cfbf9
deck,S17,"geometric mean of trial GMRs, AUCinf_true, k2016, Vmax_up_080, M1",results/oc_models/sd_se_models.csv,analysis_model=='M1' & endpoint=='AUCinf_true' & pk_model=='k2016' & scenario=='Vmax_up_080' :: exp(mean_log_gmr),0.799584945284193,0.7996,d78065adf953809467648b9aedda6b8cb346007f065d1ac3c40a9677083121cc,17,66cfbf9
deck,S17,"geometric mean of trial GMRs, AUClast, k2016, Vmax_up_080, M1",results/oc_models/sd_se_models.csv,analysis_model=='M1' & endpoint=='AUClast' & pk_model=='k2016' & scenario=='Vmax_up_080' :: exp(mean_log_gmr),0.787414517155104,0.7874,d78065adf953809467648b9aedda6b8cb346007f065d1ac3c40a9677083121cc,17,66cfbf9
deck,S17,"geometric mean of trial GMRs, AUCinf_Ai, k2016, Vmax_up_080, M1",results/oc_models/sd_se_models.csv,analysis_model=='M1' & endpoint=='AUCinf_Ai' & pk_model=='k2016' & scenario=='Vmax_up_080' :: exp(mean_log_gmr),0.834263473707621,0.8343,d78065adf953809467648b9aedda6b8cb346007f065d1ac3c40a9677083121cc,17,66cfbf9
deck,S17,"geometric mean of trial GMRs, AUCinf_A, k2016, Vmax_up_080, M1",results/oc_models/sd_se_models.csv,analysis_model=='M1' & endpoint=='AUCinf_A' & pk_model=='k2016' & scenario=='Vmax_up_080' :: exp(mean_log_gmr),0.839649892079015,0.8396,d78065adf953809467648b9aedda6b8cb346007f065d1ac3c40a9677083121cc,17,66cfbf9
deck,S17,"geometric mean of trial GMRs, AUCinf_B, k2016, Vmax_up_080, M1",results/oc_models/sd_se_models.csv,analysis_model=='M1' & endpoint=='AUCinf_B' & pk_model=='k2016' & scenario=='Vmax_up_080' :: exp(mean_log_gmr),0.825564181608341,0.8256,d78065adf953809467648b9aedda6b8cb346007f065d1ac3c40a9677083121cc,17,66cfbf9
deck,S17,"geometric mean of trial GMRs, AUCinf_Ci, k2016, Vmax_up_080, M1",results/oc_models/sd_se_models.csv,analysis_model=='M1' & endpoint=='AUCinf_Ci' & pk_model=='k2016' & scenario=='Vmax_up_080' :: exp(mean_log_gmr),0.791989930185966,0.7920,d78065adf953809467648b9aedda6b8cb346007f065d1ac3c40a9677083121cc,17,66cfbf9
deck,S17,"geometric mean of trial GMRs, AUCinf_true, k2020, ka_down_080, M1",results/oc_models/sd_se_models.csv,analysis_model=='M1' & endpoint=='AUCinf_true' & pk_model=='k2020' & scenario=='ka_down_080' :: exp(mean_log_gmr),0.800842191253188,0.8008,d78065adf953809467648b9aedda6b8cb346007f065d1ac3c40a9677083121cc,17,66cfbf9
deck,S17,"geometric mean of trial GMRs, AUClast, k2020, ka_down_080, M1",results/oc_models/sd_se_models.csv,analysis_model=='M1' & endpoint=='AUClast' & pk_model=='k2020' & scenario=='ka_down_080' :: exp(mean_log_gmr),0.798638486111836,0.7986,d78065adf953809467648b9aedda6b8cb346007f065d1ac3c40a9677083121cc,17,66cfbf9
deck,S17,"geometric mean of trial GMRs, AUCinf_Ai, k2020, ka_down_080, M1",results/oc_models/sd_se_models.csv,analysis_model=='M1' & endpoint=='AUCinf_Ai' & pk_model=='k2020' & scenario=='ka_down_080' :: exp(mean_log_gmr),0.864260507516189,0.8643,d78065adf953809467648b9aedda6b8cb346007f065d1ac3c40a9677083121cc,17,66cfbf9
deck,S17,"geometric mean of trial GMRs, AUCinf_A, k2020, ka_down_080, M1",results/oc_models/sd_se_models.csv,analysis_model=='M1' & endpoint=='AUCinf_A' & pk_model=='k2020' & scenario=='ka_down_080' :: exp(mean_log_gmr),0.865273207175839,0.8653,d78065adf953809467648b9aedda6b8cb346007f065d1ac3c40a9677083121cc,17,66cfbf9
deck,S17,"geometric mean of trial GMRs, AUCinf_B, k2020, ka_down_080, M1",results/oc_models/sd_se_models.csv,analysis_model=='M1' & endpoint=='AUCinf_B' & pk_model=='k2020' & scenario=='ka_down_080' :: exp(mean_log_gmr),0.831212904712054,0.8312,d78065adf953809467648b9aedda6b8cb346007f065d1ac3c40a9677083121cc,17,66cfbf9
deck,S17,"geometric mean of trial GMRs, AUCinf_Ci, k2020, ka_down_080, M1",results/oc_models/sd_se_models.csv,analysis_model=='M1' & endpoint=='AUCinf_Ci' & pk_model=='k2020' & scenario=='ka_down_080' :: exp(mean_log_gmr),0.798794590997813,0.7988,d78065adf953809467648b9aedda6b8cb346007f065d1ac3c40a9677083121cc,17,66cfbf9
deck,S17,"geometric mean of trial GMRs, AUCinf_true, k2016, F097, M1",results/oc_models/sd_se_models.csv,analysis_model=='M1' & endpoint=='AUCinf_true' & pk_model=='k2016' & scenario=='F097' :: exp(mean_log_gmr),0.952189393063161,0.9522,d78065adf953809467648b9aedda6b8cb346007f065d1ac3c40a9677083121cc,17,66cfbf9
deck,S17,"geometric mean of trial GMRs, AUClast, k2016, F097, M1",results/oc_models/sd_se_models.csv,analysis_model=='M1' & endpoint=='AUClast' & pk_model=='k2016' & scenario=='F097' :: exp(mean_log_gmr),0.9514216192206,0.9514,d78065adf953809467648b9aedda6b8cb346007f065d1ac3c40a9677083121cc,17,66cfbf9
deck,S17,"geometric mean of trial GMRs, AUCinf_Ai, k2016, F097, M1",results/oc_models/sd_se_models.csv,analysis_model=='M1' & endpoint=='AUCinf_Ai' & pk_model=='k2016' & scenario=='F097' :: exp(mean_log_gmr),0.955005238843264,0.9550,d78065adf953809467648b9aedda6b8cb346007f065d1ac3c40a9677083121cc,17,66cfbf9
deck,S17,"geometric mean of trial GMRs, AUCinf_A, k2016, F097, M1",results/oc_models/sd_se_models.csv,analysis_model=='M1' & endpoint=='AUCinf_A' & pk_model=='k2016' & scenario=='F097' :: exp(mean_log_gmr),0.955676898342617,0.9557,d78065adf953809467648b9aedda6b8cb346007f065d1ac3c40a9677083121cc,17,66cfbf9
deck,S17,"geometric mean of trial GMRs, AUCinf_B, k2016, F097, M1",results/oc_models/sd_se_models.csv,analysis_model=='M1' & endpoint=='AUCinf_B' & pk_model=='k2016' & scenario=='F097' :: exp(mean_log_gmr),0.954297586810694,0.9543,d78065adf953809467648b9aedda6b8cb346007f065d1ac3c40a9677083121cc,17,66cfbf9
deck,S17,"geometric mean of trial GMRs, AUCinf_Ci, k2016, F097, M1",results/oc_models/sd_se_models.csv,analysis_model=='M1' & endpoint=='AUCinf_Ci' & pk_model=='k2016' & scenario=='F097' :: exp(mean_log_gmr),0.952084278873455,0.9521,d78065adf953809467648b9aedda6b8cb346007f065d1ac3c40a9677083121cc,17,66cfbf9
deck,S17,"true AUC0-inf ratio (common virtual subjects), k2016, Vmax_up_080",results/oc_models/sd_se_models.csv,analysis_model=='M1' & endpoint=='AUClast' & pk_model=='k2016' & scenario=='Vmax_up_080' :: true_ratio,0.799417254503779,0.7994,d78065adf953809467648b9aedda6b8cb346007f065d1ac3c40a9677083121cc,17,66cfbf9
deck,S17,"true AUC0-inf ratio (common virtual subjects), k2020, ka_down_080",results/oc_models/sd_se_models.csv,analysis_model=='M1' & endpoint=='AUClast' & pk_model=='k2020' & scenario=='ka_down_080' :: true_ratio,0.800570249731887,0.8006,d78065adf953809467648b9aedda6b8cb346007f065d1ac3c40a9677083121cc,17,66cfbf9
deck,S17,"true AUC0-inf ratio (common virtual subjects), k2016, F097",results/oc_models/sd_se_models.csv,analysis_model=='M1' & endpoint=='AUClast' & pk_model=='k2016' & scenario=='F097' :: true_ratio,0.952069739554753,0.9521,d78065adf953809467648b9aedda6b8cb346007f065d1ac3c40a9677083121cc,17,66cfbf9
deck,S17,"correlation of trial log GMR, AUC0-last vs true AUC0-inf (trial subjects), v1.0 product scenarios (minimum over both models)",results/trials/products_concordance.csv,min over rows [schedule=='B0'] :: cor_logGMR_last_true,0.96326254315796,0.96,309c7839b3c7f98672d61091222503859a72186d885834d29f2333403f302671,17,66cfbf9
deck,S17,"correlation of trial log GMR, AUC0-last vs true AUC0-inf (trial subjects), v1.0 product scenarios (maximum over both models)",results/trials/products_concordance_struct2020.csv,max over rows [schedule=='B0'] :: cor_logGMR_last_true,0.989497224591828,0.99,08211a4570a05eb3b1b81304ab51cd99d8b10e0b734e9e4d5dfc5669dbfd6f38,17,66cfbf9
deck,S17,"decision agreement AUC0-last vs NCA AUC0-inf rule B (lambda-z estimable), v1.0 product scenarios (minimum over both models)",results/trials/products_concordance.csv,min over rows [schedule=='B0'] :: agree_last_infall,72.4,72.4%,309c7839b3c7f98672d61091222503859a72186d885834d29f2333403f302671,17,66cfbf9
deck,S17,"decision agreement AUC0-last vs NCA AUC0-inf rule B (lambda-z estimable), v1.0 product scenarios (maximum over both models)",results/trials/products_concordance.csv,max over rows [schedule=='B0'] :: agree_last_infall,100,100.0%,309c7839b3c7f98672d61091222503859a72186d885834d29f2333403f302671,17,66cfbf9
deck,S17,"trials per product scenario, concordance file",results/trials/products_concordance.csv,schedule=='B0' :: unique(n_trials),500,500,309c7839b3c7f98672d61091222503859a72186d885834d29f2333403f302671,17,66cfbf9
deck,S17,"trials per product scenario, concordance file",results/trials/products_concordance_struct2020.csv,schedule=='B0' :: unique(n_trials),500,500,08211a4570a05eb3b1b81304ab51cd99d8b10e0b734e9e4d5dfc5669dbfd6f38,17,66cfbf9
deck,S17,"decision agreement AUC0-last vs NCA AUC0-inf rule A (ii), product scenarios, two models",results/rationale/pillar2_products_B0.csv,range over 30 rows [TRUE] :: agree,68.56; 99.18,68.6~99.2%,32c4ad2678df31de43a22b160dca75371aa35eb966d73abccc1069d23bc14aec,17,66cfbf9
deck,S17,"trials per product scenario, agreement with rule A (ii), range over scenarios and models",results/rationale/pillar2_products_B0.csv,TRUE :: range(n_trials),  500; 20000,"500~20,000",32c4ad2678df31de43a22b160dca75371aa35eb966d73abccc1069d23bc14aec,17,66cfbf9
deck,S17,"trials, 2020 model V2 cell",results/oc_models/sd_se_models.csv,analysis_model=='M1' & endpoint=='AUClast' & pk_model=='k2020' & scenario=='V2_up_080' :: n_trials,20000,"20,000",d78065adf953809467648b9aedda6b8cb346007f065d1ac3c40a9677083121cc,17,66cfbf9
deck,S17,evaluable subjects per arm,config/trial_design.yaml,n_per_arm,117,117,553eceab74155a3497fef1ab587f3b8d2be1319704e17ae1f0e177601726e84f,17,66cfbf9
deck,S17,body weight inclusion range (kg),config/trial_design.yaml,weight.inclusion_kg,60; 90,60~90,553eceab74155a3497fef1ab587f3b8d2be1319704e17ae1f0e177601726e84f,17,66cfbf9
deck,S17,"bias range, 16 boundary cells, AUCinf_true, M1",results/oc_models/sd_se_models.csv,"range over 16 rows [analysis_model=='M1' & endpoint=='AUCinf_true' & !scenario %in% c('S00','F097')] :: bias_pct",-0.0122923370832639;  0.0339684770189308,-0.01~0.03%,d78065adf953809467648b9aedda6b8cb346007f065d1ac3c40a9677083121cc,17,66cfbf9
deck,S17,"bias range, 16 boundary cells, AUClast, M1",results/oc_models/sd_se_models.csv,"range over 16 rows [analysis_model=='M1' & endpoint=='AUClast' & !scenario %in% c('S00','F097')] :: bias_pct",-1.501435862317620;  0.915927282564022,-1.50~0.92%,d78065adf953809467648b9aedda6b8cb346007f065d1ac3c40a9677083121cc,17,66cfbf9
deck,S17,"bias range, 16 boundary cells, AUClast, M0",results/oc_models/sd_se_models.csv,"range over 16 rows [analysis_model=='M0' & endpoint=='AUClast' & !scenario %in% c('S00','F097')] :: bias_pct",-1.502005757325560;  0.915340123517727,-1.50~0.92%,d78065adf953809467648b9aedda6b8cb346007f065d1ac3c40a9677083121cc,17,66cfbf9
deck,S17,"bias range, 16 boundary cells, AUCinf_Ai, M1",results/oc_models/sd_se_models.csv,"range over 16 rows [analysis_model=='M1' & endpoint=='AUCinf_Ai' & !scenario %in% c('S00','F097')] :: bias_pct",-2.63240941787954;  7.95561136647682,-2.63~7.96%,d78065adf953809467648b9aedda6b8cb346007f065d1ac3c40a9677083121cc,17,66cfbf9
deck,S17,"bias range, 16 boundary cells, AUCinf_A, M1",results/oc_models/sd_se_models.csv,"range over 16 rows [analysis_model=='M1' & endpoint=='AUCinf_A' & !scenario %in% c('S00','F097')] :: bias_pct",-5.26265822254924;  8.08210865512700,-5.26~8.08%,d78065adf953809467648b9aedda6b8cb346007f065d1ac3c40a9677083121cc,17,66cfbf9
deck,S17,"bias range, 16 boundary cells, AUCinf_B, M1",results/oc_models/sd_se_models.csv,"range over 16 rows [analysis_model=='M1' & endpoint=='AUCinf_B' & !scenario %in% c('S00','F097')] :: bias_pct",-0.867253719828454;  3.827603510176530,-0.87~3.83%,d78065adf953809467648b9aedda6b8cb346007f065d1ac3c40a9677083121cc,17,66cfbf9
deck,S17,"bias range, 16 boundary cells, AUCinf_Ci, M1",results/oc_models/sd_se_models.csv,"range over 16 rows [analysis_model=='M1' & endpoint=='AUCinf_Ci' & !scenario %in% c('S00','F097')] :: bias_pct",-0.929092320183100;  0.435055991821876,-0.93~0.44%,d78065adf953809467648b9aedda6b8cb346007f065d1ac3c40a9677083121cc,17,66cfbf9
deck,S17,"bias range, 16 boundary cells, criteria set config A_iii, M1",results/criteria/criteria_bias.csv,range over 16 rows [analysis_model=='M1' & config=='A_iii'] :: bias_pct,-2.64408522721903; 10.80947372927210,-2.64~10.81%,bc5ff89ec184d87a6cf94f6b56fe05cf2769267911df0b6e6b64f6f5c9660481,17,66cfbf9
deck,S17,"bias range, 16 boundary cells, criteria set config A_iv, M1",results/criteria/criteria_bias.csv,range over 16 rows [analysis_model=='M1' & config=='A_iv'] :: bias_pct,-8.35656166074632; 10.89366176240210,-8.36~10.89%,bc5ff89ec184d87a6cf94f6b56fe05cf2769267911df0b6e6b64f6f5c9660481,17,66cfbf9
deck,S17,"bias range, 16 boundary cells, criteria set config C_ii, M1",results/criteria/criteria_bias.csv,range over 16 rows [analysis_model=='M1' & config=='C_ii'] :: bias_pct,-1.381946413248520;  0.437209821047002,-1.38~0.44%,bc5ff89ec184d87a6cf94f6b56fe05cf2769267911df0b6e6b64f6f5c9660481,17,66cfbf9
deck,S17,"bias range, 16 boundary cells, criteria set config C_iii, M1",results/criteria/criteria_bias.csv,range over 16 rows [analysis_model=='M1' & config=='C_iii'] :: bias_pct,-1.127011576901080;  0.493585941008989,-1.13~0.49%,bc5ff89ec184d87a6cf94f6b56fe05cf2769267911df0b6e6b64f6f5c9660481,17,66cfbf9
deck,S17,"bias range, 16 boundary cells, criteria set config C_iv, M1",results/criteria/criteria_bias.csv,range over 16 rows [analysis_model=='M1' & config=='C_iv'] :: bias_pct,-1.648469309403980;  0.964411334064508,-1.65~0.96%,bc5ff89ec184d87a6cf94f6b56fe05cf2769267911df0b6e6b64f6f5c9660481,17,66cfbf9
deck,S17,"cells biased toward 1 (Monte Carlo interval excludes 0), AUCinf_true, M1",results/oc_models/sd_se_models.csv,"count of rows [analysis_model=='M1' & endpoint=='AUCinf_true' & !scenario %in% c('S00','F097') & bias_dir=='toward_1']",0,0,d78065adf953809467648b9aedda6b8cb346007f065d1ac3c40a9677083121cc,17,66cfbf9
deck,S17,"cells biased toward 1 (Monte Carlo interval excludes 0), AUCinf_true, M0",results/oc_models/sd_se_models.csv,"count of rows [analysis_model=='M0' & endpoint=='AUCinf_true' & !scenario %in% c('S00','F097') & bias_dir=='toward_1']",0,0,d78065adf953809467648b9aedda6b8cb346007f065d1ac3c40a9677083121cc,17,66cfbf9
deck,S17,"cells biased toward 1 (Monte Carlo interval excludes 0), AUClast, M1",results/oc_models/sd_se_models.csv,"count of rows [analysis_model=='M1' & endpoint=='AUClast' & !scenario %in% c('S00','F097') & bias_dir=='toward_1']",1,1,d78065adf953809467648b9aedda6b8cb346007f065d1ac3c40a9677083121cc,17,66cfbf9
deck,S17,"cells biased toward 1 (Monte Carlo interval excludes 0), AUClast, M0",results/oc_models/sd_se_models.csv,"count of rows [analysis_model=='M0' & endpoint=='AUClast' & !scenario %in% c('S00','F097') & bias_dir=='toward_1']",1,1,d78065adf953809467648b9aedda6b8cb346007f065d1ac3c40a9677083121cc,17,66cfbf9
deck,S17,"cells biased toward 1 (Monte Carlo interval excludes 0), AUCinf_Ai, M1",results/oc_models/sd_se_models.csv,"count of rows [analysis_model=='M1' & endpoint=='AUCinf_Ai' & !scenario %in% c('S00','F097') & bias_dir=='toward_1']",10,10,d78065adf953809467648b9aedda6b8cb346007f065d1ac3c40a9677083121cc,17,66cfbf9
deck,S17,"cells biased toward 1 (Monte Carlo interval excludes 0), AUCinf_Ai, M0",results/oc_models/sd_se_models.csv,"count of rows [analysis_model=='M0' & endpoint=='AUCinf_Ai' & !scenario %in% c('S00','F097') & bias_dir=='toward_1']",11,11,d78065adf953809467648b9aedda6b8cb346007f065d1ac3c40a9677083121cc,17,66cfbf9
deck,S17,"cells biased toward 1 (Monte Carlo interval excludes 0), AUCinf_A, M1",results/oc_models/sd_se_models.csv,"count of rows [analysis_model=='M1' & endpoint=='AUCinf_A' & !scenario %in% c('S00','F097') & bias_dir=='toward_1']",14,14,d78065adf953809467648b9aedda6b8cb346007f065d1ac3c40a9677083121cc,17,66cfbf9
deck,S17,"cells biased toward 1 (Monte Carlo interval excludes 0), AUCinf_A, M0",results/oc_models/sd_se_models.csv,"count of rows [analysis_model=='M0' & endpoint=='AUCinf_A' & !scenario %in% c('S00','F097') & bias_dir=='toward_1']",14,14,d78065adf953809467648b9aedda6b8cb346007f065d1ac3c40a9677083121cc,17,66cfbf9
deck,S17,"cells biased toward 1 (Monte Carlo interval excludes 0), AUCinf_B, M1",results/oc_models/sd_se_models.csv,"count of rows [analysis_model=='M1' & endpoint=='AUCinf_B' & !scenario %in% c('S00','F097') & bias_dir=='toward_1']",11,11,d78065adf953809467648b9aedda6b8cb346007f065d1ac3c40a9677083121cc,17,66cfbf9
deck,S17,"cells biased toward 1 (Monte Carlo interval excludes 0), AUCinf_B, M0",results/oc_models/sd_se_models.csv,"count of rows [analysis_model=='M0' & endpoint=='AUCinf_B' & !scenario %in% c('S00','F097') & bias_dir=='toward_1']",11,11,d78065adf953809467648b9aedda6b8cb346007f065d1ac3c40a9677083121cc,17,66cfbf9
deck,S17,"cells biased toward 1 (Monte Carlo interval excludes 0), AUCinf_Ci, M0",results/oc_models/sd_se_models.csv,"count of rows [analysis_model=='M0' & endpoint=='AUCinf_Ci' & !scenario %in% c('S00','F097') & bias_dir=='toward_1']",1,1,d78065adf953809467648b9aedda6b8cb346007f065d1ac3c40a9677083121cc,17,66cfbf9
deck,S17,"identical products: geometric mean of trial GMRs, two models, AUCinf_true, M1",results/oc_models/sd_se_models.csv,analysis_model=='M1' & endpoint=='AUCinf_true' & scenario=='S00' :: range(exp(mean_log_gmr)),1.00003746192082; 1.00011874662349,1.0000~1.0001,d78065adf953809467648b9aedda6b8cb346007f065d1ac3c40a9677083121cc,17,66cfbf9
deck,S17,"identical products: geometric mean of trial GMRs, two models, AUClast, M1",results/oc_models/sd_se_models.csv,analysis_model=='M1' & endpoint=='AUClast' & scenario=='S00' :: range(exp(mean_log_gmr)),1.00022790670855; 1.00045335346022,1.0002~1.0005,d78065adf953809467648b9aedda6b8cb346007f065d1ac3c40a9677083121cc,17,66cfbf9
deck,S17,"identical products: geometric mean of trial GMRs, two models, AUCinf_Ai, M1",results/oc_models/sd_se_models.csv,analysis_model=='M1' & endpoint=='AUCinf_Ai' & scenario=='S00' :: range(exp(mean_log_gmr)),1.00003221519816; 1.00008723220162,1.0000~1.0001,d78065adf953809467648b9aedda6b8cb346007f065d1ac3c40a9677083121cc,17,66cfbf9
deck,S17,"identical products: geometric mean of trial GMRs, two models, AUCinf_B, M1",results/oc_models/sd_se_models.csv,analysis_model=='M1' & endpoint=='AUCinf_B' & scenario=='S00' :: range(exp(mean_log_gmr)),1.00012608895787; 1.00035784470893,1.0001~1.0004,d78065adf953809467648b9aedda6b8cb346007f065d1ac3c40a9677083121cc,17,66cfbf9
deck,S17,"geometric mean of trial GMRs, AUClast, k2016, Vmax_up_080, M1",results/oc_models/sd_se_models.csv,analysis_model=='M1' & endpoint=='AUClast' & pk_model=='k2016' & scenario=='Vmax_up_080' :: exp(mean_log_gmr),0.787414517155104,0.7874,d78065adf953809467648b9aedda6b8cb346007f065d1ac3c40a9677083121cc,17,66cfbf9
deck,S17,"geometric mean of trial GMRs, AUCinf_Ai, k2016, Vmax_up_080, M1",results/oc_models/sd_se_models.csv,analysis_model=='M1' & endpoint=='AUCinf_Ai' & pk_model=='k2016' & scenario=='Vmax_up_080' :: exp(mean_log_gmr),0.834263473707621,0.8343,d78065adf953809467648b9aedda6b8cb346007f065d1ac3c40a9677083121cc,17,66cfbf9
deck,S17,"geometric mean of trial GMRs, AUCinf_B, k2016, Vmax_up_080, M1",results/oc_models/sd_se_models.csv,analysis_model=='M1' & endpoint=='AUCinf_B' & pk_model=='k2016' & scenario=='Vmax_up_080' :: exp(mean_log_gmr),0.825564181608341,0.8256,d78065adf953809467648b9aedda6b8cb346007f065d1ac3c40a9677083121cc,17,66cfbf9
deck,S17,"geometric mean of trial GMRs, AUCinf_true, k2016, Vmax_up_080, M1",results/oc_models/sd_se_models.csv,analysis_model=='M1' & endpoint=='AUCinf_true' & pk_model=='k2016' & scenario=='Vmax_up_080' :: exp(mean_log_gmr),0.799584945284193,0.7996,d78065adf953809467648b9aedda6b8cb346007f065d1ac3c40a9677083121cc,17,66cfbf9
deck,S17,"true AUC0-inf ratio (common virtual subjects), k2016, Vmax_up_080",results/oc_models/sd_se_models.csv,analysis_model=='M1' & endpoint=='AUClast' & pk_model=='k2016' & scenario=='Vmax_up_080' :: true_ratio,0.799417254503779,0.7994,d78065adf953809467648b9aedda6b8cb346007f065d1ac3c40a9677083121cc,17,66cfbf9
deck,S18,"Km multiplier search range, test arm",config/oc_design.yaml,mechanisms.Km.range,1e-02; 1e+02,0.01~100,629011b264fbc4c3f03f8a3989bac1f2711d49959f3268f5e8f758c80f93ea0a,18,66cfbf9
deck,S18,true AUC0-inf ratio range over Km x0.01 to x100 (range ends and reached rows),results/oc/inversion_all.csv,"mechanism=='Km' :: end_auc_ratio, auc_ratio",0.998949506997432; 1.058748397272760,0.999~1.059,7b0f06ec39b8c6d76e4b02d5301502fb01167a0cb730bc1e5fea08e64726541f,18,66cfbf9
deck,S18,figure s18_km_inversion,results/oc/inversion_all.csv,whole object,NA,(figure),7b0f06ec39b8c6d76e4b02d5301502fb01167a0cb730bc1e5fea08e64726541f,18,66cfbf9
deck,S18,figure s18_km_inversion,results/oc/inversion_scan_k2016_Km.csv,whole object,NA,(figure),f3ce02f80a4ba3b25b94ebafb6c762489ba99a8772cd505eff7bedcc59e6b6ff,18,66cfbf9
deck,S18,figure s18_km_inversion,results/oc/inversion_scan_k2020_Km.csv,whole object,NA,(figure),1d7a75967c1ead80f19157dfb09b9c56f80c74f82d62ef1c1f4666fe6d27200a,18,66cfbf9
deck,S18,lower equivalence limit,config/trial_design.yaml,be.limits,0.80; 1.25,0.80,553eceab74155a3497fef1ab587f3b8d2be1319704e17ae1f0e177601726e84f,18,66cfbf9
deck,S18,upper equivalence limit,config/trial_design.yaml,be.limits,0.80; 1.25,1.25,553eceab74155a3497fef1ab587f3b8d2be1319704e17ae1f0e177601726e84f,18,66cfbf9
deck,S18,"F multiplier reaching 0.80, k2016",results/oc/inversion_all.csv,mechanism=='F' & abs(target-0.80)<1e-9 & reachable==TRUE & model=='k2016' :: multiplier,0.872152535936487,0.87,7b0f06ec39b8c6d76e4b02d5301502fb01167a0cb730bc1e5fea08e64726541f,18,66cfbf9
deck,S18,"F multiplier reaching 0.80, k2020",results/oc/inversion_all.csv,mechanism=='F' & abs(target-0.80)<1e-9 & reachable==TRUE & model=='k2020' :: multiplier,0.871335777735966,0.87,7b0f06ec39b8c6d76e4b02d5301502fb01167a0cb730bc1e5fea08e64726541f,18,66cfbf9
deck,S18,"ka multiplier reaching 0.80, k2016",results/oc/inversion_all.csv,mechanism=='ka' & abs(target-0.80)<1e-9 & reachable==TRUE & model=='k2016' :: multiplier,0.440433361793372,0.44,7b0f06ec39b8c6d76e4b02d5301502fb01167a0cb730bc1e5fea08e64726541f,18,66cfbf9
deck,S18,"ka multiplier reaching 0.80, k2020",results/oc/inversion_all.csv,mechanism=='ka' & abs(target-0.80)<1e-9 & reachable==TRUE & model=='k2020' :: multiplier,0.424232725036545,0.42,7b0f06ec39b8c6d76e4b02d5301502fb01167a0cb730bc1e5fea08e64726541f,18,66cfbf9
deck,S18,"ke multiplier reaching 0.80, k2016",results/oc/inversion_all.csv,mechanism=='ke' & abs(target-0.80)<1e-9 & reachable==TRUE & model=='k2016' :: multiplier,1.47110350143772,1.47,7b0f06ec39b8c6d76e4b02d5301502fb01167a0cb730bc1e5fea08e64726541f,18,66cfbf9
deck,S18,"ke multiplier reaching 0.80, k2020",results/oc/inversion_all.csv,mechanism=='ke' & abs(target-0.80)<1e-9 & reachable==TRUE & model=='k2020' :: multiplier,1.45683866187482,1.46,7b0f06ec39b8c6d76e4b02d5301502fb01167a0cb730bc1e5fea08e64726541f,18,66cfbf9
deck,S18,"Vmax multiplier reaching 0.80, k2016",results/oc/inversion_all.csv,mechanism=='Vmax' & abs(target-0.80)<1e-9 & reachable==TRUE & model=='k2016' :: multiplier,1.39486202241965,1.39,7b0f06ec39b8c6d76e4b02d5301502fb01167a0cb730bc1e5fea08e64726541f,18,66cfbf9
deck,S18,"Vmax multiplier reaching 0.80, k2020",results/oc/inversion_all.csv,mechanism=='Vmax' & abs(target-0.80)<1e-9 & reachable==TRUE & model=='k2020' :: multiplier,1.3969545986339,1.40,7b0f06ec39b8c6d76e4b02d5301502fb01167a0cb730bc1e5fea08e64726541f,18,66cfbf9
deck,S18,"V2 multiplier reaching 0.80, k2016",results/oc/inversion_all.csv,mechanism=='V2' & abs(target-0.80)<1e-9 & reachable==TRUE & model=='k2016' :: multiplier,3.21003979693093,3.21,7b0f06ec39b8c6d76e4b02d5301502fb01167a0cb730bc1e5fea08e64726541f,18,66cfbf9
deck,S18,"V2 multiplier reaching 0.80, k2020",results/oc/inversion_all.csv,mechanism=='V2' & abs(target-0.80)<1e-9 & reachable==TRUE & model=='k2020' :: multiplier,2.27730854120339,2.28,7b0f06ec39b8c6d76e4b02d5301502fb01167a0cb730bc1e5fea08e64726541f,18,66cfbf9
deck,S18,Km: rows reaching target 0.80 (none),results/oc/inversion_all.csv,count of rows [mechanism=='Km' & abs(target-0.80)<1e-9 & reachable==TRUE],0,0,7b0f06ec39b8c6d76e4b02d5301502fb01167a0cb730bc1e5fea08e64726541f,18,66cfbf9
deck,S18,"F multiplier reaching 1.25, k2016",results/oc/inversion_all.csv,mechanism=='F' & abs(target-1.25)<1e-9 & reachable==TRUE & model=='k2016' :: multiplier,1.15149083830699,1.15,7b0f06ec39b8c6d76e4b02d5301502fb01167a0cb730bc1e5fea08e64726541f,18,66cfbf9
deck,S18,"F multiplier reaching 1.25, k2020",results/oc/inversion_all.csv,mechanism=='F' & abs(target-1.25)<1e-9 & reachable==TRUE & model=='k2020' :: multiplier,1.15294080629446,1.15,7b0f06ec39b8c6d76e4b02d5301502fb01167a0cb730bc1e5fea08e64726541f,18,66cfbf9
deck,S18,ka: rows reaching target 1.25 (none),results/oc/inversion_all.csv,count of rows [mechanism=='ka' & abs(target-1.25)<1e-9 & reachable==TRUE],0,0,7b0f06ec39b8c6d76e4b02d5301502fb01167a0cb730bc1e5fea08e64726541f,18,66cfbf9
deck,S18,"ke multiplier reaching 1.25, k2016",results/oc/inversion_all.csv,mechanism=='ke' & abs(target-1.25)<1e-9 & reachable==TRUE & model=='k2016' :: multiplier,0.632567348266282,0.63,7b0f06ec39b8c6d76e4b02d5301502fb01167a0cb730bc1e5fea08e64726541f,18,66cfbf9
deck,S18,"ke multiplier reaching 1.25, k2020",results/oc/inversion_all.csv,mechanism=='ke' & abs(target-1.25)<1e-9 & reachable==TRUE & model=='k2020' :: multiplier,0.642602940228105,0.64,7b0f06ec39b8c6d76e4b02d5301502fb01167a0cb730bc1e5fea08e64726541f,18,66cfbf9
deck,S18,"Vmax multiplier reaching 1.25, k2016",results/oc/inversion_all.csv,mechanism=='Vmax' & abs(target-1.25)<1e-9 & reachable==TRUE & model=='k2016' :: multiplier,0.660178624277622,0.66,7b0f06ec39b8c6d76e4b02d5301502fb01167a0cb730bc1e5fea08e64726541f,18,66cfbf9
deck,S18,"Vmax multiplier reaching 1.25, k2020",results/oc/inversion_all.csv,mechanism=='Vmax' & abs(target-1.25)<1e-9 & reachable==TRUE & model=='k2020' :: multiplier,0.651331501646086,0.65,7b0f06ec39b8c6d76e4b02d5301502fb01167a0cb730bc1e5fea08e64726541f,18,66cfbf9
deck,S18,V2: rows reaching target 1.25 (none),results/oc/inversion_all.csv,count of rows [mechanism=='V2' & abs(target-1.25)<1e-9 & reachable==TRUE],0,0,7b0f06ec39b8c6d76e4b02d5301502fb01167a0cb730bc1e5fea08e64726541f,18,66cfbf9
deck,S18,Km: rows reaching target 1.25 (none),results/oc/inversion_all.csv,count of rows [mechanism=='Km' & abs(target-1.25)<1e-9 & reachable==TRUE],0,0,7b0f06ec39b8c6d76e4b02d5301502fb01167a0cb730bc1e5fea08e64726541f,18,66cfbf9
deck,S18,common virtual subjects for the true ratio,config/oc_design.yaml,estimand.population.n_subjects,200000,"200,000",629011b264fbc4c3f03f8a3989bac1f2711d49959f3268f5e8f758c80f93ea0a,18,66cfbf9
deck,S18,Km multiplier search range (caption),config/oc_design.yaml,mechanisms.Km.range,1e-02; 1e+02,×0.01~×100,629011b264fbc4c3f03f8a3989bac1f2711d49959f3268f5e8f758c80f93ea0a,18,66cfbf9
deck,S18,"search range of the other mechanisms (F, ka, ke, Vmax, V2)",config/oc_design.yaml,mechanisms.F.range, 0.1; 10.0,×0.1~×10,629011b264fbc4c3f03f8a3989bac1f2711d49959f3268f5e8f758c80f93ea0a,18,66cfbf9
deck,S18,pre-specified target ratios,results/oc/inversion_all.csv,count of rows [mechanism=='Km' & model=='k2016' & direction=='up'],12,12,7b0f06ec39b8c6d76e4b02d5301502fb01167a0cb730bc1e5fea08e64726541f,18,66cfbf9
deck,S18,true Cmax ratio range over Km x0.01 to x100 (range ends and reached rows),results/oc/inversion_all.csv,"mechanism=='Km' :: end_cmax_ratio, cmax_ratio",0.999566418039523; 1.010348772671770,1.000~1.010,7b0f06ec39b8c6d76e4b02d5301502fb01167a0cb730bc1e5fea08e64726541f,18,66cfbf9
deck,S18,"true AUC0-inf ratio range over Km x0.01 to x100, k2016",results/oc/inversion_all.csv,"mechanism=='Km' & model=='k2016' :: end_auc_ratio, auc_ratio",0.999249592770263; 1.058748397272760,0.999~1.059,7b0f06ec39b8c6d76e4b02d5301502fb01167a0cb730bc1e5fea08e64726541f,18,66cfbf9
deck,S18,"true AUC0-inf ratio range over Km x0.01 to x100, k2020",results/oc/inversion_all.csv,"mechanism=='Km' & model=='k2020' :: end_auc_ratio, auc_ratio",0.998949506997432; 1.054011468143670,0.999~1.054,7b0f06ec39b8c6d76e4b02d5301502fb01167a0cb730bc1e5fea08e64726541f,18,66cfbf9
deck,S18,"pre-specified target ratios, range",results/oc/inversion_all.csv,range over 48 rows [mechanism=='Km'] :: target,0.70; 1.43,0.70~1.43,7b0f06ec39b8c6d76e4b02d5301502fb01167a0cb730bc1e5fea08e64726541f,18,66cfbf9
deck,S18,reachable Km target,results/oc/inversion_all.csv,mechanism=='Km' & reachable==TRUE & model=='k2016' :: target,1.05,1.05,7b0f06ec39b8c6d76e4b02d5301502fb01167a0cb730bc1e5fea08e64726541f,18,66cfbf9
deck,S18,"Km multiplier reaching 1.05, k2016",results/oc/inversion_all.csv,mechanism=='Km' & reachable==TRUE & model=='k2016' :: multiplier,84.0386692344027,84,7b0f06ec39b8c6d76e4b02d5301502fb01167a0cb730bc1e5fea08e64726541f,18,66cfbf9
deck,S18,"Km multiplier reaching 1.05, k2020",results/oc/inversion_all.csv,mechanism=='Km' & reachable==TRUE & model=='k2020' :: multiplier,91.947868631888,92,7b0f06ec39b8c6d76e4b02d5301502fb01167a0cb730bc1e5fea08e64726541f,18,66cfbf9
deck,S18,screening subjects,config/oc_design.yaml,inversion.screening_subjects,20000,"20,000",629011b264fbc4c3f03f8a3989bac1f2711d49959f3268f5e8f758c80f93ea0a,18,66cfbf9
deck,S18,body weight inclusion range (kg),config/trial_design.yaml,weight.inclusion_kg,60; 90,60~90,553eceab74155a3497fef1ab587f3b8d2be1319704e17ae1f0e177601726e84f,18,66cfbf9
deck,S18,"true AUC0-inf ratio at Km x0.01, k2016",results/oc/inversion_all.csv,mechanism=='Km' & model=='k2016' & direction=='down' & target==min(target) :: end_auc_ratio,0.999249592770263,0.999,7b0f06ec39b8c6d76e4b02d5301502fb01167a0cb730bc1e5fea08e64726541f,18,66cfbf9
deck,S18,"true AUC0-inf ratio at Km x100, k2016",results/oc/inversion_all.csv,mechanism=='Km' & model=='k2016' & direction=='up' & target==min(target) :: end_auc_ratio,1.05874839727276,1.059,7b0f06ec39b8c6d76e4b02d5301502fb01167a0cb730bc1e5fea08e64726541f,18,66cfbf9
deck,S18,"true AUC0-inf ratio at Km x0.01, k2020",results/oc/inversion_all.csv,mechanism=='Km' & model=='k2020' & direction=='down' & target==min(target) :: end_auc_ratio,0.998949506997432,0.999,7b0f06ec39b8c6d76e4b02d5301502fb01167a0cb730bc1e5fea08e64726541f,18,66cfbf9
deck,S18,"true AUC0-inf ratio at Km x100, k2020",results/oc/inversion_all.csv,mechanism=='Km' & model=='k2020' & direction=='up' & target==min(target) :: end_auc_ratio,1.05401146814367,1.054,7b0f06ec39b8c6d76e4b02d5301502fb01167a0cb730bc1e5fea08e64726541f,18,66cfbf9
deck,S18,"true Cmax ratio at Km x100, k2016",results/oc/inversion_all.csv,mechanism=='Km' & model=='k2016' & direction=='up' & target==min(target) :: end_cmax_ratio,1.01024709497178,1.010,7b0f06ec39b8c6d76e4b02d5301502fb01167a0cb730bc1e5fea08e64726541f,18,66cfbf9
deck,S18,"true Cmax ratio at Km x100, k2020",results/oc/inversion_all.csv,mechanism=='Km' & model=='k2020' & direction=='up' & target==min(target) :: end_cmax_ratio,1.01034877267177,1.010,7b0f06ec39b8c6d76e4b02d5301502fb01167a0cb730bc1e5fea08e64726541f,18,66cfbf9
deck,S18,"true Cmax ratio at Km x0.01, k2016",results/oc/inversion_all.csv,mechanism=='Km' & model=='k2016' & direction=='down' & target==min(target) :: end_cmax_ratio,0.999816867433359,1.000,7b0f06ec39b8c6d76e4b02d5301502fb01167a0cb730bc1e5fea08e64726541f,18,66cfbf9
deck,S18,"true Cmax ratio at Km x0.01, k2020",results/oc/inversion_all.csv,mechanism=='Km' & model=='k2020' & direction=='down' & target==min(target) :: end_cmax_ratio,0.999566418039523,1.000,7b0f06ec39b8c6d76e4b02d5301502fb01167a0cb730bc1e5fea08e64726541f,18,66cfbf9
deck,S18,"Km multiplier reaching 1.05, k2016 (2 decimals)",results/oc/inversion_all.csv,mechanism=='Km' & reachable==TRUE & model=='k2016' :: multiplier,84.0386692344027,84.04,7b0f06ec39b8c6d76e4b02d5301502fb01167a0cb730bc1e5fea08e64726541f,18,66cfbf9
deck,S18,"Km multiplier reaching 1.05, k2020 (2 decimals)",results/oc/inversion_all.csv,mechanism=='Km' & reachable==TRUE & model=='k2020' :: multiplier,91.947868631888,91.95,7b0f06ec39b8c6d76e4b02d5301502fb01167a0cb730bc1e5fea08e64726541f,18,66cfbf9
deck,S18,"smallest multiplier reaching 0.80 or 1.25, other mechanisms, two models",results/oc/inversion_all.csv,min over 16 rows [mechanism!='Km' & reachable==TRUE & (abs(target-0.8)<1e-9 | abs(target-1.25)<1e-9)] :: multiplier,0.424232725036545,0.42,7b0f06ec39b8c6d76e4b02d5301502fb01167a0cb730bc1e5fea08e64726541f,18,66cfbf9
deck,S18,"largest multiplier reaching 0.80 or 1.25, other mechanisms, two models",results/oc/inversion_all.csv,max over 16 rows [mechanism!='Km' & reachable==TRUE & (abs(target-0.8)<1e-9 | abs(target-1.25)<1e-9)] :: multiplier,3.21003979693093,3.21,7b0f06ec39b8c6d76e4b02d5301502fb01167a0cb730bc1e5fea08e64726541f,18,66cfbf9
deck,S19,nominal type I error per one-sided test (%) = (1 - be.ci_level) / 2,config/trial_design.yaml,be.ci_level :: (1 - x) / 2 x 100,5,5%,553eceab74155a3497fef1ab587f3b8d2be1319704e17ae1f0e177601726e84f,19,66cfbf9
deck,S19,V2 multiplier k2020,results/oc_models/p2_decomposition_models.csv,pk_model=='k2020' & mechanism=='V2' & analysis_model=='M0' :: multiplier,2.27730854120339,2.28,fe790d12806d3723abd2f8487d6f987498b247683354cade26ddb18fc6217f2f,19,66cfbf9
deck,S19,"P2 boundary type I error, 2020 model V2 cell, M1, 20,000 trials",results/oc_models/type1_models.csv,pk_model=='k2020' & scenario=='V2_up_080' & analysis_model=='M1' & config=='P2' :: pass_pct,5.625,5.63%,d6e5c650fb4d6d241a554f896de38205ac2c890bfa442f4f9cb2749c70b5f261,19,66cfbf9
deck,S19,2020 V2 AUC0-last bias M1,results/oc_models/p2_decomposition_models.csv,pk_model=='k2020' & mechanism=='V2' & analysis_model=='M1' :: auclast_bias_pct,0.411740547589035,0.41%,fe790d12806d3723abd2f8487d6f987498b247683354cade26ddb18fc6217f2f,19,66cfbf9
deck,S19,figure s19_v2_cell,results/oc_models/type1_models.csv,whole object,NA,(figure),d6e5c650fb4d6d241a554f896de38205ac2c890bfa442f4f9cb2749c70b5f261,19,66cfbf9
deck,S19,figure s19_v2_cell,results/criteria/criteria_g2_type1.csv,whole object,NA,(figure),b450c534a36e2e03b49bad2427de6317153e3b71210dce8caab616e43ef64981,19,66cfbf9
deck,S19,M1 G2_Ai boundary cells above 5% (point),results/oc_models/type1_models.csv,count of rows [analysis_model=='M1' & config=='G2_Ai' & pass_pct > 5],10,10,d6e5c650fb4d6d241a554f896de38205ac2c890bfa442f4f9cb2749c70b5f261,19,66cfbf9
deck,S19,M1 G2_Aii boundary cells above 5% (point),results/oc_models/type1_models.csv,count of rows [analysis_model=='M1' & config=='G2_Aii' & pass_pct > 5],12,12,d6e5c650fb4d6d241a554f896de38205ac2c890bfa442f4f9cb2749c70b5f261,19,66cfbf9
deck,S19,M1 G2_B boundary cells above 5% (point),results/oc_models/type1_models.csv,count of rows [analysis_model=='M1' & config=='G2_B' & pass_pct > 5],10,10,d6e5c650fb4d6d241a554f896de38205ac2c890bfa442f4f9cb2749c70b5f261,19,66cfbf9
deck,S19,M1 G2_Ai boundary cells above 5% (Wilson lower bound),results/oc_models/type1_models.csv,count of rows [analysis_model=='M1' & config=='G2_Ai' & lo > 5],8,8,d6e5c650fb4d6d241a554f896de38205ac2c890bfa442f4f9cb2749c70b5f261,19,66cfbf9
deck,S19,M1 G2_Aii boundary cells above 5% (Wilson lower bound),results/oc_models/type1_models.csv,count of rows [analysis_model=='M1' & config=='G2_Aii' & lo > 5],12,12,d6e5c650fb4d6d241a554f896de38205ac2c890bfa442f4f9cb2749c70b5f261,19,66cfbf9
deck,S19,M1 G2_B boundary cells above 5% (Wilson lower bound),results/oc_models/type1_models.csv,count of rows [analysis_model=='M1' & config=='G2_B' & lo > 5],8,8,d6e5c650fb4d6d241a554f896de38205ac2c890bfa442f4f9cb2749c70b5f261,19,66cfbf9
deck,S19,boundary cells,results/oc_models/type1_models.csv,count of rows [analysis_model=='M1' & config=='P2'],16,16,d6e5c650fb4d6d241a554f896de38205ac2c890bfa442f4f9cb2749c70b5f261,19,66cfbf9
deck,S19,M1 P2 boundary cells above 5% (point),results/oc_models/type1_models.csv,count of rows [analysis_model=='M1' & config=='P2' & pass_pct > 5],1,1,d6e5c650fb4d6d241a554f896de38205ac2c890bfa442f4f9cb2749c70b5f261,19,66cfbf9
deck,S19,pre-specified trials,results/oc_models/extension_decision_models.csv,pk_model=='k2020' & scenario=='V2_up_080' & analysis_model=='M1' :: n_before,10000,"10,000",eaff8882d69e5a6eb631779e17a9fa254084fd89db0e272e9d8d59140e405504,19,66cfbf9
deck,S19,trials after extension,results/oc_models/extension_decision_models.csv,pk_model=='k2020' & scenario=='V2_up_080' & analysis_model=='M1' :: n_after,20000,"20,000",eaff8882d69e5a6eb631779e17a9fa254084fd89db0e272e9d8d59140e405504,19,66cfbf9
deck,S19,"P2 at the pre-specified 10,000 trials, 2020 V2 cell, M1",results/oc_models/extension_decision_models.csv,pk_model=='k2020' & scenario=='V2_up_080' & analysis_model=='M1' :: pass_pct,5.74,5.74%,eaff8882d69e5a6eb631779e17a9fa254084fd89db0e272e9d8d59140e405504,19,66cfbf9
deck,S19,"P2 at the pre-specified 10,000 trials, 2020 V2 cell, M0",results/oc_models/extension_decision_models.csv,pk_model=='k2020' & scenario=='V2_up_080' & analysis_model=='M0' :: pass_pct,5.32,5.32%,eaff8882d69e5a6eb631779e17a9fa254084fd89db0e272e9d8d59140e405504,19,66cfbf9
deck,S19,"Wilson lower bound, P2 at 10,000 trials, M0",results/oc_models/extension_decision_models.csv,pk_model=='k2020' & scenario=='V2_up_080' & analysis_model=='M0' :: lo,4.89702817745753,4.90%,eaff8882d69e5a6eb631779e17a9fa254084fd89db0e272e9d8d59140e405504,19,66cfbf9
deck,S19,"Wilson upper bound, P2 at 10,000 trials, M0",results/oc_models/extension_decision_models.csv,pk_model=='k2020' & scenario=='V2_up_080' & analysis_model=='M0' :: hi,5.77728591694613,5.78%,eaff8882d69e5a6eb631779e17a9fa254084fd89db0e272e9d8d59140e405504,19,66cfbf9
deck,S19,V2 multiplier k2016,results/oc_models/p2_decomposition_models.csv,pk_model=='k2016' & mechanism=='V2' & analysis_model=='M0' :: multiplier,3.21003979693093,3.21,fe790d12806d3723abd2f8487d6f987498b247683354cade26ddb18fc6217f2f,19,66cfbf9
deck,S19,true AUC0-inf ratio targeted in the V2 cells,results/oc_models/p2_decomposition_models.csv,pk_model=='k2020' & mechanism=='V2' & analysis_model=='M1' :: target,0.8,0.80,fe790d12806d3723abd2f8487d6f987498b247683354cade26ddb18fc6217f2f,19,66cfbf9
deck,S19,"P2, 2016 model V2 cell, M1",results/oc_models/type1_models.csv,pk_model=='k2016' & scenario=='V2_up_080' & analysis_model=='M1' & config=='P2' :: pass_pct,4.33,4.33%,d6e5c650fb4d6d241a554f896de38205ac2c890bfa442f4f9cb2749c70b5f261,19,66cfbf9
deck,S19,"unbiased reference minus 5 (points), 2020 V2 cell, M1",results/oc_models/p2_decomposition_models.csv,pk_model=='k2020' & mechanism=='V2' & analysis_model=='M1' :: ref_minus_5_pp,-0.0600000000000005,-0.060,fe790d12806d3723abd2f8487d6f987498b247683354cade26ddb18fc6217f2f,19,66cfbf9
deck,S19,"AUC0-last effect (points), 2020 V2 cell, M1",results/oc_models/p2_decomposition_models.csv,pk_model=='k2020' & mechanism=='V2' & analysis_model=='M1' :: auclast_minus_ref_pp,0.705,0.705,fe790d12806d3723abd2f8487d6f987498b247683354cade26ddb18fc6217f2f,19,66cfbf9
deck,S19,"Cmax effect (points), 2020 V2 cell, M1",results/oc_models/p2_decomposition_models.csv,pk_model=='k2020' & mechanism=='V2' & analysis_model=='M1' :: p2_minus_auclast_pp,-0.0199999999999996,-0.020,fe790d12806d3723abd2f8487d6f987498b247683354cade26ddb18fc6217f2f,19,66cfbf9
deck,S19,"P2 minus 5 (points), 2020 V2 cell, M1",results/oc_models/p2_decomposition_models.csv,pk_model=='k2020' & mechanism=='V2' & analysis_model=='M1' :: p2_minus_5_pp,0.625,0.625,fe790d12806d3723abd2f8487d6f987498b247683354cade26ddb18fc6217f2f,19,66cfbf9
deck,S19,"unbiased reference minus 5 (points), 2020 V2 cell, M0",results/oc_models/p2_decomposition_models.csv,pk_model=='k2020' & mechanism=='V2' & analysis_model=='M0' :: ref_minus_5_pp,-0.415,-0.415,fe790d12806d3723abd2f8487d6f987498b247683354cade26ddb18fc6217f2f,19,66cfbf9
deck,S19,"AUC0-last effect (points), 2020 V2 cell, M0",results/oc_models/p2_decomposition_models.csv,pk_model=='k2020' & mechanism=='V2' & analysis_model=='M0' :: auclast_minus_ref_pp,0.61,0.610,fe790d12806d3723abd2f8487d6f987498b247683354cade26ddb18fc6217f2f,19,66cfbf9
deck,S19,"Cmax effect (points), 2020 V2 cell, M0",results/oc_models/p2_decomposition_models.csv,pk_model=='k2020' & mechanism=='V2' & analysis_model=='M0' :: p2_minus_auclast_pp,-0.0150000000000006,-0.015,fe790d12806d3723abd2f8487d6f987498b247683354cade26ddb18fc6217f2f,19,66cfbf9
deck,S19,"P2 minus 5 (points), 2020 V2 cell, M0",results/oc_models/p2_decomposition_models.csv,pk_model=='k2020' & mechanism=='V2' & analysis_model=='M0' :: p2_minus_5_pp,0.18,0.180,fe790d12806d3723abd2f8487d6f987498b247683354cade26ddb18fc6217f2f,19,66cfbf9
deck,S19,boundary cells per model,results/oc_models/type1_models.csv,count of rows [analysis_model=='M1' & config=='P2' & pk_model=='k2020'],8,8,d6e5c650fb4d6d241a554f896de38205ac2c890bfa442f4f9cb2749c70b5f261,19,66cfbf9
deck,S19,"true AUC0-inf ratio, 2020 V2 cell",results/oc_models/p2_decomposition_models.csv,pk_model=='k2020' & mechanism=='V2' & analysis_model=='M1' :: auc_ratio,0.79979742585522,0.800,fe790d12806d3723abd2f8487d6f987498b247683354cade26ddb18fc6217f2f,19,66cfbf9
deck,S19,"true Cmax ratio, 2020 V2 cell",results/oc_models/p2_decomposition_models.csv,pk_model=='k2020' & mechanism=='V2' & analysis_model=='M1' :: cmax_ratio,0.890882568755657,0.891,fe790d12806d3723abd2f8487d6f987498b247683354cade26ddb18fc6217f2f,19,66cfbf9
deck,S19,2020 V2 cell P2 M0,results/oc_models/p2_decomposition_models.csv,"pk_model=='k2020' & mechanism=='V2' & analysis_model=='M0' :: p2_pct [lo, hi]",5.18000000000000; 4.88136778412433; 5.49584632794489,5.18% (95% CI 4.88~5.50),fe790d12806d3723abd2f8487d6f987498b247683354cade26ddb18fc6217f2f,19,66cfbf9
deck,S19,2020 V2 cell P2 M1,results/oc_models/p2_decomposition_models.csv,"pk_model=='k2020' & mechanism=='V2' & analysis_model=='M1' :: p2_pct [lo, hi]",5.62500000000000; 5.31412097634036; 5.95292222363892,5.63% (95% CI 5.31~5.95),fe790d12806d3723abd2f8487d6f987498b247683354cade26ddb18fc6217f2f,19,66cfbf9
deck,S19,2020 V2 cell P2 M2,results/oc_models/p2_decomposition_models.csv,"pk_model=='k2020' & mechanism=='V2' & analysis_model=='M2' :: p2_pct [lo, hi]",5.74500000000000; 5.43091711656911; 6.07607999475671,5.75% (95% CI 5.43~6.08),fe790d12806d3723abd2f8487d6f987498b247683354cade26ddb18fc6217f2f,19,66cfbf9
deck,S19,class M0,results/oc_models/p2_decomposition_models.csv,pk_model=='k2020' & mechanism=='V2' & analysis_model=='M0' :: class,nominal,nominal,fe790d12806d3723abd2f8487d6f987498b247683354cade26ddb18fc6217f2f,19,66cfbf9
deck,S19,class M1,results/oc_models/p2_decomposition_models.csv,pk_model=='k2020' & mechanism=='V2' & analysis_model=='M1' :: class,exceeding,exceeding,fe790d12806d3723abd2f8487d6f987498b247683354cade26ddb18fc6217f2f,19,66cfbf9
deck,S19,class M2,results/oc_models/p2_decomposition_models.csv,pk_model=='k2020' & mechanism=='V2' & analysis_model=='M2' :: class,exceeding,exceeding,fe790d12806d3723abd2f8487d6f987498b247683354cade26ddb18fc6217f2f,19,66cfbf9
deck,S19,"P2 first 10,000 trials, 2020 V2 cell, M0",results/oc_models/type1_models.csv,"pk_model=='k2020' & scenario=='V2_up_080' & analysis_model=='M0' & config=='P2' :: pass_pct_10k [lo_10k, hi_10k]",5.32000000000000; 4.89702817745753; 5.77728591694613,5.32% (95% CI 4.90~5.78),d6e5c650fb4d6d241a554f896de38205ac2c890bfa442f4f9cb2749c70b5f261,19,66cfbf9
deck,S19,"P2 first 10,000 trials, 2020 V2 cell, M1",results/oc_models/type1_models.csv,"pk_model=='k2020' & scenario=='V2_up_080' & analysis_model=='M1' & config=='P2' :: pass_pct_10k [lo_10k, hi_10k]",5.74000000000000; 5.30086848721034; 6.21312304856195,5.74% (95% CI 5.30~6.21),d6e5c650fb4d6d241a554f896de38205ac2c890bfa442f4f9cb2749c70b5f261,19,66cfbf9
deck,S19,"P2 first 10,000 trials, 2020 V2 cell, M2",results/oc_models/type1_models.csv,"pk_model=='k2020' & scenario=='V2_up_080' & analysis_model=='M2' & config=='P2' :: pass_pct_10k [lo_10k, hi_10k]",5.83000000000000; 5.38749733517519; 6.30642508089038,5.83% (95% CI 5.39~6.31),d6e5c650fb4d6d241a554f896de38205ac2c890bfa442f4f9cb2749c70b5f261,19,66cfbf9
deck,S19,"P2 class at the first 10,000 trials, M0",results/oc_models/type1_models.csv,pk_model=='k2020' & scenario=='V2_up_080' & analysis_model=='M0' & config=='P2' :: class_10k,nominal,nominal,d6e5c650fb4d6d241a554f896de38205ac2c890bfa442f4f9cb2749c70b5f261,19,66cfbf9
deck,S19,"P2 class at the first 10,000 trials, M1",results/oc_models/type1_models.csv,pk_model=='k2020' & scenario=='V2_up_080' & analysis_model=='M1' & config=='P2' :: class_10k,exceeding,exceeding,d6e5c650fb4d6d241a554f896de38205ac2c890bfa442f4f9cb2749c70b5f261,19,66cfbf9
deck,S19,"P2 class at the first 10,000 trials, M2",results/oc_models/type1_models.csv,pk_model=='k2020' & scenario=='V2_up_080' & analysis_model=='M2' & config=='P2' :: class_10k,exceeding,exceeding,d6e5c650fb4d6d241a554f896de38205ac2c890bfa442f4f9cb2749c70b5f261,19,66cfbf9
deck,S19,"AUC0-last bias with 95% interval, M1",results/oc_models/p2_decomposition_models.csv,"pk_model=='k2020' & mechanism=='V2' & analysis_model=='M1' :: auclast_bias_pct [auclast_bias_lo_pct, auclast_bias_hi_pct]",0.411740547589035; 0.338789970045039; 0.484744163312634,0.41% (95% CI 0.34~0.48),fe790d12806d3723abd2f8487d6f987498b247683354cade26ddb18fc6217f2f,19,66cfbf9
deck,S19,"AUC0-last bias with 95% interval, M0",results/oc_models/p2_decomposition_models.csv,"pk_model=='k2020' & mechanism=='V2' & analysis_model=='M0' :: auclast_bias_pct [auclast_bias_lo_pct, auclast_bias_hi_pct]",0.412047249423009; 0.339079428008282; 0.485068133941269,0.41% (95% CI 0.34~0.49),fe790d12806d3723abd2f8487d6f987498b247683354cade26ddb18fc6217f2f,19,66cfbf9
deck,S19,unbiased reference M0,results/oc_models/p2_decomposition_models.csv,pk_model=='k2020' & mechanism=='V2' & analysis_model=='M0' :: ref_pct,4.585,4.59%,fe790d12806d3723abd2f8487d6f987498b247683354cade26ddb18fc6217f2f,19,66cfbf9
deck,S19,2020 V2 unbiased reference M1,results/oc_models/p2_decomposition_models.csv,pk_model=='k2020' & mechanism=='V2' & analysis_model=='M1' :: ref_pct,4.94,4.94%,fe790d12806d3723abd2f8487d6f987498b247683354cade26ddb18fc6217f2f,19,66cfbf9
deck,S19,2020 V2 AUC0-last alone M1,results/oc_models/p2_decomposition_models.csv,pk_model=='k2020' & mechanism=='V2' & analysis_model=='M1' :: auclast_pct,5.645,5.65%,fe790d12806d3723abd2f8487d6f987498b247683354cade26ddb18fc6217f2f,19,66cfbf9
deck,S19,"SD/SE of the unbiased reference, M0",results/oc_models/p2_decomposition_models.csv,pk_model=='k2020' & mechanism=='V2' & analysis_model=='M0' :: ref_sd_se,0.970820258872137,0.971,fe790d12806d3723abd2f8487d6f987498b247683354cade26ddb18fc6217f2f,19,66cfbf9
deck,S19,"SD/SE of the unbiased reference, M1",results/oc_models/p2_decomposition_models.csv,pk_model=='k2020' & mechanism=='V2' & analysis_model=='M1' :: ref_sd_se,0.997704815132203,0.998,fe790d12806d3723abd2f8487d6f987498b247683354cade26ddb18fc6217f2f,19,66cfbf9
deck,S19,"G2_A_i, 2020 V2 cell, M1",results/criteria/criteria_g2_type1.csv,pk_model=='k2020' & scenario=='V2_up_080' & analysis_model=='M1' & config=='G2_A_i' :: pass_pct,2.57,2.57%,b450c534a36e2e03b49bad2427de6317153e3b71210dce8caab616e43ef64981,19,66cfbf9
deck,S19,"G2_A_ii, 2020 V2 cell, M1",results/criteria/criteria_g2_type1.csv,pk_model=='k2020' & scenario=='V2_up_080' & analysis_model=='M1' & config=='G2_A_ii' :: pass_pct,1.28,1.28%,b450c534a36e2e03b49bad2427de6317153e3b71210dce8caab616e43ef64981,19,66cfbf9
deck,S19,"G2_A_iii, 2020 V2 cell, M1",results/criteria/criteria_g2_type1.csv,pk_model=='k2020' & scenario=='V2_up_080' & analysis_model=='M1' & config=='G2_A_iii' :: pass_pct,2.13,2.13%,b450c534a36e2e03b49bad2427de6317153e3b71210dce8caab616e43ef64981,19,66cfbf9
deck,S19,"G2_A_iv, 2020 V2 cell, M1",results/criteria/criteria_g2_type1.csv,pk_model=='k2020' & scenario=='V2_up_080' & analysis_model=='M1' & config=='G2_A_iv' :: pass_pct,1.065,1.07%,b450c534a36e2e03b49bad2427de6317153e3b71210dce8caab616e43ef64981,19,66cfbf9
deck,S19,"G2_B, 2020 V2 cell, M1",results/criteria/criteria_g2_type1.csv,pk_model=='k2020' & scenario=='V2_up_080' & analysis_model=='M1' & config=='G2_B' :: pass_pct,4.035,4.04%,b450c534a36e2e03b49bad2427de6317153e3b71210dce8caab616e43ef64981,19,66cfbf9
deck,S19,"G2_C_i, 2020 V2 cell, M1",results/criteria/criteria_g2_type1.csv,pk_model=='k2020' & scenario=='V2_up_080' & analysis_model=='M1' & config=='G2_C_i' :: pass_pct,5.055,5.06%,b450c534a36e2e03b49bad2427de6317153e3b71210dce8caab616e43ef64981,19,66cfbf9
deck,S19,"G2_C_ii, 2020 V2 cell, M1",results/criteria/criteria_g2_type1.csv,pk_model=='k2020' & scenario=='V2_up_080' & analysis_model=='M1' & config=='G2_C_ii' :: pass_pct,5.39,5.39%,b450c534a36e2e03b49bad2427de6317153e3b71210dce8caab616e43ef64981,19,66cfbf9
deck,S19,"G2_C_iii, 2020 V2 cell, M1",results/criteria/criteria_g2_type1.csv,pk_model=='k2020' & scenario=='V2_up_080' & analysis_model=='M1' & config=='G2_C_iii' :: pass_pct,5.645,5.65%,b450c534a36e2e03b49bad2427de6317153e3b71210dce8caab616e43ef64981,19,66cfbf9
deck,S19,"G2_C_iv, 2020 V2 cell, M1",results/criteria/criteria_g2_type1.csv,pk_model=='k2020' & scenario=='V2_up_080' & analysis_model=='M1' & config=='G2_C_iv' :: pass_pct,6.645,6.65%,b450c534a36e2e03b49bad2427de6317153e3b71210dce8caab616e43ef64981,19,66cfbf9
deck,S19,"G2_A_i, 2020 V2 cell, M0",results/criteria/criteria_g2_type1.csv,pk_model=='k2020' & scenario=='V2_up_080' & analysis_model=='M0' & config=='G2_A_i' :: pass_pct,2.295,2.30%,b450c534a36e2e03b49bad2427de6317153e3b71210dce8caab616e43ef64981,19,66cfbf9
deck,S19,"G2_A_ii, 2020 V2 cell, M0",results/criteria/criteria_g2_type1.csv,pk_model=='k2020' & scenario=='V2_up_080' & analysis_model=='M0' & config=='G2_A_ii' :: pass_pct,1.06,1.06%,b450c534a36e2e03b49bad2427de6317153e3b71210dce8caab616e43ef64981,19,66cfbf9
deck,S19,"G2_A_iii, 2020 V2 cell, M0",results/criteria/criteria_g2_type1.csv,pk_model=='k2020' & scenario=='V2_up_080' & analysis_model=='M0' & config=='G2_A_iii' :: pass_pct,1.855,1.86%,b450c534a36e2e03b49bad2427de6317153e3b71210dce8caab616e43ef64981,19,66cfbf9
deck,S19,"G2_A_iv, 2020 V2 cell, M0",results/criteria/criteria_g2_type1.csv,pk_model=='k2020' & scenario=='V2_up_080' & analysis_model=='M0' & config=='G2_A_iv' :: pass_pct,0.935,0.94%,b450c534a36e2e03b49bad2427de6317153e3b71210dce8caab616e43ef64981,19,66cfbf9
deck,S19,"G2_B, 2020 V2 cell, M0",results/criteria/criteria_g2_type1.csv,pk_model=='k2020' & scenario=='V2_up_080' & analysis_model=='M0' & config=='G2_B' :: pass_pct,3.71,3.71%,b450c534a36e2e03b49bad2427de6317153e3b71210dce8caab616e43ef64981,19,66cfbf9
deck,S19,"G2_C_i, 2020 V2 cell, M0",results/criteria/criteria_g2_type1.csv,pk_model=='k2020' & scenario=='V2_up_080' & analysis_model=='M0' & config=='G2_C_i' :: pass_pct,4.625,4.63%,b450c534a36e2e03b49bad2427de6317153e3b71210dce8caab616e43ef64981,19,66cfbf9
deck,S19,"G2_C_ii, 2020 V2 cell, M0",results/criteria/criteria_g2_type1.csv,pk_model=='k2020' & scenario=='V2_up_080' & analysis_model=='M0' & config=='G2_C_ii' :: pass_pct,5.005,5.01%,b450c534a36e2e03b49bad2427de6317153e3b71210dce8caab616e43ef64981,19,66cfbf9
deck,S19,"G2_C_iii, 2020 V2 cell, M0",results/criteria/criteria_g2_type1.csv,pk_model=='k2020' & scenario=='V2_up_080' & analysis_model=='M0' & config=='G2_C_iii' :: pass_pct,5.205,5.21%,b450c534a36e2e03b49bad2427de6317153e3b71210dce8caab616e43ef64981,19,66cfbf9
deck,S19,"G2_C_iv, 2020 V2 cell, M0",results/criteria/criteria_g2_type1.csv,pk_model=='k2020' & scenario=='V2_up_080' & analysis_model=='M0' & config=='G2_C_iv' :: pass_pct,6.05,6.05%,b450c534a36e2e03b49bad2427de6317153e3b71210dce8caab616e43ef64981,19,66cfbf9
deck,S19,"NCA AUC0-inf GMR bias, A_i, 2020 V2 cell, M1",results/criteria/criteria_bias.csv,pk_model=='k2020' & scenario=='V2_up_080' & analysis_model=='M1' & config=='A_i' :: bias_pct,-1.5108022715293,-1.51%,bc5ff89ec184d87a6cf94f6b56fe05cf2769267911df0b6e6b64f6f5c9660481,19,66cfbf9
deck,S19,"NCA AUC0-inf GMR bias, A_ii, 2020 V2 cell, M1",results/criteria/criteria_bias.csv,pk_model=='k2020' & scenario=='V2_up_080' & analysis_model=='M1' & config=='A_ii' :: bias_pct,-3.11610927430175,-3.12%,bc5ff89ec184d87a6cf94f6b56fe05cf2769267911df0b6e6b64f6f5c9660481,19,66cfbf9
deck,S19,"NCA AUC0-inf GMR bias, A_iii, 2020 V2 cell, M1",results/criteria/criteria_bias.csv,pk_model=='k2020' & scenario=='V2_up_080' & analysis_model=='M1' & config=='A_iii' :: bias_pct,-2.11388217208068,-2.11%,bc5ff89ec184d87a6cf94f6b56fe05cf2769267911df0b6e6b64f6f5c9660481,19,66cfbf9
deck,S19,"NCA AUC0-inf GMR bias, A_iv, 2020 V2 cell, M1",results/criteria/criteria_bias.csv,pk_model=='k2020' & scenario=='V2_up_080' & analysis_model=='M1' & config=='A_iv' :: bias_pct,-5.46459197511898,-5.46%,bc5ff89ec184d87a6cf94f6b56fe05cf2769267911df0b6e6b64f6f5c9660481,19,66cfbf9
deck,S19,"NCA AUC0-inf GMR bias, B, 2020 V2 cell, M1",results/criteria/criteria_bias.csv,pk_model=='k2020' & scenario=='V2_up_080' & analysis_model=='M1' & config=='B' :: bias_pct,-0.458431017397831,-0.46%,bc5ff89ec184d87a6cf94f6b56fe05cf2769267911df0b6e6b64f6f5c9660481,19,66cfbf9
deck,S19,"NCA AUC0-inf GMR bias, C_i, 2020 V2 cell, M1",results/criteria/criteria_bias.csv,pk_model=='k2020' & scenario=='V2_up_080' & analysis_model=='M1' & config=='C_i' :: bias_pct,0.138956975800553,0.14%,bc5ff89ec184d87a6cf94f6b56fe05cf2769267911df0b6e6b64f6f5c9660481,19,66cfbf9
deck,S19,"NCA AUC0-inf GMR bias, C_ii, 2020 V2 cell, M1",results/criteria/criteria_bias.csv,pk_model=='k2020' & scenario=='V2_up_080' & analysis_model=='M1' & config=='C_ii' :: bias_pct,0.312708370229364,0.31%,bc5ff89ec184d87a6cf94f6b56fe05cf2769267911df0b6e6b64f6f5c9660481,19,66cfbf9
deck,S19,"NCA AUC0-inf GMR bias, C_iii, 2020 V2 cell, M1",results/criteria/criteria_bias.csv,pk_model=='k2020' & scenario=='V2_up_080' & analysis_model=='M1' & config=='C_iii' :: bias_pct,0.45271871326753,0.45%,bc5ff89ec184d87a6cf94f6b56fe05cf2769267911df0b6e6b64f6f5c9660481,19,66cfbf9
deck,S19,"NCA AUC0-inf GMR bias, C_iv, 2020 V2 cell, M1",results/criteria/criteria_bias.csv,pk_model=='k2020' & scenario=='V2_up_080' & analysis_model=='M1' & config=='C_iv' :: bias_pct,0.836499920999279,0.84%,bc5ff89ec184d87a6cf94f6b56fe05cf2769267911df0b6e6b64f6f5c9660481,19,66cfbf9
deck,S19,M1 G2_Ci boundary cells above 5% (point),results/oc_models/type1_models.csv,count of rows [analysis_model=='M1' & config=='G2_Ci' & pass_pct > 5],1,1,d6e5c650fb4d6d241a554f896de38205ac2c890bfa442f4f9cb2749c70b5f261,19,66cfbf9
deck,S19,M1 G2_Ci boundary cells above 5% (Wilson lower bound),results/oc_models/type1_models.csv,count of rows [analysis_model=='M1' & config=='G2_Ci' & lo > 5],0,0,d6e5c650fb4d6d241a554f896de38205ac2c890bfa442f4f9cb2749c70b5f261,19,66cfbf9
deck,S19,M1 rule C (ii) cells above 5% (point),results/criteria/criteria_g2_type1.csv,count of rows [analysis_model=='M1' & config=='G2_C_ii' & pass_pct > 5],1,1,b450c534a36e2e03b49bad2427de6317153e3b71210dce8caab616e43ef64981,19,66cfbf9
deck,S19,"unbiased reference, 2016 ka down, M1",results/oc_models/type1_models.csv,pk_model=='k2016' & scenario=='ka_down_080' & analysis_model=='M1' & config=='AUCinf_true_only' :: pass_pct,5.6,5.60%,d6e5c650fb4d6d241a554f896de38205ac2c890bfa442f4f9cb2749c70b5f261,19,66cfbf9
deck,S19,"unbiased reference, 2020 ka down, M1",results/oc_models/type1_models.csv,pk_model=='k2020' & scenario=='ka_down_080' & analysis_model=='M1' & config=='AUCinf_true_only' :: pass_pct,5.83,5.83%,d6e5c650fb4d6d241a554f896de38205ac2c890bfa442f4f9cb2749c70b5f261,19,66cfbf9
deck,S19,"P2 in the ka down cells, M1",results/oc_models/type1_models.csv,range over 2 rows [scenario=='ka_down_080' & analysis_model=='M1' & config=='P2'] :: pass_pct,0; 0,0.00%,d6e5c650fb4d6d241a554f896de38205ac2c890bfa442f4f9cb2749c70b5f261,19,66cfbf9
deck,S19,"M1 unbiased reference, boundary cells above 5% (point)",results/oc_models/type1_models.csv,count of rows [analysis_model=='M1' & config=='AUCinf_true_only' & pass_pct > 5],7,7,d6e5c650fb4d6d241a554f896de38205ac2c890bfa442f4f9cb2749c70b5f261,19,66cfbf9
deck,S19,"M1 unbiased reference, boundary cells with Wilson lower bound above 5%",results/oc_models/type1_models.csv,count of rows [analysis_model=='M1' & config=='AUCinf_true_only' & lo > 5],2,2,d6e5c650fb4d6d241a554f896de38205ac2c890bfa442f4f9cb2749c70b5f261,19,66cfbf9
deck,S19,registered expectation for the V2 cell (criterion),results/oc_models/expectations_check.csv,"grepl('V2', expectation) :: criterion",point estimate within 5.6 +/- 0.3%,point estimate within 5.6 +/- 0.3%,3417c73131fb92b038dd71cb8d60cdb5fa7a74af926c695bc788832d6c95972c,19,66cfbf9
deck,S19,registered expectation consistent,results/oc_models/expectations_check.csv,"grepl('V2', expectation) :: consistent",TRUE,TRUE,3417c73131fb92b038dd71cb8d60cdb5fa7a74af926c695bc788832d6c95972c,19,66cfbf9
deck,S20,"schedule B0, last (study day = days after dose + 1)",config/trial_design.yaml,schedules.B0.days :: last, 1.25;  2.00;  4.00;  6.00;  8.00; 11.00; 15.00; 22.00; 29.00; 36.00; 43.00; 50.00; 57.00,57,553eceab74155a3497fef1ab587f3b8d2be1319704e17ae1f0e177601726e84f,20,66cfbf9
deck,S20,"schedule B0, n (study day = days after dose + 1)",config/trial_design.yaml,schedules.B0.days :: n, 1.25;  2.00;  4.00;  6.00;  8.00; 11.00; 15.00; 22.00; 29.00; 36.00; 43.00; 50.00; 57.00,13,553eceab74155a3497fef1ab587f3b8d2be1319704e17ae1f0e177601726e84f,20,66cfbf9
deck,S20,candidate schedules (added or removed samples),results/trials/schedule_decision_base.csv,count of rows [TRUE],5,5,bb5709b29d60a28b0000e996758cf03adbad65869efe5c1b5a409f05aff0e0ea,20,66cfbf9
deck,S20,criterion (a) threshold (%),config/trial_design.yaml,decision_rule.ci_width_mean_rel_decrease_min,0.02,2,553eceab74155a3497fef1ab587f3b8d2be1319704e17ae1f0e177601726e84f,20,66cfbf9
deck,S20,criterion (b) threshold (points),config/trial_design.yaml,decision_rule.ke110_pass_gain_pp_min,2,2,553eceab74155a3497fef1ab587f3b8d2be1319704e17ae1f0e177601726e84f,20,66cfbf9
deck,S20,criterion (c) threshold (points),config/trial_design.yaml,decision_rule.reliability_gain_pp_min,5,5,553eceab74155a3497fef1ab587f3b8d2be1319704e17ae1f0e177601726e84f,20,66cfbf9
deck,S20,criterion (d) threshold (ratio to B0),config/trial_design.yaml,decision_rule.extrap_gt20_ratio_max,0.5,0.5,553eceab74155a3497fef1ab587f3b8d2be1319704e17ae1f0e177601726e84f,20,66cfbf9
deck,S20,NCA extrapolation flag threshold (%),config/nca_rules.yaml,standard.reliability.extrap_max_pct,20,20,0f53d9e003bf1df504df24201f06301cabe423babd1078def5c5a4b3b2c1db94,20,66cfbf9
deck,S20,confidence level of the equivalence CI (%),config/trial_design.yaml,be.ci_level,0.9,90,553eceab74155a3497fef1ab587f3b8d2be1319704e17ae1f0e177601726e84f,20,66cfbf9
deck,S20,ke multiplier of the scenario for criterion (b),config/scenarios.yaml,scenarios.KE110.T_multipliers.ke,1.1,1.10,7243c4f34f21614eccae4c143ba05b8a9eb9183a76770cfce7153ef30a5dc17c,20,66cfbf9
deck,S20,added visits per added sample point,config/trial_design.yaml,decision_rule.cost_per_added_point.subjects,260,260,553eceab74155a3497fef1ab587f3b8d2be1319704e17ae1f0e177601726e84f,20,66cfbf9
deck,S20,schedule D1: study days added relative to B0,config/trial_design.yaml,"setdiff(D1, B0) :: schedules.D1.days + 1",39; 46,"39, 46",553eceab74155a3497fef1ab587f3b8d2be1319704e17ae1f0e177601726e84f,20,66cfbf9
deck,S20,schedule D2: study days added relative to B0,config/trial_design.yaml,"setdiff(D2, B0) :: schedules.D2.days + 1",39; 46; 53,"39, 46, 53",553eceab74155a3497fef1ab587f3b8d2be1319704e17ae1f0e177601726e84f,20,66cfbf9
deck,S20,schedule D3: study days added relative to B0,config/trial_design.yaml,"setdiff(D3, B0) :: schedules.D3.days + 1",32; 39; 46; 53,"32, 39, 46, 53",553eceab74155a3497fef1ab587f3b8d2be1319704e17ae1f0e177601726e84f,20,66cfbf9
deck,S20,schedule D4: study days added relative to B0,config/trial_design.yaml,"setdiff(D4, B0) :: schedules.D4.days + 1",40; 47,"40, 47",553eceab74155a3497fef1ab587f3b8d2be1319704e17ae1f0e177601726e84f,20,66cfbf9
deck,S20,schedule Bminus: study days removed relative to B0,config/trial_design.yaml,"setdiff(B0, Bminus) :: schedules.Bminus.days + 1",50,50,553eceab74155a3497fef1ab587f3b8d2be1319704e17ae1f0e177601726e84f,20,66cfbf9
deck,S20,"added visits, D1",results/trials/schedule_decision_base.csv,schedule=='D1' :: added_visits_total,520,520,bb5709b29d60a28b0000e996758cf03adbad65869efe5c1b5a409f05aff0e0ea,20,66cfbf9
deck,S20,"added visits, D2",results/trials/schedule_decision_base.csv,schedule=='D2' :: added_visits_total,780,780,bb5709b29d60a28b0000e996758cf03adbad65869efe5c1b5a409f05aff0e0ea,20,66cfbf9
deck,S20,"added visits, D3",results/trials/schedule_decision_base.csv,schedule=='D3' :: added_visits_total,1040,"1,040",bb5709b29d60a28b0000e996758cf03adbad65869efe5c1b5a409f05aff0e0ea,20,66cfbf9
deck,S20,"added visits, D4",results/trials/schedule_decision_base.csv,schedule=='D4' :: added_visits_total,520,520,bb5709b29d60a28b0000e996758cf03adbad65869efe5c1b5a409f05aff0e0ea,20,66cfbf9
deck,S20,"added visits, Bminus",results/trials/schedule_decision_base.csv,schedule=='Bminus' :: added_visits_total,-260,-260,bb5709b29d60a28b0000e996758cf03adbad65869efe5c1b5a409f05aff0e0ea,20,66cfbf9
deck,S20,"(a) relative decrease of mean AUC0-last CI width (%), schedule D1, k2016",results/trials/schedule_decision_base.csv,schedule == 'D1' :: a_mean_width_rel_decrease x 100,-0.394404162593442,-0.39,bb5709b29d60a28b0000e996758cf03adbad65869efe5c1b5a409f05aff0e0ea,20,66cfbf9
deck,S20,"(a) relative decrease of mean AUC0-last CI width (%), schedule D1, k2020",results/trials/schedule_decision_struct2020.csv,schedule == 'D1' :: a_mean_width_rel_decrease x 100,-0.323886559642728,-0.32,70bc8a9b917c13c9bc847019895ddbb39edfcdd0a79c123d1f7466d18ba8234d,20,66cfbf9
deck,S20,"(a) relative decrease of mean AUC0-last CI width (%), schedule D2, k2016",results/trials/schedule_decision_base.csv,schedule == 'D2' :: a_mean_width_rel_decrease x 100,-0.469827264197686,-0.47,bb5709b29d60a28b0000e996758cf03adbad65869efe5c1b5a409f05aff0e0ea,20,66cfbf9
deck,S20,"(a) relative decrease of mean AUC0-last CI width (%), schedule D2, k2020",results/trials/schedule_decision_struct2020.csv,schedule == 'D2' :: a_mean_width_rel_decrease x 100,-0.425307911937156,-0.43,70bc8a9b917c13c9bc847019895ddbb39edfcdd0a79c123d1f7466d18ba8234d,20,66cfbf9
deck,S20,"(a) relative decrease of mean AUC0-last CI width (%), schedule D3, k2016",results/trials/schedule_decision_base.csv,schedule == 'D3' :: a_mean_width_rel_decrease x 100,-0.128432702940717,-0.13,bb5709b29d60a28b0000e996758cf03adbad65869efe5c1b5a409f05aff0e0ea,20,66cfbf9
deck,S20,"(a) relative decrease of mean AUC0-last CI width (%), schedule D3, k2020",results/trials/schedule_decision_struct2020.csv,schedule == 'D3' :: a_mean_width_rel_decrease x 100,0.0569693833152196,0.06,70bc8a9b917c13c9bc847019895ddbb39edfcdd0a79c123d1f7466d18ba8234d,20,66cfbf9
deck,S20,"(a) relative decrease of mean AUC0-last CI width (%), schedule D4, k2016",results/trials/schedule_decision_base.csv,schedule == 'D4' :: a_mean_width_rel_decrease x 100,-0.400990067934548,-0.40,bb5709b29d60a28b0000e996758cf03adbad65869efe5c1b5a409f05aff0e0ea,20,66cfbf9
deck,S20,"(a) relative decrease of mean AUC0-last CI width (%), schedule D4, k2020",results/trials/schedule_decision_struct2020.csv,schedule == 'D4' :: a_mean_width_rel_decrease x 100,-0.341526042506746,-0.34,70bc8a9b917c13c9bc847019895ddbb39edfcdd0a79c123d1f7466d18ba8234d,20,66cfbf9
deck,S20,"(a) relative decrease of mean AUC0-last CI width (%), schedule Bminus, k2016",results/trials/schedule_decision_base.csv,schedule == 'Bminus' :: a_mean_width_rel_decrease x 100,0.685158972985667,0.69,bb5709b29d60a28b0000e996758cf03adbad65869efe5c1b5a409f05aff0e0ea,20,66cfbf9
deck,S20,"(a) relative decrease of mean AUC0-last CI width (%), schedule Bminus, k2020",results/trials/schedule_decision_struct2020.csv,schedule == 'Bminus' :: a_mean_width_rel_decrease x 100,0.869579481832705,0.87,70bc8a9b917c13c9bc847019895ddbb39edfcdd0a79c123d1f7466d18ba8234d,20,66cfbf9
deck,S20,"(b) AUC0-last pass change at ke x1.10 (points), schedule D1, k2016",results/trials/schedule_decision_base.csv,schedule == 'D1' :: b_ke110_gain_pp,-0.400000000000006,-0.4,bb5709b29d60a28b0000e996758cf03adbad65869efe5c1b5a409f05aff0e0ea,20,66cfbf9
deck,S20,"(b) AUC0-last pass change at ke x1.10 (points), schedule D1, k2020",results/trials/schedule_decision_struct2020.csv,schedule == 'D1' :: b_ke110_gain_pp,-0.399999999999991,-0.4,70bc8a9b917c13c9bc847019895ddbb39edfcdd0a79c123d1f7466d18ba8234d,20,66cfbf9
deck,S20,"(b) AUC0-last pass change at ke x1.10 (points), schedule D2, k2016",results/trials/schedule_decision_base.csv,schedule == 'D2' :: b_ke110_gain_pp,-0.400000000000006,-0.4,bb5709b29d60a28b0000e996758cf03adbad65869efe5c1b5a409f05aff0e0ea,20,66cfbf9
deck,S20,"(b) AUC0-last pass change at ke x1.10 (points), schedule D2, k2020",results/trials/schedule_decision_struct2020.csv,schedule == 'D2' :: b_ke110_gain_pp,-0.399999999999991,-0.4,70bc8a9b917c13c9bc847019895ddbb39edfcdd0a79c123d1f7466d18ba8234d,20,66cfbf9
deck,S20,"(b) AUC0-last pass change at ke x1.10 (points), schedule D3, k2016",results/trials/schedule_decision_base.csv,schedule == 'D3' :: b_ke110_gain_pp,-0.200000000000003,-0.2,bb5709b29d60a28b0000e996758cf03adbad65869efe5c1b5a409f05aff0e0ea,20,66cfbf9
deck,S20,"(b) AUC0-last pass change at ke x1.10 (points), schedule D3, k2020",results/trials/schedule_decision_struct2020.csv,schedule == 'D3' :: b_ke110_gain_pp,0,0.0,70bc8a9b917c13c9bc847019895ddbb39edfcdd0a79c123d1f7466d18ba8234d,20,66cfbf9
deck,S20,"(b) AUC0-last pass change at ke x1.10 (points), schedule D4, k2016",results/trials/schedule_decision_base.csv,schedule == 'D4' :: b_ke110_gain_pp,0,0.0,bb5709b29d60a28b0000e996758cf03adbad65869efe5c1b5a409f05aff0e0ea,20,66cfbf9
deck,S20,"(b) AUC0-last pass change at ke x1.10 (points), schedule D4, k2020",results/trials/schedule_decision_struct2020.csv,schedule == 'D4' :: b_ke110_gain_pp,-0.399999999999991,-0.4,70bc8a9b917c13c9bc847019895ddbb39edfcdd0a79c123d1f7466d18ba8234d,20,66cfbf9
deck,S20,"(b) AUC0-last pass change at ke x1.10 (points), schedule Bminus, k2016",results/trials/schedule_decision_base.csv,schedule == 'Bminus' :: b_ke110_gain_pp,0.200000000000003,0.2,bb5709b29d60a28b0000e996758cf03adbad65869efe5c1b5a409f05aff0e0ea,20,66cfbf9
deck,S20,"(b) AUC0-last pass change at ke x1.10 (points), schedule Bminus, k2020",results/trials/schedule_decision_struct2020.csv,schedule == 'Bminus' :: b_ke110_gain_pp,0.400000000000006,0.4,70bc8a9b917c13c9bc847019895ddbb39edfcdd0a79c123d1f7466d18ba8234d,20,66cfbf9
deck,S20,"(c) reliability change, set (ii) (points), schedule D1, k2016",results/trials/schedule_decision_base.csv,schedule == 'D1' :: c_reliable_gain_pp,-0.595,-0.60,bb5709b29d60a28b0000e996758cf03adbad65869efe5c1b5a409f05aff0e0ea,20,66cfbf9
deck,S20,"(c) reliability change, set (ii) (points), schedule D1, k2020",results/trials/schedule_decision_struct2020.csv,schedule == 'D1' :: c_reliable_gain_pp,-3.11,-3.11,70bc8a9b917c13c9bc847019895ddbb39edfcdd0a79c123d1f7466d18ba8234d,20,66cfbf9
deck,S20,"(c) reliability change, set (ii) (points), schedule D2, k2016",results/trials/schedule_decision_base.csv,schedule == 'D2' :: c_reliable_gain_pp,-0.27,-0.27,bb5709b29d60a28b0000e996758cf03adbad65869efe5c1b5a409f05aff0e0ea,20,66cfbf9
deck,S20,"(c) reliability change, set (ii) (points), schedule D2, k2020",results/trials/schedule_decision_struct2020.csv,schedule == 'D2' :: c_reliable_gain_pp,-2.29,-2.29,70bc8a9b917c13c9bc847019895ddbb39edfcdd0a79c123d1f7466d18ba8234d,20,66cfbf9
deck,S20,"(c) reliability change, set (ii) (points), schedule D3, k2016",results/trials/schedule_decision_base.csv,schedule == 'D3' :: c_reliable_gain_pp,1.69,1.69,bb5709b29d60a28b0000e996758cf03adbad65869efe5c1b5a409f05aff0e0ea,20,66cfbf9
deck,S20,"(c) reliability change, set (ii) (points), schedule D3, k2020",results/trials/schedule_decision_struct2020.csv,schedule == 'D3' :: c_reliable_gain_pp,-1.935,-1.94,70bc8a9b917c13c9bc847019895ddbb39edfcdd0a79c123d1f7466d18ba8234d,20,66cfbf9
deck,S20,"(c) reliability change, set (ii) (points), schedule D4, k2016",results/trials/schedule_decision_base.csv,schedule == 'D4' :: c_reliable_gain_pp,-0.83,-0.83,bb5709b29d60a28b0000e996758cf03adbad65869efe5c1b5a409f05aff0e0ea,20,66cfbf9
deck,S20,"(c) reliability change, set (ii) (points), schedule D4, k2020",results/trials/schedule_decision_struct2020.csv,schedule == 'D4' :: c_reliable_gain_pp,-3.5,-3.50,70bc8a9b917c13c9bc847019895ddbb39edfcdd0a79c123d1f7466d18ba8234d,20,66cfbf9
deck,S20,"(c) reliability change, set (ii) (points), schedule Bminus, k2016",results/trials/schedule_decision_base.csv,schedule == 'Bminus' :: c_reliable_gain_pp,-1.815,-1.82,bb5709b29d60a28b0000e996758cf03adbad65869efe5c1b5a409f05aff0e0ea,20,66cfbf9
deck,S20,"(c) reliability change, set (ii) (points), schedule Bminus, k2020",results/trials/schedule_decision_struct2020.csv,schedule == 'Bminus' :: c_reliable_gain_pp,-3.18,-3.18,70bc8a9b917c13c9bc847019895ddbb39edfcdd0a79c123d1f7466d18ba8234d,20,66cfbf9
deck,S20,"(d) share with NCA extrapolation above 20%, ratio to B0, schedule D1, k2016",results/trials/schedule_decision_base.csv,schedule == 'D1' :: d_extrap20_ratio,0.920922469436368,0.92,bb5709b29d60a28b0000e996758cf03adbad65869efe5c1b5a409f05aff0e0ea,20,66cfbf9
deck,S20,"(d) share with NCA extrapolation above 20%, ratio to B0, schedule D1, k2020",results/trials/schedule_decision_struct2020.csv,schedule == 'D1' :: d_extrap20_ratio,0.968603810362173,0.97,70bc8a9b917c13c9bc847019895ddbb39edfcdd0a79c123d1f7466d18ba8234d,20,66cfbf9
deck,S20,"(d) share with NCA extrapolation above 20%, ratio to B0, schedule D2, k2016",results/trials/schedule_decision_base.csv,schedule == 'D2' :: d_extrap20_ratio,0.930177971641755,0.93,bb5709b29d60a28b0000e996758cf03adbad65869efe5c1b5a409f05aff0e0ea,20,66cfbf9
deck,S20,"(d) share with NCA extrapolation above 20%, ratio to B0, schedule D2, k2020",results/trials/schedule_decision_struct2020.csv,schedule == 'D2' :: d_extrap20_ratio,0.97485286720322,0.97,70bc8a9b917c13c9bc847019895ddbb39edfcdd0a79c123d1f7466d18ba8234d,20,66cfbf9
deck,S20,"(d) share with NCA extrapolation above 20%, ratio to B0, schedule D3, k2016",results/trials/schedule_decision_base.csv,schedule == 'D3' :: d_extrap20_ratio,0.598722744752727,0.60,bb5709b29d60a28b0000e996758cf03adbad65869efe5c1b5a409f05aff0e0ea,20,66cfbf9
deck,S20,"(d) share with NCA extrapolation above 20%, ratio to B0, schedule D3, k2020",results/trials/schedule_decision_struct2020.csv,schedule == 'D3' :: d_extrap20_ratio,0.685568529574074,0.69,70bc8a9b917c13c9bc847019895ddbb39edfcdd0a79c123d1f7466d18ba8234d,20,66cfbf9
deck,S20,"(d) share with NCA extrapolation above 20%, ratio to B0, schedule D4, k2016",results/trials/schedule_decision_base.csv,schedule == 'D4' :: d_extrap20_ratio,0.925644118299087,0.93,bb5709b29d60a28b0000e996758cf03adbad65869efe5c1b5a409f05aff0e0ea,20,66cfbf9
deck,S20,"(d) share with NCA extrapolation above 20%, ratio to B0, schedule D4, k2020",results/trials/schedule_decision_struct2020.csv,schedule == 'D4' :: d_extrap20_ratio,0.97485286720322,0.97,70bc8a9b917c13c9bc847019895ddbb39edfcdd0a79c123d1f7466d18ba8234d,20,66cfbf9
deck,S20,"(d) share with NCA extrapolation above 20%, ratio to B0, schedule Bminus, k2016",results/trials/schedule_decision_base.csv,schedule == 'Bminus' :: d_extrap20_ratio,1.2871676609117,1.29,bb5709b29d60a28b0000e996758cf03adbad65869efe5c1b5a409f05aff0e0ea,20,66cfbf9
deck,S20,"(d) share with NCA extrapolation above 20%, ratio to B0, schedule Bminus, k2020",results/trials/schedule_decision_struct2020.csv,schedule == 'Bminus' :: d_extrap20_ratio,1.29394529284492,1.29,70bc8a9b917c13c9bc847019895ddbb39edfcdd0a79c123d1f7466d18ba8234d,20,66cfbf9
deck,S20,"share above the LLOQ after study Day 58, k2016",results/cliff/cliff_summary.csv,model=='k2016' & weight=='base' :: lloq_after_day58_pct,2.47,2.5%,f853aba868c8cd024ca3a2c4a971159d7aece8f76fb8f2156c300c88e0dfd115,20,66cfbf9
deck,S20,"share above the LLOQ after study Day 58, k2020",results/cliff/cliff_summary.csv,model=='k2020' & weight=='base' :: lloq_after_day58_pct,4.595,4.6%,f853aba868c8cd024ca3a2c4a971159d7aece8f76fb8f2156c300c88e0dfd115,20,66cfbf9
deck,S20,"relative decrease of the mean AUC0-last CI width with added samples (%), range over D1 to D4, two models",results/trials/schedule_decision_struct2020.csv,whole object,NA,(table),70bc8a9b917c13c9bc847019895ddbb39edfcdd0a79c123d1f7466d18ba8234d,20,66cfbf9
deck,S20,"relative decrease of the mean AUC0-last CI width with added samples (%), range over D1 to D4, two models",results/trials/schedule_decision_base.csv,"range over trials/schedule_decision_base.csv and trials/schedule_decision_struct2020.csv [schedule %in% c('D1','D2','D3','D4')] :: a_mean_width_rel_decrease x 100",-0.4698272641976861;  0.0569693833152196,-0.47~+0.06,bb5709b29d60a28b0000e996758cf03adbad65869efe5c1b5a409f05aff0e0ea,20,66cfbf9
deck,S20,"largest relative decrease of the mean AUC0-last CI width with added samples (%), two models",results/trials/schedule_decision_struct2020.csv,whole object,NA,(table),70bc8a9b917c13c9bc847019895ddbb39edfcdd0a79c123d1f7466d18ba8234d,20,66cfbf9
deck,S20,"largest relative decrease of the mean AUC0-last CI width with added samples (%), two models",results/trials/schedule_decision_base.csv,"max over trials/schedule_decision_base.csv and trials/schedule_decision_struct2020.csv [schedule %in% c('D1','D2','D3','D4')] :: a_mean_width_rel_decrease x 100",0.0569693833152196,0.06,bb5709b29d60a28b0000e996758cf03adbad65869efe5c1b5a409f05aff0e0ea,20,66cfbf9
deck,S20,"largest reliability gain versus B0, set (i), trial population, D1 to D4",results/reliability/reliability_paired_vs_B0.csv,"max over 8 rows [variant %in% c('base','struct2020') & schedule %in% c('D1','D2','D3','D4')] :: gain_i_pp",2.755,2.76,25c664d815ff40194ca4fb53984e0c166bbf23a169e9c0533214cfb3d9385ecc,20,66cfbf9
deck,S20,"largest reliability gain versus B0, set (ii), trial population, D1 to D4",results/reliability/reliability_paired_vs_B0.csv,"max over 8 rows [variant %in% c('base','struct2020') & schedule %in% c('D1','D2','D3','D4')] :: gain_ii_pp",1.69,1.69,25c664d815ff40194ca4fb53984e0c166bbf23a169e9c0533214cfb3d9385ecc,20,66cfbf9
deck,S20,"(a) CI width decrease when Day 50 is removed (%), schedule Bminus, k2016",results/trials/schedule_decision_base.csv,schedule == 'Bminus' :: a_mean_width_rel_decrease x 100,0.685158972985667,0.69,bb5709b29d60a28b0000e996758cf03adbad65869efe5c1b5a409f05aff0e0ea,20,66cfbf9
deck,S20,"(a) CI width decrease when Day 50 is removed (%), schedule Bminus, k2020",results/trials/schedule_decision_struct2020.csv,schedule == 'Bminus' :: a_mean_width_rel_decrease x 100,0.869579481832705,0.87,70bc8a9b917c13c9bc847019895ddbb39edfcdd0a79c123d1f7466d18ba8234d,20,66cfbf9
deck,S20,"(d) ratio of the share above 20% extrapolation when Day 50 is removed, schedule Bminus, k2016",results/trials/schedule_decision_base.csv,schedule == 'Bminus' :: d_extrap20_ratio,1.2871676609117,1.29,bb5709b29d60a28b0000e996758cf03adbad65869efe5c1b5a409f05aff0e0ea,20,66cfbf9
deck,S20,"(d) ratio of the share above 20% extrapolation when Day 50 is removed, schedule Bminus, k2020",results/trials/schedule_decision_struct2020.csv,schedule == 'Bminus' :: d_extrap20_ratio,1.29394529284492,1.29,70bc8a9b917c13c9bc847019895ddbb39edfcdd0a79c123d1f7466d18ba8234d,20,66cfbf9
deck,S20,"(d) ratio of the share above 20% extrapolation when Day 50 is removed, same in both models, schedule Bminus, k2016",results/trials/schedule_decision_base.csv,schedule == 'Bminus' :: d_extrap20_ratio,1.2871676609117,1.29,bb5709b29d60a28b0000e996758cf03adbad65869efe5c1b5a409f05aff0e0ea,20,66cfbf9
deck,S20,"(d) ratio of the share above 20% extrapolation when Day 50 is removed, same in both models, schedule Bminus, k2020",results/trials/schedule_decision_struct2020.csv,schedule == 'Bminus' :: d_extrap20_ratio,1.29394529284492,1.29,70bc8a9b917c13c9bc847019895ddbb39edfcdd0a79c123d1f7466d18ba8234d,20,66cfbf9
deck,S20,"(c) reliability change, set (ii), when Day 50 is removed (points), schedule Bminus, k2016",results/trials/schedule_decision_base.csv,schedule == 'Bminus' :: c_reliable_gain_pp,-1.815,-1.82,bb5709b29d60a28b0000e996758cf03adbad65869efe5c1b5a409f05aff0e0ea,20,66cfbf9
deck,S20,"(c) reliability change, set (ii), when Day 50 is removed (points), schedule Bminus, k2020",results/trials/schedule_decision_struct2020.csv,schedule == 'Bminus' :: c_reliable_gain_pp,-3.18,-3.18,70bc8a9b917c13c9bc847019895ddbb39edfcdd0a79c123d1f7466d18ba8234d,20,66cfbf9
deck,S20,schedule Bminus: study days removed relative to B0,config/trial_design.yaml,"setdiff(B0, Bminus) :: schedules.Bminus.days + 1",50,50,553eceab74155a3497fef1ab587f3b8d2be1319704e17ae1f0e177601726e84f,20,66cfbf9
deck,S20,study-day threshold in column name lloq_after_day58_pct,results/cliff/cliff_summary.csv,column name lloq_after_day58_pct (100 x mean(t_lloq + 1 > 58)),58,58,f853aba868c8cd024ca3a2c4a971159d7aece8f76fb8f2156c300c88e0dfd115,20,66cfbf9
deck,S20,figure s20_lloq_tail,results/deck_inputs/cliff_lloq_day_hist.csv,whole object,NA,(figure),60dd9a04c306463b93585d116a967745a9b7e504bc01e1833f016cbed69777fc,20,66cfbf9
deck,S20,figure s20_lloq_tail,results/cliff/cliff_summary.csv,whole object,NA,(figure),f853aba868c8cd024ca3a2c4a971159d7aece8f76fb8f2156c300c88e0dfd115,20,66cfbf9
deck,S20,added visits per added sample point,config/trial_design.yaml,decision_rule.cost_per_added_point.subjects,260,260,553eceab74155a3497fef1ab587f3b8d2be1319704e17ae1f0e177601726e84f,20,66cfbf9
deck,S20,subjects per model and variant,config/trial_design.yaml,mc.n_individual,20000,"20,000",553eceab74155a3497fef1ab587f3b8d2be1319704e17ae1f0e177601726e84f,20,66cfbf9
deck,S20,trials per model and variant,config/trial_design.yaml,mc.n_trials,500,500,553eceab74155a3497fef1ab587f3b8d2be1319704e17ae1f0e177601726e84f,20,66cfbf9
deck,S20,schedule decision date,config/schedule_decision.yaml,decision_date,2026-09-24,2026-09-24,de62d815c54d33e4016ed7fdb535ede38ae9c0a6350ef8e7e0a26cb5dd9572b2,20,66cfbf9
deck,S20,"reliability change set (i), D3, k2016 (points)",results/reliability/reliability_paired_vs_B0.csv,"variant=='base' & schedule=='D3' :: gain_i_pp [gain_i_lo, gain_i_hi]",2.75500000000000; 2.24900717349969; 3.26099282650031,2.76%p (95% CI 2.25~3.26),25c664d815ff40194ca4fb53984e0c166bbf23a169e9c0533214cfb3d9385ecc,20,66cfbf9
deck,S20,"reliability change set (i), D3, k2020 (points)",results/reliability/reliability_paired_vs_B0.csv,variant=='struct2020' & schedule=='D3' :: gain_i_pp,1.235,1.24%p,25c664d815ff40194ca4fb53984e0c166bbf23a169e9c0533214cfb3d9385ecc,20,66cfbf9
deck,S20,"reliability change set (i), D1 to D4, two models (points)",results/reliability/reliability_paired_vs_B0.csv,"range over 8 rows [variant %in% c('base','struct2020') & schedule %in% c('D1','D2','D3','D4')] :: gain_i_pp",-1.015;  2.755,-1.02~2.76,25c664d815ff40194ca4fb53984e0c166bbf23a169e9c0533214cfb3d9385ecc,20,66cfbf9
deck,S20,"reliability change set (ii), D1 to D4, two models (points)",results/reliability/reliability_paired_vs_B0.csv,"range over 8 rows [variant %in% c('base','struct2020') & schedule %in% c('D1','D2','D3','D4')] :: gain_ii_pp",-3.50;  1.69,-3.50~1.69,25c664d815ff40194ca4fb53984e0c166bbf23a169e9c0533214cfb3d9385ecc,20,66cfbf9
deck,S20,"(d) D3 ratio, schedule D3, k2016",results/trials/schedule_decision_base.csv,schedule == 'D3' :: d_extrap20_ratio,0.598722744752727,0.60,bb5709b29d60a28b0000e996758cf03adbad65869efe5c1b5a409f05aff0e0ea,20,66cfbf9
deck,S20,"(d) D3 ratio, schedule D3, k2020",results/trials/schedule_decision_struct2020.csv,schedule == 'D3' :: d_extrap20_ratio,0.685568529574074,0.69,70bc8a9b917c13c9bc847019895ddbb39edfcdd0a79c123d1f7466d18ba8234d,20,66cfbf9
deck,S20,"(d) D3 ratio with bootstrap interval, base",results/trials/schedule_decision_base.csv,"schedule=='D3' :: d_extrap20_ratio [d_ratio_boot_lo, d_ratio_boot_hi]",0.598722744752727; 0.531635680379747; 0.668164129872370,0.60 (95% CI 0.53~0.67),bb5709b29d60a28b0000e996758cf03adbad65869efe5c1b5a409f05aff0e0ea,20,66cfbf9
deck,S20,"(d) D3 ratio with bootstrap interval, struct2020",results/trials/schedule_decision_struct2020.csv,"schedule=='D3' :: d_extrap20_ratio [d_ratio_boot_lo, d_ratio_boot_hi]",0.685568529574074; 0.612015429122469; 0.763513513513514,0.69 (95% CI 0.61~0.76),70bc8a9b917c13c9bc847019895ddbb39edfcdd0a79c123d1f7466d18ba8234d,20,66cfbf9
deck,S20,subjects in the criterion (d) re-evaluation,results/individual200k/criterion_d_200k_base.csv,TRUE :: n_subjects,200000,"200,000",ae9015b82606edeab44b551b30b253bc060edd5d5fcd2a4f923548bcc9fe6e32,20,66cfbf9
deck,S20,"criterion (d) at 200,000 subjects, D3, k2016",results/individual200k/criterion_d_200k_base.csv,"TRUE :: extrap_gt20_ratio [d_ratio_boot_lo, d_ratio_boot_hi]",0.603455914931325; 0.582527461102273; 0.624174182916104,0.603 (95% CI 0.583~0.624),ae9015b82606edeab44b551b30b253bc060edd5d5fcd2a4f923548bcc9fe6e32,20,66cfbf9
deck,S20,"criterion (d) at 200,000 subjects, D3, k2020",results/individual200k/criterion_d_200k_struct2020.csv,"TRUE :: extrap_gt20_ratio [d_ratio_boot_lo, d_ratio_boot_hi]",0.724619289340102; 0.701021329409390; 0.747976008460208,0.725 (95% CI 0.701~0.748),f601efcc96f1954c114480fc57501e4411e809d9381cbd5bf0969cff99b55827,20,66cfbf9
deck,S20,Vmax multiplier of the curvature variant (both arms),config/scenarios.yaml,sensitivity_variants.vmax080_both.theta_multipliers.Vmax,0.8,0.8,7243c4f34f21614eccae4c143ba05b8a9eb9183a76770cfce7153ef30a5dc17c,20,66cfbf9
deck,S20,"criterion (d), Vmax x0.8 both arms, D3, 20,000 subjects",results/trials/schedule_decision_vmax080_both.csv,"schedule=='D3' :: d_extrap20_ratio [d_ratio_boot_lo, d_ratio_boot_hi]",0.487589837193006; 0.370786516853933; 0.619606389986824,0.488 (95% CI 0.371~0.620),1ea1561a2930c1fa299e83a9c2d9c7cf506a1db065e95060788c03353b9f122f,20,66cfbf9
deck,S20,"criterion (d) at 200,000 subjects, Vmax x0.8 both arms, D3",results/individual200k/criterion_d_200k_vmax080_both.csv,"TRUE :: extrap_gt20_ratio [d_ratio_boot_lo, d_ratio_boot_hi]",0.586458333333333; 0.551760019136643; 0.622706419260514,0.586 (95% CI 0.552~0.623),fdedd0ac8373a2bebffc12896073e05d5c4926bce66c385376a5341f916f00fd,20,66cfbf9
deck,S20,"absolute change per arm at 200,000 subjects, Vmax x0.8, D3",results/individual200k/criterion_d_200k_vmax080_both.csv,TRUE :: d_abs_change_per_arm,-0.232245,-0.23,fdedd0ac8373a2bebffc12896073e05d5c4926bce66c385376a5341f916f00fd,20,66cfbf9
deck,S20,"added visits, D3",results/trials/schedule_decision_vmax080_both.csv,schedule=='D3' :: added_visits_total,1040,"1,040",1ea1561a2930c1fa299e83a9c2d9c7cf506a1db065e95060788c03353b9f122f,20,66cfbf9
deck,S20,"median study day at LLOQ, k2016",results/cliff/cliff_summary.csv,model=='k2016' & weight=='base' :: lloq_studyday_median,38.4647596937202,38.5,f853aba868c8cd024ca3a2c4a971159d7aece8f76fb8f2156c300c88e0dfd115,20,66cfbf9
deck,S20,"median study day at LLOQ, k2020",results/cliff/cliff_summary.csv,model=='k2020' & weight=='base' :: lloq_studyday_median,40.7685378859273,40.8,f853aba868c8cd024ca3a2c4a971159d7aece8f76fb8f2156c300c88e0dfd115,20,66cfbf9
deck,S20,"95th percentile study day at LLOQ, k2016",results/cliff/cliff_summary.csv,model=='k2016' & weight=='base' :: lloq_studyday_p95,54.2389099403096,54.2,f853aba868c8cd024ca3a2c4a971159d7aece8f76fb8f2156c300c88e0dfd115,20,66cfbf9
deck,S20,"95th percentile study day at LLOQ, k2020",results/cliff/cliff_summary.csv,model=='k2020' & weight=='base' :: lloq_studyday_p95,57.5793756314783,57.6,f853aba868c8cd024ca3a2c4a971159d7aece8f76fb8f2156c300c88e0dfd115,20,66cfbf9
deck,S20,"quantifiable at the last planned sample, k2016",results/individual/individual_base.csv,schedule=='B0' :: quant_at_last_pct,3.365,3.4%,5c179e48ba3a5c908bcd78bfb449b30935ade415d966b0df3980f0fce2f7e68f,20,66cfbf9
deck,S20,"quantifiable at the last planned sample, k2020",results/individual/individual_struct2020.csv,schedule=='B0' :: quant_at_last_pct,5.525,5.5%,5aa94fc8d551f498d33376bc799bf15be13e8d604a6a30c56c28218b2f444033,20,66cfbf9
deck,S20,"alternative weight distribution, truncation (kg), outside the trial population",config/trial_design.yaml,weight.sensitivity.trunc,50; 90,50~90,553eceab74155a3497fef1ab587f3b8d2be1319704e17ae1f0e177601726e84f,20,66cfbf9
deck,S21,nominal type I error per one-sided test (%) = (1 - be.ci_level) / 2,config/trial_design.yaml,be.ci_level :: (1 - x) / 2 x 100,5,5%,553eceab74155a3497fef1ab587f3b8d2be1319704e17ae1f0e177601726e84f,21,66cfbf9
deck,S21,"proportional residual, variant",results/trialpop/tp_residual_sensitivity.csv,variant=='resid12' & set=='iii' :: sigma_prop_pct,12,12%,860c21b7b69a4dd5e1e0ae43bef40eb83c308ae0d97f6e2bcf3a6f1c98454e09,21,66cfbf9
deck,S21,boundary cells per model,results/oc_models/type1_models.csv,count of rows [analysis_model=='M1' & config=='P2' & pk_model=='k2016'],8,8,d6e5c650fb4d6d241a554f896de38205ac2c890bfa442f4f9cb2749c70b5f261,21,66cfbf9
deck,S21,trials per boundary scenario (pre-specified),config/oc_design.yaml,trials.reps_boundary,10000,"10,000",629011b264fbc4c3f03f8a3989bac1f2711d49959f3268f5e8f758c80f93ea0a,21,66cfbf9
deck,S21,trials after extension,config/prereg_20260926.yaml,section1.extension.to,20000,"20,000",dc2c9f1bd4d62e13ad9f5f551dcf97eb7ee1359ba13aaa3af8efc063dfc6303e,21,66cfbf9
deck,S21,"largest P2 boundary type I error, k2016, M1",results/oc_models/type1_models.csv,max over 8 rows [analysis_model=='M1' & config=='P2' & pk_model=='k2016'] :: pass_pct,4.33,4.33%,d6e5c650fb4d6d241a554f896de38205ac2c890bfa442f4f9cb2749c70b5f261,21,66cfbf9
deck,S21,"largest P2 boundary type I error, k2020, M1",results/oc_models/type1_models.csv,max over 8 rows [analysis_model=='M1' & config=='P2' & pk_model=='k2020'] :: pass_pct,5.625,5.63%,d6e5c650fb4d6d241a554f896de38205ac2c890bfa442f4f9cb2749c70b5f261,21,66cfbf9
deck,S21,"M1 G2_Ai cells above 5%, k2016",results/oc_models/type1_models.csv,count of rows [analysis_model=='M1' & config=='G2_Ai' & pk_model=='k2016' & pass_pct > 5],6,6,d6e5c650fb4d6d241a554f896de38205ac2c890bfa442f4f9cb2749c70b5f261,21,66cfbf9
deck,S21,"M1 G2_Ai cells above 5%, k2020",results/oc_models/type1_models.csv,count of rows [analysis_model=='M1' & config=='G2_Ai' & pk_model=='k2020' & pass_pct > 5],4,4,d6e5c650fb4d6d241a554f896de38205ac2c890bfa442f4f9cb2749c70b5f261,21,66cfbf9
deck,S21,"M1 G2_Ai cells with Wilson lower bound above 5%, k2016",results/oc_models/type1_models.csv,count of rows [analysis_model=='M1' & config=='G2_Ai' & pk_model=='k2016' & lo > 5],4,4,d6e5c650fb4d6d241a554f896de38205ac2c890bfa442f4f9cb2749c70b5f261,21,66cfbf9
deck,S21,"M1 G2_Ai cells with Wilson lower bound above 5%, k2020",results/oc_models/type1_models.csv,count of rows [analysis_model=='M1' & config=='G2_Ai' & pk_model=='k2020' & lo > 5],4,4,d6e5c650fb4d6d241a554f896de38205ac2c890bfa442f4f9cb2749c70b5f261,21,66cfbf9
deck,S21,"Km multiplier search range, test arm",config/oc_design.yaml,mechanisms.Km.range,1e-02; 1e+02,0.01~×100,629011b264fbc4c3f03f8a3989bac1f2711d49959f3268f5e8f758c80f93ea0a,21,66cfbf9
deck,S21,true AUC0-inf ratio range over Km x0.01 to x100 (range ends and reached rows),results/oc/inversion_all.csv,"mechanism=='Km' :: end_auc_ratio, auc_ratio",0.998949506997432; 1.058748397272760,0.999~1.059,7b0f06ec39b8c6d76e4b02d5301502fb01167a0cb730bc1e5fea08e64726541f,21,66cfbf9
deck,S21,window coverage threshold in column name coverage_lt80_pct (percent),results/curve_shape/curve_shape_B0.csv,column name coverage_lt80_pct,80,80,4796d407dad3bba1496ae1268dae39063c5e3e2c8bec7b583e0625bc8c022c44,21,66cfbf9
deck,S21,"Km multiplier, variant km05_both (both arms)",config/scenarios.yaml,sensitivity_variants.km05_both.theta_multipliers.Km,0.5,0.5,7243c4f34f21614eccae4c143ba05b8a9eb9183a76770cfce7153ef30a5dc17c,21,66cfbf9
deck,S21,"Km multiplier, variant km10_both (both arms)",config/scenarios.yaml,sensitivity_variants.km10_both.theta_multipliers.Km,10,10,7243c4f34f21614eccae4c143ba05b8a9eb9183a76770cfce7153ef30a5dc17c,21,66cfbf9
deck,S21,"Vmax multiplier, variant vmax080_both (both arms)",config/scenarios.yaml,sensitivity_variants.vmax080_both.theta_multipliers.Vmax,0.8,0.8,7243c4f34f21614eccae4c143ba05b8a9eb9183a76770cfce7153ef30a5dc17c,21,66cfbf9
deck,S21,"Vmax multiplier, variant vmax125_both (both arms)",config/scenarios.yaml,sensitivity_variants.vmax125_both.theta_multipliers.Vmax,1.25,1.25,7243c4f34f21614eccae4c143ba05b8a9eb9183a76770cfce7153ef30a5dc17c,21,66cfbf9
deck,S21,subjects per curve-shape variant,results/curve_shape/curve_shape_B0.csv,variant=='base' :: n,20000,"20,000",4796d407dad3bba1496ae1268dae39063c5e3e2c8bec7b583e0625bc8c022c44,21,66cfbf9
deck,S21,"share below 80% window coverage, non-stress curve-shape variants",results/curve_shape/curve_shape_B0.csv,range over 7 rows [stress_test==FALSE] :: coverage_lt80_pct,0; 0,0%,4796d407dad3bba1496ae1268dae39063c5e3e2c8bec7b583e0625bc8c022c44,21,66cfbf9
deck,S21,"95th percentile of true extrapolation, non-stress curve-shape variants",results/curve_shape/curve_shape_B0.csv,range over 7 rows [stress_test==FALSE] :: extrap_true_p95,2.79005164753864; 5.29374148844951,2.79~5.29%,4796d407dad3bba1496ae1268dae39063c5e3e2c8bec7b583e0625bc8c022c44,21,66cfbf9
deck,S21,LLOQ sensitivity range (mg/L),config/assay.yaml,lloq_sensitivity_mg_L,0.020; 0.050; 0.078; 0.100; 0.200; 0.500,0.02~0.50,13bb4e6e5a604962f3e30a9f31dffb53fcfcaa71272e41d6a12413c1cec26604,21,66cfbf9
deck,S21,LLOQ trials per cell,results/lloq/lloq_trial_type1.csv,model=='M1' & resid=='fixed' & config=='P2' & scenario=='F_down_080' & abs(lloq - 0.078) < 1e-9 :: n_trials,5000,"5,000",42dbaed7571732007275b9d983dcbf53fa368cec83e2ee83db6f9b3e0ce1c18b,21,66cfbf9
deck,S21,LLOQ grid M1 P2 range,results/lloq/lloq_trial_type1.csv,range over 18 rows [model=='M1' & resid=='fixed' & config=='P2'] :: pass_pct,2.60; 4.62,2.60~4.62%,42dbaed7571732007275b9d983dcbf53fa368cec83e2ee83db6f9b3e0ce1c18b,21,66cfbf9
deck,S21,LLOQ grid M0 P2 range,results/lloq/lloq_trial_type1.csv,range over 18 rows [model=='M0' & resid=='fixed' & config=='P2'] :: pass_pct,2.22; 4.22,2.22~4.22%,42dbaed7571732007275b9d983dcbf53fa368cec83e2ee83db6f9b3e0ce1c18b,21,66cfbf9
deck,S21,LLOQ grid M1 P2 cells with Wilson lower bound above 5%,results/lloq/lloq_trial_type1.csv,count of rows [model=='M1' & resid=='fixed' & config=='P2' & lo > 5],0,0,42dbaed7571732007275b9d983dcbf53fa368cec83e2ee83db6f9b3e0ce1c18b,21,66cfbf9
deck,S21,LLOQ grid M1 P2 cells with Wilson lower bound above 5% (denominator),results/lloq/lloq_trial_type1.csv,count of rows [model=='M1' & resid=='fixed' & config=='P2'],18,18,42dbaed7571732007275b9d983dcbf53fa368cec83e2ee83db6f9b3e0ce1c18b,21,66cfbf9
deck,S21,LLOQ grid M1 G2_Aii range,results/lloq/lloq_trial_type1.csv,range over 18 rows [model=='M1' & resid=='fixed' & config=='G2_Aii'] :: pass_pct, 6.84; 28.52,6.84~28.52%,42dbaed7571732007275b9d983dcbf53fa368cec83e2ee83db6f9b3e0ce1c18b,21,66cfbf9
deck,S21,LLOQ grid M1 G2_Aii cells with Wilson lower bound above 5%,results/lloq/lloq_trial_type1.csv,count of rows [model=='M1' & resid=='fixed' & config=='G2_Aii' & lo > 5],18,18,42dbaed7571732007275b9d983dcbf53fa368cec83e2ee83db6f9b3e0ce1c18b,21,66cfbf9
deck,S21,LLOQ grid M1 G2_Aii cells with Wilson lower bound above 5% (denominator),results/lloq/lloq_trial_type1.csv,count of rows [model=='M1' & resid=='fixed' & config=='G2_Aii'],18,18,42dbaed7571732007275b9d983dcbf53fa368cec83e2ee83db6f9b3e0ce1c18b,21,66cfbf9
deck,S21,number of LLOQ values in the sensitivity grid,config/assay.yaml,length(lloq_sensitivity_mg_L),6,6,13bb4e6e5a604962f3e30a9f31dffb53fcfcaa71272e41d6a12413c1cec26604,21,66cfbf9
deck,S21,boundary cells in the LLOQ trials,results/lloq/lloq_trial_type1.csv,length(unique(scenario)),3,3,42dbaed7571732007275b9d983dcbf53fa368cec83e2ee83db6f9b3e0ce1c18b,21,66cfbf9
deck,S21,"proportional residual, 2016 model",results/trialpop/tp_residual_sensitivity.csv,variant=='k2016' & set=='iii' :: sigma_prop_pct,24.2,24.2%,860c21b7b69a4dd5e1e0ae43bef40eb83c308ae0d97f6e2bcf3a6f1c98454e09,21,66cfbf9
deck,S21,"set (i) failing, residual 24.2%",results/trialpop/tp_residual_sensitivity.csv,variant=='k2016' & set=='i' :: fail_pct,13.435,13.4%,860c21b7b69a4dd5e1e0ae43bef40eb83c308ae0d97f6e2bcf3a6f1c98454e09,21,66cfbf9
deck,S21,"set (i) failing, residual 12%",results/trialpop/tp_residual_sensitivity.csv,variant=='resid12' & set=='i' :: fail_pct,5.755,5.8%,860c21b7b69a4dd5e1e0ae43bef40eb83c308ae0d97f6e2bcf3a6f1c98454e09,21,66cfbf9
deck,S21,"set (iii) failing, residual 24.2%",results/trialpop/tp_residual_sensitivity.csv,variant=='k2016' & set=='iii' :: fail_pct,38.76,38.8%,860c21b7b69a4dd5e1e0ae43bef40eb83c308ae0d97f6e2bcf3a6f1c98454e09,21,66cfbf9
deck,S21,"set (iii) failing, residual 12%",results/trialpop/tp_residual_sensitivity.csv,variant=='resid12' & set=='iii' :: fail_pct,27.235,27.2%,860c21b7b69a4dd5e1e0ae43bef40eb83c308ae0d97f6e2bcf3a6f1c98454e09,21,66cfbf9
deck,S21,"set (iv) failing, residual 24.2%",results/trialpop/tp_residual_sensitivity.csv,variant=='k2016' & set=='iv' :: fail_pct,65.85,65.9%,860c21b7b69a4dd5e1e0ae43bef40eb83c308ae0d97f6e2bcf3a6f1c98454e09,21,66cfbf9
deck,S21,"set (iv) failing, residual 12%",results/trialpop/tp_residual_sensitivity.csv,variant=='resid12' & set=='iv' :: fail_pct,66.01,66.0%,860c21b7b69a4dd5e1e0ae43bef40eb83c308ae0d97f6e2bcf3a6f1c98454e09,21,66cfbf9
deck,S21,"trials per scenario, residual 12%",results/trials/schedules_per_endpoint_resid12.csv,scenario=='S00' & schedule=='B0' & endpoint=='AUClast' :: n_trials,500,500,4724fc731eabfd44d4c3a4deb8909c0de6eda1e413afc4f8ef296254f6019224,21,66cfbf9
deck,S21,boundary cells,results/oc_models/type1_models.csv,count of rows [analysis_model=='M1' & config=='P2'],16,16,d6e5c650fb4d6d241a554f896de38205ac2c890bfa442f4f9cb2749c70b5f261,21,66cfbf9
deck,S21,M0 P2 boundary range,results/oc_models/type1_models.csv,range over 16 rows [analysis_model=='M0' & config=='P2'] :: pass_pct,0.00; 5.18,0.00~5.18%,d6e5c650fb4d6d241a554f896de38205ac2c890bfa442f4f9cb2749c70b5f261,21,66cfbf9
deck,S21,M1 P2 boundary range,results/oc_models/type1_models.csv,range over 16 rows [analysis_model=='M1' & config=='P2'] :: pass_pct,0.000; 5.625,0.00~5.63%,d6e5c650fb4d6d241a554f896de38205ac2c890bfa442f4f9cb2749c70b5f261,21,66cfbf9
deck,S21,M2 P2 boundary range,results/oc_models/type1_models.csv,range over 16 rows [analysis_model=='M2' & config=='P2'] :: pass_pct,0.000; 5.745,0.00~5.75%,d6e5c650fb4d6d241a554f896de38205ac2c890bfa442f4f9cb2749c70b5f261,21,66cfbf9
deck,S21,M0 P2 cells conservative,results/oc_models/type1_models.csv,count of rows [analysis_model=='M0' & config=='P2' & class=='conservative'],15,15,d6e5c650fb4d6d241a554f896de38205ac2c890bfa442f4f9cb2749c70b5f261,21,66cfbf9
deck,S21,M1 P2 cells conservative,results/oc_models/type1_models.csv,count of rows [analysis_model=='M1' & config=='P2' & class=='conservative'],15,15,d6e5c650fb4d6d241a554f896de38205ac2c890bfa442f4f9cb2749c70b5f261,21,66cfbf9
deck,S21,M2 P2 cells conservative,results/oc_models/type1_models.csv,count of rows [analysis_model=='M2' & config=='P2' & class=='conservative'],15,15,d6e5c650fb4d6d241a554f896de38205ac2c890bfa442f4f9cb2749c70b5f261,21,66cfbf9
deck,S21,"P2, 2020 V2 cell, M0",results/oc_models/type1_models.csv,pk_model=='k2020' & scenario=='V2_up_080' & analysis_model=='M0' & config=='P2' :: pass_pct,5.18,5.18%,d6e5c650fb4d6d241a554f896de38205ac2c890bfa442f4f9cb2749c70b5f261,21,66cfbf9
deck,S21,"P2, 2020 V2 cell, M1",results/oc_models/type1_models.csv,pk_model=='k2020' & scenario=='V2_up_080' & analysis_model=='M1' & config=='P2' :: pass_pct,5.625,5.63%,d6e5c650fb4d6d241a554f896de38205ac2c890bfa442f4f9cb2749c70b5f261,21,66cfbf9
deck,S21,"P2, 2020 V2 cell, M2",results/oc_models/type1_models.csv,pk_model=='k2020' & scenario=='V2_up_080' & analysis_model=='M2' & config=='P2' :: pass_pct,5.745,5.75%,d6e5c650fb4d6d241a554f896de38205ac2c890bfa442f4f9cb2749c70b5f261,21,66cfbf9
deck,S21,"P2 largest, 2016 model, M1",results/oc_models/type1_models.csv,"analysis_model=='M1' & config=='P2' & pk_model=='k2016' & scenario=='V2_up_080' :: pass_pct [lo, hi]",4.33000000000000; 3.94831383323837; 4.74676057793923,4.33% (95% CI 3.95~4.75),d6e5c650fb4d6d241a554f896de38205ac2c890bfa442f4f9cb2749c70b5f261,21,66cfbf9
deck,S21,"P2 largest, 2020 model, M1",results/oc_models/type1_models.csv,"analysis_model=='M1' & config=='P2' & pk_model=='k2020' & scenario=='V2_up_080' :: pass_pct [lo, hi]",5.62500000000000; 5.31412097634036; 5.95292222363892,5.63% (95% CI 5.31~5.95),d6e5c650fb4d6d241a554f896de38205ac2c890bfa442f4f9cb2749c70b5f261,21,66cfbf9
deck,S21,"largest P2 boundary type I error, k2016, M0",results/oc_models/type1_models.csv,max over 8 rows [analysis_model=='M0' & config=='P2' & pk_model=='k2016'] :: pass_pct,3.97,3.97%,d6e5c650fb4d6d241a554f896de38205ac2c890bfa442f4f9cb2749c70b5f261,21,66cfbf9
deck,S21,"largest P2 boundary type I error, k2020, M0",results/oc_models/type1_models.csv,max over 8 rows [analysis_model=='M0' & config=='P2' & pk_model=='k2020'] :: pass_pct,5.18,5.18%,d6e5c650fb4d6d241a554f896de38205ac2c890bfa442f4f9cb2749c70b5f261,21,66cfbf9
deck,S21,"largest G2_Ai, 2016 model, M1",results/oc_models/type1_models.csv,max over 8 rows [analysis_model=='M1' & config=='G2_Ai' & pk_model=='k2016'] :: pass_pct,20.27,20.27%,d6e5c650fb4d6d241a554f896de38205ac2c890bfa442f4f9cb2749c70b5f261,21,66cfbf9
deck,S21,"largest G2_Ai, 2020 model, M1",results/oc_models/type1_models.csv,max over 8 rows [analysis_model=='M1' & config=='G2_Ai' & pk_model=='k2020'] :: pass_pct,17.89,17.89%,d6e5c650fb4d6d241a554f896de38205ac2c890bfa442f4f9cb2749c70b5f261,21,66cfbf9
deck,S21,"set (i) failing, 2016 model",results/trialpop/tp_failure_by_set.csv,pk_model=='k2016' & set=='i' :: fail_pct,13.435,13.4%,245552b2db5039299ce2f100ed592fc537ebac8bb1693371509535992aa6ca09,21,66cfbf9
deck,S21,"set (i) failing, 2020 model",results/trialpop/tp_failure_by_set.csv,pk_model=='k2020' & set=='i' :: fail_pct,8.165,8.2%,245552b2db5039299ce2f100ed592fc537ebac8bb1693371509535992aa6ca09,21,66cfbf9
deck,S21,"95th percentile true extrapolation, Km x10",results/curve_shape/curve_shape_B0.csv,variant=='km10_both' :: extrap_true_p95,2.79005164753864,2.79%,4796d407dad3bba1496ae1268dae39063c5e3e2c8bec7b583e0625bc8c022c44,21,66cfbf9
deck,S21,"95th percentile true extrapolation, Vmax x1.25",results/curve_shape/curve_shape_B0.csv,variant=='vmax125_both' :: extrap_true_p95,5.29374148844951,5.29%,4796d407dad3bba1496ae1268dae39063c5e3e2c8bec7b583e0625bc8c022c44,21,66cfbf9
deck,S21,"Vmax multiplier, variant vmax050_both (both arms)",config/scenarios.yaml,sensitivity_variants.vmax050_both.theta_multipliers.Vmax,0.5,0.5,7243c4f34f21614eccae4c143ba05b8a9eb9183a76770cfce7153ef30a5dc17c,21,66cfbf9
deck,S21,"95th percentile true extrapolation, Vmax x0.5 stress test",results/curve_shape/curve_shape_B0.csv,variant=='vmax050_both' :: extrap_true_p95,6.41375809394017,6.41%,4796d407dad3bba1496ae1268dae39063c5e3e2c8bec7b583e0625bc8c022c44,21,66cfbf9
deck,S21,"share below 80% coverage, Vmax x0.5 stress test",results/curve_shape/curve_shape_B0.csv,variant=='vmax050_both' :: coverage_lt80_pct,0.035,0.035%,4796d407dad3bba1496ae1268dae39063c5e3e2c8bec7b583e0625bc8c022c44,21,66cfbf9
deck,S21,exposure gate: AUClast mean within +/- tolerance (%),config/design_clot2021.yaml,gate.auclast_mean_tol_pct,15,15,4b3ddc374dfbf3f451d3fe3d6a865645b0b5d93b0ea7eea9a3f24cd8d2f05da5,21,66cfbf9
deck,S21,"AUClast simulated / observed, Vmax x0.8 both arms",results/curve_shape/curve_shape_B0.csv,variant=='vmax080_both' :: AUClast_ratio_vs_obs544,1.18308022629676,1.18,4796d407dad3bba1496ae1268dae39063c5e3e2c8bec7b583e0625bc8c022c44,21,66cfbf9
deck,S21,"AUClast simulated / observed, Vmax x0.5 stress test",results/curve_shape/curve_shape_B0.csv,variant=='vmax050_both' :: AUClast_ratio_vs_obs544,1.4807762469149,1.48,4796d407dad3bba1496ae1268dae39063c5e3e2c8bec7b583e0625bc8c022c44,21,66cfbf9
deck,S21,LLOQ grid M0 P2 cells with Wilson lower bound above 5%,results/lloq/lloq_trial_type1.csv,count of rows [model=='M0' & resid=='fixed' & config=='P2' & lo > 5],0,0,42dbaed7571732007275b9d983dcbf53fa368cec83e2ee83db6f9b3e0ce1c18b,21,66cfbf9
deck,S21,LLOQ grid M0 P2 cells with Wilson lower bound above 5% (denominator),results/lloq/lloq_trial_type1.csv,count of rows [model=='M0' & resid=='fixed' & config=='P2'],18,18,42dbaed7571732007275b9d983dcbf53fa368cec83e2ee83db6f9b3e0ce1c18b,21,66cfbf9
deck,S21,LLOQ grid M0 G2_Aii range,results/lloq/lloq_trial_type1.csv,range over 18 rows [model=='M0' & resid=='fixed' & config=='G2_Aii'] :: pass_pct, 6.74; 28.70,6.74~28.70%,42dbaed7571732007275b9d983dcbf53fa368cec83e2ee83db6f9b3e0ce1c18b,21,66cfbf9
deck,S21,LLOQ grid M0 G2_Aii cells with Wilson lower bound above 5%,results/lloq/lloq_trial_type1.csv,count of rows [model=='M0' & resid=='fixed' & config=='G2_Aii' & lo > 5],18,18,42dbaed7571732007275b9d983dcbf53fa368cec83e2ee83db6f9b3e0ce1c18b,21,66cfbf9
deck,S21,LLOQ grid M0 G2_Aii cells with Wilson lower bound above 5% (denominator),results/lloq/lloq_trial_type1.csv,count of rows [model=='M0' & resid=='fixed' & config=='G2_Aii'],18,18,42dbaed7571732007275b9d983dcbf53fa368cec83e2ee83db6f9b3e0ce1c18b,21,66cfbf9
deck,S21,LLOQ grid M1 G2_B range,results/lloq/lloq_trial_type1.csv,range over 18 rows [model=='M1' & resid=='fixed' & config=='G2_B'] :: pass_pct, 3.92; 18.36,3.92~18.36%,42dbaed7571732007275b9d983dcbf53fa368cec83e2ee83db6f9b3e0ce1c18b,21,66cfbf9
deck,S21,"LLOQ grid, share below 80% window coverage, 2016 model",results/lloq/lloq_individual_table.csv,range over 6 rows [model=='k2016' & resid=='fixed'] :: coverage_lt80_pct,0.000; 0.005,0.00~0.01%,6d5fc6a570bb69ad49d2d235250f61e39c074ab5d023b5a9fdd0cfaa79b0e3b5,21,66cfbf9
deck,S21,"LLOQ grid, reliability set (i), 2016 model",results/lloq/lloq_individual_table.csv,range over 6 rows [model=='k2016' & resid=='fixed'] :: reliable_no_span_pct,84.235; 88.000,84.2~88.0%,6d5fc6a570bb69ad49d2d235250f61e39c074ab5d023b5a9fdd0cfaa79b0e3b5,21,66cfbf9
deck,S21,study LLOQ (mg/L),config/assay.yaml,lloq_mg_L.value,0.078,0.078,13bb4e6e5a604962f3e30a9f31dffb53fcfcaa71272e41d6a12413c1cec26604,21,66cfbf9
deck,S21,"M1 G2_Ai cells above 5% (point estimate), both models",results/oc_models/type1_models.csv,analysis_model=='M1' & config=='G2_Ai' & pass_pct > 5 :: count over k2016 and k2020,10,10,d6e5c650fb4d6d241a554f896de38205ac2c890bfa442f4f9cb2749c70b5f261,21,66cfbf9
deck,S21,"M1 G2_Ai cells with Wilson lower bound above 5%, both models",results/oc_models/type1_models.csv,analysis_model=='M1' & config=='G2_Ai' & lo > 5 :: count over k2016 and k2020,8,8,d6e5c650fb4d6d241a554f896de38205ac2c890bfa442f4f9cb2749c70b5f261,21,66cfbf9
deck,S21,"residual 12%, D2, criterion (a) (%)",results/trials/schedule_decision_resid12.csv,schedule=='D2' :: a_mean_width_rel_decrease x 100,-0.500776219998733,-0.50%,e9fd1a739836a17ecae667fb06e4aaaeb9717e5b943800c0d999669097c4c956,21,66cfbf9
deck,S21,"residual 12%, D2, criterion (c) (points)",results/trials/schedule_decision_resid12.csv,schedule=='D2' :: c_reliable_gain_pp,-2.33,-2.33,e9fd1a739836a17ecae667fb06e4aaaeb9717e5b943800c0d999669097c4c956,21,66cfbf9
deck,S21,"residual 12%, D2, criterion (d) ratio",results/trials/schedule_decision_resid12.csv,schedule=='D2' :: d_extrap20_ratio,0.990641158798764,0.99,e9fd1a739836a17ecae667fb06e4aaaeb9717e5b943800c0d999669097c4c956,21,66cfbf9
deck,S21,"AUC0-last pass rate S00, residual 12%",results/trials/schedules_per_endpoint_resid12.csv,scenario=='S00' & schedule=='B0' & endpoint=='AUClast' :: pass_rate,100,100.0%,4724fc731eabfd44d4c3a4deb8909c0de6eda1e413afc4f8ef296254f6019224,21,66cfbf9
deck,S21,"AUC0-last pass rate KE110, residual 12%",results/trials/schedules_per_endpoint_resid12.csv,scenario=='KE110' & schedule=='B0' & endpoint=='AUClast' :: pass_rate,96.4,96.4%,4724fc731eabfd44d4c3a4deb8909c0de6eda1e413afc4f8ef296254f6019224,21,66cfbf9
deck,S21,"AUC0-last pass rate F090, residual 12%",results/trials/schedules_per_endpoint_resid12.csv,scenario=='F090' & schedule=='B0' & endpoint=='AUClast' :: pass_rate,21.8,21.8%,4724fc731eabfd44d4c3a4deb8909c0de6eda1e413afc4f8ef296254f6019224,21,66cfbf9
deck,S21,"ke multiplier, scenario KE110",config/scenarios.yaml,scenarios.KE110.T_multipliers.ke,1.1,1.10,7243c4f34f21614eccae4c143ba05b8a9eb9183a76770cfce7153ef30a5dc17c,21,66cfbf9
deck,S21,"F multiplier, scenario F090",config/scenarios.yaml,scenarios.F090.T_multipliers.F,0.9,0.90,7243c4f34f21614eccae4c143ba05b8a9eb9183a76770cfce7153ef30a5dc17c,21,66cfbf9
deck,S21,"AUC0-last pass rate S00, base",results/trials/schedules_per_endpoint_base.csv,scenario=='S00' & schedule=='B0' & endpoint=='AUClast' :: pass_rate,99.6,99.6%,068bf644e377cae5a32161354cd5fbbf79edc866f1fc8648b9d5c0b2f06019f1,21,66cfbf9
deck,S21,"AUC0-last pass rate KE110, base",results/trials/schedules_per_endpoint_base.csv,scenario=='KE110' & schedule=='B0' & endpoint=='AUClast' :: pass_rate,96,96.0%,068bf644e377cae5a32161354cd5fbbf79edc866f1fc8648b9d5c0b2f06019f1,21,66cfbf9
deck,S21,"AUC0-last pass rate F090, base",results/trials/schedules_per_endpoint_base.csv,scenario=='F090' & schedule=='B0' & endpoint=='AUClast' :: pass_rate,22.4,22.4%,068bf644e377cae5a32161354cd5fbbf79edc866f1fc8648b9d5c0b2f06019f1,21,66cfbf9
deck,S21,"P2, M1 minus M0, paired (points)",results/oc_models/type1_paired_change.csv,range over 16 rows [config=='P2' & comparison=='M1 minus M0'] :: diff_pp,0.000; 0.445,0.00~0.45,478d0b4592760bd3ab64736acefaf08cd1e6d7a9ee7cb1edc7d9d21b25fa281a,21,66cfbf9
deck,S21,cells where P2 rises under M1,results/oc_models/type1_paired_change.csv,count of rows [config=='P2' & comparison=='M1 minus M0' & diff_pp > 0],14,14,478d0b4592760bd3ab64736acefaf08cd1e6d7a9ee7cb1edc7d9d21b25fa281a,21,66cfbf9
deck,S21,SD/SE AUCinf_true M0,results/oc_models/sd_se_models.csv,"range over 16 rows [endpoint=='AUCinf_true' & analysis_model=='M0' & !scenario %in% c('S00','F097')] :: sd_se_ratio",0.960904694847028; 0.993484190924169,0.961~0.993,d78065adf953809467648b9aedda6b8cb346007f065d1ac3c40a9677083121cc,21,66cfbf9
deck,S21,SD/SE AUCinf_true M1,results/oc_models/sd_se_models.csv,"range over 16 rows [endpoint=='AUCinf_true' & analysis_model=='M1' & !scenario %in% c('S00','F097')] :: sd_se_ratio",0.991270619596083; 1.020344572967900,0.991~1.020,d78065adf953809467648b9aedda6b8cb346007f065d1ac3c40a9677083121cc,21,66cfbf9
deck,S21,power k2016 S00 M0 P2,results/oc_models/power_models.csv,"pk_model=='k2016' & scenario=='S00' & analysis_model=='M0' & config=='P2' :: pass_pct [lo, hi]",99.5500000000000; 99.3984428906251; 99.6635028708408,99.6% (95% CI 99.4~99.7),9f1958653a97dce11942e5f07b15abc5d41042297c6e2795abc6da4711b68fb6,21,66cfbf9
deck,S21,power k2016 S00 M1 P2,results/oc_models/power_models.csv,"pk_model=='k2016' & scenario=='S00' & analysis_model=='M1' & config=='P2' :: pass_pct [lo, hi]",99.6500000000000; 99.5136468123541; 99.7482221494378,99.7% (95% CI 99.5~99.7),9f1958653a97dce11942e5f07b15abc5d41042297c6e2795abc6da4711b68fb6,21,66cfbf9
deck,S22,randomized subjects per arm,config/trial_design.yaml,n_randomized_per_arm,130,130,553eceab74155a3497fef1ab587f3b8d2be1319704e17ae1f0e177601726e84f,22,66cfbf9
deck,S22,evaluable subjects per arm,config/trial_design.yaml,n_per_arm,117,117,553eceab74155a3497fef1ab587f3b8d2be1319704e17ae1f0e177601726e84f,22,66cfbf9
deck,S22,true GMR of the power table,results/sample_size/ss_table_power.csv,range over 24 rows [input_model=='k2016' & gmr==0.95 & analysis_model=='M1'] :: gmr,0.95; 0.95,0.95,a56eb54215c06bfa3275ff43ff1cdf7b8593f6c57143d3346fc7ed9047948e72,22,66cfbf9
deck,S22,target power (%),results/sample_size/ss_table_n_needed.csv,cv==43 & gmr==0.95 & analysis_model=='M1' & target_pct==90 :: target_pct,90,90,cb1b4df9c06e5f3d0c09e40dc0152eddb30538c60a6d7f5d3acf5efe04ac71fa,22,66cfbf9
deck,S22,"largest grid CV with power at the target, protocol n (%)",results/sample_size/ss_table_power.csv,input_model=='k2016' & cv==46 & gmr==0.95 & n==117 & analysis_model=='M1' :: cv,46,46,a56eb54215c06bfa3275ff43ff1cdf7b8593f6c57143d3346fc7ed9047948e72,22,66cfbf9
deck,S22,P2 power n 117 CV 46 GMR 0.95 M1,results/sample_size/ss_table_power.csv,input_model=='k2016' & cv==46 & gmr==0.95 & n==117 & analysis_model=='M1' :: analytic_pct,91.9976125743984,92.0%,a56eb54215c06bfa3275ff43ff1cdf7b8593f6c57143d3346fc7ed9047948e72,22,66cfbf9
deck,S22,sensitivity CV (%),results/sample_size/ss_table_power.csv,input_model=='k2016' & cv==50 & gmr==0.95 & n==117 & analysis_model=='M1' :: cv,50,50,a56eb54215c06bfa3275ff43ff1cdf7b8593f6c57143d3346fc7ed9047948e72,22,66cfbf9
deck,S22,P2 power n 117 CV 50 GMR 0.95 M1,results/sample_size/ss_table_power.csv,input_model=='k2016' & cv==50 & gmr==0.95 & n==117 & analysis_model=='M1' :: analytic_pct,87.961670690266,88.0%,a56eb54215c06bfa3275ff43ff1cdf7b8593f6c57143d3346fc7ed9047948e72,22,66cfbf9
deck,S22,protocol CV (%),results/sample_size/ss_table_power.csv,input_model=='k2016' & cv==43 & gmr==0.95 & n==117 & analysis_model=='M1' :: cv,43,43,a56eb54215c06bfa3275ff43ff1cdf7b8593f6c57143d3346fc7ed9047948e72,22,66cfbf9
deck,S22,P2 power n 117 CV 43 GMR 0.95 M1,results/sample_size/ss_table_power.csv,input_model=='k2016' & cv==43 & gmr==0.95 & n==117 & analysis_model=='M1' :: analytic_pct,94.5355561545655,94.5%,a56eb54215c06bfa3275ff43ff1cdf7b8593f6c57143d3346fc7ed9047948e72,22,66cfbf9
deck,S22,grid CV 35 (%),results/sample_size/ss_table_power.csv,input_model=='k2016' & cv==35 & gmr==0.95 & n==117 & analysis_model=='M1' :: cv,35,35,a56eb54215c06bfa3275ff43ff1cdf7b8593f6c57143d3346fc7ed9047948e72,22,66cfbf9
deck,S22,grid CV 40 (%),results/sample_size/ss_table_power.csv,input_model=='k2016' & cv==40 & gmr==0.95 & n==117 & analysis_model=='M1' :: cv,40,40,a56eb54215c06bfa3275ff43ff1cdf7b8593f6c57143d3346fc7ed9047948e72,22,66cfbf9
deck,S22,grid CV 43 (%),results/sample_size/ss_table_power.csv,input_model=='k2016' & cv==43 & gmr==0.95 & n==117 & analysis_model=='M1' :: cv,43,43,a56eb54215c06bfa3275ff43ff1cdf7b8593f6c57143d3346fc7ed9047948e72,22,66cfbf9
deck,S22,grid CV 46 (%),results/sample_size/ss_table_power.csv,input_model=='k2016' & cv==46 & gmr==0.95 & n==117 & analysis_model=='M1' :: cv,46,46,a56eb54215c06bfa3275ff43ff1cdf7b8593f6c57143d3346fc7ed9047948e72,22,66cfbf9
deck,S22,grid CV 50 (%),results/sample_size/ss_table_power.csv,input_model=='k2016' & cv==50 & gmr==0.95 & n==117 & analysis_model=='M1' :: cv,50,50,a56eb54215c06bfa3275ff43ff1cdf7b8593f6c57143d3346fc7ed9047948e72,22,66cfbf9
deck,S22,grid CV 52 (%),results/sample_size/ss_table_power.csv,input_model=='k2016' & cv==52 & gmr==0.95 & n==117 & analysis_model=='M1' :: cv,52,52,a56eb54215c06bfa3275ff43ff1cdf7b8593f6c57143d3346fc7ed9047948e72,22,66cfbf9
deck,S22,P2 power n 100 CV 35 GMR 0.95 M1,results/sample_size/ss_table_power.csv,input_model=='k2016' & cv==35 & gmr==0.95 & n==100 & analysis_model=='M1' :: analytic_pct,96.8257180498614,96.8,a56eb54215c06bfa3275ff43ff1cdf7b8593f6c57143d3346fc7ed9047948e72,22,66cfbf9
deck,S22,P2 power n 100 CV 40 GMR 0.95 M1,results/sample_size/ss_table_power.csv,input_model=='k2016' & cv==40 & gmr==0.95 & n==100 & analysis_model=='M1' :: analytic_pct,93.758534795912,93.8,a56eb54215c06bfa3275ff43ff1cdf7b8593f6c57143d3346fc7ed9047948e72,22,66cfbf9
deck,S22,P2 power n 100 CV 43 GMR 0.95 M1,results/sample_size/ss_table_power.csv,input_model=='k2016' & cv==43 & gmr==0.95 & n==100 & analysis_model=='M1' :: analytic_pct,90.9911548673442,91.0,a56eb54215c06bfa3275ff43ff1cdf7b8593f6c57143d3346fc7ed9047948e72,22,66cfbf9
deck,S22,P2 power n 100 CV 46 GMR 0.95 M1,results/sample_size/ss_table_power.csv,input_model=='k2016' & cv==46 & gmr==0.95 & n==100 & analysis_model=='M1' :: analytic_pct,87.6860548274447,87.7,a56eb54215c06bfa3275ff43ff1cdf7b8593f6c57143d3346fc7ed9047948e72,22,66cfbf9
deck,S22,P2 power n 100 CV 50 GMR 0.95 M1,results/sample_size/ss_table_power.csv,input_model=='k2016' & cv==50 & gmr==0.95 & n==100 & analysis_model=='M1' :: analytic_pct,82.6829098504557,82.7,a56eb54215c06bfa3275ff43ff1cdf7b8593f6c57143d3346fc7ed9047948e72,22,66cfbf9
deck,S22,P2 power n 100 CV 52 GMR 0.95 M1,results/sample_size/ss_table_power.csv,input_model=='k2016' & cv==52 & gmr==0.95 & n==100 & analysis_model=='M1' :: analytic_pct,80.0026606825803,80.0,a56eb54215c06bfa3275ff43ff1cdf7b8593f6c57143d3346fc7ed9047948e72,22,66cfbf9
deck,S22,P2 power n 117 CV 35 GMR 0.95 M1,results/sample_size/ss_table_power.csv,input_model=='k2016' & cv==35 & gmr==0.95 & n==117 & analysis_model=='M1' :: analytic_pct,98.5065740421749,98.5,a56eb54215c06bfa3275ff43ff1cdf7b8593f6c57143d3346fc7ed9047948e72,22,66cfbf9
deck,S22,P2 power n 117 CV 40 GMR 0.95 M1,results/sample_size/ss_table_power.csv,input_model=='k2016' & cv==40 & gmr==0.95 & n==117 & analysis_model=='M1' :: analytic_pct,96.5340161025954,96.5,a56eb54215c06bfa3275ff43ff1cdf7b8593f6c57143d3346fc7ed9047948e72,22,66cfbf9
deck,S22,P2 power n 117 CV 43 GMR 0.95 M1,results/sample_size/ss_table_power.csv,input_model=='k2016' & cv==43 & gmr==0.95 & n==117 & analysis_model=='M1' :: analytic_pct,94.5355561545655,94.5,a56eb54215c06bfa3275ff43ff1cdf7b8593f6c57143d3346fc7ed9047948e72,22,66cfbf9
deck,S22,P2 power n 117 CV 46 GMR 0.95 M1,results/sample_size/ss_table_power.csv,input_model=='k2016' & cv==46 & gmr==0.95 & n==117 & analysis_model=='M1' :: analytic_pct,91.9976125743984,92.0,a56eb54215c06bfa3275ff43ff1cdf7b8593f6c57143d3346fc7ed9047948e72,22,66cfbf9
deck,S22,P2 power n 117 CV 50 GMR 0.95 M1,results/sample_size/ss_table_power.csv,input_model=='k2016' & cv==50 & gmr==0.95 & n==117 & analysis_model=='M1' :: analytic_pct,87.961670690266,88.0,a56eb54215c06bfa3275ff43ff1cdf7b8593f6c57143d3346fc7ed9047948e72,22,66cfbf9
deck,S22,P2 power n 117 CV 52 GMR 0.95 M1,results/sample_size/ss_table_power.csv,input_model=='k2016' & cv==52 & gmr==0.95 & n==117 & analysis_model=='M1' :: analytic_pct,85.7350215708594,85.7,a56eb54215c06bfa3275ff43ff1cdf7b8593f6c57143d3346fc7ed9047948e72,22,66cfbf9
deck,S22,P2 power n 130 CV 35 GMR 0.95 M1,results/sample_size/ss_table_power.csv,input_model=='k2016' & cv==35 & gmr==0.95 & n==130 & analysis_model=='M1' :: analytic_pct,99.1751083448198,99.2,a56eb54215c06bfa3275ff43ff1cdf7b8593f6c57143d3346fc7ed9047948e72,22,66cfbf9
deck,S22,P2 power n 130 CV 40 GMR 0.95 M1,results/sample_size/ss_table_power.csv,input_model=='k2016' & cv==40 & gmr==0.95 & n==130 & analysis_model=='M1' :: analytic_pct,97.8102232826672,97.8,a56eb54215c06bfa3275ff43ff1cdf7b8593f6c57143d3346fc7ed9047948e72,22,66cfbf9
deck,S22,P2 power n 130 CV 43 GMR 0.95 M1,results/sample_size/ss_table_power.csv,input_model=='k2016' & cv==43 & gmr==0.95 & n==130 & analysis_model=='M1' :: analytic_pct,96.2927496665897,96.3,a56eb54215c06bfa3275ff43ff1cdf7b8593f6c57143d3346fc7ed9047948e72,22,66cfbf9
deck,S22,P2 power n 130 CV 46 GMR 0.95 M1,results/sample_size/ss_table_power.csv,input_model=='k2016' & cv==46 & gmr==0.95 & n==130 & analysis_model=='M1' :: analytic_pct,94.2614813163651,94.3,a56eb54215c06bfa3275ff43ff1cdf7b8593f6c57143d3346fc7ed9047948e72,22,66cfbf9
deck,S22,P2 power n 130 CV 50 GMR 0.95 M1,results/sample_size/ss_table_power.csv,input_model=='k2016' & cv==50 & gmr==0.95 & n==130 & analysis_model=='M1' :: analytic_pct,90.884268552574,90.9,a56eb54215c06bfa3275ff43ff1cdf7b8593f6c57143d3346fc7ed9047948e72,22,66cfbf9
deck,S22,P2 power n 130 CV 52 GMR 0.95 M1,results/sample_size/ss_table_power.csv,input_model=='k2016' & cv==52 & gmr==0.95 & n==130 & analysis_model=='M1' :: analytic_pct,88.9693813615792,89.0,a56eb54215c06bfa3275ff43ff1cdf7b8593f6c57143d3346fc7ed9047948e72,22,66cfbf9
deck,S22,P2 power n 140 CV 35 GMR 0.95 M1,results/sample_size/ss_table_power.csv,input_model=='k2016' & cv==35 & gmr==0.95 & n==140 & analysis_model=='M1' :: analytic_pct,99.4820826585102,99.5,a56eb54215c06bfa3275ff43ff1cdf7b8593f6c57143d3346fc7ed9047948e72,22,66cfbf9
deck,S22,P2 power n 140 CV 40 GMR 0.95 M1,results/sample_size/ss_table_power.csv,input_model=='k2016' & cv==40 & gmr==0.95 & n==140 & analysis_model=='M1' :: analytic_pct,98.4695135260089,98.5,a56eb54215c06bfa3275ff43ff1cdf7b8593f6c57143d3346fc7ed9047948e72,22,66cfbf9
deck,S22,P2 power n 140 CV 43 GMR 0.95 M1,results/sample_size/ss_table_power.csv,input_model=='k2016' & cv==43 & gmr==0.95 & n==140 & analysis_model=='M1' :: analytic_pct,97.2587312421215,97.3,a56eb54215c06bfa3275ff43ff1cdf7b8593f6c57143d3346fc7ed9047948e72,22,66cfbf9
deck,S22,P2 power n 140 CV 46 GMR 0.95 M1,results/sample_size/ss_table_power.csv,input_model=='k2016' & cv==46 & gmr==0.95 & n==140 & analysis_model=='M1' :: analytic_pct,95.567180328614,95.6,a56eb54215c06bfa3275ff43ff1cdf7b8593f6c57143d3346fc7ed9047948e72,22,66cfbf9
deck,S22,P2 power n 140 CV 50 GMR 0.95 M1,results/sample_size/ss_table_power.csv,input_model=='k2016' & cv==50 & gmr==0.95 & n==140 & analysis_model=='M1' :: analytic_pct,92.6479272298014,92.6,a56eb54215c06bfa3275ff43ff1cdf7b8593f6c57143d3346fc7ed9047948e72,22,66cfbf9
deck,S22,P2 power n 140 CV 52 GMR 0.95 M1,results/sample_size/ss_table_power.csv,input_model=='k2016' & cv==52 & gmr==0.95 & n==140 & analysis_model=='M1' :: analytic_pct,90.9534286687509,91.0,a56eb54215c06bfa3275ff43ff1cdf7b8593f6c57143d3346fc7ed9047948e72,22,66cfbf9
deck,S22,P2 power n 117 CV 35 GMR 0.95 M0,results/sample_size/ss_table_power.csv,input_model=='k2016' & cv==35 & gmr==0.95 & n==117 & analysis_model=='M0' :: analytic_pct,98.2891671472178,98.3,a56eb54215c06bfa3275ff43ff1cdf7b8593f6c57143d3346fc7ed9047948e72,22,66cfbf9
deck,S22,P2 power n 117 CV 40 GMR 0.95 M0,results/sample_size/ss_table_power.csv,input_model=='k2016' & cv==40 & gmr==0.95 & n==117 & analysis_model=='M0' :: analytic_pct,96.1295046257213,96.1,a56eb54215c06bfa3275ff43ff1cdf7b8593f6c57143d3346fc7ed9047948e72,22,66cfbf9
deck,S22,P2 power n 117 CV 43 GMR 0.95 M0,results/sample_size/ss_table_power.csv,input_model=='k2016' & cv==43 & gmr==0.95 & n==117 & analysis_model=='M0' :: analytic_pct,94.0181763126864,94.0,a56eb54215c06bfa3275ff43ff1cdf7b8593f6c57143d3346fc7ed9047948e72,22,66cfbf9
deck,S22,P2 power n 117 CV 46 GMR 0.95 M0,results/sample_size/ss_table_power.csv,input_model=='k2016' & cv==46 & gmr==0.95 & n==117 & analysis_model=='M0' :: analytic_pct,91.3832295547769,91.4,a56eb54215c06bfa3275ff43ff1cdf7b8593f6c57143d3346fc7ed9047948e72,22,66cfbf9
deck,S22,P2 power n 117 CV 50 GMR 0.95 M0,results/sample_size/ss_table_power.csv,input_model=='k2016' & cv==50 & gmr==0.95 & n==117 & analysis_model=='M0' :: analytic_pct,87.2488251642765,87.2,a56eb54215c06bfa3275ff43ff1cdf7b8593f6c57143d3346fc7ed9047948e72,22,66cfbf9
deck,S22,P2 power n 117 CV 52 GMR 0.95 M0,results/sample_size/ss_table_power.csv,input_model=='k2016' & cv==52 & gmr==0.95 & n==117 & analysis_model=='M0' :: analytic_pct,84.9854411490994,85.0,a56eb54215c06bfa3275ff43ff1cdf7b8593f6c57143d3346fc7ed9047948e72,22,66cfbf9
deck,S22,evaluable subjects per arm (grid column),results/sample_size/ss_table_power.csv,input_model=='k2016' & cv==43 & gmr==0.95 & n==100 & analysis_model=='M1' :: n,100,100,a56eb54215c06bfa3275ff43ff1cdf7b8593f6c57143d3346fc7ed9047948e72,22,66cfbf9
deck,S22,evaluable subjects per arm (grid column),results/sample_size/ss_table_power.csv,input_model=='k2016' & cv==43 & gmr==0.95 & n==117 & analysis_model=='M1' :: n,117,117,a56eb54215c06bfa3275ff43ff1cdf7b8593f6c57143d3346fc7ed9047948e72,22,66cfbf9
deck,S22,evaluable subjects per arm (grid column),results/sample_size/ss_table_power.csv,input_model=='k2016' & cv==43 & gmr==0.95 & n==130 & analysis_model=='M1' :: n,130,130,a56eb54215c06bfa3275ff43ff1cdf7b8593f6c57143d3346fc7ed9047948e72,22,66cfbf9
deck,S22,evaluable subjects per arm (grid column),results/sample_size/ss_table_power.csv,input_model=='k2016' & cv==43 & gmr==0.95 & n==140 & analysis_model=='M1' :: n,140,140,a56eb54215c06bfa3275ff43ff1cdf7b8593f6c57143d3346fc7ed9047948e72,22,66cfbf9
deck,S22,evaluable subjects per arm (grid column),results/sample_size/ss_table_power.csv,input_model=='k2016' & cv==43 & gmr==0.95 & n==117 & analysis_model=='M1' :: n,117,117,a56eb54215c06bfa3275ff43ff1cdf7b8593f6c57143d3346fc7ed9047948e72,22,66cfbf9
deck,S22,n M1 CV 43 GMR 0.95 target 90,results/sample_size/ss_table_n_needed.csv,cv==43 & gmr==0.95 & analysis_model=='M1' & target_pct==90 :: n_evaluable_per_arm,97,97,cb1b4df9c06e5f3d0c09e40dc0152eddb30538c60a6d7f5d3acf5efe04ac71fa,22,66cfbf9
deck,S22,n M1 CV 50 GMR 0.95 target 90,results/sample_size/ss_table_n_needed.csv,cv==50 & gmr==0.95 & analysis_model=='M1' & target_pct==90 :: n_evaluable_per_arm,126,126,cb1b4df9c06e5f3d0c09e40dc0152eddb30538c60a6d7f5d3acf5efe04ac71fa,22,66cfbf9
deck,S22,n randomized M1 CV 50 GMR 0.95 target 90,results/sample_size/ss_table_n_needed.csv,cv==50 & gmr==0.95 & analysis_model=='M1' & target_pct==90 :: n_randomized_per_arm,140,140,cb1b4df9c06e5f3d0c09e40dc0152eddb30538c60a6d7f5d3acf5efe04ac71fa,22,66cfbf9
deck,S22,n randomized M1 CV 43 GMR 0.95 target 90,results/sample_size/ss_table_n_needed.csv,cv==43 & gmr==0.95 & analysis_model=='M1' & target_pct==90 :: n_randomized_per_arm,108,108,cb1b4df9c06e5f3d0c09e40dc0152eddb30538c60a6d7f5d3acf5efe04ac71fa,22,66cfbf9
deck,S22,"AUC0-last CV, 2016 model (%)",results/sample_size/ss_inputs.csv,input_model=='k2016' :: cv_auc_pct,40.2983880005355,40.3%,db1b6bc09b964f9fb6a396d5ae9540e80999bceb06aa1cdf30e028bec2f09460,22,66cfbf9
deck,S22,"AUC0-last CV, 2020 model (%)",results/sample_size/ss_inputs.csv,input_model=='k2020' :: cv_auc_pct,42.7759962247525,42.8%,db1b6bc09b964f9fb6a396d5ae9540e80999bceb06aa1cdf30e028bec2f09460,22,66cfbf9
deck,S22,"Li 2020 Table 3, 300 mg arms, SD/mean range (%)",config/design_clot2021.yaml,variability_checks.li2020.cv_pct_range,35; 51,35~51,4b3ddc374dfbf3f451d3fe3d6a865645b0b5d93b0ea7eea9a3f24cd8d2f05da5,22,66cfbf9
deck,S22,Cohen 2022 implied AUC0-last CV (%),results/fallback/sample_size_logsd.csv,"startsWith(variant, 'Cohen') :: AUClast_logcv",52.0937886501735,52%,684e4f6414e7ece0d8f6da94c7542a1fc900e0de98cc6bf920f9ed22fe239189,22,66cfbf9
deck,S22,figure s22_analytic_vs_pk,results/sample_size/ss_pk_check.csv,whole object,NA,(figure),b1b37eab90389fd13775afb47c003b4a383bc14f004cb381470feec6af76001a,22,66cfbf9
deck,S22,true GMR of the PK-model check band 0.85 to 0.92,results/sample_size/ss_pk_check.csv,range over 4 rows [analysis_model != 'M2' & auc_ratio > 0.85 & auc_ratio < 0.92] :: auc_ratio,0.899812601831346; 0.899842309255108,0.90,b1b37eab90389fd13775afb47c003b4a383bc14f004cb381470feec6af76001a,22,66cfbf9
deck,S22,"analytic minus PK-model power, true GMR 0.85 to 0.92 (points)",results/sample_size/ss_pk_check.csv,analysis_model != 'M2' & auc_ratio > 0.85 & auc_ratio < 0.92 :: range(-diff_pp),1.14505807957131; 2.47669916838291,1.15~2.48,b1b37eab90389fd13775afb47c003b4a383bc14f004cb381470feec6af76001a,22,66cfbf9
deck,S22,true GMRs of the PK-model check band 0.93 to 1.01,results/sample_size/ss_pk_check.csv,range over 12 rows [analysis_model != 'M2' & auc_ratio > 0.93 & auc_ratio < 1.01] :: auc_ratio,0.949920923227653; 1.000000000000000,0.95~1.00,b1b37eab90389fd13775afb47c003b4a383bc14f004cb381470feec6af76001a,22,66cfbf9
deck,S22,"largest absolute analytic minus PK-model power, true GMR 0.93 to 1.01 (points)",results/sample_size/ss_pk_check.csv,analysis_model != 'M2' & auc_ratio > 0.93 & auc_ratio < 1.01 :: max(abs(diff_pp)),0.608173284245424,0.61,b1b37eab90389fd13775afb47c003b4a383bc14f004cb381470feec6af76001a,22,66cfbf9
deck,S22,"Cmax CV, 2016 model (%)",results/sample_size/ss_inputs.csv,input_model=='k2016' :: cv_cmax_pct,34.3049898699054,34.3%,db1b6bc09b964f9fb6a396d5ae9540e80999bceb06aa1cdf30e028bec2f09460,22,66cfbf9
deck,S22,"correlation of log AUC0-last and log Cmax, 2016 model",results/sample_size/ss_inputs.csv,input_model=='k2016' :: rho_total,0.75343179608197,0.75,db1b6bc09b964f9fb6a396d5ae9540e80999bceb06aa1cdf30e028bec2f09460,22,66cfbf9
deck,S22,share of AUC0-last variance explained by the weight stratum (%),results/sample_size/ss_inputs.csv,input_model=='k2016' :: r2_stratum_auc x 100,5.4933496856211,5.5%,db1b6bc09b964f9fb6a396d5ae9540e80999bceb06aa1cdf30e028bec2f09460,22,66cfbf9
deck,S22,grid cells with the analytic power inside the Wilson interval of the statistical simulation,results/sample_size/ss_power_mc.csv,count of rows [analytic_in_ci == TRUE],277,277,51d18023d55fe6564193f182235052ea6373da0dfb3a43b009dcd195ec1dd4d8,22,66cfbf9
deck,S22,grid cells simulated,results/sample_size/ss_power_mc.csv,count of rows [TRUE],288,288,51d18023d55fe6564193f182235052ea6373da0dfb3a43b009dcd195ec1dd4d8,22,66cfbf9
deck,S22,trials per grid cell (statistical simulation),results/sample_size/ss_power_mc.csv,TRUE :: unique(n_trials),5000,"5,000",51d18023d55fe6564193f182235052ea6373da0dfb3a43b009dcd195ec1dd4d8,22,66cfbf9
deck,S22,"largest absolute difference, analytic versus statistical simulation (points)",results/sample_size/ss_power_mc.csv,max(abs(diff_pp)),1.50339657739663,1.50,51d18023d55fe6564193f182235052ea6373da0dfb3a43b009dcd195ec1dd4d8,22,66cfbf9
deck,S22,n M0 CV 43 GMR 0.95 target 90,results/sample_size/ss_table_n_needed.csv,cv==43 & gmr==0.95 & analysis_model=='M0' & target_pct==90 :: n_evaluable_per_arm,100,100,cb1b4df9c06e5f3d0c09e40dc0152eddb30538c60a6d7f5d3acf5efe04ac71fa,22,66cfbf9
deck,S22,n randomized M0 CV 43 GMR 0.95 target 90,results/sample_size/ss_table_n_needed.csv,cv==43 & gmr==0.95 & analysis_model=='M0' & target_pct==90 :: n_randomized_per_arm,112,112,cb1b4df9c06e5f3d0c09e40dc0152eddb30538c60a6d7f5d3acf5efe04ac71fa,22,66cfbf9
deck,S22,n randomized M1 CV 43 GMR 0.95 target 90,results/sample_size/ss_table_n_needed.csv,cv==43 & gmr==0.95 & analysis_model=='M1' & target_pct==90 :: n_randomized_per_arm,108,108,cb1b4df9c06e5f3d0c09e40dc0152eddb30538c60a6d7f5d3acf5efe04ac71fa,22,66cfbf9
deck,S22,n M0 CV 50 GMR 0.95 target 90,results/sample_size/ss_table_n_needed.csv,cv==50 & gmr==0.95 & analysis_model=='M0' & target_pct==90 :: n_evaluable_per_arm,129,129,cb1b4df9c06e5f3d0c09e40dc0152eddb30538c60a6d7f5d3acf5efe04ac71fa,22,66cfbf9
deck,S22,n randomized M0 CV 50 GMR 0.95 target 90,results/sample_size/ss_table_n_needed.csv,cv==50 & gmr==0.95 & analysis_model=='M0' & target_pct==90 :: n_randomized_per_arm,144,144,cb1b4df9c06e5f3d0c09e40dc0152eddb30538c60a6d7f5d3acf5efe04ac71fa,22,66cfbf9
deck,S22,P2 power n 117 CV 43 GMR 0.95 M1,results/sample_size/ss_table_power.csv,input_model=='k2016' & cv==43 & gmr==0.95 & n==117 & analysis_model=='M1' :: analytic_pct,94.5355561545655,94.5%,a56eb54215c06bfa3275ff43ff1cdf7b8593f6c57143d3346fc7ed9047948e72,22,66cfbf9
deck,S22,P2 power n 117 CV 43 GMR 0.95 M0,results/sample_size/ss_table_power.csv,input_model=='k2016' & cv==43 & gmr==0.95 & n==117 & analysis_model=='M0' :: analytic_pct,94.0181763126864,94.0%,a56eb54215c06bfa3275ff43ff1cdf7b8593f6c57143d3346fc7ed9047948e72,22,66cfbf9
deck,S22,P2 power n 117 CV 50 GMR 0.95 M0,results/sample_size/ss_table_power.csv,input_model=='k2016' & cv==50 & gmr==0.95 & n==117 & analysis_model=='M0' :: analytic_pct,87.2488251642765,87.2%,a56eb54215c06bfa3275ff43ff1cdf7b8593f6c57143d3346fc7ed9047948e72,22,66cfbf9
deck,S22,"P2 power, next grid n above the protocol n, sensitivity CV, M1",results/sample_size/ss_table_power.csv,input_model=='k2016' & cv==50 & gmr==0.95 & n==130 & analysis_model=='M1' :: analytic_pct,90.884268552574,90.9%,a56eb54215c06bfa3275ff43ff1cdf7b8593f6c57143d3346fc7ed9047948e72,22,66cfbf9
deck,S22,next grid n above the protocol n,results/sample_size/ss_table_power.csv,input_model=='k2016' & cv==50 & gmr==0.95 & n==130 & analysis_model=='M1' :: n,130,130,a56eb54215c06bfa3275ff43ff1cdf7b8593f6c57143d3346fc7ed9047948e72,22,66cfbf9
deck,S22,"PK-model trials per check cell, F-decrease cells (true GMR 0.90 and 0.95)",results/sample_size/ss_pk_check.csv,"analysis_model != 'M2' & scenario %in% c('F_down_090','F_down_095') :: unique(n_trials)",5000,"5,000",b1b37eab90389fd13775afb47c003b4a383bc14f004cb381470feec6af76001a,22,66cfbf9
deck,S22,"PK-model trials per check cell, S00 and F097",results/sample_size/ss_pk_check.csv,"analysis_model != 'M2' & scenario %in% c('S00','F097') :: unique(n_trials)",10000,"10,000",b1b37eab90389fd13775afb47c003b4a383bc14f004cb381470feec6af76001a,22,66cfbf9
deck,S23,M1 P2 boundary type I error range,results/oc_models/type1_models.csv,range over 16 rows [analysis_model=='M1' & config=='P2'] :: pass_pct,0.000; 5.625,0.00~5.63%,d6e5c650fb4d6d241a554f896de38205ac2c890bfa442f4f9cb2749c70b5f261,23,66cfbf9
deck,S23,M0 P2 boundary type I error range,results/oc_models/type1_models.csv,range over 16 rows [analysis_model=='M0' & config=='P2'] :: pass_pct,0.00; 5.18,0.00~5.18%,d6e5c650fb4d6d241a554f896de38205ac2c890bfa442f4f9cb2749c70b5f261,23,66cfbf9
deck,S23,M1 P2 cells classified conservative,results/oc_models/type1_models.csv,count of rows [analysis_model=='M1' & config=='P2' & class=='conservative'],15,15,d6e5c650fb4d6d241a554f896de38205ac2c890bfa442f4f9cb2749c70b5f261,23,66cfbf9
deck,S23,M1 P2 cells classified exceeding,results/oc_models/type1_models.csv,count of rows [analysis_model=='M1' & config=='P2' & class=='exceeding'],1,1,d6e5c650fb4d6d241a554f896de38205ac2c890bfa442f4f9cb2749c70b5f261,23,66cfbf9
deck,S23,M0 P2 cells classified conservative,results/oc_models/type1_models.csv,count of rows [analysis_model=='M0' & config=='P2' & class=='conservative'],15,15,d6e5c650fb4d6d241a554f896de38205ac2c890bfa442f4f9cb2749c70b5f261,23,66cfbf9
deck,S23,M0 P2 cells classified nominal,results/oc_models/type1_models.csv,count of rows [analysis_model=='M0' & config=='P2' & class=='nominal'],1,1,d6e5c650fb4d6d241a554f896de38205ac2c890bfa442f4f9cb2749c70b5f261,23,66cfbf9
deck,S23,criteria set (i) adj_r2_min,config/prereg_20260926.yaml,section4.criteria_sets.i.adj_r2_min,0.8,0.80,dc2c9f1bd4d62e13ad9f5f551dcf97eb7ee1359ba13aaa3af8efc063dfc6303e,23,66cfbf9
deck,S23,criteria set (i) extrap_max_pct,config/prereg_20260926.yaml,section4.criteria_sets.i.extrap_max_pct,20,20,dc2c9f1bd4d62e13ad9f5f551dcf97eb7ee1359ba13aaa3af8efc063dfc6303e,23,66cfbf9
deck,S23,criteria set (iii) adj_r2_min,config/prereg_20260926.yaml,section4.criteria_sets.iii.adj_r2_min,0.9,0.90,dc2c9f1bd4d62e13ad9f5f551dcf97eb7ee1359ba13aaa3af8efc063dfc6303e,23,66cfbf9
deck,S23,criteria set (iii) extrap_max_pct,config/prereg_20260926.yaml,section4.criteria_sets.iii.extrap_max_pct,20,20,dc2c9f1bd4d62e13ad9f5f551dcf97eb7ee1359ba13aaa3af8efc063dfc6303e,23,66cfbf9
deck,S23,"trial population, set (i) failing, two models",results/trialpop/tp_failure_by_set.csv,range over 2 rows [set=='i'] :: fail_pct, 8.165; 13.435,8.2~13.4%,245552b2db5039299ce2f100ed592fc537ebac8bb1693371509535992aa6ca09,23,66cfbf9
deck,S23,"trial population, set (iii) failing, two models",results/trialpop/tp_failure_by_set.csv,range over 2 rows [set=='iii'] :: fail_pct,33.215; 38.760,33.2~38.8%,245552b2db5039299ce2f100ed592fc537ebac8bb1693371509535992aa6ca09,23,66cfbf9
deck,S23,M0 rule C set (i) largest boundary value,results/criteria/criteria_g2_type1.csv,analysis_model=='M0' & config=='G2_C_i' & pk_model=='k2020' & scenario=='V2_up_080' :: pass_pct,4.625,4.63%,b450c534a36e2e03b49bad2427de6317153e3b71210dce8caab616e43ef64981,23,66cfbf9
deck,S23,M1 rule C set (i) largest boundary value,results/criteria/criteria_g2_type1.csv,analysis_model=='M1' & config=='G2_C_i' & pk_model=='k2020' & scenario=='V2_up_080' :: pass_pct,5.055,5.06%,b450c534a36e2e03b49bad2427de6317153e3b71210dce8caab616e43ef64981,23,66cfbf9
deck,S23,M1 F3B boundary type I error range,results/oc_models/type1_models.csv,range over 16 rows [analysis_model=='M1' & config=='F3B'] :: pass_pct,0.00; 3.95,0.00~3.95%,d6e5c650fb4d6d241a554f896de38205ac2c890bfa442f4f9cb2749c70b5f261,23,66cfbf9
deck,S23,M1 G2_B cells with point estimate above 5%,results/oc_models/type1_models.csv,count of rows [analysis_model=='M1' & config=='G2_B' & pass_pct > 5],10,10,d6e5c650fb4d6d241a554f896de38205ac2c890bfa442f4f9cb2749c70b5f261,23,66cfbf9
deck,S23,M1 G2_B cells with Wilson lower bound above 5%,results/oc_models/type1_models.csv,count of rows [analysis_model=='M1' & config=='G2_B' & lo > 5],8,8,d6e5c650fb4d6d241a554f896de38205ac2c890bfa442f4f9cb2749c70b5f261,23,66cfbf9
deck,S23,boundary cells per configuration (M1),results/oc_models/type1_models.csv,count of rows [analysis_model=='M1' & config=='G2_B'],16,16,d6e5c650fb4d6d241a554f896de38205ac2c890bfa442f4f9cb2749c70b5f261,23,66cfbf9
deck,S23,nominal type I error per one-sided test (%) = (1 - be.ci_level) / 2,config/trial_design.yaml,be.ci_level :: (1 - x) / 2 x 100,5,5%,553eceab74155a3497fef1ab587f3b8d2be1319704e17ae1f0e177601726e84f,23,66cfbf9
deck,S23,randomization stratum split (kg),config/trial_design.yaml,stratification.split_kg.value,75,75,553eceab74155a3497fef1ab587f3b8d2be1319704e17ae1f0e177601726e84f,23,66cfbf9
deck,S23,body weight inclusion range (kg),config/trial_design.yaml,weight.inclusion_kg,60; 90,60~90,553eceab74155a3497fef1ab587f3b8d2be1319704e17ae1f0e177601726e84f,23,66cfbf9
deck,S23,SD/SE M0 AUCinf_true boundary cells,results/oc_models/sd_se_models.csv,"range over 16 rows [endpoint=='AUCinf_true' & analysis_model=='M0' & !scenario %in% c('S00','F097')] :: sd_se_ratio",0.960904694847028; 0.993484190924169,0.961~0.993,d78065adf953809467648b9aedda6b8cb346007f065d1ac3c40a9677083121cc,23,66cfbf9
deck,S23,SD/SE M1 AUCinf_true boundary cells,results/oc_models/sd_se_models.csv,"range over 16 rows [endpoint=='AUCinf_true' & analysis_model=='M1' & !scenario %in% c('S00','F097')] :: sd_se_ratio",0.991270619596083; 1.020344572967900,0.991~1.020,d78065adf953809467648b9aedda6b8cb346007f065d1ac3c40a9677083121cc,23,66cfbf9
deck,S23,power k2016 S00 M1 P2,results/oc_models/power_models.csv,"pk_model=='k2016' & scenario=='S00' & analysis_model=='M1' & config=='P2' :: pass_pct [lo, hi]",99.6500000000000; 99.5136468123541; 99.7482221494378,99.7% (95% CI 99.5~99.7),9f1958653a97dce11942e5f07b15abc5d41042297c6e2795abc6da4711b68fb6,23,66cfbf9
deck,S23,power k2016 S00 M0 P2,results/oc_models/power_models.csv,"pk_model=='k2016' & scenario=='S00' & analysis_model=='M0' & config=='P2' :: pass_pct [lo, hi]",99.5500000000000; 99.3984428906251; 99.6635028708408,99.6% (95% CI 99.4~99.7),9f1958653a97dce11942e5f07b15abc5d41042297c6e2795abc6da4711b68fb6,23,66cfbf9
deck,S23,power k2016 S00 M1 F3B,results/oc_models/power_models.csv,"pk_model=='k2016' & scenario=='S00' & analysis_model=='M1' & config=='F3B' :: pass_pct [lo, hi]",99.6400000000000; 99.5020370056370; 99.7398396361222,99.6% (95% CI 99.5~99.7),9f1958653a97dce11942e5f07b15abc5d41042297c6e2795abc6da4711b68fb6,23,66cfbf9
deck,S23,M1 P2 maximum,results/oc_models/type1_models.csv,"analysis_model=='M1' & config=='P2' & pk_model=='k2020' & scenario=='V2_up_080' :: pass_pct [lo, hi]",5.62500000000000; 5.31412097634036; 5.95292222363892,5.63% (95% CI 5.31~5.95),d6e5c650fb4d6d241a554f896de38205ac2c890bfa442f4f9cb2749c70b5f261,23,66cfbf9
deck,S23,M0 P2 maximum,results/oc_models/type1_models.csv,"analysis_model=='M0' & config=='P2' & pk_model=='k2020' & scenario=='V2_up_080' :: pass_pct [lo, hi]",5.18000000000000; 4.88136778412433; 5.49584632794489,5.18% (95% CI 4.88~5.50),d6e5c650fb4d6d241a554f896de38205ac2c890bfa442f4f9cb2749c70b5f261,23,66cfbf9
deck,S23,"lambda-z estimable, two models",results/reliability/reliability_two_flag_sets_summary.csv,"range over 2 rows [variant %in% c('base','struct2020')] :: lambda_ok_pct",98.540; 99.385,98.5~99.4%,7db4ea795f34f68f0d1a06469b5b810b25cc110a1bca6b68ae147af1d29cc920,23,66cfbf9
deck,S23,"reliability criteria (i), two models",results/reliability/reliability_two_flag_sets_summary.csv,"range over 2 rows [variant %in% c('base','struct2020')] :: reliable_i_pct",86.565; 91.835,86.6~91.8%,7db4ea795f34f68f0d1a06469b5b810b25cc110a1bca6b68ae147af1d29cc920,23,66cfbf9
deck,S23,criteria (i) exclusion k2016 wt_diff,results/sap/sap_exclusion_support.csv,model=='k2016' & set=='criteria_i' :: wt_diff,1.13392775893638,1.1,3aae26534761bc25571238de3dcfc353e3ba013ffd442d1eb778b7bf6428bdea,23,66cfbf9
deck,S23,criteria (i) exclusion k2020 wt_diff,results/sap/sap_exclusion_support.csv,model=='k2020' & set=='criteria_i' :: wt_diff,0.810617907513148,0.8,3aae26534761bc25571238de3dcfc353e3ba013ffd442d1eb778b7bf6428bdea,23,66cfbf9
deck,S23,"true AUC0-inf ratio failing to retained, set (i)",results/trialpop/tp_characteristics.csv,range over 2 rows [set=='i'] :: true_aucinf_gmr,0.786054078286093; 0.814793379307349,0.786~0.815,4ecec80dd889cc798aad376dbb7a21a23d30d530a0ef29366e3caf9011779573,23,66cfbf9
deck,S23,rule B exclusion k2016,results/sap/sap_exclusion_support.csv,model=='k2016' & set=='rule_B' :: excluded_pct,1.46,1.5,3aae26534761bc25571238de3dcfc353e3ba013ffd442d1eb778b7bf6428bdea,23,66cfbf9
deck,S23,rule B exclusion k2020,results/sap/sap_exclusion_support.csv,model=='k2020' & set=='rule_B' :: excluded_pct,0.615,0.6,3aae26534761bc25571238de3dcfc353e3ba013ffd442d1eb778b7bf6428bdea,23,66cfbf9
deck,S23,M0 rule C set (i) largest with CI,results/criteria/criteria_g2_type1.csv,"analysis_model=='M0' & config=='G2_C_i' & pk_model=='k2020' & scenario=='V2_up_080' :: pass_pct [lo, hi]",4.62500000000000; 4.34253528496361; 4.92489198712789,4.63% (95% CI 4.34~4.92),b450c534a36e2e03b49bad2427de6317153e3b71210dce8caab616e43ef64981,23,66cfbf9
deck,S23,M1 rule C set (i) largest with CI,results/criteria/criteria_g2_type1.csv,"analysis_model=='M1' & config=='G2_C_i' & pk_model=='k2020' & scenario=='V2_up_080' :: pass_pct [lo, hi]",5.05500000000000; 4.75991800612279; 5.36734411496046,5.06% (95% CI 4.76~5.37),b450c534a36e2e03b49bad2427de6317153e3b71210dce8caab616e43ef64981,23,66cfbf9
deck,S23,M1 G2_C_i cells above 5% (point),results/criteria/criteria_g2_type1.csv,count of rows [analysis_model=='M1' & config=='G2_C_i' & pass_pct > 5],1,1,b450c534a36e2e03b49bad2427de6317153e3b71210dce8caab616e43ef64981,23,66cfbf9
deck,S23,M1 G2_C_i cells with Wilson lower bound above 5%,results/criteria/criteria_g2_type1.csv,count of rows [analysis_model=='M1' & config=='G2_C_i' & lo > 5],0,0,b450c534a36e2e03b49bad2427de6317153e3b71210dce8caab616e43ef64981,23,66cfbf9
deck,S23,M0 rule C set (ii) largest (not used),results/criteria/criteria_g2_type1.csv,analysis_model=='M0' & config=='G2_C_ii' & pk_model=='k2020' & scenario=='V2_up_080' :: pass_pct,5.005,5.01%,b450c534a36e2e03b49bad2427de6317153e3b71210dce8caab616e43ef64981,23,66cfbf9
deck,S23,M1 rule C set (ii) largest (not used),results/criteria/criteria_g2_type1.csv,analysis_model=='M1' & config=='G2_C_ii' & pk_model=='k2020' & scenario=='V2_up_080' :: pass_pct,5.39,5.39%,b450c534a36e2e03b49bad2427de6317153e3b71210dce8caab616e43ef64981,23,66cfbf9
deck,S23,ADA sampling days after the pre-dose sample (non-zero entries),config/trial_design.yaml,other_schedules_out_of_scope.ADA_days, 0; 15; 29; 57,"15, 29, 57",553eceab74155a3497fef1ab587f3b8d2be1319704e17ae1f0e177601726e84f,23,66cfbf9
deck,S23,ADA-like subgroup share (%),config/trial_design.yaml,ada_sensitivity.fraction,0.1,10%,553eceab74155a3497fef1ab587f3b8d2be1319704e17ae1f0e177601726e84f,23,66cfbf9
deck,S23,ADA-like subgroup onset (day),config/trial_design.yaml,ada_sensitivity.onset_day,14,14,553eceab74155a3497fef1ab587f3b8d2be1319704e17ae1f0e177601726e84f,23,66cfbf9
deck,S23,ADA-like subgroup onset as study day (study day = days after dose + 1),config/trial_design.yaml,ada_sensitivity.onset_day + 1,15,15,553eceab74155a3497fef1ab587f3b8d2be1319704e17ae1f0e177601726e84f,23,66cfbf9
deck,S23,ADA-like subgroup linear elimination multiplier,config/trial_design.yaml,ada_sensitivity.ke_multiplier,2,2,553eceab74155a3497fef1ab587f3b8d2be1319704e17ae1f0e177601726e84f,23,66cfbf9
deck,S23,ADA-like subgroup median tlast (days),results/individual/individual_ada10_by_subgroup.csv,ada==1 & schedule=='B0' :: tlast_median,28.3593958341517,28.4,3dd5ce9b6a31bbb41910b9453f8392a1fd3af70dc157752f1ebffad77e9bbc76,23,66cfbf9
deck,S23,other subjects median tlast (days),results/individual/individual_ada10_by_subgroup.csv,ada==0 & schedule=='B0' :: tlast_median,34.7214617053978,34.7,3dd5ce9b6a31bbb41910b9453f8392a1fd3af70dc157752f1ebffad77e9bbc76,23,66cfbf9
deck,S23,ADA-like subgroup median true extrapolation (%),results/individual/individual_ada10_by_subgroup.csv,ada==1 & schedule=='B0' :: extrap_true_median,0.646535026740025,0.65,3dd5ce9b6a31bbb41910b9453f8392a1fd3af70dc157752f1ebffad77e9bbc76,23,66cfbf9
deck,S23,other subjects median true extrapolation (%),results/individual/individual_ada10_by_subgroup.csv,ada==0 & schedule=='B0' :: extrap_true_median,0.675646374124039,0.68,3dd5ce9b6a31bbb41910b9453f8392a1fd3af70dc157752f1ebffad77e9bbc76,23,66cfbf9
deck,S23,M0 F3B boundary type I error range,results/oc_models/type1_models.csv,range over 16 rows [analysis_model=='M0' & config=='F3B'] :: pass_pct,0.00; 3.57,0.00~3.57%,d6e5c650fb4d6d241a554f896de38205ac2c890bfa442f4f9cb2749c70b5f261,23,66cfbf9
deck,S23,M1 F3B maximum,results/oc_models/type1_models.csv,"analysis_model=='M1' & config=='F3B' & pk_model=='k2020' & scenario=='F_down_080' :: pass_pct [lo, hi]",3.95000000000000; 3.58558272619014; 4.34978352374917,3.95% (95% CI 3.59~4.35),d6e5c650fb4d6d241a554f896de38205ac2c890bfa442f4f9cb2749c70b5f261,23,66cfbf9
deck,S23,M1 G2_B maximum,results/oc_models/type1_models.csv,"analysis_model=='M1' & config=='G2_B' & pk_model=='k2016' & scenario=='Vmax_up_080' :: pass_pct [lo, hi]",16.0300000000000; 15.3239846369558; 16.7621042123479,16.03% (95% CI 15.32~16.76),d6e5c650fb4d6d241a554f896de38205ac2c890bfa442f4f9cb2749c70b5f261,23,66cfbf9
deck,S23,M0 G2_B cells with point estimate above 5%,results/oc_models/type1_models.csv,count of rows [analysis_model=='M0' & config=='G2_B' & pass_pct > 5],8,8,d6e5c650fb4d6d241a554f896de38205ac2c890bfa442f4f9cb2749c70b5f261,23,66cfbf9
deck,S23,M0 G2_B cells with Wilson lower bound above 5%,results/oc_models/type1_models.csv,count of rows [analysis_model=='M0' & config=='G2_B' & lo > 5],6,6,d6e5c650fb4d6d241a554f896de38205ac2c890bfa442f4f9cb2749c70b5f261,23,66cfbf9
deck,S23,M1 F3A (set ii) boundary type I error range,results/oc_models/type1_models.csv,range over 16 rows [analysis_model=='M1' & config=='F3A'] :: pass_pct,0.00; 3.39,0.00~3.39%,d6e5c650fb4d6d241a554f896de38205ac2c890bfa442f4f9cb2749c70b5f261,23,66cfbf9
deck,S23,M1 F3C (set ii) boundary type I error range,results/oc_models/type1_models.csv,range over 16 rows [analysis_model=='M1' & config=='F3C'] :: pass_pct,0.00; 5.16,0.00~5.16%,d6e5c650fb4d6d241a554f896de38205ac2c890bfa442f4f9cb2749c70b5f261,23,66cfbf9
deck,S24,nominal type I error per one-sided test (%) = (1 - be.ci_level) / 2,config/trial_design.yaml,be.ci_level :: (1 - x) / 2 x 100,5,5%,553eceab74155a3497fef1ab587f3b8d2be1319704e17ae1f0e177601726e84f,24,66cfbf9
deck,S24,criteria set (i) adj_r2_min,config/prereg_20260926.yaml,section4.criteria_sets.i.adj_r2_min,0.8,0.80,dc2c9f1bd4d62e13ad9f5f551dcf97eb7ee1359ba13aaa3af8efc063dfc6303e,24,66cfbf9
deck,S24,criteria set (iii) adj_r2_min,config/prereg_20260926.yaml,section4.criteria_sets.iii.adj_r2_min,0.9,0.90,dc2c9f1bd4d62e13ad9f5f551dcf97eb7ee1359ba13aaa3af8efc063dfc6303e,24,66cfbf9
deck,S24,criteria set (i) extrap_max_pct,config/prereg_20260926.yaml,section4.criteria_sets.i.extrap_max_pct,20,20,dc2c9f1bd4d62e13ad9f5f551dcf97eb7ee1359ba13aaa3af8efc063dfc6303e,24,66cfbf9
deck,S24,criteria set (iii) extrap_max_pct,config/prereg_20260926.yaml,section4.criteria_sets.iii.extrap_max_pct,20,20,dc2c9f1bd4d62e13ad9f5f551dcf97eb7ee1359ba13aaa3af8efc063dfc6303e,24,66cfbf9
deck,S24,"schedule B0, last (study day = days after dose + 1)",config/trial_design.yaml,schedules.B0.days :: last, 1.25;  2.00;  4.00;  6.00;  8.00; 11.00; 15.00; 22.00; 29.00; 36.00; 43.00; 50.00; 57.00,57,553eceab74155a3497fef1ab587f3b8d2be1319704e17ae1f0e177601726e84f,24,66cfbf9
deck,S24,"median true extrapolation, 2016 model (%)",results/rationale/pillar1_coverage_B0.csv,model=='k2016' & group=='all' :: extrap_true_median,0.652050053461906,0.65%,f5bd530b5e2198d6fc9ae9dcf29e9fda50cb699af423210a732c31d1ccf6cbb6,24,66cfbf9
deck,S24,"trial population, set (i) failing, two models",results/trialpop/tp_failure_by_set.csv,range over 2 rows [set=='i'] :: fail_pct, 8.165; 13.435,8.2~13.4%,245552b2db5039299ce2f100ed592fc537ebac8bb1693371509535992aa6ca09,24,66cfbf9
deck,S24,boundary cells per configuration (M1),results/oc_models/type1_models.csv,count of rows [analysis_model=='M1' & config=='G2_Ai'],16,16,d6e5c650fb4d6d241a554f896de38205ac2c890bfa442f4f9cb2749c70b5f261,24,66cfbf9
deck,S24,M1 G2_Ai cells with point estimate above 5%,results/oc_models/type1_models.csv,count of rows [analysis_model=='M1' & config=='G2_Ai' & pass_pct > 5],10,10,d6e5c650fb4d6d241a554f896de38205ac2c890bfa442f4f9cb2749c70b5f261,24,66cfbf9
deck,S24,M1 G2_Ai cells with Wilson lower bound above 5%,results/oc_models/type1_models.csv,count of rows [analysis_model=='M1' & config=='G2_Ai' & lo > 5],8,8,d6e5c650fb4d6d241a554f896de38205ac2c890bfa442f4f9cb2749c70b5f261,24,66cfbf9
deck,S24,M1 P2 cells classified conservative,results/oc_models/type1_models.csv,count of rows [analysis_model=='M1' & config=='P2' & class=='conservative'],15,15,d6e5c650fb4d6d241a554f896de38205ac2c890bfa442f4f9cb2749c70b5f261,24,66cfbf9
deck,S24,M1 P2 cells classified exceeding,results/oc_models/type1_models.csv,count of rows [analysis_model=='M1' & config=='P2' & class=='exceeding'],1,1,d6e5c650fb4d6d241a554f896de38205ac2c890bfa442f4f9cb2749c70b5f261,24,66cfbf9
deck,S24,M1 P2 range,results/oc_models/type1_models.csv,range over 16 rows [analysis_model=='M1' & config=='P2'] :: pass_pct,0.000; 5.625,0.00~5.63%,d6e5c650fb4d6d241a554f896de38205ac2c890bfa442f4f9cb2749c70b5f261,24,66cfbf9
deck,S24,2020 V2 cell multiplier,results/oc_models/p2_decomposition_models.csv,pk_model=='k2020' & mechanism=='V2' & analysis_model=='M1' :: multiplier,2.27730854120339,2.28,fe790d12806d3723abd2f8487d6f987498b247683354cade26ddb18fc6217f2f,24,66cfbf9
deck,S24,2020 V2 cell P2 M1,results/oc_models/p2_decomposition_models.csv,"pk_model=='k2020' & mechanism=='V2' & analysis_model=='M1' :: p2_pct [lo, hi]",5.62500000000000; 5.31412097634036; 5.95292222363892,5.63% (95% CI 5.31~5.95),fe790d12806d3723abd2f8487d6f987498b247683354cade26ddb18fc6217f2f,24,66cfbf9
deck,S24,2020 V2 AUC0-last bias M1,results/oc_models/p2_decomposition_models.csv,pk_model=='k2020' & mechanism=='V2' & analysis_model=='M1' :: auclast_bias_pct,0.411740547589035,0.41%,fe790d12806d3723abd2f8487d6f987498b247683354cade26ddb18fc6217f2f,24,66cfbf9
deck,S24,2020 V2 cell P2 M0,results/oc_models/p2_decomposition_models.csv,pk_model=='k2020' & mechanism=='V2' & analysis_model=='M0' :: p2_pct,5.18,5.18%,fe790d12806d3723abd2f8487d6f987498b247683354cade26ddb18fc6217f2f,24,66cfbf9
deck,S24,"trial population, set (iii) failing, two models",results/trialpop/tp_failure_by_set.csv,range over 2 rows [set=='iii'] :: fail_pct,33.215; 38.760,33.2~38.8%,245552b2db5039299ce2f100ed592fc537ebac8bb1693371509535992aa6ca09,24,66cfbf9
deck,S24,"cliff length median, two models (days)",results/cliff/cliff_summary.csv,range over 2 rows [weight=='base'] :: len1_median,1.38152205729940; 1.38301245217869,1.38,f853aba868c8cd024ca3a2c4a971159d7aece8f76fb8f2156c300c88e0dfd115,24,66cfbf9
deck,S24,daily sampling window of the cliff check (study days = days after dose + 1),config/oc_design.yaml,cliff.schedules.daily_29_57 :: regex a..b (days after dose) + 1,29; 57,29~57,629011b264fbc4c3f03f8a3989bac1f2711d49959f3268f5e8f758c80f93ea0a,24,66cfbf9
deck,S24,sample-count threshold in column name pct_ge3,results/cliff/cliff_points.csv,column name pct_ge3 (share of subjects with 3 or more samples in the cliff),3,3,0d0ea5c5b1e2ada1b9ff68be6415c912fec7ea8806f75a2d201b46932359fead,24,66cfbf9
deck,S24,"daily sampling, 3 or more samples on the cliff, nominal days, two models (%)",results/cliff/cliff_points.csv,range over 2 rows [weight=='base' & timing=='nominal' & definition_day==1 & schedule=='daily_29_57'] :: pct_ge3,0; 0,0.0%,0d0ea5c5b1e2ada1b9ff68be6415c912fec7ea8806f75a2d201b46932359fead,24,66cfbf9
deck,S24,"daily sampling, 3 or more samples on the cliff, windowed times, two models (%)",results/cliff/cliff_points.csv,range over 2 rows [weight=='base' & timing=='windowed' & definition_day==1 & schedule=='daily_29_57'] :: pct_ge3,7.490; 7.715,7.49~7.72%,0d0ea5c5b1e2ada1b9ff68be6415c912fec7ea8806f75a2d201b46932359fead,24,66cfbf9
deck,S24,"LLOQ study day median, 2016 model",results/cliff/cliff_summary.csv,model=='k2016' & weight=='base' :: lloq_studyday_median,38.4647596937202,38.5,f853aba868c8cd024ca3a2c4a971159d7aece8f76fb8f2156c300c88e0dfd115,24,66cfbf9
deck,S24,study-day threshold in column name lloq_after_day58_pct,results/cliff/cliff_summary.csv,column name lloq_after_day58_pct (100 x mean(t_lloq + 1 > 58)),58,58,f853aba868c8cd024ca3a2c4a971159d7aece8f76fb8f2156c300c88e0dfd115,24,66cfbf9
deck,S24,"above LLOQ after Day 58, 2016 model (%)",results/cliff/cliff_summary.csv,model=='k2016' & weight=='base' :: lloq_after_day58_pct,2.47,2.5%,f853aba868c8cd024ca3a2c4a971159d7aece8f76fb8f2156c300c88e0dfd115,24,66cfbf9
deck,S24,protocol CV (%),results/sample_size/ss_table_power.csv,input_model=='k2016' & cv==43 & gmr==0.95 & n==117 & analysis_model=='M1' :: cv,43,43,a56eb54215c06bfa3275ff43ff1cdf7b8593f6c57143d3346fc7ed9047948e72,24,66cfbf9
deck,S24,sensitivity CV (%),results/sample_size/ss_table_power.csv,input_model=='k2016' & cv==50 & gmr==0.95 & n==117 & analysis_model=='M1' :: cv,50,50,a56eb54215c06bfa3275ff43ff1cdf7b8593f6c57143d3346fc7ed9047948e72,24,66cfbf9
deck,S24,true GMR of the power table,results/sample_size/ss_table_power.csv,input_model=='k2016' & cv==43 & gmr==0.95 & n==117 & analysis_model=='M1' :: gmr,0.95,0.95,a56eb54215c06bfa3275ff43ff1cdf7b8593f6c57143d3346fc7ed9047948e72,24,66cfbf9
deck,S24,evaluable subjects per arm,config/trial_design.yaml,n_per_arm,117,117,553eceab74155a3497fef1ab587f3b8d2be1319704e17ae1f0e177601726e84f,24,66cfbf9
deck,S24,power n117 CV 43 M1,results/sample_size/ss_table_power.csv,input_model=='k2016' & cv==43 & gmr==0.95 & n==117 & analysis_model=='M1' :: analytic_pct,94.5355561545655,94.5%,a56eb54215c06bfa3275ff43ff1cdf7b8593f6c57143d3346fc7ed9047948e72,24,66cfbf9
deck,S24,power n117 CV 43 M0,results/sample_size/ss_table_power.csv,input_model=='k2016' & cv==43 & gmr==0.95 & n==117 & analysis_model=='M0' :: analytic_pct,94.0181763126864,94.0%,a56eb54215c06bfa3275ff43ff1cdf7b8593f6c57143d3346fc7ed9047948e72,24,66cfbf9
deck,S24,power n117 CV 50 M1,results/sample_size/ss_table_power.csv,input_model=='k2016' & cv==50 & gmr==0.95 & n==117 & analysis_model=='M1' :: analytic_pct,87.961670690266,88.0%,a56eb54215c06bfa3275ff43ff1cdf7b8593f6c57143d3346fc7ed9047948e72,24,66cfbf9
deck,S24,SD/SE M0,results/oc_models/sd_se_models.csv,"range over 16 rows [endpoint=='AUCinf_true' & analysis_model=='M0' & !scenario %in% c('S00','F097')] :: sd_se_ratio",0.960904694847028; 0.993484190924169,0.961~0.993,d78065adf953809467648b9aedda6b8cb346007f065d1ac3c40a9677083121cc,24,66cfbf9
deck,S24,SD/SE M1,results/oc_models/sd_se_models.csv,"range over 16 rows [endpoint=='AUCinf_true' & analysis_model=='M1' & !scenario %in% c('S00','F097')] :: sd_se_ratio",0.991270619596083; 1.020344572967900,0.991~1.020,d78065adf953809467648b9aedda6b8cb346007f065d1ac3c40a9677083121cc,24,66cfbf9
deck,S24,"95th percentile true extrapolation, 2016 model (%)",results/rationale/pillar1_coverage_B0.csv,model=='k2016' & group=='all' :: extrap_true_p95,3.6326565403682,3.63%,f5bd530b5e2198d6fc9ae9dcf29e9fda50cb699af423210a732c31d1ccf6cbb6,24,66cfbf9
deck,S24,"median NCA extrapolation, 2016 model (%)",results/rationale/pillar1_coverage_B0.csv,model=='k2016' & group=='all' :: extrap_nca_median,2.74409890951039,2.7%,f5bd530b5e2198d6fc9ae9dcf29e9fda50cb699af423210a732c31d1ccf6cbb6,24,66cfbf9
deck,S24,M1 G2_Aii cells with point estimate above 5%,results/oc_models/type1_models.csv,count of rows [analysis_model=='M1' & config=='G2_Aii' & pass_pct > 5],12,12,d6e5c650fb4d6d241a554f896de38205ac2c890bfa442f4f9cb2749c70b5f261,24,66cfbf9
deck,S24,M1 G2_Aii maximum,results/oc_models/type1_models.csv,"analysis_model=='M1' & config=='G2_Aii' & pk_model=='k2020' & scenario=='Vmax_down_125' :: pass_pct [lo, hi]",27.4400000000000; 26.5742296889373; 28.3230963175476,27.44% (95% CI 26.57~28.32),d6e5c650fb4d6d241a554f896de38205ac2c890bfa442f4f9cb2749c70b5f261,24,66cfbf9
deck,S24,M0 G2_Ai cells with point estimate above 5%,results/oc_models/type1_models.csv,count of rows [analysis_model=='M0' & config=='G2_Ai' & pass_pct > 5],8,8,d6e5c650fb4d6d241a554f896de38205ac2c890bfa442f4f9cb2749c70b5f261,24,66cfbf9
deck,S24,"true AUC0-inf ratio target, exceeding cell",results/oc_models/type1_models.csv,analysis_model=='M1' & config=='P2' & pk_model=='k2020' & scenario=='V2_up_080' :: target,0.8,0.80,d6e5c650fb4d6d241a554f896de38205ac2c890bfa442f4f9cb2749c70b5f261,24,66cfbf9
deck,S24,2016 model V2 multiplier for the same target,results/oc_models/type1_models.csv,analysis_model=='M1' & config=='P2' & pk_model=='k2016' & scenario=='V2_up_080' :: multiplier,3.21003979693093,3.21,d6e5c650fb4d6d241a554f896de38205ac2c890bfa442f4f9cb2749c70b5f261,24,66cfbf9
deck,S24,2020 V2 cell trials M1,results/oc_models/p2_decomposition_models.csv,pk_model=='k2020' & mechanism=='V2' & analysis_model=='M1' :: n_trials,20000,"20,000",fe790d12806d3723abd2f8487d6f987498b247683354cade26ddb18fc6217f2f,24,66cfbf9
deck,S24,"M1 P2 V2 cell at the pre-specified 10,000 trials",results/oc_models/extension_decision_models.csv,"pk_model=='k2020' & scenario=='V2_up_080' & analysis_model=='M1' :: pass_pct [lo, hi]",5.74000000000000; 5.30086848721034; 6.21312304856195,5.74% (95% CI 5.30~6.21),eaff8882d69e5a6eb631779e17a9fa254084fd89db0e272e9d8d59140e405504,24,66cfbf9
deck,S24,2020 V2 unbiased reference M1,results/oc_models/p2_decomposition_models.csv,pk_model=='k2020' & mechanism=='V2' & analysis_model=='M1' :: ref_pct,4.94,4.94%,fe790d12806d3723abd2f8487d6f987498b247683354cade26ddb18fc6217f2f,24,66cfbf9
deck,S24,2020 V2 AUC0-last alone M1,results/oc_models/p2_decomposition_models.csv,pk_model=='k2020' & mechanism=='V2' & analysis_model=='M1' :: auclast_pct,5.645,5.65%,fe790d12806d3723abd2f8487d6f987498b247683354cade26ddb18fc6217f2f,24,66cfbf9
deck,S24,2020 V2 Cmax term M1 (points),results/oc_models/p2_decomposition_models.csv,pk_model=='k2020' & mechanism=='V2' & analysis_model=='M1' :: p2_minus_auclast_pp,-0.0199999999999996,-0.02,fe790d12806d3723abd2f8487d6f987498b247683354cade26ddb18fc6217f2f,24,66cfbf9
deck,S24,2020 V2 cell P2 M0,results/oc_models/p2_decomposition_models.csv,"pk_model=='k2020' & mechanism=='V2' & analysis_model=='M0' :: p2_pct [lo, hi]",5.18000000000000; 4.88136778412433; 5.49584632794489,5.18% (95% CI 4.88~5.50),fe790d12806d3723abd2f8487d6f987498b247683354cade26ddb18fc6217f2f,24,66cfbf9
deck,S24,"trial population, set (iv) failing, two models",results/trialpop/tp_failure_by_set.csv,range over 2 rows [set=='iv'] :: fail_pct,65.85; 72.45,65.9~72.5%,245552b2db5039299ce2f100ed592fc537ebac8bb1693371509535992aa6ca09,24,66cfbf9
deck,S24,"LLOQ study day median, 2020 model",results/cliff/cliff_summary.csv,model=='k2020' & weight=='base' :: lloq_studyday_median,40.7685378859273,40.8,f853aba868c8cd024ca3a2c4a971159d7aece8f76fb8f2156c300c88e0dfd115,24,66cfbf9
deck,S24,"above LLOQ after Day 58, 2020 model (%)",results/cliff/cliff_summary.csv,model=='k2020' & weight=='base' :: lloq_after_day58_pct,4.595,4.6%,f853aba868c8cd024ca3a2c4a971159d7aece8f76fb8f2156c300c88e0dfd115,24,66cfbf9
deck,S24,power n117 CV 50 M0,results/sample_size/ss_table_power.csv,input_model=='k2016' & cv==50 & gmr==0.95 & n==117 & analysis_model=='M0' :: analytic_pct,87.2488251642765,87.2%,a56eb54215c06bfa3275ff43ff1cdf7b8593f6c57143d3346fc7ed9047948e72,24,66cfbf9
deck,S24,target power (%),results/sample_size/ss_table_n_needed.csv,cv==43 & gmr==0.95 & analysis_model=='M1' & target_pct==90 :: target_pct,90,90,cb1b4df9c06e5f3d0c09e40dc0152eddb30538c60a6d7f5d3acf5efe04ac71fa,24,66cfbf9
deck,S24,n_evaluable_per_arm M1 CV 43 target 90,results/sample_size/ss_table_n_needed.csv,cv==43 & gmr==0.95 & analysis_model=='M1' & target_pct==90 :: n_evaluable_per_arm,97,97,cb1b4df9c06e5f3d0c09e40dc0152eddb30538c60a6d7f5d3acf5efe04ac71fa,24,66cfbf9
deck,S24,n_evaluable_per_arm M0 CV 43 target 90,results/sample_size/ss_table_n_needed.csv,cv==43 & gmr==0.95 & analysis_model=='M0' & target_pct==90 :: n_evaluable_per_arm,100,100,cb1b4df9c06e5f3d0c09e40dc0152eddb30538c60a6d7f5d3acf5efe04ac71fa,24,66cfbf9
deck,S24,n_evaluable_per_arm M1 CV 50 target 90,results/sample_size/ss_table_n_needed.csv,cv==50 & gmr==0.95 & analysis_model=='M1' & target_pct==90 :: n_evaluable_per_arm,126,126,cb1b4df9c06e5f3d0c09e40dc0152eddb30538c60a6d7f5d3acf5efe04ac71fa,24,66cfbf9
deck,S24,n_evaluable_per_arm M0 CV 50 target 90,results/sample_size/ss_table_n_needed.csv,cv==50 & gmr==0.95 & analysis_model=='M0' & target_pct==90 :: n_evaluable_per_arm,129,129,cb1b4df9c06e5f3d0c09e40dc0152eddb30538c60a6d7f5d3acf5efe04ac71fa,24,66cfbf9
deck,S24,power k2016 S00 M1 P2,results/oc_models/power_models.csv,"pk_model=='k2016' & scenario=='S00' & analysis_model=='M1' & config=='P2' :: pass_pct [lo, hi]",99.6500000000000; 99.5136468123541; 99.7482221494378,99.7% (95% CI 99.5~99.7),9f1958653a97dce11942e5f07b15abc5d41042297c6e2795abc6da4711b68fb6,24,66cfbf9
deck,S24,power k2016 S00 M0 P2,results/oc_models/power_models.csv,"pk_model=='k2016' & scenario=='S00' & analysis_model=='M0' & config=='P2' :: pass_pct [lo, hi]",99.5500000000000; 99.3984428906251; 99.6635028708408,99.6% (95% CI 99.4~99.7),9f1958653a97dce11942e5f07b15abc5d41042297c6e2795abc6da4711b68fb6,24,66cfbf9
deck,S24,"P2 M1 minus M0, range (points)",results/oc_models/type1_paired_change.csv,range over 16 rows [comparison=='M1 minus M0' & config=='P2'] :: diff_pp,0.000; 0.445,0.00~0.45,478d0b4592760bd3ab64736acefaf08cd1e6d7a9ee7cb1edc7d9d21b25fa281a,24,66cfbf9
deck,S24,"P2 M1 minus M0, mean (points)",results/oc_models/type1_paired_change.csv,comparison=='M1 minus M0' & config=='P2' :: mean(diff_pp),0.3009375,0.30,478d0b4592760bd3ab64736acefaf08cd1e6d7a9ee7cb1edc7d9d21b25fa281a,24,66cfbf9
deck,S25,window coverage threshold (%) of the column coverage_lt80_pct,results/curve_shape/curve_shape_B0.csv,column name coverage_lt80_pct :: threshold,80,80,4796d407dad3bba1496ae1268dae39063c5e3e2c8bec7b583e0625bc8c022c44,25,66cfbf9
deck,S25,both-model coverage used in the smallest 5th-percentile window coverage,results/rationale/pillar1_coverage_B0.csv,whole object,NA,(table),f5bd530b5e2198d6fc9ae9dcf29e9fda50cb699af423210a732c31d1ccf6cbb6,25,66cfbf9
deck,S25,"Km (mg/L), fixed in both models",config/params_typical.yaml,theta.Km.value,0.01,0.01,0661b248227771273d5c58c86c61f35ef655fdeecebe3f188868fd61cff4b801,25,66cfbf9
deck,S25,"Km multipliers, both arms, curve-shape variants",config/scenarios.yaml,"sensitivity_variants [km05_both, km10_both, km2_both, km5_both] :: theta_multipliers.Km, min and max", 0.5;  2.0;  5.0; 10.0,0.5~×10,7243c4f34f21614eccae4c143ba05b8a9eb9183a76770cfce7153ef30a5dc17c,25,66cfbf9
deck,S25,"Vmax multipliers, both arms, non-stress curve-shape variants",config/scenarios.yaml,"sensitivity_variants [vmax080_both, vmax125_both] :: theta_multipliers.Vmax, both values",0.80; 1.25,0.8·×1.25,7243c4f34f21614eccae4c143ba05b8a9eb9183a76770cfce7153ef30a5dc17c,25,66cfbf9
deck,S25,"share below 80% window coverage, non-stress curve-shape variants (all equal)",results/curve_shape/curve_shape_B0.csv,max over 7 rows [stress_test==FALSE] :: coverage_lt80_pct,0,0.00%,4796d407dad3bba1496ae1268dae39063c5e3e2c8bec7b583e0625bc8c022c44,25,66cfbf9
deck,S25,smallest 95th-percentile coverage (100 - max 95th percentile of true extrapolation) over both models and non-stress curve-shape variants,results/curve_shape/curve_shape_B0.csv,"stress_test==FALSE :: 100 - max(extrap_true_p95), with rationale/pillar1_coverage_B0.csv group=='all'",94.7062585115505,94.7,4796d407dad3bba1496ae1268dae39063c5e3e2c8bec7b583e0625bc8c022c44,25,66cfbf9
deck,S25,Km multipliers searched in the test arm (range ends),results/oc/inversion_all.csv,mechanism=='Km' :: range(end_multiplier),1e-02; 1e+02,0.01~×100,7b0f06ec39b8c6d76e4b02d5301502fb01167a0cb730bc1e5fea08e64726541f,25,66cfbf9
deck,S25,Vmax multiplier of the stress test,config/scenarios.yaml,"sensitivity_variants [vmax050_both] :: theta_multipliers.Vmax, min and max",0.5,0.5,7243c4f34f21614eccae4c143ba05b8a9eb9183a76770cfce7153ef30a5dc17c,25,66cfbf9
deck,S25,exposure gate: AUClast mean within +/- tolerance (%),config/design_clot2021.yaml,gate.auclast_mean_tol_pct,15,15,4b3ddc374dfbf3f451d3fe3d6a865645b0b5d93b0ea7eea9a3f24cd8d2f05da5,25,66cfbf9
deck,S25,true AUC0-inf ratio range over Km x0.01 to x100 (range ends and reached rows),results/oc/inversion_all.csv,"mechanism=='Km' :: end_auc_ratio, auc_ratio",0.998949506997432; 1.058748397272760,0.999~1.059,7b0f06ec39b8c6d76e4b02d5301502fb01167a0cb730bc1e5fea08e64726541f,25,66cfbf9
deck,S25,"Cmax sim/obs range, 2016",results/step1/step1b_quant_gate.csv,range over 5 rows [gate_role=='gate'] :: Cmax_ratio,1.07915142574032; 1.26972180725227,1.08~1.27,8f846e1fd1160532af6b26f020969bb945f0903e3ba7549c0bb5fd2a50117bb5,25,66cfbf9
deck,S25,"Cmax sim/obs range, 2020",results/step1_k2020/step1b_quant_gate.csv,range over 5 rows [gate_role=='gate'] :: Cmax_ratio,0.996547232170453; 1.165070469721020,1.00~1.17,fe98e2255a97c7dc46ced95bd39619686078d95324349342d596324314490544,25,66cfbf9
deck,S25,"largest Cmax over-prediction (%), 2016 model, study presentation",results/step1/step1b_quant_gate.csv,gate_role=='gate' :: (max(Cmax_ratio) - 1) x 100,26.972180725227,27,8f846e1fd1160532af6b26f020969bb945f0903e3ba7549c0bb5fd2a50117bb5,25,66cfbf9
deck,S25,"largest Cmax over-prediction (%), 2016 model, 300 mg data sets",results/step1/step1b_quant_gate.csv,gate_role=='gate' & dose_mg==300 :: (max(Cmax_ratio) - 1) x 100,16.04310515596,16,8f846e1fd1160532af6b26f020969bb945f0903e3ba7549c0bb5fd2a50117bb5,25,66cfbf9
deck,S25,"largest Cmax over-prediction (%), 2020 model, study presentation",results/step1_k2020/step1b_quant_gate.csv,gate_role=='gate' :: (max(Cmax_ratio) - 1) x 100,16.507046972102,17,fe98e2255a97c7dc46ced95bd39619686078d95324349342d596324314490544,25,66cfbf9
deck,S25,"largest Cmax over-prediction (%), 2020 model, 300 mg data sets",results/step1_k2020/step1b_quant_gate.csv,gate_role=='gate' & dose_mg==300 :: (max(Cmax_ratio) - 1) x 100,7.130767870359,7,fe98e2255a97c7dc46ced95bd39619686078d95324349342d596324314490544,25,66cfbf9
deck,S25,dose of the data set with the largest Cmax ratio (mg),results/step1/step1b_quant_gate.csv,id=='clot600_japanese' :: dose_mg,600,600,8f846e1fd1160532af6b26f020969bb945f0903e3ba7549c0bb5fd2a50117bb5,25,66cfbf9
deck,S25,dose (mg),config/trial_design.yaml,dose_mg,300,300,553eceab74155a3497fef1ab587f3b8d2be1319704e17ae1f0e177601726e84f,25,66cfbf9
deck,S25,dose of the 175 mg/mL external data sets (mg),results/step1/step1b_quant_gate.csv,range over 4 rows [gate_role=='external'] :: dose_mg,200; 200,200,8f846e1fd1160532af6b26f020969bb945f0903e3ba7549c0bb5fd2a50117bb5,25,66cfbf9
deck,S25,concentration of the 200 mg presentation (mg/mL),results/step1/step1b_quant_gate.csv,"gate_role=='external' :: presentation, regex ([0-9.]+) mg/mL",175,175,8f846e1fd1160532af6b26f020969bb945f0903e3ba7549c0bb5fd2a50117bb5,25,66cfbf9
deck,S25,concentration of the study presentation (mg/mL),results/step1/step1b_quant_gate.csv,"gate_role=='gate' & dose_mg==300 :: presentation, regex ([0-9.]+) mg/mL",150,150,8f846e1fd1160532af6b26f020969bb945f0903e3ba7549c0bb5fd2a50117bb5,25,66cfbf9
deck,S25,volume of the study presentation (mL),results/step1/step1b_quant_gate.csv,"gate_role=='gate' & dose_mg==300 :: presentation, regex ^([0-9.]+) mL of",2,2,8f846e1fd1160532af6b26f020969bb945f0903e3ba7549c0bb5fd2a50117bb5,25,66cfbf9
deck,S25,"observed median tmax, 200 mg (175 mg/mL) data sets (day)",results/step1/step1b_quant_gate.csv,range over 4 rows [gate_role=='external' & !is.na(tmax_obs_median)] :: tmax_obs_median,3.0; 3.1,3.0~3.1,8f846e1fd1160532af6b26f020969bb945f0903e3ba7549c0bb5fd2a50117bb5,25,66cfbf9
deck,S25,"simulated median tmax, 200 mg data sets, 2016 (day)",results/step1/step1b_quant_gate.csv,range over 4 rows [gate_role=='external'] :: tmax_sim_median,7; 7,7,8f846e1fd1160532af6b26f020969bb945f0903e3ba7549c0bb5fd2a50117bb5,25,66cfbf9
deck,S25,"observed median tmax, study presentation (day)",results/step1/step1b_quant_gate.csv,range over 2 rows [gate_role=='gate' & !is.na(tmax_obs_median)] :: tmax_obs_median,7; 7,7.0,8f846e1fd1160532af6b26f020969bb945f0903e3ba7549c0bb5fd2a50117bb5,25,66cfbf9
deck,S25,"AUC0-last sim/obs, 200 mg (175 mg/mL) data sets, 2016",results/step1/step1b_quant_gate.csv,range over 4 rows [gate_role=='external'] :: AUClast_ratio,0.818135700537457; 0.912255916270300,0.82~0.91,8f846e1fd1160532af6b26f020969bb945f0903e3ba7549c0bb5fd2a50117bb5,25,66cfbf9
deck,S25,"AUC0-last sim/obs, 200 mg (175 mg/mL) data sets, 2020",results/step1_k2020/step1b_quant_gate.csv,range over 4 rows [gate_role=='external'] :: AUClast_ratio,0.89951471599565; 1.00311765035533,0.90~1.00,fe98e2255a97c7dc46ced95bd39619686078d95324349342d596324314490544,25,66cfbf9
deck,S25,ADA-like subgroup share (%),config/trial_design.yaml,ada_sensitivity.fraction,0.1,10,553eceab74155a3497fef1ab587f3b8d2be1319704e17ae1f0e177601726e84f,25,66cfbf9
deck,S25,ADA-like onset (day after dose),config/trial_design.yaml,ada_sensitivity.onset_day,14,14,553eceab74155a3497fef1ab587f3b8d2be1319704e17ae1f0e177601726e84f,25,66cfbf9
deck,S25,ADA-like ke multiplier,config/trial_design.yaml,ada_sensitivity.ke_multiplier,2,2,553eceab74155a3497fef1ab587f3b8d2be1319704e17ae1f0e177601726e84f,25,66cfbf9
deck,S25,"ADA-like subgroup, median true extrapolation (%)",results/individual/individual_ada10_by_subgroup.csv,ada==1 & schedule=='B0' :: extrap_true_median,0.646535026740025,0.65,3dd5ce9b6a31bbb41910b9453f8392a1fd3af70dc157752f1ebffad77e9bbc76,25,66cfbf9
deck,S25,"other subjects, median true extrapolation (%)",results/individual/individual_ada10_by_subgroup.csv,ada==0 & schedule=='B0' :: extrap_true_median,0.675646374124039,0.68,3dd5ce9b6a31bbb41910b9453f8392a1fd3af70dc157752f1ebffad77e9bbc76,25,66cfbf9
deck,S25,"ADA-like subgroup, window coverage below 80% (%)",results/individual/individual_ada10_by_subgroup.csv,ada==1 & schedule=='B0' :: coverage_lt80_pct,0,0.00,3dd5ce9b6a31bbb41910b9453f8392a1fd3af70dc157752f1ebffad77e9bbc76,25,66cfbf9
deck,S25,lambda-z windows identical over all comparisons,results/nca_engine/engine_validation_summary.csv,sum(lz_points_identical) / sum(lz_points_identical + lz_points_mismatch),3054; 3054,"3,054 / 3,054",6cc554b1b015013fc6b1156e970eed67ad56d2ab70843a853187390ed0ff41b4,25,66cfbf9
deck,S25,largest relative parameter difference,results/nca_engine/engine_validation_summary.csv,"max(max_rel_diff), printed as mantissa x 10^exponent",4.94026166636489e-13,4.9×10⁻¹³,6cc554b1b015013fc6b1156e970eed67ad56d2ab70843a853187390ed0ff41b4,25,66cfbf9
deck,S25,independent human QC status,regulatory/tables/verification_qc.csv,Activity=='Independent human QC of this report' :: Result,PENDING (sponsor),PENDING (sponsor),83ad30bb2f5867a3c74a9628fda8d70a258d3e62ada155e3080ef2a3641e8d3a,25,66cfbf9
deck,S25,percentile level of the column extrap_true_p95,results/curve_shape/curve_shape_B0.csv,column name extrap_true_p95 :: percentile,95,95,4796d407dad3bba1496ae1268dae39063c5e3e2c8bec7b583e0625bc8c022c44,25,66cfbf9
deck,S25,"Km variants, median true extrapolation",results/curve_shape/curve_shape_B0.csv,"range over 4 rows [stress_test==FALSE & grepl('^km', variant)] :: extrap_true_median",0.399904668259937; 0.669454060005503,0.40~0.67%,4796d407dad3bba1496ae1268dae39063c5e3e2c8bec7b583e0625bc8c022c44,25,66cfbf9
deck,S25,"Km variants, 95th percentile of true extrapolation",results/curve_shape/curve_shape_B0.csv,"range over 4 rows [stress_test==FALSE & grepl('^km', variant)] :: extrap_true_p95",2.79005164753864; 3.66748239193405,2.79~3.67%,4796d407dad3bba1496ae1268dae39063c5e3e2c8bec7b583e0625bc8c022c44,25,66cfbf9
deck,S25,"Vmax variants, 95th percentile of true extrapolation",results/curve_shape/curve_shape_B0.csv,"range over 2 rows [stress_test==FALSE & grepl('^vmax', variant)] :: extrap_true_p95",2.79897741688962; 5.29374148844951,2.80~5.29%,4796d407dad3bba1496ae1268dae39063c5e3e2c8bec7b583e0625bc8c022c44,25,66cfbf9
deck,S25,"stress test, 95th percentile of true extrapolation",results/curve_shape/curve_shape_B0.csv,variant=='vmax050_both' :: extrap_true_p95,6.41375809394017,6.41%,4796d407dad3bba1496ae1268dae39063c5e3e2c8bec7b583e0625bc8c022c44,25,66cfbf9
deck,S25,"stress test, window coverage below 80%",results/curve_shape/curve_shape_B0.csv,variant=='vmax050_both' :: coverage_lt80_pct,0.035,0.035%,4796d407dad3bba1496ae1268dae39063c5e3e2c8bec7b583e0625bc8c022c44,25,66cfbf9
deck,S25,only reachable Km target ratio,results/oc/inversion_all.csv,mechanism=='Km' & reachable==TRUE & model=='k2016' :: target,1.05,1.05,7b0f06ec39b8c6d76e4b02d5301502fb01167a0cb730bc1e5fea08e64726541f,25,66cfbf9
deck,S25,"Km multiplier reaching the target, 2016",results/oc/inversion_all.csv,mechanism=='Km' & reachable==TRUE & model=='k2016' :: multiplier,84.0386692344027,84,7b0f06ec39b8c6d76e4b02d5301502fb01167a0cb730bc1e5fea08e64726541f,25,66cfbf9
deck,S25,"Km multiplier reaching the target, 2020",results/oc/inversion_all.csv,mechanism=='Km' & reachable==TRUE & model=='k2020' :: multiplier,91.947868631888,92,7b0f06ec39b8c6d76e4b02d5301502fb01167a0cb730bc1e5fea08e64726541f,25,66cfbf9
deck,S25,"Cmax sim/obs, 200 mg data sets, 2016",results/step1/step1b_quant_gate.csv,range over 4 rows [gate_role=='external'] :: Cmax_ratio,0.92193109297600; 1.00557532322594,0.92~1.01,8f846e1fd1160532af6b26f020969bb945f0903e3ba7549c0bb5fd2a50117bb5,25,66cfbf9
deck,S25,"Cmax sim/obs, 200 mg data sets, 2020",results/step1_k2020/step1b_quant_gate.csv,range over 4 rows [gate_role=='external'] :: Cmax_ratio,0.859690864194527; 0.938321028433191,0.86~0.94,fe98e2255a97c7dc46ced95bd39619686078d95324349342d596324314490544,25,66cfbf9
deck,S25,"ADA-like subgroup, median tlast (day)",results/individual/individual_ada10_by_subgroup.csv,ada==1 & schedule=='B0' :: tlast_median,28.3593958341517,28.4,3dd5ce9b6a31bbb41910b9453f8392a1fd3af70dc157752f1ebffad77e9bbc76,25,66cfbf9
deck,S25,"other subjects, median tlast (day)",results/individual/individual_ada10_by_subgroup.csv,ada==0 & schedule=='B0' :: tlast_median,34.7214617053978,34.7,3dd5ce9b6a31bbb41910b9453f8392a1fd3af70dc157752f1ebffad77e9bbc76,25,66cfbf9
deck,S25,study-presentation data sets,results/step1/step1b_quant_gate.csv,count of rows [gate_role=='gate'],5,5,8f846e1fd1160532af6b26f020969bb945f0903e3ba7549c0bb5fd2a50117bb5,25,66cfbf9
deck,S25,"AUC0-last sim/obs, study-dose data sets, 2016",results/step1/step1b_quant_gate.csv,range over 3 rows [gate_role=='gate' & dose_mg==300] :: AUClast_ratio,0.938864110808444; 1.040222532356500,0.94~1.04,8f846e1fd1160532af6b26f020969bb945f0903e3ba7549c0bb5fd2a50117bb5,25,66cfbf9
deck,S25,"AUC0-last sim/obs, study-dose data sets, 2020",results/step1_k2020/step1b_quant_gate.csv,range over 3 rows [gate_role=='gate' & dose_mg==300] :: AUClast_ratio,1.01545509615009; 1.12815869190091,1.02~1.13,fe98e2255a97c7dc46ced95bd39619686078d95324349342d596324314490544,25,66cfbf9
deck,S25,Vmax multiplier of the non-stress variant outside the exposure check,config/scenarios.yaml,"sensitivity_variants [vmax080_both] :: theta_multipliers.Vmax, min and max",0.8,0.8,7243c4f34f21614eccae4c143ba05b8a9eb9183a76770cfce7153ef30a5dc17c,25,66cfbf9
deck,S25,evaluable subjects per arm,config/trial_design.yaml,n_per_arm,117,117,553eceab74155a3497fef1ab587f3b8d2be1319704e17ae1f0e177601726e84f,25,66cfbf9
deck,S26,study LLOQ (mg/L),config/assay.yaml,lloq_mg_L.value,0.078,0.078,13bb4e6e5a604962f3e30a9f31dffb53fcfcaa71272e41d6a12413c1cec26604,26,66cfbf9
deck,S26,LLOQ sensitivity range (mg/L),config/assay.yaml,lloq_sensitivity_mg_L,0.020; 0.050; 0.078; 0.100; 0.200; 0.500,0.02~0.50,13bb4e6e5a604962f3e30a9f31dffb53fcfcaa71272e41d6a12413c1cec26604,26,66cfbf9
deck,S26,window coverage threshold (%) of the column coverage_lt80_pct,results/lloq/lloq_individual_table.csv,column name coverage_lt80_pct :: threshold,80,80,6d5fc6a570bb69ad49d2d235250f61e39c074ab5d023b5a9fdd0cfaa79b0e3b5,26,66cfbf9
deck,S26,"LLOQ grid, window coverage below 80%, 2016 model",results/lloq/lloq_individual_table.csv,range over 6 rows [model=='k2016' & resid=='fixed'] :: coverage_lt80_pct,0.000; 0.005,0.00~0.01%,6d5fc6a570bb69ad49d2d235250f61e39c074ab5d023b5a9fdd0cfaa79b0e3b5,26,66cfbf9
deck,S26,LLOQ grid M1 P2 range,results/lloq/lloq_trial_type1.csv,range over 18 rows [model=='M1' & resid=='fixed' & config=='P2'] :: pass_pct,2.60; 4.62,2.60~4.62%,42dbaed7571732007275b9d983dcbf53fa368cec83e2ee83db6f9b3e0ce1c18b,26,66cfbf9
deck,S26,Day 1 post-dose sampling time (day after dose),config/trial_design.yaml,day1_postdose_time.value,0.25,0.25,553eceab74155a3497fef1ab587f3b8d2be1319704e17ae1f0e177601726e84f,26,66cfbf9
deck,S26,Day 1 post-dose sampling time (hours after dose = value x 24),config/trial_design.yaml,day1_postdose_time.value,0.25,6,553eceab74155a3497fef1ab587f3b8d2be1319704e17ae1f0e177601726e84f,26,66cfbf9
deck,S26,body weight mean (kg),config/trial_design.yaml,weight.base.mean,75,75,553eceab74155a3497fef1ab587f3b8d2be1319704e17ae1f0e177601726e84f,26,66cfbf9
deck,S26,body weight SD (kg),config/trial_design.yaml,weight.base.sd,9,9,553eceab74155a3497fef1ab587f3b8d2be1319704e17ae1f0e177601726e84f,26,66cfbf9
deck,S26,boundary cells in the LLOQ trials,results/lloq/lloq_trial_type1.csv,length(unique(scenario)),3,3,42dbaed7571732007275b9d983dcbf53fa368cec83e2ee83db6f9b3e0ce1c18b,26,66cfbf9
deck,S26,LLOQ trials per cell,results/lloq/lloq_trial_type1.csv,model=='M1' & resid=='fixed' & config=='P2' & scenario=='F_down_080' & abs(lloq - 0.078) < 1e-9 :: n_trials,5000,"5,000",42dbaed7571732007275b9d983dcbf53fa368cec83e2ee83db6f9b3e0ce1c18b,26,66cfbf9
deck,S26,randomized subjects per arm,config/trial_design.yaml,n_randomized_per_arm,130,130,553eceab74155a3497fef1ab587f3b8d2be1319704e17ae1f0e177601726e84f,26,66cfbf9
deck,S26,"visit window, first post-dose interval (hours)",config/trial_design.yaml,sampling_window_days.rule[2].window x 24,1.9992,2,553eceab74155a3497fef1ab587f3b8d2be1319704e17ae1f0e177601726e84f,26,66cfbf9
deck,S26,visit window thereafter (days),config/trial_design.yaml,sampling_window_days.rule[4].window,1,1,553eceab74155a3497fef1ab587f3b8d2be1319704e17ae1f0e177601726e84f,26,66cfbf9
deck,S26,randomization stratum split (kg),config/trial_design.yaml,stratification.split_kg.value,75,75,553eceab74155a3497fef1ab587f3b8d2be1319704e17ae1f0e177601726e84f,26,66cfbf9
deck,S26,share male (%),config/trial_design.yaml,weight.sex_ratio_male.value,0.5,50,553eceab74155a3497fef1ab587f3b8d2be1319704e17ae1f0e177601726e84f,26,66cfbf9
deck,S26,evaluable subjects per arm,config/trial_design.yaml,n_per_arm,117,117,553eceab74155a3497fef1ab587f3b8d2be1319704e17ae1f0e177601726e84f,26,66cfbf9
deck,S26,protocol CV (%),config/prereg_20260926.yaml,section3.base_cv_pct,43,43,dc2c9f1bd4d62e13ad9f5f551dcf97eb7ee1359ba13aaa3af8efc063dfc6303e,26,66cfbf9
deck,S26,true GMR of the power row,results/sample_size/ss_table_power.csv,input_model=='k2016' & cv==43 & gmr==0.95 & n==117 & analysis_model=='M1' :: gmr,0.95,0.95,a56eb54215c06bfa3275ff43ff1cdf7b8593f6c57143d3346fc7ed9047948e72,26,66cfbf9
deck,S26,"P2 power at the protocol n, M1",results/sample_size/ss_table_power.csv,input_model=='k2016' & cv==43 & gmr==0.95 & n==117 & analysis_model=='M1' :: analytic_pct,94.5355561545655,94.5%,a56eb54215c06bfa3275ff43ff1cdf7b8593f6c57143d3346fc7ed9047948e72,26,66cfbf9
deck,S26,target power (%),results/sample_size/ss_table_n_needed.csv,cv==43 & gmr==0.95 & analysis_model=='M1' & target_pct==90 :: target_pct,90,90,cb1b4df9c06e5f3d0c09e40dc0152eddb30538c60a6d7f5d3acf5efe04ac71fa,26,66cfbf9
deck,S26,"n per arm for the higher target, M1",results/sample_size/ss_table_n_needed.csv,cv==43 & gmr==0.95 & analysis_model=='M1' & target_pct==90 :: n_evaluable_per_arm,97,97,cb1b4df9c06e5f3d0c09e40dc0152eddb30538c60a6d7f5d3acf5efe04ac71fa,26,66cfbf9
deck,S26,target power (%),results/sample_size/ss_table_n_needed.csv,cv==43 & gmr==0.95 & analysis_model=='M1' & target_pct==85 :: target_pct,85,85,cb1b4df9c06e5f3d0c09e40dc0152eddb30538c60a6d7f5d3acf5efe04ac71fa,26,66cfbf9
deck,S26,"n per arm for the lower target, M1",results/sample_size/ss_table_n_needed.csv,cv==43 & gmr==0.95 & analysis_model=='M1' & target_pct==85 :: n_evaluable_per_arm,83,83,cb1b4df9c06e5f3d0c09e40dc0152eddb30538c60a6d7f5d3acf5efe04ac71fa,26,66cfbf9
deck,S26,assay LLOQ status,config/assay.yaml,lloq_mg_L.status,assumption,assumption,13bb4e6e5a604962f3e30a9f31dffb53fcfcaa71272e41d6a12413c1cec26604,26,66cfbf9
deck,S26,LLOQ 0.02 fixed k2016 reliable_no_span_pct,results/lloq/lloq_individual_table.csv,model=='k2016' & resid=='fixed' & abs(lloq - 0.02) < 1e-9 :: reliable_no_span_pct,84.235,84.2%,6d5fc6a570bb69ad49d2d235250f61e39c074ab5d023b5a9fdd0cfaa79b0e3b5,26,66cfbf9
deck,S26,LLOQ 0.078 fixed k2016 reliable_no_span_pct,results/lloq/lloq_individual_table.csv,model=='k2016' & resid=='fixed' & abs(lloq - 0.078) < 1e-9 :: reliable_no_span_pct,86.565,86.6%,6d5fc6a570bb69ad49d2d235250f61e39c074ab5d023b5a9fdd0cfaa79b0e3b5,26,66cfbf9
deck,S26,LLOQ 0.5 fixed k2016 reliable_no_span_pct,results/lloq/lloq_individual_table.csv,model=='k2016' & resid=='fixed' & abs(lloq - 0.5) < 1e-9 :: reliable_no_span_pct,88,88.0%,6d5fc6a570bb69ad49d2d235250f61e39c074ab5d023b5a9fdd0cfaa79b0e3b5,26,66cfbf9
deck,S26,LLOQ grid M0 P2 range,results/lloq/lloq_trial_type1.csv,range over 18 rows [model=='M0' & resid=='fixed' & config=='P2'] :: pass_pct,2.22; 4.22,2.22~4.22%,42dbaed7571732007275b9d983dcbf53fa368cec83e2ee83db6f9b3e0ce1c18b,26,66cfbf9
deck,S26,"visit window, end of first interval (day after dose)",config/trial_design.yaml,sampling_window_days.rule[2].max_day,1,1,553eceab74155a3497fef1ab587f3b8d2be1319704e17ae1f0e177601726e84f,26,66cfbf9
deck,S26,"visit window, end of second interval (day after dose)",config/trial_design.yaml,sampling_window_days.rule[3].max_day,14,14,553eceab74155a3497fef1ab587f3b8d2be1319704e17ae1f0e177601726e84f,26,66cfbf9
deck,S26,"visit window, second interval (hours)",config/trial_design.yaml,sampling_window_days.rule[3].window x 24,6,6,553eceab74155a3497fef1ab587f3b8d2be1319704e17ae1f0e177601726e84f,26,66cfbf9
deck,S26,body weight inclusion range (kg),config/trial_design.yaml,weight.inclusion_kg,60; 90,60~90,553eceab74155a3497fef1ab587f3b8d2be1319704e17ae1f0e177601726e84f,26,66cfbf9
deck,S26,"P2 power at the protocol n, M0",results/sample_size/ss_table_power.csv,input_model=='k2016' & cv==43 & gmr==0.95 & n==117 & analysis_model=='M0' :: analytic_pct,94.0181763126864,94.0%,a56eb54215c06bfa3275ff43ff1cdf7b8593f6c57143d3346fc7ed9047948e72,26,66cfbf9
deck,S26,"n per arm for the higher target, M0",results/sample_size/ss_table_n_needed.csv,cv==43 & gmr==0.95 & analysis_model=='M0' & target_pct==90 :: n_evaluable_per_arm,100,100,cb1b4df9c06e5f3d0c09e40dc0152eddb30538c60a6d7f5d3acf5efe04ac71fa,26,66cfbf9
deck,S26,"n per arm for the lower target, M0",results/sample_size/ss_table_n_needed.csv,cv==43 & gmr==0.95 & analysis_model=='M0' & target_pct==85 :: n_evaluable_per_arm,85,85,cb1b4df9c06e5f3d0c09e40dc0152eddb30538c60a6d7f5d3acf5efe04ac71fa,26,66cfbf9
deck,S26,sensitivity CV (%),config/prereg_20260926.yaml,section3.sensitivity_cv_pct,50,50,dc2c9f1bd4d62e13ad9f5f551dcf97eb7ee1359ba13aaa3af8efc063dfc6303e,26,66cfbf9
deck,S26,"n per arm, higher target, sensitivity CV, M1",results/sample_size/ss_table_n_needed.csv,cv==50 & gmr==0.95 & analysis_model=='M1' & target_pct==90 :: n_evaluable_per_arm,126,126,cb1b4df9c06e5f3d0c09e40dc0152eddb30538c60a6d7f5d3acf5efe04ac71fa,26,66cfbf9
deck,A1,"agreement tolerance of the NCA mean ratio (points), from the judgment label",results/literature/literature_numeric.csv,"source==""Clot 2021 Table 3"" & dose_mg==300 :: judgment, regex +/-([0-9]+)%p",3,3,0d20c4fc00fc0f6b1caf7e5089f0728ba0b3674535a5cfff28f412c7269c4b14,27,66cfbf9
deck,A1,"c300, simulated NCA minus published mean ratio (points), 2016 and 2020",results/literature/literature_numeric.csv,"source==""Clot 2021 Table 3"" & dose_mg==300 :: (nca_mean_ratio_k2016, nca_mean_ratio_k2020 - lit_mean_ratio) x 100",-1.45901873344849; -1.46172476084989,-1.5 / -1.5,0d20c4fc00fc0f6b1caf7e5089f0728ba0b3674535a5cfff28f412c7269c4b14,27,66cfbf9
deck,A1,"c300, mean body weight of the simulated cohort (kg)",results/step1/step1g_literature_coverage.csv,"grepl('Clot', source) & dose_mg==300 :: weight_mean",59.9,59.9,44f3a30b333cd3927d98a158c1cfabd23d1aadca9065385dd3a2299752afaa76,27,66cfbf9
deck,A1,"c300, source label",results/step1/step1g_literature_coverage.csv,"grepl('Clot', source) & dose_mg==300 :: source",Clot 2021 Table 3,Clot 2021 Table 3,44f3a30b333cd3927d98a158c1cfabd23d1aadca9065385dd3a2299752afaa76,27,66cfbf9
deck,A1,"c300, dose (mg)",results/literature/literature_numeric.csv,"source==""Clot 2021 Table 3"" & dose_mg==300 :: dose_mg",300,300,0d20c4fc00fc0f6b1caf7e5089f0728ba0b3674535a5cfff28f412c7269c4b14,27,66cfbf9
deck,A1,"c300, published mean AUC0-last/AUC0-inf ratio",results/literature/literature_numeric.csv,"source==""Clot 2021 Table 3"" & dose_mg==300 :: lit_mean_ratio x 100",98.1412639405205,98.1%,0d20c4fc00fc0f6b1caf7e5089f0728ba0b3674535a5cfff28f412c7269c4b14,27,66cfbf9
deck,A1,"c300, simulated NCA mean ratio, 2016",results/literature/literature_numeric.csv,"source==""Clot 2021 Table 3"" & dose_mg==300 :: nca_mean_ratio_k2016 x 100",96.682245207072,96.7%,0d20c4fc00fc0f6b1caf7e5089f0728ba0b3674535a5cfff28f412c7269c4b14,27,66cfbf9
deck,A1,"c300, simulated NCA mean ratio, 2020",results/literature/literature_numeric.csv,"source==""Clot 2021 Table 3"" & dose_mg==300 :: nca_mean_ratio_k2020 x 100",96.6795391796706,96.7%,0d20c4fc00fc0f6b1caf7e5089f0728ba0b3674535a5cfff28f412c7269c4b14,27,66cfbf9
deck,A1,"c300, simulated true mean ratio, 2016",results/literature/literature_numeric.csv,"source==""Clot 2021 Table 3"" & dose_mg==300 :: true_mean_ratio_k2016 x 100",99.1580247941781,99.2%,0d20c4fc00fc0f6b1caf7e5089f0728ba0b3674535a5cfff28f412c7269c4b14,27,66cfbf9
deck,A1,"c300, simulated true mean ratio, 2020",results/literature/literature_numeric.csv,"source==""Clot 2021 Table 3"" & dose_mg==300 :: true_mean_ratio_k2020 x 100",99.1243605353232,99.1%,0d20c4fc00fc0f6b1caf7e5089f0728ba0b3674535a5cfff28f412c7269c4b14,27,66cfbf9
deck,A1,"pkm, simulated NCA minus published mean ratio (points), 2016 and 2020",results/literature/literature_numeric.csv,"grepl('PKM12350', source) :: (nca_mean_ratio_k2016, nca_mean_ratio_k2020 - lit_mean_ratio) x 100",0.263559788978895; 0.385728427971299,0.3 / 0.4,0d20c4fc00fc0f6b1caf7e5089f0728ba0b3674535a5cfff28f412c7269c4b14,27,66cfbf9
deck,A1,"pkm, mean body weight of the simulated cohort (kg)",results/step1/step1g_literature_coverage.csv,"grepl('PKM12350', source) :: weight_mean",78,78.0,44f3a30b333cd3927d98a158c1cfabd23d1aadca9065385dd3a2299752afaa76,27,66cfbf9
deck,A1,"pkm, source label",results/step1/step1g_literature_coverage.csv,"grepl('PKM12350', source) :: source",FDA BLA 761055 Table 4.2.c (PKM12350),FDA BLA 761055 Table 4.2.c (PKM12350),44f3a30b333cd3927d98a158c1cfabd23d1aadca9065385dd3a2299752afaa76,27,66cfbf9
deck,A1,"pkm, dose (mg)",results/literature/literature_numeric.csv,"grepl('PKM12350', source) :: dose_mg",300,300,0d20c4fc00fc0f6b1caf7e5089f0728ba0b3674535a5cfff28f412c7269c4b14,27,66cfbf9
deck,A1,"pkm, published mean AUC0-last/AUC0-inf ratio",results/literature/literature_numeric.csv,"grepl('PKM12350', source) :: lit_mean_ratio x 100",95.9692898272553,96.0%,0d20c4fc00fc0f6b1caf7e5089f0728ba0b3674535a5cfff28f412c7269c4b14,27,66cfbf9
deck,A1,"pkm, simulated NCA mean ratio, 2016",results/literature/literature_numeric.csv,"grepl('PKM12350', source) :: nca_mean_ratio_k2016 x 100",96.2328496162342,96.2%,0d20c4fc00fc0f6b1caf7e5089f0728ba0b3674535a5cfff28f412c7269c4b14,27,66cfbf9
deck,A1,"pkm, simulated NCA mean ratio, 2020",results/literature/literature_numeric.csv,"grepl('PKM12350', source) :: nca_mean_ratio_k2020 x 100",96.3550182552266,96.4%,0d20c4fc00fc0f6b1caf7e5089f0728ba0b3674535a5cfff28f412c7269c4b14,27,66cfbf9
deck,A1,"pkm, simulated true mean ratio, 2016",results/literature/literature_numeric.csv,"grepl('PKM12350', source) :: true_mean_ratio_k2016 x 100",99.0366874383141,99.0%,0d20c4fc00fc0f6b1caf7e5089f0728ba0b3674535a5cfff28f412c7269c4b14,27,66cfbf9
deck,A1,"pkm, simulated true mean ratio, 2020",results/literature/literature_numeric.csv,"grepl('PKM12350', source) :: true_mean_ratio_k2020 x 100",99.0741836496804,99.1%,0d20c4fc00fc0f6b1caf7e5089f0728ba0b3674535a5cfff28f412c7269c4b14,27,66cfbf9
deck,A1,"c600, simulated NCA minus published mean ratio (points), 2016 and 2020",results/literature/literature_numeric.csv,"source==""Clot 2021 Table 3"" & dose_mg==600 :: (nca_mean_ratio_k2016, nca_mean_ratio_k2020 - lit_mean_ratio) x 100",-5.8377985581275; -5.3009679745574,-5.8 / -5.3,0d20c4fc00fc0f6b1caf7e5089f0728ba0b3674535a5cfff28f412c7269c4b14,27,66cfbf9
deck,A1,"c600, mean body weight of the simulated cohort (kg)",results/step1/step1g_literature_coverage.csv,"grepl('Clot', source) & dose_mg==600 :: weight_mean",58.3,58.3,44f3a30b333cd3927d98a158c1cfabd23d1aadca9065385dd3a2299752afaa76,27,66cfbf9
deck,A1,"c600, source label",results/step1/step1g_literature_coverage.csv,"grepl('Clot', source) & dose_mg==600 :: source",Clot 2021 Table 3,Clot 2021 Table 3,44f3a30b333cd3927d98a158c1cfabd23d1aadca9065385dd3a2299752afaa76,27,66cfbf9
deck,A1,"c600, dose (mg)",results/literature/literature_numeric.csv,"source==""Clot 2021 Table 3"" & dose_mg==600 :: dose_mg",600,600,0d20c4fc00fc0f6b1caf7e5089f0728ba0b3674535a5cfff28f412c7269c4b14,27,66cfbf9
deck,A1,"c600, published mean AUC0-last/AUC0-inf ratio",results/literature/literature_numeric.csv,"source==""Clot 2021 Table 3"" & dose_mg==600 :: lit_mean_ratio x 100",98.1395348837209,98.1%,0d20c4fc00fc0f6b1caf7e5089f0728ba0b3674535a5cfff28f412c7269c4b14,27,66cfbf9
deck,A1,"c600, simulated NCA mean ratio, 2016",results/literature/literature_numeric.csv,"source==""Clot 2021 Table 3"" & dose_mg==600 :: nca_mean_ratio_k2016 x 100",92.3017363255934,92.3%,0d20c4fc00fc0f6b1caf7e5089f0728ba0b3674535a5cfff28f412c7269c4b14,27,66cfbf9
deck,A1,"c600, simulated NCA mean ratio, 2020",results/literature/literature_numeric.csv,"source==""Clot 2021 Table 3"" & dose_mg==600 :: nca_mean_ratio_k2020 x 100",92.8385669091635,92.8%,0d20c4fc00fc0f6b1caf7e5089f0728ba0b3674535a5cfff28f412c7269c4b14,27,66cfbf9
deck,A1,"c600, simulated true mean ratio, 2016",results/literature/literature_numeric.csv,"source==""Clot 2021 Table 3"" & dose_mg==600 :: true_mean_ratio_k2016 x 100",96.8433758988823,96.8%,0d20c4fc00fc0f6b1caf7e5089f0728ba0b3674535a5cfff28f412c7269c4b14,27,66cfbf9
deck,A1,"c600, simulated true mean ratio, 2020",results/literature/literature_numeric.csv,"source==""Clot 2021 Table 3"" & dose_mg==600 :: true_mean_ratio_k2020 x 100",96.8920149370522,96.9%,0d20c4fc00fc0f6b1caf7e5089f0728ba0b3674535a5cfff28f412c7269c4b14,27,66cfbf9
deck,A1,"c200, simulated NCA minus published mean ratio (points), 2016 and 2020",results/literature/literature_numeric.csv,"source==""Clot 2021 Table 3"" & dose_mg==200 :: (nca_mean_ratio_k2016, nca_mean_ratio_k2020 - lit_mean_ratio) x 100",0.0113359937804036; 0.4467788149476015,0.0 / 0.4,0d20c4fc00fc0f6b1caf7e5089f0728ba0b3674535a5cfff28f412c7269c4b14,27,66cfbf9
deck,A1,"c200, mean body weight of the simulated cohort (kg)",results/step1/step1g_literature_coverage.csv,"grepl('Clot', source) & dose_mg==200 :: weight_mean",62.2,62.2,44f3a30b333cd3927d98a158c1cfabd23d1aadca9065385dd3a2299752afaa76,27,66cfbf9
deck,A1,"c200, source label",results/step1/step1g_literature_coverage.csv,"grepl('Clot', source) & dose_mg==200 :: source",Clot 2021 Table 3,Clot 2021 Table 3,44f3a30b333cd3927d98a158c1cfabd23d1aadca9065385dd3a2299752afaa76,27,66cfbf9
deck,A1,"c200, dose (mg)",results/literature/literature_numeric.csv,"source==""Clot 2021 Table 3"" & dose_mg==200 :: dose_mg",200,200,0d20c4fc00fc0f6b1caf7e5089f0728ba0b3674535a5cfff28f412c7269c4b14,27,66cfbf9
deck,A1,"c200, published mean AUC0-last/AUC0-inf ratio",results/literature/literature_numeric.csv,"source==""Clot 2021 Table 3"" & dose_mg==200 :: lit_mean_ratio x 100",94.5882352941176,94.6%,0d20c4fc00fc0f6b1caf7e5089f0728ba0b3674535a5cfff28f412c7269c4b14,27,66cfbf9
deck,A1,"c200, simulated NCA mean ratio, 2016",results/literature/literature_numeric.csv,"source==""Clot 2021 Table 3"" & dose_mg==200 :: nca_mean_ratio_k2016 x 100",94.599571287898,94.6%,0d20c4fc00fc0f6b1caf7e5089f0728ba0b3674535a5cfff28f412c7269c4b14,27,66cfbf9
deck,A1,"c200, simulated NCA mean ratio, 2020",results/literature/literature_numeric.csv,"source==""Clot 2021 Table 3"" & dose_mg==200 :: nca_mean_ratio_k2020 x 100",95.0350141090652,95.0%,0d20c4fc00fc0f6b1caf7e5089f0728ba0b3674535a5cfff28f412c7269c4b14,27,66cfbf9
deck,A1,"c200, simulated true mean ratio, 2016",results/literature/literature_numeric.csv,"source==""Clot 2021 Table 3"" & dose_mg==200 :: true_mean_ratio_k2016 x 100",98.5571375955922,98.6%,0d20c4fc00fc0f6b1caf7e5089f0728ba0b3674535a5cfff28f412c7269c4b14,27,66cfbf9
deck,A1,"c200, simulated true mean ratio, 2020",results/literature/literature_numeric.csv,"source==""Clot 2021 Table 3"" & dose_mg==200 :: true_mean_ratio_k2020 x 100",98.7092254667558,98.7%,0d20c4fc00fc0f6b1caf7e5089f0728ba0b3674535a5cfff28f412c7269c4b14,27,66cfbf9
deck,A1,dose (mg),config/trial_design.yaml,dose_mg,300,300,553eceab74155a3497fef1ab587f3b8d2be1319704e17ae1f0e177601726e84f,27,66cfbf9
deck,A1,dose of the lower-coverage literature row (mg),results/literature/literature_numeric.csv,"source==""Clot 2021 Table 3"" & dose_mg==600 :: dose_mg",600,600,0d20c4fc00fc0f6b1caf7e5089f0728ba0b3674535a5cfff28f412c7269c4b14,27,66cfbf9
deck,A1,qualitative statements of the originator literature,results/literature/literature_qualitative.csv,whole object,NA,(table),4fbd3d888edc887242439362d8a2742497061095f4ab5ddda1ba0146b04ac26e,27,66cfbf9
deck,A1,"Clot 300 mg, simulated NCA mean ratio in subjects meeting the criteria, 2016",results/step1/step1g_literature_coverage.csv,"grepl('Clot', source) & dose_mg==300 :: mean_ratio_nca_reliable x 100",97.2374601704748,97.2%,44f3a30b333cd3927d98a158c1cfabd23d1aadca9065385dd3a2299752afaa76,27,66cfbf9
deck,A1,"Clot 300 mg, median of simulated cohort median tlast, 2016 (day)",results/step1/step1g_literature_coverage.csv,"grepl('Clot', source) & dose_mg==300 :: tlast_cohort_median",38.5,38.5,44f3a30b333cd3927d98a158c1cfabd23d1aadca9065385dd3a2299752afaa76,27,66cfbf9
deck,A1,"Clot 300 mg, median of simulated cohort median tlast, 2020 (day)",results/step1_k2020/step1g_literature_coverage.csv,"grepl('Clot', source) & dose_mg==300 :: tlast_cohort_median",42,42.0,f15cb809ddd96d5574619feca54a076df609210f1156925d0b546575fbe226a1,27,66cfbf9
deck,A1,"Clot 300 mg, published median tlast (day), from the literature label",results/literature/literature_numeric.csv,"source==""Clot 2021 Table 3"" & dose_mg==300 :: literature, regex tlast ([0-9]+)",42,42,0d20c4fc00fc0f6b1caf7e5089f0728ba0b3674535a5cfff28f412c7269c4b14,27,66cfbf9
deck,A1,PKM12350 test arm published AUC0-t and AUC0-inf (from the note),results/literature/literature_numeric.csv,"grepl('PKM12350', source) :: note, first two integers",488; 554,488 / 554,0d20c4fc00fc0f6b1caf7e5089f0728ba0b3674535a5cfff28f412c7269c4b14,27,66cfbf9
deck,A1,"simulated subjects per literature condition, 2016",results/step1/step1g_literature_coverage.csv,"grepl('Clot', source) & dose_mg==300 :: n",16000,"16,000",44f3a30b333cd3927d98a158c1cfabd23d1aadca9065385dd3a2299752afaa76,27,66cfbf9
deck,A2,confidence level of the Cohen 2022 GMR interval (label),results/fallback/sample_size_logsd.csv,whole object,NA,(table),684e4f6414e7ece0d8f6da94c7542a1fc900e0de98cc6bf920f9ed22fe239189,28,66cfbf9
deck,A2,"PKM14161 test arm, published mean AUC0-last (Li 2020 Table 3)",config/design_clot2021.yaml,arm_checks_300mg.arms[study=='PKM14161' & arm=='test'].auclast_mean,587,587,4b3ddc374dfbf3f451d3fe3d6a865645b0b5d93b0ea7eea9a3f24cd8d2f05da5,28,66cfbf9
deck,A2,"PKM14161 reference arm, published mean AUC0-last (Li 2020 Table 3)",config/design_clot2021.yaml,arm_checks_300mg.arms[study=='PKM14161' & arm=='reference'].auclast_mean,575,575,4b3ddc374dfbf3f451d3fe3d6a865645b0b5d93b0ea7eea9a3f24cd8d2f05da5,28,66cfbf9
deck,A2,"PKM14161 published median tmax (day), same in both arms",config/design_clot2021.yaml,arm_checks_300mg.arms[study=='PKM14161' & arm=='test'].tmax_median,7,7.0,4b3ddc374dfbf3f451d3fe3d6a865645b0b5d93b0ea7eea9a3f24cd8d2f05da5,28,66cfbf9
deck,A2,dose (mg),config/trial_design.yaml,dose_mg,300,300,553eceab74155a3497fef1ab587f3b8d2be1319704e17ae1f0e177601726e84f,28,66cfbf9
deck,A2,"PKM14161 test, sim/obs AUC0-last, 2016",results/step1/step1f_300mg_arm_check.csv,study=='PKM14161' & arm=='test' :: ratio,0.972035249743887,0.97,94e7f8d23532f81f0f5a98c506071333d348ab476529d0371feb1e470079addf,28,66cfbf9
deck,A2,"PKM14161 reference, sim/obs AUC0-last, 2016",results/step1/step1f_300mg_arm_check.csv,study=='PKM14161' & arm=='reference' :: ratio,0.99232120278202,0.99,94e7f8d23532f81f0f5a98c506071333d348ab476529d0371feb1e470079addf,28,66cfbf9
deck,A2,"PKM14161 test, sim/obs AUC0-last, 2020",results/step1_k2020/step1f_300mg_arm_check.csv,study=='PKM14161' & arm=='test' :: ratio,1.05511746135828,1.06,dae14917c46f4a8a53b1beb0f89c4308305a5eaaf8e2e2a4886e783bfe617b00,28,66cfbf9
deck,A2,"PKM14161 reference, sim/obs AUC0-last, 2020",results/step1_k2020/step1f_300mg_arm_check.csv,study=='PKM14161' & arm=='reference' :: ratio,1.07713730403011,1.08,dae14917c46f4a8a53b1beb0f89c4308305a5eaaf8e2e2a4886e783bfe617b00,28,66cfbf9
deck,A2,AUC0-last mean tolerance of the validation (%),config/design_clot2021.yaml,gate.auclast_mean_tol_pct,15,15,4b3ddc374dfbf3f451d3fe3d6a865645b0b5d93b0ea7eea9a3f24cd8d2f05da5,28,66cfbf9
deck,A2,Cohen 2022 dose (mg),config/design_clot2021.yaml,datasets[id=='Cohen2022_200mg_AI'].dose_mg,200,200,4b3ddc374dfbf3f451d3fe3d6a865645b0b5d93b0ea7eea9a3f24cd8d2f05da5,28,66cfbf9
deck,A2,Cohen 2022 concentration (mg/mL),results/step1/step1b_quant_gate.csv,"id=='Cohen2022_200mg_AI' :: presentation, regex of ([0-9.]+) mg/mL",175,175,8f846e1fd1160532af6b26f020969bb945f0903e3ba7549c0bb5fd2a50117bb5,28,66cfbf9
deck,A2,Cohen 2022 autoinjector n,config/design_clot2021.yaml,datasets[id=='Cohen2022_200mg_AI'].n_subj,62,62,4b3ddc374dfbf3f451d3fe3d6a865645b0b5d93b0ea7eea9a3f24cd8d2f05da5,28,66cfbf9
deck,A2,Cohen 2022 prefilled syringe n,config/design_clot2021.yaml,datasets[id=='Cohen2022_200mg_PFSS'].n_subj,63,63,4b3ddc374dfbf3f451d3fe3d6a865645b0b5d93b0ea7eea9a3f24cd8d2f05da5,28,66cfbf9
deck,A2,"Cohen 2022 autoinjector, published mean AUC0-last (Table 2)",config/design_clot2021.yaml,datasets[id=='Cohen2022_200mg_AI'].auclast_mean,311,311,4b3ddc374dfbf3f451d3fe3d6a865645b0b5d93b0ea7eea9a3f24cd8d2f05da5,28,66cfbf9
deck,A2,"Cohen 2022 prefilled syringe, published mean AUC0-last (Table 2)",config/design_clot2021.yaml,datasets[id=='Cohen2022_200mg_PFSS'].auclast_mean,284,284,4b3ddc374dfbf3f451d3fe3d6a865645b0b5d93b0ea7eea9a3f24cd8d2f05da5,28,66cfbf9
deck,A2,Cohen 2022 AUC0-last GMR,config/design_clot2021.yaml,datasets[id=='Cohen2022_200mg_PFSS'].gmr_auclast,1.11,1.11,4b3ddc374dfbf3f451d3fe3d6a865645b0b5d93b0ea7eea9a3f24cd8d2f05da5,28,66cfbf9
deck,A2,Cohen 2022 AUC0-last GMR 90% CI,config/design_clot2021.yaml,datasets[id=='Cohen2022_200mg_PFSS'].gmr_ci,0.96; 1.28,0.96~1.28,4b3ddc374dfbf3f451d3fe3d6a865645b0b5d93b0ea7eea9a3f24cd8d2f05da5,28,66cfbf9
deck,A2,Cohen 2022 implied log SD of AUC0-last,results/step1/step1d_cohen2022_logsd.csv,gate_role=='external' :: obs_log_sd,0.49,0.49,1ba8f64bf2c33f0563542e9a3d1441bdfd0de70f910bf60d4616e69aa5297c67,28,66cfbf9
deck,A2,"MSB11456 IV study, randomized healthy adults",config/literature_precedents.yaml,msb11456_iv.n_randomized,128,128,44c48b27ac1afbe90f1e23f55480f148dfa34e03a4dca31a81d29096a0537e67,28,66cfbf9
deck,A2,"MSB11456 IV study, test arm n",config/literature_precedents.yaml,msb11456_iv.n_test,62,62,44c48b27ac1afbe90f1e23f55480f148dfa34e03a4dca31a81d29096a0537e67,28,66cfbf9
deck,A2,"MSB11456 IV study, reference arm n",config/literature_precedents.yaml,msb11456_iv.n_reference,66,66,44c48b27ac1afbe90f1e23f55480f148dfa34e03a4dca31a81d29096a0537e67,28,66cfbf9
deck,A2,"MSB11456 IV study, dose (mg/kg)",config/literature_precedents.yaml,msb11456_iv.dose_mg_per_kg,8,8,44c48b27ac1afbe90f1e23f55480f148dfa34e03a4dca31a81d29096a0537e67,28,66cfbf9
deck,A2,"MSB11456 IV study, last sampling day",config/literature_precedents.yaml,msb11456_iv.sampling_last_day,48,48,44c48b27ac1afbe90f1e23f55480f148dfa34e03a4dca31a81d29096a0537e67,28,66cfbf9
deck,A2,"MSB11456 IV study, infusion duration (h)",config/literature_precedents.yaml,msb11456_iv.infusion_h,1,1,44c48b27ac1afbe90f1e23f55480f148dfa34e03a4dca31a81d29096a0537e67,28,66cfbf9
deck,A2,"MSB11456 IV study, geometric LS mean ratio (%) and 90% CI, AUC0-last",config/literature_precedents.yaml,msb11456_iv.ratio_pct.auc0_last,103.34;  98.53; 108.37,103.34% (98.53~108.37),44c48b27ac1afbe90f1e23f55480f148dfa34e03a4dca31a81d29096a0537e67,28,66cfbf9
deck,A2,"MSB11456 IV study, geometric LS mean ratio (%) and 90% CI, AUC0-inf",config/literature_precedents.yaml,msb11456_iv.ratio_pct.auc0_inf,103.15;  97.86; 108.73,103.15% (97.86~108.73),44c48b27ac1afbe90f1e23f55480f148dfa34e03a4dca31a81d29096a0537e67,28,66cfbf9
deck,A2,"MSB11456 IV study, geometric LS mean ratio (%) and 90% CI, Cmax",config/literature_precedents.yaml,msb11456_iv.ratio_pct.cmax,101.48;  97.23; 105.92,101.48% (97.23~105.92),44c48b27ac1afbe90f1e23f55480f148dfa34e03a4dca31a81d29096a0537e67,28,66cfbf9
deck,A2,Cohen 2022 mean body weight (kg),config/design_clot2021.yaml,datasets[id=='Cohen2022_200mg_AI'].weight_mean,80.6,80.6,4b3ddc374dfbf3f451d3fe3d6a865645b0b5d93b0ea7eea9a3f24cd8d2f05da5,28,66cfbf9
deck,A2,Cohen 2022 median tmax (day),config/design_clot2021.yaml,datasets[id=='Cohen2022_200mg_AI'].tmax_median,3,3.00,4b3ddc374dfbf3f451d3fe3d6a865645b0b5d93b0ea7eea9a3f24cd8d2f05da5,28,66cfbf9
deck,A2,"Cohen 2022 sim/obs AUC0-last, 2016",results/step1/step1b_quant_gate.csv,"range over 2 rows [gate_role=='external' & grepl('Cohen', id)] :: AUClast_ratio",0.837590273247914; 0.912255916270300,0.84~0.91,8f846e1fd1160532af6b26f020969bb945f0903e3ba7549c0bb5fd2a50117bb5,28,66cfbf9
deck,A2,"MSB11456 IV study, DOI",config/literature_precedents.yaml,msb11456_iv.doi,10.1080/1744666X.2023.2174104,10.1080/1744666X.2023.2174104,44c48b27ac1afbe90f1e23f55480f148dfa34e03a4dca31a81d29096a0537e67,28,66cfbf9
deck,A2,"MSB11456 IV study, publication year",config/literature_precedents.yaml,msb11456_iv.year,2023,2023,44c48b27ac1afbe90f1e23f55480f148dfa34e03a4dca31a81d29096a0537e67,28,66cfbf9
deck,A2,"MSB11456 IV study, published online",config/literature_precedents.yaml,msb11456_iv.published_online,2023-02-13,2023-02-13,44c48b27ac1afbe90f1e23f55480f148dfa34e03a4dca31a81d29096a0537e67,28,66cfbf9
deck,A2,"MSB11456 IV study, PubMed ID",config/literature_precedents.yaml,msb11456_iv.pmid,36715299,36715299,44c48b27ac1afbe90f1e23f55480f148dfa34e03a4dca31a81d29096a0537e67,28,66cfbf9
deck,A3,"reference body weight for Vc (kg), both models",config/params_typical.yaml,covariates.WT_on_Vc.WT_ref.value,75,75,0661b248227771273d5c58c86c61f35ef655fdeecebe3f188868fd61cff4b801,29,66cfbf9
deck,A3,"2016 model, Vc (L at 75 kg)",config/params_typical.yaml,theta.Vc.value,2.74,2.74,0661b248227771273d5c58c86c61f35ef655fdeecebe3f188868fd61cff4b801,29,66cfbf9
deck,A3,"2016 model, weight exponent on Vc",config/params_typical.yaml,covariates.WT_on_Vc.theta_WT.value,0.705,0.705,0661b248227771273d5c58c86c61f35ef655fdeecebe3f188868fd61cff4b801,29,66cfbf9
deck,A3,"2016 model, ke (1/day)",config/params_typical.yaml,theta.ke.value,0.0459,0.0459,0661b248227771273d5c58c86c61f35ef655fdeecebe3f188868fd61cff4b801,29,66cfbf9
deck,A3,"2016 model, k12 (1/day)",config/params_typical.yaml,theta.k12.value,0.0652,0.0652,0661b248227771273d5c58c86c61f35ef655fdeecebe3f188868fd61cff4b801,29,66cfbf9
deck,A3,"2016 model, k21 (1/day)",config/params_typical.yaml,theta.k21.value,0.129,0.129,0661b248227771273d5c58c86c61f35ef655fdeecebe3f188868fd61cff4b801,29,66cfbf9
deck,A3,"2016 model, ka (1/day)",config/params_typical.yaml,theta.ka.value,0.254,0.254,0661b248227771273d5c58c86c61f35ef655fdeecebe3f188868fd61cff4b801,29,66cfbf9
deck,A3,"2016 model, F",config/params_typical.yaml,theta.F.value,0.607,0.607,0661b248227771273d5c58c86c61f35ef655fdeecebe3f188868fd61cff4b801,29,66cfbf9
deck,A3,"2016 model, Vmax (mg/L/day)",config/params_typical.yaml,theta.Vmax.value,0.968,0.968,0661b248227771273d5c58c86c61f35ef655fdeecebe3f188868fd61cff4b801,29,66cfbf9
deck,A3,"2016 model, Km (mg/L), fixed",config/params_typical.yaml,theta.Km.value,0.01,0.01,0661b248227771273d5c58c86c61f35ef655fdeecebe3f188868fd61cff4b801,29,66cfbf9
deck,A3,"2016 model, IIV variance Vc",config/params_variability.yaml,iiv_omega2.Vc.omega2,0.0225,0.0225,b849a4cc3acc6d47f9833392ac4f47ebacc6ad9fa79fcc5848628fd4b5aa99a9,29,66cfbf9
deck,A3,"2016 model, IIV variance ke",config/params_variability.yaml,iiv_omega2.ke.omega2,0.131,0.131,b849a4cc3acc6d47f9833392ac4f47ebacc6ad9fa79fcc5848628fd4b5aa99a9,29,66cfbf9
deck,A3,"2016 model, IIV variance ka",config/params_variability.yaml,iiv_omega2.ka.omega2,0.251,0.251,b849a4cc3acc6d47f9833392ac4f47ebacc6ad9fa79fcc5848628fd4b5aa99a9,29,66cfbf9
deck,A3,"2016 model, IIV variance Vmax",config/params_variability.yaml,iiv_omega2.Vmax.omega2,0.0428,0.0428,b849a4cc3acc6d47f9833392ac4f47ebacc6ad9fa79fcc5848628fd4b5aa99a9,29,66cfbf9
deck,A3,"2020 Model 1, Vc (L at 75 kg)",config/params_k2020_model1.yaml,theta.Vc.value,2.48,2.48,b6e3816238f158ab76cda1edfc4ce9ae49b53fdd4836de8be36bd64664dca96f,29,66cfbf9
deck,A3,"2020 Model 1, weight exponent on Vc",config/params_k2020_model1.yaml,covariates.WT_on_Vc.theta_WT.value,0.711,0.711,b6e3816238f158ab76cda1edfc4ce9ae49b53fdd4836de8be36bd64664dca96f,29,66cfbf9
deck,A3,"2020 Model 1, ke (1/day)",config/params_k2020_model1.yaml,theta.ke.value,0.0534,0.0534,b6e3816238f158ab76cda1edfc4ce9ae49b53fdd4836de8be36bd64664dca96f,29,66cfbf9
deck,A3,"2020 Model 1, k12 (1/day)",config/params_k2020_model1.yaml,theta.k12.value,0.213,0.213,b6e3816238f158ab76cda1edfc4ce9ae49b53fdd4836de8be36bd64664dca96f,29,66cfbf9
deck,A3,"2020 Model 1, k21 (1/day)",config/params_k2020_model1.yaml,theta.k21.value,0.31,0.310,b6e3816238f158ab76cda1edfc4ce9ae49b53fdd4836de8be36bd64664dca96f,29,66cfbf9
deck,A3,"2020 Model 1, ka (1/day)",config/params_k2020_model1.yaml,theta.ka.value,0.256,0.256,b6e3816238f158ab76cda1edfc4ce9ae49b53fdd4836de8be36bd64664dca96f,29,66cfbf9
deck,A3,"2020 Model 1, F",config/params_k2020_model1.yaml,theta.F.value,0.643,0.643,b6e3816238f158ab76cda1edfc4ce9ae49b53fdd4836de8be36bd64664dca96f,29,66cfbf9
deck,A3,"2020 Model 1, Vmax (mg/L/day)",config/params_k2020_model1.yaml,theta.Vmax.value,1.07,1.07,b6e3816238f158ab76cda1edfc4ce9ae49b53fdd4836de8be36bd64664dca96f,29,66cfbf9
deck,A3,"2020 Model 1, Km (mg/L), fixed",config/params_k2020_model1.yaml,theta.Km.value,0.01,0.01,b6e3816238f158ab76cda1edfc4ce9ae49b53fdd4836de8be36bd64664dca96f,29,66cfbf9
deck,A3,"2020 Model 1, IIV variance Vc",config/params_k2020_model1.yaml,iiv.sd.Vc.omega2,0.0369,0.0369,b6e3816238f158ab76cda1edfc4ce9ae49b53fdd4836de8be36bd64664dca96f,29,66cfbf9
deck,A3,"2020 Model 1, IIV variance ke",config/params_k2020_model1.yaml,iiv.sd.ke.omega2,0.0812,0.0812,b6e3816238f158ab76cda1edfc4ce9ae49b53fdd4836de8be36bd64664dca96f,29,66cfbf9
deck,A3,"2020 Model 1, IIV variance ka",config/params_k2020_model1.yaml,iiv.sd.ka.omega2,0.2247,0.225,b6e3816238f158ab76cda1edfc4ce9ae49b53fdd4836de8be36bd64664dca96f,29,66cfbf9
deck,A3,"2020 Model 1, IIV variance Vmax",config/params_k2020_model1.yaml,iiv.sd.Vmax.omega2,0.0557,0.0557,b6e3816238f158ab76cda1edfc4ce9ae49b53fdd4836de8be36bd64664dca96f,29,66cfbf9
deck,A3,"2016 model, CL = ke x Vc at 75 kg (L/day), derived",config/params_typical.yaml,theta.ke.value x theta.Vc.value,0.125766,0.126,0661b248227771273d5c58c86c61f35ef655fdeecebe3f188868fd61cff4b801,29,66cfbf9
deck,A3,"2016 model, Q = k12 x Vc at 75 kg (L/day), derived",config/params_typical.yaml,theta.k12.value x theta.Vc.value,0.178648,0.179,0661b248227771273d5c58c86c61f35ef655fdeecebe3f188868fd61cff4b801,29,66cfbf9
deck,A3,"2016 model, peripheral volume = Vc x k12 / k21 at 75 kg (L), derived",config/params_typical.yaml,theta.Vc.value x theta.k12.value / theta.k21.value,1.38486821705426,1.38,0661b248227771273d5c58c86c61f35ef655fdeecebe3f188868fd61cff4b801,29,66cfbf9
deck,A3,"2020 Model 1, CL = ke x Vc at 75 kg (L/day), derived",config/params_k2020_model1.yaml,theta.ke.value x theta.Vc.value,0.132432,0.132,b6e3816238f158ab76cda1edfc4ce9ae49b53fdd4836de8be36bd64664dca96f,29,66cfbf9
deck,A3,"2020 Model 1, Q = k12 x Vc at 75 kg (L/day), derived",config/params_k2020_model1.yaml,theta.k12.value x theta.Vc.value,0.52824,0.528,b6e3816238f158ab76cda1edfc4ce9ae49b53fdd4836de8be36bd64664dca96f,29,66cfbf9
deck,A3,"2020 Model 1, peripheral volume = Vc x k12 / k21 at 75 kg (L), derived",config/params_k2020_model1.yaml,theta.Vc.value x theta.k12.value / theta.k21.value,1.704,1.70,b6e3816238f158ab76cda1edfc4ce9ae49b53fdd4836de8be36bd64664dca96f,29,66cfbf9
deck,A3,"2020 Model 1, number of transit compartments",config/params_k2020_model1.yaml,theta.n_transit.value,3,3,b6e3816238f158ab76cda1edfc4ce9ae49b53fdd4836de8be36bd64664dca96f,29,66cfbf9
deck,A3,"2020 Model 1, mean transit time (day)",config/params_k2020_model1.yaml,theta.MTT.value,0.105,0.105,b6e3816238f158ab76cda1edfc4ce9ae49b53fdd4836de8be36bd64664dca96f,29,66cfbf9
deck,A3,"2020 Model 1, IIV variance MTT",config/params_k2020_model1.yaml,iiv.sd.MTT.omega2,0.2756,0.276,b6e3816238f158ab76cda1edfc4ce9ae49b53fdd4836de8be36bd64664dca96f,29,66cfbf9
deck,A3,"2016 model, proportional residual (%)",config/params_variability.yaml,residual.sigma_prop.value x 100,24.2,24.2%,b849a4cc3acc6d47f9833392ac4f47ebacc6ad9fa79fcc5848628fd4b5aa99a9,29,66cfbf9
deck,A3,"2020 Model 1, proportional residual (%)",config/params_k2020_model1.yaml,residual.sigma_prop.value x 100,15,15.0%,b6e3816238f158ab76cda1edfc4ce9ae49b53fdd4836de8be36bd64664dca96f,29,66cfbf9
deck,A3,"additive residual SD (mg/L), fixed, both models",config/params_variability.yaml,residual.sigma_add.value,0.03,0.03,b849a4cc3acc6d47f9833392ac4f47ebacc6ad9fa79fcc5848628fd4b5aa99a9,29,66cfbf9
deck,A3,study LLOQ (mg/L),config/assay.yaml,lloq_mg_L.value,0.078,0.078,13bb4e6e5a604962f3e30a9f31dffb53fcfcaa71272e41d6a12413c1cec26604,29,66cfbf9
deck,A3,"2020 Model 1, IIV SD Vc (Supplementary Table 2)",config/params_k2020_model1.yaml,iiv.sd.Vc.sd,0.192,0.192,b6e3816238f158ab76cda1edfc4ce9ae49b53fdd4836de8be36bd64664dca96f,29,66cfbf9
deck,A3,"2020 Model 1, IIV SD ke (Supplementary Table 2)",config/params_k2020_model1.yaml,iiv.sd.ke.sd,0.285,0.285,b6e3816238f158ab76cda1edfc4ce9ae49b53fdd4836de8be36bd64664dca96f,29,66cfbf9
deck,A3,"2020 Model 1, IIV SD ka (Supplementary Table 2)",config/params_k2020_model1.yaml,iiv.sd.ka.sd,0.474,0.474,b6e3816238f158ab76cda1edfc4ce9ae49b53fdd4836de8be36bd64664dca96f,29,66cfbf9
deck,A3,"2020 Model 1, IIV SD Vmax (Supplementary Table 2)",config/params_k2020_model1.yaml,iiv.sd.Vmax.sd,0.236,0.236,b6e3816238f158ab76cda1edfc4ce9ae49b53fdd4836de8be36bd64664dca96f,29,66cfbf9
deck,A3,"2020 Model 1, IIV SD MTT (Supplementary Table 2)",config/params_k2020_model1.yaml,iiv.sd.MTT.sd,0.525,0.525,b6e3816238f158ab76cda1edfc4ce9ae49b53fdd4836de8be36bd64664dca96f,29,66cfbf9
deck,A3,variability sensitivity: multiplier on all IIV variances,config/params_variability.yaml,sensitivity.omega2_multiplier.value,1.5,1.5,b849a4cc3acc6d47f9833392ac4f47ebacc6ad9fa79fcc5848628fd4b5aa99a9,29,66cfbf9
deck,A3,residual sensitivity: alternative proportional residual (%),config/params_variability.yaml,sensitivity.sigma_prop_alt.value x 100,12,12%,b849a4cc3acc6d47f9833392ac4f47ebacc6ad9fa79fcc5848628fd4b5aa99a9,29,66cfbf9
deck,A4,"status of the criteria sets (pre-specified, post hoc, pre-registered)",regulatory/tables/prespecification_register.csv,whole object,NA,(table),d1565008785bcb8806d3752a5bf03081067652d919f80584ad9d5ea220c2983d,30,66cfbf9
deck,A4,criteria set (i) adj_r2_min,config/prereg_20260926.yaml,section4.criteria_sets.i.adj_r2_min,0.8,0.80,dc2c9f1bd4d62e13ad9f5f551dcf97eb7ee1359ba13aaa3af8efc063dfc6303e,30,66cfbf9
deck,A4,criteria set (iii) adj_r2_min,config/prereg_20260926.yaml,section4.criteria_sets.iii.adj_r2_min,0.9,0.90,dc2c9f1bd4d62e13ad9f5f551dcf97eb7ee1359ba13aaa3af8efc063dfc6303e,30,66cfbf9
deck,A4,public SAP NCT04117607: adjusted R-squared at least,config/prereg_20260926.yaml,section6.s2_1_failure_by_set.public_saps :: regex 'NCT04117607 \(adjusted R-squared at least ([0-9.]+)',0.9,0.90,dc2c9f1bd4d62e13ad9f5f551dcf97eb7ee1359ba13aaa3af8efc063dfc6303e,30,66cfbf9
deck,A4,public SAP NCT04441905: adjusted R-squared at least,config/prereg_20260926.yaml,section6.s2_1_failure_by_set.public_saps :: regex 'NCT04441905 \(adjusted R-squared at least ([0-9.]+)',0.9,0.90,dc2c9f1bd4d62e13ad9f5f551dcf97eb7ee1359ba13aaa3af8efc063dfc6303e,30,66cfbf9
deck,A4,public SAP NCT04700163: adjusted R-squared above,config/prereg_20260926.yaml,section6.s2_1_failure_by_set.public_saps :: regex 'NCT04700163 \(adjusted R-squared above ([0-9.]+)',0.9,0.90,dc2c9f1bd4d62e13ad9f5f551dcf97eb7ee1359ba13aaa3af8efc063dfc6303e,30,66cfbf9
deck,A4,lambda-z minimum points,config/nca_rules.yaml,standard.lambda_z.min_points,3,3,0f53d9e003bf1df504df24201f06301cabe423babd1078def5c5a4b3b2c1db94,30,66cfbf9
deck,A4,lambda-z adjusted R-squared tie tolerance,config/nca_rules.yaml,standard.lambda_z.tie_tolerance,1e-04,0.0001,0f53d9e003bf1df504df24201f06301cabe423babd1078def5c5a4b3b2c1db94,30,66cfbf9
deck,A4,BLQ before the first quantifiable value is set to zero,config/nca_rules.yaml,standard.blq.pre_first_quant == 'zero',zero,0,0f53d9e003bf1df504df24201f06301cabe423babd1078def5c5a4b3b2c1db94,30,66cfbf9
deck,A4,lambda-z windows identical over all comparisons,results/nca_engine/engine_validation_summary.csv,sum(lz_points_identical) / sum(lz_points_identical + lz_points_mismatch),3054; 3054,"3,054/3,054",6cc554b1b015013fc6b1156e970eed67ad56d2ab70843a853187390ed0ff41b4,30,66cfbf9
deck,A4,largest relative parameter difference (scientific notation),results/nca_engine/engine_validation_summary.csv,max(max_rel_diff) :: printed as mantissa x 10^exponent,4.94026166636489e-13,4.9×10⁻¹³,6cc554b1b015013fc6b1156e970eed67ad56d2ab70843a853187390ed0ff41b4,30,66cfbf9
deck,A4,NonCompart version (renv.lock),regulatory/tables/software_environment.csv,Software=='NonCompart' :: Version,0.8.4,0.8.4,45f02f1aff9950536e0ecfc29da59123a3acd60303e20e73402f71a7350c85e2,30,66cfbf9
deck,A4,PKNCA version (renv.lock),regulatory/tables/software_environment.csv,Software=='PKNCA' :: Version,0.12.1,0.12.1,45f02f1aff9950536e0ecfc29da59123a3acd60303e20e73402f71a7350c85e2,30,66cfbf9
deck,A4,Theoph profiles,results/nca_engine/engine_validation_summary.csv,comparison=='this engine vs NonCompart' & dataset=='Theoph (12 profiles)' :: n_profiles,12,12,6cc554b1b015013fc6b1156e970eed67ad56d2ab70843a853187390ed0ff41b4,30,66cfbf9
deck,A4,Indometh profiles,results/nca_engine/engine_validation_summary.csv,"comparison=='this engine vs NonCompart' & dataset=='Indometh (6 profiles, extravascular rules)' :: n_profiles",6,6,6cc554b1b015013fc6b1156e970eed67ad56d2ab70843a853187390ed0ff41b4,30,66cfbf9
deck,A4,simulated profiles,results/nca_engine/engine_validation_summary.csv,"comparison=='this engine vs NonCompart' & dataset=='simulated dupilumab (1,000 profiles: 500 per model)' :: n_profiles",1000,"1,000",6cc554b1b015013fc6b1156e970eed67ad56d2ab70843a853187390ed0ff41b4,30,66cfbf9
deck,A4,profiles per engine comparison (Theoph + Indometh + simulated),results/nca_engine/engine_validation_summary.csv,sum over datasets of n_profiles (one comparison each),1018,"1,018",6cc554b1b015013fc6b1156e970eed67ad56d2ab70843a853187390ed0ff41b4,30,66cfbf9
deck,A4,engine pairs compared per data set,results/nca_engine/engine_validation_summary.csv,uniqueN(comparison),3,3,6cc554b1b015013fc6b1156e970eed67ad56d2ab70843a853187390ed0ff41b4,30,66cfbf9
deck,A4,engines compared (distinct names in the comparison column),results/nca_engine/engine_validation_summary.csv,"uniqueN(unlist(strsplit(comparison, ' vs ')))",3,3,6cc554b1b015013fc6b1156e970eed67ad56d2ab70843a853187390ed0ff41b4,30,66cfbf9
deck,A4,criteria set (i) adj_r2_min,config/prereg_20260926.yaml,section4.criteria_sets.i.adj_r2_min,0.8,0.80,dc2c9f1bd4d62e13ad9f5f551dcf97eb7ee1359ba13aaa3af8efc063dfc6303e,30,66cfbf9
deck,A4,criteria set (ii) adj_r2_min,config/prereg_20260926.yaml,section4.criteria_sets.ii.adj_r2_min,0.8,0.80,dc2c9f1bd4d62e13ad9f5f551dcf97eb7ee1359ba13aaa3af8efc063dfc6303e,30,66cfbf9
deck,A4,criteria set (iii) adj_r2_min,config/prereg_20260926.yaml,section4.criteria_sets.iii.adj_r2_min,0.9,0.90,dc2c9f1bd4d62e13ad9f5f551dcf97eb7ee1359ba13aaa3af8efc063dfc6303e,30,66cfbf9
deck,A4,criteria set (iv) adj_r2_min,config/prereg_20260926.yaml,section4.criteria_sets.iv.adj_r2_min,0.9,0.90,dc2c9f1bd4d62e13ad9f5f551dcf97eb7ee1359ba13aaa3af8efc063dfc6303e,30,66cfbf9
deck,A4,criteria set (i) extrap_max_pct,config/prereg_20260926.yaml,section4.criteria_sets.i.extrap_max_pct,20,20,dc2c9f1bd4d62e13ad9f5f551dcf97eb7ee1359ba13aaa3af8efc063dfc6303e,30,66cfbf9
deck,A4,criteria set (ii) extrap_max_pct,config/prereg_20260926.yaml,section4.criteria_sets.ii.extrap_max_pct,20,20,dc2c9f1bd4d62e13ad9f5f551dcf97eb7ee1359ba13aaa3af8efc063dfc6303e,30,66cfbf9
deck,A4,criteria set (iii) extrap_max_pct,config/prereg_20260926.yaml,section4.criteria_sets.iii.extrap_max_pct,20,20,dc2c9f1bd4d62e13ad9f5f551dcf97eb7ee1359ba13aaa3af8efc063dfc6303e,30,66cfbf9
deck,A4,criteria set (iv) extrap_max_pct,config/prereg_20260926.yaml,section4.criteria_sets.iv.extrap_max_pct,20,20,dc2c9f1bd4d62e13ad9f5f551dcf97eb7ee1359ba13aaa3af8efc063dfc6303e,30,66cfbf9
deck,A4,criteria set (ii) span_ratio_min,config/prereg_20260926.yaml,section4.criteria_sets.ii.span_ratio_min,2,2,dc2c9f1bd4d62e13ad9f5f551dcf97eb7ee1359ba13aaa3af8efc063dfc6303e,30,66cfbf9
deck,A4,criteria set (iv) span_ratio_min,config/prereg_20260926.yaml,section4.criteria_sets.iv.span_ratio_min,3,3,dc2c9f1bd4d62e13ad9f5f551dcf97eb7ee1359ba13aaa3af8efc063dfc6303e,30,66cfbf9
deck,A4,criteria set (i) extrap_max_pct,config/prereg_20260926.yaml,section4.criteria_sets.i.extrap_max_pct,20,20,dc2c9f1bd4d62e13ad9f5f551dcf97eb7ee1359ba13aaa3af8efc063dfc6303e,30,66cfbf9
deck,A4,criteria set (ii) span_ratio_min,config/prereg_20260926.yaml,section4.criteria_sets.ii.span_ratio_min,2,2,dc2c9f1bd4d62e13ad9f5f551dcf97eb7ee1359ba13aaa3af8efc063dfc6303e,30,66cfbf9
deck,A4,criteria set (iv) span_ratio_min,config/prereg_20260926.yaml,section4.criteria_sets.iv.span_ratio_min,3,3,dc2c9f1bd4d62e13ad9f5f551dcf97eb7ee1359ba13aaa3af8efc063dfc6303e,30,66cfbf9
deck,A5,"smallest coverage of the true AUC0-inf by the sampling window in patients failing criteria set (iii), three model variants, rounded down to 0.1 (%)",results/atopic/atopic_coverage_failing.csv,distribution=='primary' & set=='iii' :: floor(1000 * min(window_fail_min)) / 10,78.9859663752325,78.9,ed1f24ec44214e5312e1791dcd5b265163d4fdcc8fb1e67f9c700a53eb88af3f,31,66cfbf9
deck,A5,body weight inclusion range (kg),config/trial_design.yaml,weight.inclusion_kg,60; 90,60~90,553eceab74155a3497fef1ab587f3b8d2be1319704e17ae1f0e177601726e84f,31,66cfbf9
deck,A5,lower bound of the weight band flagged as possibly outside the model development data (kg),results/weight_generalization/weight_bands_B0_abcd.csv,model=='a' & dev_range_note != '' :: lower bound of band,130,130,174016980930c8de881dfd7b854cd8860925cab129cc7d35710e7efa9ba9fa91,31,66cfbf9
deck,A5,figure a5_reliability_by_weight_band,results/weight_generalization/weight_bands_B0_abcd.csv,whole object,NA,(figure),174016980930c8de881dfd7b854cd8860925cab129cc7d35710e7efa9ba9fa91,31,66cfbf9
deck,A5,"weight bands, 2016 model, reliable under set (i), lightest band",results/weight_generalization/weight_bands_B0_abcd.csv,model=='a' & band=='40-60' :: reliable_rsq_extrap_pct,90.805,90.8%,174016980930c8de881dfd7b854cd8860925cab129cc7d35710e7efa9ba9fa91,31,66cfbf9
deck,A5,"weight bands, 2016 model, reliable under set (i), heaviest band",results/weight_generalization/weight_bands_B0_abcd.csv,model=='a' & band=='130-150' :: reliable_rsq_extrap_pct,70.85,70.9%,174016980930c8de881dfd7b854cd8860925cab129cc7d35710e7efa9ba9fa91,31,66cfbf9
deck,A5,"weight bands, 2020 Model 1, reliable under set (i), lightest band",results/weight_generalization/weight_bands_B0_abcd.csv,model=='b' & band=='40-60' :: reliable_rsq_extrap_pct,94.1,94.1%,174016980930c8de881dfd7b854cd8860925cab129cc7d35710e7efa9ba9fa91,31,66cfbf9
deck,A5,"weight bands, 2020 Model 1, reliable under set (i), heaviest band",results/weight_generalization/weight_bands_B0_abcd.csv,model=='b' & band=='130-150' :: reliable_rsq_extrap_pct,81.99,82.0%,174016980930c8de881dfd7b854cd8860925cab129cc7d35710e7efa9ba9fa91,31,66cfbf9
deck,A5,true extrapolation median range across weight bands,results/weight_generalization/weight_bands_B0_abcd.csv,model=='a' :: range(extrap_true_median),0.506073583814232; 1.404325582919150,0.51~1.40%,174016980930c8de881dfd7b854cd8860925cab129cc7d35710e7efa9ba9fa91,31,66cfbf9
deck,A5,largest coverage below 80% across weight bands (%),results/weight_generalization/weight_bands_B0_abcd.csv,model=='a' :: max(coverage_lt80_pct),0.01,0.01%,174016980930c8de881dfd7b854cd8860925cab129cc7d35710e7efa9ba9fa91,31,66cfbf9
deck,A5,window coverage threshold in column name coverage_lt80_pct (percent),results/weight_generalization/weight_bands_B0_abcd.csv,column name coverage_lt80_pct,80,80,174016980930c8de881dfd7b854cd8860925cab129cc7d35710e7efa9ba9fa91,31,66cfbf9
deck,A5,"uniform weight bands, lowest and highest bound (kg)",results/weight_generalization/weight_bands_B0_abcd.csv,"model=='a' :: min(lower bound of band), max(upper bound of band)", 40; 150,40~150,174016980930c8de881dfd7b854cd8860925cab129cc7d35710e7efa9ba9fa91,31,66cfbf9
deck,A5,subjects per weight band,results/weight_generalization/weight_bands_B0_abcd.csv,model=='a' & band=='40-60' :: n,20000,"20,000",174016980930c8de881dfd7b854cd8860925cab129cc7d35710e7efa9ba9fa91,31,66cfbf9
deck,A5,heavier dropouts in trials of the heavier population,results/weight_generalization/obese_trials_dropout_b.csv,whole object,NA,(table),fe90a94c0715edb641b61800e3f0a2d0dbfcf2c8ff68aef7f497526307a6c8ef,31,66cfbf9
deck,A5,heavier dropouts in trials of the heavier population,results/weight_generalization/obese_trials_dropout_d.csv,whole object,NA,(table),8acc1b983886ba4683e4131501356f667e8000cc0e0b740fe4162012a88ff6e5,31,66cfbf9
deck,A5,dropouts heavier than retained subjects (kg),results/weight_generalization/obese_trials_dropout_a.csv,"range of wt_dropout_mean - wt_retained_mean over models a, b, d",3.1792846080600; 6.4371883514938,3.2~6.4,d9a833a70ea3594c09bdf5cf8561a993d650b066098c6cb3fc250c5059778b02,31,66cfbf9
deck,A5,weight threshold in column name below_60 (kg),results/atopic/atopic_weight_table.csv,column name below_60,60,60,ff627c4849221d773e495c9ce9abb806d2819b840558157e6c3bae2b748a1388,31,66cfbf9
deck,A5,weight threshold in column name above_90 (kg),results/atopic/atopic_weight_table.csv,column name above_90,90,90,ff627c4849221d773e495c9ce9abb806d2819b840558157e6c3bae2b748a1388,31,66cfbf9
deck,A5,"atopic population, 2016 model, share failing criteria set (i)",results/atopic/atopic_criteria_by_band.csv,variant=='base' & distribution=='primary' & band=='all' & set=='i' :: fail_pct,14.915,14.9%,1f97c1e830a8c2b5d8297e82a87932f3b3c5428e952eb62d5fde47c905887eed,31,66cfbf9
deck,A5,"atopic population, 2016 model, share failing criteria set (iii)",results/atopic/atopic_criteria_by_band.csv,variant=='base' & distribution=='primary' & band=='all' & set=='iii' :: fail_pct,39.465,39.5%,1f97c1e830a8c2b5d8297e82a87932f3b3c5428e952eb62d5fde47c905887eed,31,66cfbf9
deck,A5,"atopic, three variants, set i, band all, fail_pct",results/atopic/atopic_criteria_by_band.csv,range over 3 rows [distribution=='primary' & band=='all' & set=='i'] :: fail_pct, 8.875; 15.335,8.9~15.3%,1f97c1e830a8c2b5d8297e82a87932f3b3c5428e952eb62d5fde47c905887eed,31,66cfbf9
deck,A5,"atopic, three variants, set iii, band all, fail_pct",results/atopic/atopic_criteria_by_band.csv,range over 3 rows [distribution=='primary' & band=='all' & set=='iii'] :: fail_pct,33.610; 39.755,33.6~39.8%,1f97c1e830a8c2b5d8297e82a87932f3b3c5428e952eb62d5fde47c905887eed,31,66cfbf9
deck,A5,"patients failing set iii: window_fail_median x 100, three variants",results/atopic/atopic_coverage_failing.csv,range over 3 rows [distribution=='primary' & set=='iii'] :: window_fail_median x 100,99.4896056102944; 99.8315666057001,99.5~99.8%,ed1f24ec44214e5312e1791dcd5b265163d4fdcc8fb1e67f9c700a53eb88af3f,31,66cfbf9
deck,A5,"primary weight distribution, simulated, share outside 60 to 90 kg",results/atopic/atopic_weight_table.csv,"distribution=='primary' & source=='simulated (20,000 subjects)' :: outside_60_90",40.38,40.4%,ff627c4849221d773e495c9ce9abb806d2819b840558157e6c3bae2b748a1388,31,66cfbf9
deck,A5,"primary weight distribution, simulated, share below 60 kg",results/atopic/atopic_weight_table.csv,"distribution=='primary' & source=='simulated (20,000 subjects)' :: below_60",16.15,16.2%,ff627c4849221d773e495c9ce9abb806d2819b840558157e6c3bae2b748a1388,31,66cfbf9
deck,A5,"primary weight distribution, simulated, share above 90 kg",results/atopic/atopic_weight_table.csv,"distribution=='primary' & source=='simulated (20,000 subjects)' :: above_90",24.23,24.2%,ff627c4849221d773e495c9ce9abb806d2819b840558157e6c3bae2b748a1388,31,66cfbf9
deck,A5,"atopic placeholder distribution, mean (kg)",config/population_atopic.yaml,distributions.primary.mean,78,78,a5e5356587a4727996496d247df2f1b007adb6fe7e7a9f98ce81388040495abb,31,66cfbf9
deck,A5,"atopic placeholder distribution, SD (kg)",config/population_atopic.yaml,distributions.primary.sd,19,19,a5e5356587a4727996496d247df2f1b007adb6fe7e7a9f98ce81388040495abb,31,66cfbf9
deck,A5,"share of the primary distribution above 130 kg (analytic, truncated)",config/population_atopic.yaml,distributions.primary :: lognormal share above 130 kg within the truncation,1.21896643291784,1.2,a5e5356587a4727996496d247df2f1b007adb6fe7e7a9f98ce81388040495abb,31,66cfbf9
deck,A5,"atopic placeholder distribution, truncation (kg)",config/population_atopic.yaml,distributions.primary.trunc, 40; 180,40~180,a5e5356587a4727996496d247df2f1b007adb6fe7e7a9f98ce81388040495abb,31,66cfbf9
deck,A5,"primary weight distribution, simulated, share above 100 kg",results/atopic/atopic_weight_table.csv,"distribution=='primary' & source=='simulated (20,000 subjects)' :: above_100",12.905,12.9%,ff627c4849221d773e495c9ce9abb806d2819b840558157e6c3bae2b748a1388,31,66cfbf9
deck,A5,weight threshold in column name above_100 (kg),results/atopic/atopic_weight_table.csv,column name above_100,100,100,ff627c4849221d773e495c9ce9abb806d2819b840558157e6c3bae2b748a1388,31,66cfbf9
deck,A5,"sensitivity weight distributions, set i",results/atopic/atopic_criteria_by_band.csv,range over 6 rows [distribution!='primary' & band=='all' & set=='i'] :: fail_pct, 8.500; 15.555,8.5~15.6%,1f97c1e830a8c2b5d8297e82a87932f3b3c5428e952eb62d5fde47c905887eed,31,66cfbf9
deck,A5,"sensitivity weight distributions, set iii",results/atopic/atopic_criteria_by_band.csv,range over 6 rows [distribution!='primary' & band=='all' & set=='iii'] :: fail_pct,33.145; 40.050,33.1~40.1%,1f97c1e830a8c2b5d8297e82a87932f3b3c5428e952eb62d5fde47c905887eed,31,66cfbf9
deck,A5,"atopic, base, set i, band below 60",results/atopic/atopic_criteria_by_band.csv,variant=='base' & distribution=='primary' & band=='below 60' & set=='i' :: fail_pct,9.72136222910217,9.7%,1f97c1e830a8c2b5d8297e82a87932f3b3c5428e952eb62d5fde47c905887eed,31,66cfbf9
deck,A5,"atopic, base, set i, band above 100",results/atopic/atopic_criteria_by_band.csv,variant=='base' & distribution=='primary' & band=='above 100' & set=='i' :: fail_pct,23.5955056179775,23.6%,1f97c1e830a8c2b5d8297e82a87932f3b3c5428e952eb62d5fde47c905887eed,31,66cfbf9
deck,A5,"atopic trials, bias of AUClast GMR, M0",results/atopic/atopic_trials_bias.csv,range over 15 rows [analysis_model=='M0' & endpoint=='AUClast'] :: bias_pct,-0.944694250675460;  0.392952781685341,-0.94~0.39%,67ff3cbd4480526a52302d3307c63055898fed09d346f95f24c776b8bb354678,31,66cfbf9
deck,A5,"atopic trials, bias of AUCinf_Ai GMR, M0",results/atopic/atopic_trials_bias.csv,range over 15 rows [analysis_model=='M0' & endpoint=='AUCinf_Ai'] :: bias_pct,-2.56209215969968;  3.96540678836825,-2.56~3.97%,67ff3cbd4480526a52302d3307c63055898fed09d346f95f24c776b8bb354678,31,66cfbf9
deck,A5,"atopic trials, P2 and G2 A_i decision agreement, M0",results/atopic/atopic_trials_concordance.csv,range over 15 rows [analysis_model=='M0' & config=='A_i'] :: agree_pct,66.85; 96.65,66.9~96.7%,8120d65e2fc3791574a9912065c67b48aa1277fe045f68d0327e31c050cb7f91,31,66cfbf9
deck,A5,"atopic trials, test minus reference failing set i, VM125 (points)",results/atopic/atopic_trials_arm_failure.csv,range over 3 rows [scenario=='VM125' & set=='i'] :: diff_mean,4.59017094017094; 6.99017094017094,4.59~6.99,1a871811ea89855fa5e5e8b0f87b01f3161457d0d5ace551336b6f136cc0eeb8,31,66cfbf9
deck,A5,atopic trials per scenario (pre-registered),config/prereg_20260926.yaml,section5.trial.trials,2000,"2,000",dc2c9f1bd4d62e13ad9f5f551dcf97eb7ee1359ba13aaa3af8efc063dfc6303e,31,66cfbf9
deck,A6,"runs before the fix, run numbers",results/ci/ci_failures_before.csv,range over 71 rows [TRUE] :: run_number, 1; 71,1~71,bc090a48a34efbd015e36ff2882307cead2396c82559b36cd05a8aa0732590ad,32,66cfbf9
deck,A6,runs before the fix (failed before any test),results/ci/ci_failures_before.csv,count of rows [TRUE],71,71,bc090a48a34efbd015e36ff2882307cead2396c82559b36cd05a8aa0732590ad,32,66cfbf9
deck,A6,runs failed: no renv.lock in commit,results/ci/ci_failure_summary.csv,cause=='no renv.lock in commit' :: n_runs,1,1,499f951f7e52bbb9e119722e3c691a55d2611774b1caad53463c8c98dd70b86a,32,66cfbf9
deck,A6,runs failed: xml2 missing for JunitReporter,results/ci/ci_failure_summary.csv,cause=='xml2 missing for testthat::JunitReporter' :: n_runs,70,70,499f951f7e52bbb9e119722e3c691a55d2611774b1caad53463c8c98dd70b86a,32,66cfbf9
deck,A6,first run after the fix,results/ci/ci_runs_after_fix.csv,workflow=='tests' & run_number==72 :: run_number,72,72,6e6e81ae4e859a13d8d7124a8a4407add28de85052a5e3be95effdea6cdd4b97,32,66cfbf9
deck,A6,last tests run of the v1.0.1 record (v1.0.1 package commit),results/ci/ci_runs_v101.csv,run_number==98 :: run_number,98,98,37f2a629401e3dd39213142ec37b4d57e6ddc9c7a5fc43fc7c1bffb4d8f58635,32,66cfbf9
deck,A6,"failed runs after the fix (strict-skip rule), run numbers",results/ci/ci_runs_v101.csv,range over 5 rows [conclusion=='failure'] :: run_number,87; 91,87~91,37f2a629401e3dd39213142ec37b4d57e6ddc9c7a5fc43fc7c1bffb4d8f58635,32,66cfbf9
deck,A6,run that fixed the strict-skip failures,results/ci/ci_runs_v101.csv,"grepl('^fix of runs', note) :: run_number",92,92,37f2a629401e3dd39213142ec37b4d57e6ddc9c7a5fc43fc7c1bffb4d8f58635,32,66cfbf9
deck,A6,failed run of the deck record (environment setup),results/ci/ci_runs_deck.csv,workflow=='tests' & conclusion=='failure' :: run_number,99,99,4b77438eb3d5446e3266ed24c82efe641c271da92b8cb76c303fd27ae3b1bdbd,32,66cfbf9
deck,A6,run that fixed the deck-record failure,results/ci/ci_runs_deck.csv,"workflow=='tests' & grepl('^fix of run', note) :: run_number",100,100,4b77438eb3d5446e3266ed24c82efe641c271da92b8cb76c303fd27ae3b1bdbd,32,66cfbf9
deck,A6,latest tests run recorded (deck record),results/ci/ci_runs_deck.csv,max over 3 rows [workflow=='tests'] :: run_number,101,101,4b77438eb3d5446e3266ed24c82efe641c271da92b8cb76c303fd27ae3b1bdbd,32,66cfbf9
deck,A6,tests runs after the fix (with ci_runs_v101.csv),results/ci/ci_runs_after_fix.csv,whole object,NA,(table),6e6e81ae4e859a13d8d7124a8a4407add28de85052a5e3be95effdea6cdd4b97,32,66cfbf9
deck,A6,tests runs after the fix (with ci_runs_v101.csv),results/ci/ci_runs_deck.csv,whole object,NA,(table),4b77438eb3d5446e3266ed24c82efe641c271da92b8cb76c303fd27ae3b1bdbd,32,66cfbf9
deck,A6,tests runs after the fix with conclusion success (after_fix + v101 + deck),results/ci/ci_runs_v101.csv,count(conclusion=='success') in ci_runs_after_fix.csv (workflow tests) + ci_runs_v101.csv + ci_runs_deck.csv (workflow tests), 5; 14;  2,21,37f2a629401e3dd39213142ec37b4d57e6ddc9c7a5fc43fc7c1bffb4d8f58635,32,66cfbf9
deck,A6,tests runs after the fix with conclusion cancelled (after_fix + v101 + deck),results/ci/ci_runs_v101.csv,count(conclusion=='cancelled') in ci_runs_after_fix.csv (workflow tests) + ci_runs_v101.csv + ci_runs_deck.csv (workflow tests),1; 2; 0,3,37f2a629401e3dd39213142ec37b4d57e6ddc9c7a5fc43fc7c1bffb4d8f58635,32,66cfbf9
deck,A6,tests runs after the fix with conclusion failure (after_fix + v101 + deck),results/ci/ci_runs_v101.csv,count(conclusion=='failure') in ci_runs_after_fix.csv (workflow tests) + ci_runs_v101.csv + ci_runs_deck.csv (workflow tests),0; 5; 1,6,37f2a629401e3dd39213142ec37b4d57e6ddc9c7a5fc43fc7c1bffb4d8f58635,32,66cfbf9
deck,A6,GitHub reproducibility run: n_pass_github,results/repro/repro_github_run.csv,field=='n_pass_github',7,7,87d06a118444f04f1d94b011a90f54e403b98259a0883eb81ca4c9c112ebb05c,32,66cfbf9
deck,A6,GitHub reproducibility run: n_items,results/repro/repro_github_run.csv,field=='n_items',7,7,87d06a118444f04f1d94b011a90f54e403b98259a0883eb81ca4c9c112ebb05c,32,66cfbf9
deck,A6,"GitHub reproducibility run: items (all pass, title)",results/repro/repro_github_run.csv,field=='n_items',7,7,87d06a118444f04f1d94b011a90f54e403b98259a0883eb81ca4c9c112ebb05c,32,66cfbf9
deck,A6,GitHub reproducibility run: n_identical_to_local_8sig,results/repro/repro_github_run.csv,field=='n_identical_to_local_8sig',7,7,87d06a118444f04f1d94b011a90f54e403b98259a0883eb81ca4c9c112ebb05c,32,66cfbf9
deck,A6,significant digits in column name identical_to_local_8sig,results/repro/repro_github_items.csv,column name identical_to_local_8sig,8,8,8788cdc6279948e3e51c60761f9bc5c7db231b6a5e66281d037372f1c3ec6e43,32,66cfbf9
deck,A6,reproducibility items passing locally,results/repro/repro_check.csv,count of rows [pass==TRUE],7,7,09f90e12ab0208459c5a462b2a052ae96a481edc26a3200663ce644db4275711,32,66cfbf9
deck,A6,GitHub reproducibility run: run_number,results/repro/repro_github_run.csv,field=='run_number',1,1,87d06a118444f04f1d94b011a90f54e403b98259a0883eb81ca4c9c112ebb05c,32,66cfbf9
deck,A6,GitHub reproducibility run: commit (short hash),results/repro/repro_github_run.csv,field=='commit' :: regex ^([0-9a-f]{7}),52f525b,52f525b,87d06a118444f04f1d94b011a90f54e403b98259a0883eb81ca4c9c112ebb05c,32,66cfbf9
deck,A6,"GitHub reproducibility run: job start (UTC, to the minute)",results/repro/repro_github_run.csv,field=='job_started_utc' :: date and hh:mm,2026-09-25T03:43:19Z,2026-09-25 03:43,87d06a118444f04f1d94b011a90f54e403b98259a0883eb81ca4c9c112ebb05c,32,66cfbf9
deck,A6,GitHub runner image,results/repro/repro_github_run.csv,field=='runner' :: regex ^(ubuntu-[0-9.]+) ,ubuntu-24.04,ubuntu‑24.04,87d06a118444f04f1d94b011a90f54e403b98259a0883eb81ca4c9c112ebb05c,32,66cfbf9
deck,A6,R version on the clean runner,results/repro/repro_github_run.csv,field=='r_version' :: regex ^R version ([0-9.]+) ,4.3.3,4.3.3,87d06a118444f04f1d94b011a90f54e403b98259a0883eb81ca4c9c112ebb05c,32,66cfbf9
deck,A6,automated tests in the clean-environment run,results/repro/repro_github_run.csv,field=='tests' :: regex ^([0-9]+) tests,87,87,87d06a118444f04f1d94b011a90f54e403b98259a0883eb81ca4c9c112ebb05c,32,66cfbf9
deck,A6,failed tests in the clean-environment run,results/repro/repro_github_run.csv,"field=='tests' :: regex ^[0-9]+ tests, ([0-9]+) failed",0,0,87d06a118444f04f1d94b011a90f54e403b98259a0883eb81ca4c9c112ebb05c,32,66cfbf9
deck,A6,skipped tests in the clean-environment run,results/repro/repro_github_run.csv,field=='tests' :: regex  ([0-9]+) skipped \(,5,5,87d06a118444f04f1d94b011a90f54e403b98259a0883eb81ca4c9c112ebb05c,32,66cfbf9
deck,A6,printed values in the three regulatory documents,regulatory/tables/trace_summary.csv,sum(printed_values),656,656,7e1b7ec647e3c1d75f98b2c97c916f8c3dd61b0acd8562ce960b94ded60273e9,32,66cfbf9
deck,A6,"printed values, M&S report",regulatory/tables/trace_summary.csv,document=='MS_report' :: printed_values,447,447,7e1b7ec647e3c1d75f98b2c97c916f8c3dd61b0acd8562ce960b94ded60273e9,32,66cfbf9
deck,A6,"printed values, FDA questions",regulatory/tables/trace_summary.csv,document=='FDA_questions' :: printed_values,131,131,7e1b7ec647e3c1d75f98b2c97c916f8c3dd61b0acd8562ce960b94ded60273e9,32,66cfbf9
deck,A6,"printed values, SAP text proposals",regulatory/tables/trace_summary.csv,document=='SAP_text_proposals' :: printed_values,78,78,7e1b7ec647e3c1d75f98b2c97c916f8c3dd61b0acd8562ce960b94ded60273e9,32,66cfbf9
deck,A6,"source files, M&S report",regulatory/tables/trace_summary.csv,document=='MS_report' :: source_files,108,108,7e1b7ec647e3c1d75f98b2c97c916f8c3dd61b0acd8562ce960b94ded60273e9,32,66cfbf9
deck,A6,"table rows, M&S report",regulatory/tables/trace_summary.csv,document=='MS_report' :: tables,68,68,7e1b7ec647e3c1d75f98b2c97c916f8c3dd61b0acd8562ce960b94ded60273e9,32,66cfbf9
deck,A6,"figure rows, M&S report",regulatory/tables/trace_summary.csv,document=='MS_report' :: figures,12,12,7e1b7ec647e3c1d75f98b2c97c916f8c3dd61b0acd8562ce960b94ded60273e9,32,66cfbf9
deck,A6,figure a6_ci_runs,results/ci/ci_failures_before.csv,whole object,NA,(figure),bc090a48a34efbd015e36ff2882307cead2396c82559b36cd05a8aa0732590ad,32,66cfbf9
deck,A6,figure a6_ci_runs,results/ci/ci_runs_after_fix.csv,whole object,NA,(figure),6e6e81ae4e859a13d8d7124a8a4407add28de85052a5e3be95effdea6cdd4b97,32,66cfbf9
deck,A6,figure a6_ci_runs,results/ci/ci_runs_v101.csv,whole object,NA,(figure),37f2a629401e3dd39213142ec37b4d57e6ddc9c7a5fc43fc7c1bffb4d8f58635,32,66cfbf9
deck,A6,figure a6_ci_runs,results/ci/ci_runs_deck.csv,whole object,NA,(figure),4b77438eb3d5446e3266ed24c82efe641c271da92b8cb76c303fd27ae3b1bdbd,32,66cfbf9
deck,A6,"register oc: registered (UTC, commit)",regulatory/tables/prespecification_register.csv,"grepl('^Operating-characteristic design', Item) :: Date (evidence), month-day time (commit)",2026-09-24 13:28 UTC (commit 779e068),09-24 13:28 (779e068),d1565008785bcb8806d3752a5bf03081067652d919f80584ad9d5ea220c2983d,32,66cfbf9
deck,A6,"register oc: first results (UTC, commit)",regulatory/tables/prespecification_register.csv,"grepl('^Operating-characteristic design', Item) :: First results, month-day time (commit)",2026-09-25 00:55 UTC (commit b8a5351),09-25 00:55 (b8a5351),d1565008785bcb8806d3752a5bf03081067652d919f80584ad9d5ea220c2983d,32,66cfbf9
deck,A6,"register s1: registered (UTC, commit)",regulatory/tables/prespecification_register.csv,"grepl('^Analysis-model re-judgement', Item) :: Date (evidence), month-day time (commit)",2026-09-25 10:00 UTC (commit 521645a),09-25 10:00 (521645a),d1565008785bcb8806d3752a5bf03081067652d919f80584ad9d5ea220c2983d,32,66cfbf9
deck,A6,"register s1: first results (UTC, commit)",regulatory/tables/prespecification_register.csv,"grepl('^Analysis-model re-judgement', Item) :: First results, month-day time (commit)",2026-09-25 15:40 UTC (commit 5b94d3e),09-25 15:40 (5b94d3e),d1565008785bcb8806d3752a5bf03081067652d919f80584ad9d5ea220c2983d,32,66cfbf9
deck,A6,"register s2: registered (UTC, commit)",regulatory/tables/prespecification_register.csv,"grepl('^Single study-LLOQ source', Item) :: Date (evidence), month-day time (commit)",2026-09-25 10:26 UTC (commit 211e8ed),09-25 10:26 (211e8ed),d1565008785bcb8806d3752a5bf03081067652d919f80584ad9d5ea220c2983d,32,66cfbf9
deck,A6,"register s2: first results (UTC, commit)",regulatory/tables/prespecification_register.csv,"grepl('^Single study-LLOQ source', Item) :: First results, month-day time (commit)",2026-09-25 15:18 UTC (commit b207bf2),09-25 15:18 (b207bf2),d1565008785bcb8806d3752a5bf03081067652d919f80584ad9d5ea220c2983d,32,66cfbf9
deck,A6,"register s3: registered (UTC, commit)",regulatory/tables/prespecification_register.csv,"grepl('^Sample-size table', Item) :: Date (evidence), month-day time (commit)",2026-09-25 10:26 UTC (commit 211e8ed),09-25 10:26 (211e8ed),d1565008785bcb8806d3752a5bf03081067652d919f80584ad9d5ea220c2983d,32,66cfbf9
deck,A6,"register s3: first results (UTC, commit)",regulatory/tables/prespecification_register.csv,"grepl('^Sample-size table', Item) :: First results, month-day time (commit)",2026-09-25 15:45 UTC (commit c0957a6),09-25 15:45 (c0957a6),d1565008785bcb8806d3752a5bf03081067652d919f80584ad9d5ea220c2983d,32,66cfbf9
deck,A6,"register s4: registered (UTC, commit)",regulatory/tables/prespecification_register.csv,"grepl('^Criteria sets \\(iii\\) and \\(iv\\)', Item) :: Date (evidence), month-day time (commit)",2026-09-25 11:04 UTC (commit 325e63b),09-25 11:04 (325e63b),d1565008785bcb8806d3752a5bf03081067652d919f80584ad9d5ea220c2983d,32,66cfbf9
deck,A6,"register s4: first results (UTC, commit)",regulatory/tables/prespecification_register.csv,"grepl('^Criteria sets \\(iii\\) and \\(iv\\)', Item) :: First results, month-day time (commit)",2026-09-25 15:40 UTC (commit 5b94d3e),09-25 15:40 (5b94d3e),d1565008785bcb8806d3752a5bf03081067652d919f80584ad9d5ea220c2983d,32,66cfbf9
deck,A6,"register s6: registered (UTC, commit)",regulatory/tables/prespecification_register.csv,"grepl('^Trial-population analyses', Item) :: Date (evidence), month-day time (commit)",2026-09-25 12:45 UTC (commit bae3574),09-25 12:45 (bae3574),d1565008785bcb8806d3752a5bf03081067652d919f80584ad9d5ea220c2983d,32,66cfbf9
deck,A6,"register s6: first results (UTC, commit)",regulatory/tables/prespecification_register.csv,"grepl('^Trial-population analyses', Item) :: First results, month-day time (commit)",2026-09-25 15:18 UTC (commit b207bf2),09-25 15:18 (b207bf2),d1565008785bcb8806d3752a5bf03081067652d919f80584ad9d5ea220c2983d,32,66cfbf9
deck,A6,"register s5: registered (UTC, commit)",regulatory/tables/prespecification_register.csv,"grepl('^Adult [a-z ]+body-weight analyses', Item) :: Date (evidence), month-day time (commit)",2026-09-25 11:04 UTC (commit 325e63b),09-25 11:04 (325e63b),d1565008785bcb8806d3752a5bf03081067652d919f80584ad9d5ea220c2983d,32,66cfbf9
deck,A6,"register s5: first results (UTC, commit)",regulatory/tables/prespecification_register.csv,"grepl('^Adult [a-z ]+body-weight analyses', Item) :: First results, month-day time (commit)",2026-09-25 12:12 UTC (commit fa60914),09-25 12:12 (fa60914),d1565008785bcb8806d3752a5bf03081067652d919f80584ad9d5ea220c2983d,32,66cfbf9
deck,A6,year of every registration and first-result date in the table,regulatory/tables/prespecification_register.csv,"format(Date (evidence), First results, '%Y') over the table rows and section 5",2026,2026,d1565008785bcb8806d3752a5bf03081067652d919f80584ad9d5ea220c2983d,32,66cfbf9
deck,A6,oc_design.yaml unchanged since pre-specification,results/oc/prereg.csv,whole object,NA,(table),46f9df5b7464021107467510d826a837861468efe5f5639edd542d0863247f2a,32,66cfbf9
deck,A6,rows of the pre-specification register,regulatory/tables/prespecification_register.csv,count of rows [TRUE],23,23,d1565008785bcb8806d3752a5bf03081067652d919f80584ad9d5ea220c2983d,32,66cfbf9
deck,A6,register rows pre-specified,regulatory/tables/prespecification_register.csv,"count(grepl('^pre-specified', Status))",4,4,d1565008785bcb8806d3752a5bf03081067652d919f80584ad9d5ea220c2983d,32,66cfbf9
deck,A6,register rows pre-registered,regulatory/tables/prespecification_register.csv,"count(grepl('^pre-registered', Status))",6,6,d1565008785bcb8806d3752a5bf03081067652d919f80584ad9d5ea220c2983d,32,66cfbf9
deck,A6,register rows post hoc,regulatory/tables/prespecification_register.csv,"count(grepl('post hoc', Status))",7,7,d1565008785bcb8806d3752a5bf03081067652d919f80584ad9d5ea220c2983d,32,66cfbf9
deck,A6,"register rows with other statuses (changes, amendments, decisions)",regulatory/tables/prespecification_register.csv,"count of rows not matching ^pre-specified, ^pre-registered or post hoc",6,6,d1565008785bcb8806d3752a5bf03081067652d919f80584ad9d5ea220c2983d,32,66cfbf9
deck,A6,GitHub reproducibility run: job duration (s),results/repro/repro_github_run.csv,field=='job_duration_s',143,143,87d06a118444f04f1d94b011a90f54e403b98259a0883eb81ca4c9c112ebb05c,32,66cfbf9
deck,A6,first v1.0.1 pre-registration (UTC),regulatory/tables/prespecification_register.csv,min(Date (evidence)) over rows with Status ^pre-registered,2026-09-25 10:00,2026-09-25 10:00,d1565008785bcb8806d3752a5bf03081067652d919f80584ad9d5ea220c2983d,32,66cfbf9
deck,A6,rxode2 version on the clean runner,results/repro/repro_github_run.csv,field=='rxode2_version' :: regex ^([0-9.]+)$,5.1.7,5.1.7,87d06a118444f04f1d94b011a90f54e403b98259a0883eb81ca4c9c112ebb05c,32,66cfbf9
