section,item,source_file,value_printed,kn
S01,body weight inclusion range (kg),config/trial_design.yaml,60~90,file not cited
S01,dose (mg),config/trial_design.yaml,300,file not cited
S02,body weight inclusion range (kg),config/trial_design.yaml,60~90,file not cited
S02,nominal type I error per one-sided test (%) = (1 - be.ci_level) / 2,config/trial_design.yaml,5%,file not cited
S02,"trial population, set (iii) failing, two models",results/trialpop/tp_failure_by_set.csv,33.2~38.8%,matched
S02,"trial population, set (i) failing, two models",results/trialpop/tp_failure_by_set.csv,8.2~13.4%,matched
S02,criteria set (iii) adj_r2_min,config/prereg_20260926.yaml,0.90,file not cited
S02,criteria set (i) adj_r2_min,config/prereg_20260926.yaml,0.80,file not cited
S02,M1 G2_A_i cells above 5% (point),results/criteria/criteria_g2_type1.csv,10,not in key numbers
S02,boundary cells per configuration (M1),results/criteria/criteria_g2_type1.csv,16,matched
S02,M1 G2_A_i cells with Wilson lower bound above 5%,results/criteria/criteria_g2_type1.csv,8,matched
S02,M1 G2_C_i cells above 5% (point),results/criteria/criteria_g2_type1.csv,1,matched
S02,"true AUC0-inf ratio failing to retained, set (i), two models",results/trialpop/tp_characteristics.csv,0.79~0.81,consistent after rounding
S02,"window coverage, median, two models",results/trialpop/tp_coverage_individual.csv,99.3~99.4%,matched
S02,"window coverage (true AUC0-tlast / true AUC0-inf), smallest subject-level value over both models",results/trialpop/tp_coverage_individual.csv,84.3%,matched
S02,M1 P2 boundary cells,results/oc_models/type1_models.csv,16,not in key numbers
S02,M1 P2 cells classified conservative,results/oc_models/type1_models.csv,15,matched
S02,M1 P2 cells classified exceeding,results/oc_models/type1_models.csv,1,matched
S02,M1 P2 maximum,results/oc_models/type1_models.csv,5.63%,matched
S02,subjects per model,results/trialpop/tp_failure_by_set.csv,"20,000",matched
S02,dose (mg),config/trial_design.yaml,300,file not cited
S02,M1 G2_A_i largest boundary pass rate,results/criteria/criteria_g2_type1.csv,20.27%,not in key numbers
S02,M1 G2_A_ii cells above 5% (point),results/criteria/criteria_g2_type1.csv,12,matched
S02,M1 G2_C_i cells with Wilson lower bound above 5%,results/criteria/criteria_g2_type1.csv,0,matched
S02,M1 G2_C_i cell above 5% (point) with Wilson 95% CI,results/criteria/criteria_g2_type1.csv,5.06% (95% CI 4.76~5.37),not in key numbers
S02,M1 G2_B cells above 5% (point),results/criteria/criteria_g2_type1.csv,10,not in key numbers
S02,"decision instability inst_all, median over 16 boundary cells, M1",results/criteria/criteria_instability.csv,13.3%,not in key numbers
S02,"decision instability inst_all, max over 16 boundary cells, M1",results/criteria/criteria_instability.csv,39.4%,not in key numbers
S02,"decision instability inst_all, median over 16 boundary cells, M0",results/criteria/criteria_instability.csv,12.6%,matched
S02,"decision instability inst_all, max over 16 boundary cells, M0",results/criteria/criteria_instability.csv,39.6%,matched
S02,M1 P2 maximum with 95% CI,results/oc_models/type1_models.csv,5.63% (95% CI 5.31~5.95),matched
S02,"true AUC0-inf ratio target, exceeding cell",results/oc_models/type1_models.csv,0.80,not in key numbers
S02,"trials, exceeding cell",results/oc_models/type1_models.csv,"20,000",not in key numbers
S02,M0 P2 cells classified conservative,results/oc_models/type1_models.csv,15,matched
S02,M0 P2 cells classified nominal,results/oc_models/type1_models.csv,1,matched
S02,M0 P2 maximum,results/oc_models/type1_models.csv,5.18%,matched
S02,"true AUC0-inf ratio failing to retained, set (i)",results/trialpop/tp_characteristics.csv,0.786~0.815,matched
S03,confidence level of the equivalence CI (%),config/trial_design.yaml,90,file not cited
S03,equivalence limits (%),config/trial_design.yaml,80.00~125.00,file not cited
S04,question 2 window start (study day): B0 sample before the samples added in D1 and D4,config/trial_design.yaml,36,file not cited
S04,question 2 window end (study day): B0 sample after the samples added in D1 and D4,config/trial_design.yaml,50,file not cited
S04,body weight inclusion range (kg),config/trial_design.yaml,60~90,file not cited
S04,dose (mg),config/trial_design.yaml,300,file not cited
S04,evaluable subjects per arm,config/trial_design.yaml,117,file not cited
S04,randomized subjects per arm,config/trial_design.yaml,130,file not cited
S04,"schedule B0, n (study day = days after dose + 1)",config/trial_design.yaml,13,file not cited
S04,"schedule B0, last (study day = days after dose + 1)",config/trial_design.yaml,57,file not cited
S04,study LLOQ (mg/L),config/assay.yaml,0.078,file not cited
S04,true AUC0-inf ratio range over Km changes (range ends and reached rows),results/oc/inversion_all.csv,0.999~1.059,matched
S04,smallest Km multiplier examined,results/oc/inversion_all.csv,0.01,matched
S04,largest Km multiplier examined,results/oc/inversion_all.csv,100,matched
S05,"cliff start: instantaneous half-life threshold, primary definition (days)",config/oc_design.yaml,1,file not cited
S05,"median cliff length, 1-day definition, two models (60-90 kg)",results/cliff/cliff_summary.csv,1.38,not in key numbers
S05,study LLOQ (mg/L),config/assay.yaml,0.078,file not cited
S05,representative subjects: LLOQ-day percentiles,results/deck_inputs/rep_subjects.csv,25·50·75,file not cited
S05,"median study day at LLOQ, 2016 model",results/cliff/cliff_summary.csv,38.5,matched
S05,"median study day at LLOQ, 2020 model",results/cliff/cliff_summary.csv,40.8,not in key numbers
S05,Kovalenko 2021: Km (mg/L),results/literature/literature_qualitative.csv,0.01,file not cited
S05,Kovalenko 2021: concentration removing the stated share of circulating target (mg/L),results/literature/literature_qualitative.csv,0.09,file not cited
S05,Kovalenko 2021: share of circulating target removed (%),results/literature/literature_qualitative.csv,90,file not cited
S05,Kovalenko 2021: instantaneous half-life in the beta phase (days),results/literature/literature_qualitative.csv,25,file not cited
S05,Kovalenko 2021: instantaneous half-life in the target-mediated phase (days),results/literature/literature_qualitative.csv,0,file not cited
S05,cliff start: sensitivity definition (days),config/oc_design.yaml,2,file not cited
S05,virtual subjects per model (cliff analysis),results/cliff/cliff_summary.csv,"20,000",not in key numbers
S05,"median cliff length, 2016 model",results/cliff/cliff_summary.csv,1.38,not in key numbers
S05,"5th to 95th percentile cliff length, 2016 model",results/cliff/cliff_summary.csv,1.33~1.43,not in key numbers
S05,"median cliff length, 2-day definition, two models",results/cliff/cliff_summary.csv,2.94,not in key numbers
S05,"median concentration at cliff start (mg/L), 2016 model",results/cliff/cliff_summary.csv,0.88,not in key numbers
S05,"5th percentile study day at LLOQ, 2016",results/cliff/cliff_summary.csv,27.2,matched
S05,"95th percentile study day at LLOQ, 2016",results/cliff/cliff_summary.csv,54.2,matched
S05,"5th percentile study day at LLOQ, 2020",results/cliff/cliff_summary.csv,28.7,not in key numbers
S05,"95th percentile study day at LLOQ, 2020",results/cliff/cliff_summary.csv,57.6,not in key numbers
S05,study-day threshold in column name lloq_after_day58_pct,results/cliff/cliff_summary.csv,58,matched
S05,"share above LLOQ after study day 58, 2016",results/cliff/cliff_summary.csv,2.5%,matched
S05,"share above LLOQ after study day 58, 2020",results/cliff/cliff_summary.csv,4.6%,not in key numbers
S05,minimum sampling interval of the current schedule in the cliff window (days),results/cliff/cliff_points.csv,7,not in key numbers
S05,"share with 1 or more B0 samples on the cliff, 2016, nominal, 1-day definition",results/cliff/cliff_points.csv,20.0%,not in key numbers
S05,"share with 2 or more B0 samples on the cliff, 2016, nominal, 1-day definition",results/cliff/cliff_points.csv,0.0%,matched
S05,body weight inclusion range (kg),config/trial_design.yaml,60~90,file not cited
S05,lambda-z minimum points,config/nca_rules.yaml,3,file not cited
S06,evaluable subjects per arm,config/trial_design.yaml,117,file not cited
S06,randomized subjects per arm,config/trial_design.yaml,130,file not cited
S06,body weight inclusion range (kg),config/trial_design.yaml,60~90,file not cited
S06,randomization stratum split (kg),config/trial_design.yaml,75,file not cited
S06,equivalence limits (%),config/trial_design.yaml,80.00~125.00,file not cited
S06,confidence level of the equivalence CI (%),config/trial_design.yaml,90,file not cited
S06,"schedule B0, n (study day = days after dose + 1)",config/trial_design.yaml,13,file not cited
S06,"schedule B0, last (study day = days after dose + 1)",config/trial_design.yaml,57,file not cited
S06,2020 model: transit compartments,config/params_k2020_model1.yaml,3,file not cited
S06,lambda-z minimum points,config/nca_rules.yaml,3,file not cited
S06,boundary true AUC0-inf ratios,config/oc_design.yaml,"0.80, 1.25",file not cited
S06,boundary cells (two PK models),results/oc_models/type1_models.csv,16,not in key numbers
S06,trials per boundary scenario (pre-specified),config/oc_design.yaml,"10,000",file not cited
S06,trials after extension,config/prereg_20260926.yaml,"20,000",file not cited
S06,boundary cells extended,results/oc_models/extension_decision_models.csv,1,file not cited
S06,"NCA engine validation: profiles, theoph",results/nca_engine/engine_validation_summary.csv,12,not in key numbers
S06,"lambda-z windows identical, theoph, three comparisons",results/nca_engine/engine_validation_summary.csv,36 / 36,not in key numbers
S06,"largest relative parameter difference, theoph",results/nca_engine/engine_validation_summary.csv,3.3e-15,not in key numbers
S06,"comparisons passed, theoph",results/nca_engine/engine_validation_summary.csv,3,not in key numbers
S06,"NCA engine validation: profiles, indometh",results/nca_engine/engine_validation_summary.csv,6,not in key numbers
S06,"lambda-z windows identical, indometh, three comparisons",results/nca_engine/engine_validation_summary.csv,18 / 18,not in key numbers
S06,"largest relative parameter difference, indometh",results/nca_engine/engine_validation_summary.csv,5.0e-15,not in key numbers
S06,"comparisons passed, indometh",results/nca_engine/engine_validation_summary.csv,3,not in key numbers
S06,"NCA engine validation: profiles, dupi",results/nca_engine/engine_validation_summary.csv,"1,000",not in key numbers
S06,"lambda-z windows identical, dupi, three comparisons",results/nca_engine/engine_validation_summary.csv,"3,000 / 3,000",not in key numbers
S06,"largest relative parameter difference, dupi",results/nca_engine/engine_validation_summary.csv,4.9e-13,matched
S06,"comparisons passed, dupi",results/nca_engine/engine_validation_summary.csv,3,not in key numbers
S06,"pre-registration commit, operating-characteristic design",regulatory/tables/prespecification_register.csv,779e068,file not cited
S06,"pre-registration commit, analysis models (v1.0.1)",regulatory/tables/prespecification_register.csv,521645a,file not cited
S06,commit of the post hoc extension rule (v1.0),regulatory/tables/prespecification_register.csv,68be707,file not cited
S06,"Km, both models (mg/L)",config/params_typical.yaml,0.01,file not cited
S06,"proportional residual, 2016 model (%)",config/params_variability.yaml,24.2%,file not cited
S06,"proportional residual, 2020 model (%)",config/params_k2020_model1.yaml,15.0%,file not cited
S06,body weight mean (kg),config/trial_design.yaml,75,file not cited
S06,body weight SD (kg),config/trial_design.yaml,9,file not cited
S06,share male,config/trial_design.yaml,0.5,file not cited
S06,individual-level subjects per model,config/trial_design.yaml,"20,000",file not cited
S06,common virtual subjects for true values,config/oc_design.yaml,"200,000",file not cited
S06,lambda-z tie tolerance (adjusted R2),config/nca_rules.yaml,0.0001,file not cited
S06,NCA engine comparisons passed,results/nca_engine/engine_validation_summary.csv,9,not in key numbers
S06,NCA engine comparisons,results/nca_engine/engine_validation_summary.csv,9,not in key numbers
S06,lambda-z windows identical over all comparisons,results/nca_engine/engine_validation_summary.csv,"3,054 / 3,054",matched
S06,largest relative parameter difference,results/nca_engine/engine_validation_summary.csv,4.9e-13,matched
S06,degrees of freedom of the pooled t-test (2 x n_per_arm - 2),config/trial_design.yaml,232,file not cited
S06,boundary cells per PK model,results/oc_models/type1_models.csv,8,not in key numbers
S06,extension threshold (%),config/prereg_20260926.yaml,5,file not cited
S06,"M0 P2 boundary type I error at 10,000 trials, extended cell",results/oc_models/extension_decision_models.csv,5.32% (95% CI 4.90~5.78),file not cited
S06,"M1 P2 boundary type I error at 10,000 trials, extended cell",results/oc_models/extension_decision_models.csv,5.74% (95% CI 5.30~6.21),file not cited
S07,validation criterion: simulated AUC0-last mean within +-x% of observed (%),config/design_clot2021.yaml,15,file not cited
S07,dose of the other presentation (mg),results/step1/step1b_quant_gate.csv,200,file not cited
S07,"observed median tmax, other presentation (days)",results/step1/step1b_quant_gate.csv,3.0~3.1,file not cited
S07,"simulated median tmax, other presentation (days)",results/step1/step1b_quant_gate.csv,7,file not cited
S07,dose (mg),config/trial_design.yaml,300,file not cited
S07,"AUC0-last sim/obs range, 2016, study presentation",results/step1/step1b_quant_gate.csv,0.94~1.07,file not cited
S07,"AUC0-last sim/obs range, 2020, study presentation",results/step1_k2020/step1b_quant_gate.csv,1.02~1.13,file not cited
S07,"Cmax sim/obs range, 2016",results/step1/step1b_quant_gate.csv,1.08~1.27,file not cited
S07,"Cmax sim/obs range, 2020",results/step1_k2020/step1b_quant_gate.csv,1.00~1.17,file not cited
S07,other presentation: volume (mL),results/step1/step1b_quant_gate.csv,1.14,file not cited
S07,other presentation: concentration (mg/mL),results/step1/step1b_quant_gate.csv,175,file not cited
S07,"AUC0-last sim/obs, other presentation, 2016",results/step1/step1b_quant_gate.csv,0.82~0.91,file not cited
S07,"AUC0-last sim/obs, other presentation, 2020",results/step1_k2020/step1b_quant_gate.csv,0.90~1.00,file not cited
S07,absorption diagnostic: ka multipliers,results/step1/appendix_dose_shape_model.csv,1.5~2.0,file not cited
S07,absorption diagnostic: simulated tmax at ka x1.5 to x2 (days),results/step1/appendix_absorption_diagnostic.csv,3,file not cited
S07,"dose-normalized 200:300 AUC0-last ratio, simulated, ka x1",results/step1/appendix_dose_shape_model.csv,0.70,file not cited
S07,"dose-normalized 200:300 AUC0-last ratio, simulated, ka x1.5 to x2",results/step1/appendix_dose_shape_model.csv,0.75~0.77,file not cited
S07,"dose-normalized 200:300 AUC0-last ratio, observed, four arms n-weighted",results/step1/appendix_dose_shape_observed.csv,0.84,file not cited
S07,"300 mg single arms: mean AUC0-last sim/obs, 2016",results/step1/step1f_300mg_arm_check.csv,0.91~1.17,file not cited
S07,"300 mg single arms: mean AUC0-last sim/obs, 2020",results/step1_k2020/step1f_300mg_arm_check.csv,0.98~1.27,file not cited
S07,"fully external items, 2016",results/step1/step1h_external_only_gate.csv,10,file not cited
S07,"fully external items failing, 2016",results/step1/step1h_external_only_gate.csv,1,file not cited
S07,"fully external items, 2020",results/step1_k2020/step1h_external_only_gate.csv,8,file not cited
S07,"fully external items failing, 2020",results/step1_k2020/step1h_external_only_gate.csv,3,file not cited
S07,"PKM12350 test arm sim/obs, 2016 (fully external judgement)",results/step1/step1h_external_only_gate.csv,1.17,file not cited
S07,assumed mean weight of the single arms (kg),config/design_clot2021.yaml,78,file not cited
S07,PKM12350 test arm observed mean AUC0-last,results/step1/step1f_300mg_arm_check.csv,487.5,file not cited
S07,PKM12350 reference arm observed mean AUC0-last,results/step1/step1f_300mg_arm_check.csv,500.0,file not cited
S07,largest observed 300 mg single-arm mean AUC0-last,results/step1/step1f_300mg_arm_check.csv,630.0,file not cited
S07,"dose of the cohort with the largest Cmax sim/obs, 2016",results/step1/step1b_quant_gate.csv,600,file not cited
S07,"assumed weight, lowest (kg)",results/step1/step1i_arm_weight_sensitivity.csv,70,file not cited
S07,"assumed weight, highest (kg)",results/step1/step1i_arm_weight_sensitivity.csv,90,file not cited
S07,"PKM12350 test sim/obs at the lowest assumed weight, 2016",results/step1/step1i_arm_weight_sensitivity.csv,1.31,file not cited
S07,"PKM12350 test sim/obs at the highest assumed weight, 2016",results/step1/step1i_arm_weight_sensitivity.csv,0.99,file not cited
S07,validation criterion: simulated log-scale CV range (%),config/design_clot2021.yaml,35~51,file not cited
S07,"simulated log-scale CV range, 2016",results/step1/step1b_quant_gate.csv,36~41,file not cited
S07,"simulated log-scale CV range, 2020",results/step1_k2020/step1b_quant_gate.csv,36~47,file not cited
S07,"z of AUC0-last, other presentation, 2016",results/step1/step1b_quant_gate.csv,-3.4~-1.5,file not cited
S07,"pooled simulated mean AUC0-last, 300 mg, 2016",results/step1/step1f_300mg_arm_check_summary.csv,566,file not cited
S07,"pooled simulated mean AUC0-last, 300 mg, 2020",results/step1_k2020/step1f_300mg_arm_check_summary.csv,614,file not cited
S07,observed 300 mg single-arm mean range,results/step1/step1f_300mg_arm_check_summary.csv,487.5~630.0,file not cited
S07,"PKM12350 test sim/obs at the assumed weight, weight-sensitivity run, 2016",results/step1/step1i_arm_weight_sensitivity.csv,1.16,file not cited
S07,"smallest Cmax sim/obs, 2020, study presentation",results/step1_k2020/step1b_quant_gate.csv,0.997,file not cited
S08,nominal type I error per one-sided test (%) = (1 - be.ci_level) / 2,config/trial_design.yaml,5%,file not cited
S08,"schedule B0, n (study day = days after dose + 1)",config/trial_design.yaml,13,file not cited
S08,"schedule B0, last (study day = days after dose + 1)",config/trial_design.yaml,57,file not cited
S08,"cliff length (1-day definition), median, two models",results/cliff/cliff_summary.csv,1.38,not in key numbers
S08,"trial population, set (iii) failing, two models",results/trialpop/tp_failure_by_set.csv,33.2~38.8%,matched
S08,"trial population, set (i) failing, two models",results/trialpop/tp_failure_by_set.csv,8.2~13.4%,matched
S08,M1 G2_A_i cells above 5% (point),results/criteria/criteria_g2_type1.csv,10,not in key numbers
S08,M1 G2_A_i cells exceeding (Wilson lower bound above 5%),results/criteria/criteria_g2_type1.csv,8,matched
S08,"true AUC0-inf ratio failing to retained, set (i)",results/trialpop/tp_characteristics.csv,0.786~0.815,matched
S08,boundary cells per configuration (M1),results/criteria/criteria_g2_type1.csv,16,matched
S08,M1 G2_C_i cells above 5% (point),results/criteria/criteria_g2_type1.csv,1,matched
S08,"window coverage, median, two models",results/trialpop/tp_coverage_individual.csv,99.3~99.4%,matched
S08,"window coverage (true AUC0-tlast / true AUC0-inf), smallest subject-level value over both models",results/trialpop/tp_coverage_individual.csv,84.3%,matched
S08,M1 P2 cells classified conservative,results/oc_models/type1_models.csv,15,matched
S08,M1 P2 boundary cells,results/oc_models/type1_models.csv,16,not in key numbers
S08,M1 P2 cells classified exceeding,results/oc_models/type1_models.csv,1,matched
S08,M1 P2 maximum,results/oc_models/type1_models.csv,5.63%,matched
S08,"cliff start concentration (mg/L), median, two models",results/cliff/cliff_summary.csv,0.88~0.89,not in key numbers
S08,"cliff length, 5th to 95th percentile, two models",results/cliff/cliff_summary.csv,1.33~1.43,not in key numbers
S08,M1 G2_C_i cells exceeding (Wilson lower bound above 5%),results/criteria/criteria_g2_type1.csv,0,matched
S08,M1 G2_A_ii cells above 5% (point),results/criteria/criteria_g2_type1.csv,12,matched
S08,M1 G2_B cells above 5% (point),results/criteria/criteria_g2_type1.csv,10,not in key numbers
S08,"decision instability inst_all, median over 16 boundary cells, M1",results/criteria/criteria_instability.csv,13.3%,not in key numbers
S08,"decision instability inst_all, median over 16 boundary cells, M0",results/criteria/criteria_instability.csv,12.6%,matched
S08,M1 P2 maximum with 95% CI,results/oc_models/type1_models.csv,5.63% (95% CI 5.31~5.95),matched
S08,M0 P2 cells classified conservative,results/oc_models/type1_models.csv,15,matched
S08,M0 P2 cells classified nominal,results/oc_models/type1_models.csv,1,matched
S09,"trial population, set (iii) failing, two models",results/trialpop/tp_failure_by_set.csv,33.2~38.8%,matched
S09,"trial population, set (i) failing, two models",results/trialpop/tp_failure_by_set.csv,8.2~13.4%,matched
S09,evaluable subjects per arm,config/trial_design.yaml,117,file not cited
S09,body weight inclusion range (kg),config/trial_design.yaml,60~90,file not cited
S09,criteria set (iii) adj_r2_min,config/prereg_20260926.yaml,0.90,file not cited
S09,criteria set (i) adj_r2_min,config/prereg_20260926.yaml,0.80,file not cited
S09,criteria set (ii) adj_r2_min,config/prereg_20260926.yaml,0.80,file not cited
S09,criteria set (ii) span_ratio_min,config/prereg_20260926.yaml,2,file not cited
S09,criteria set (iii) adj_r2_min,config/prereg_20260926.yaml,0.90,file not cited
S09,criteria set (iv) adj_r2_min,config/prereg_20260926.yaml,0.90,file not cited
S09,criteria set (iv) span_ratio_min,config/prereg_20260926.yaml,3,file not cited
S09,"failing, set (i)",results/trialpop/tp_failure_by_set.csv,8.2~13.4%,matched
S09,"failing, set (ii)",results/trialpop/tp_failure_by_set.csv,16.1~19.3%,matched
S09,"failing, set (iii)",results/trialpop/tp_failure_by_set.csv,33.2~38.8%,matched
S09,"failing, set (iv)",results/trialpop/tp_failure_by_set.csv,65.9~72.5%,matched
S09,"estimable but failing, set (i)",results/trialpop/tp_failure_by_set.csv,7.6~12.0%,matched
S09,"estimable but failing, set (ii)",results/trialpop/tp_failure_by_set.csv,15.5~17.8%,not in key numbers
S09,"estimable but failing, set (iii)",results/trialpop/tp_failure_by_set.csv,32.6~37.3%,matched
S09,"estimable but failing, set (iv)",results/trialpop/tp_failure_by_set.csv,64.4~71.8%,not in key numbers
S09,"retained per arm, median, set (i)",results/trialpop/tp_retained_per_arm.csv,101~107,matched
S09,"retained per arm, 5th to 95th percentile, set (i)",results/trialpop/tp_retained_per_arm.csv,95~112,matched
S09,"retained per arm, median, set (ii)",results/trialpop/tp_retained_per_arm.csv,94~98,not in key numbers
S09,"retained per arm, 5th to 95th percentile, set (ii)",results/trialpop/tp_retained_per_arm.csv,87~104,not in key numbers
S09,"retained per arm, median, set (iii)",results/trialpop/tp_retained_per_arm.csv,72~78,matched
S09,"retained per arm, 5th to 95th percentile, set (iii)",results/trialpop/tp_retained_per_arm.csv,63~86,matched
S09,"retained per arm, median, set (iv)",results/trialpop/tp_retained_per_arm.csv,32~40,not in key numbers
S09,"retained per arm, 5th to 95th percentile, set (iv)",results/trialpop/tp_retained_per_arm.csv,24~48,not in key numbers
S09,criteria set (i) extrap_max_pct,config/prereg_20260926.yaml,20,file not cited
S09,public SAPs with adjusted R-squared 0.90 (count of NCT identifiers),config/prereg_20260926.yaml,3,file not cited
S09,"set (iv) span below 3 (hierarchical), two models",results/trialpop/tp_failure_reasons.csv,27.1~39.2%,file not cited
S09,"lambda-z not estimable (all sets), two models",results/trialpop/tp_failure_by_set.csv,0.62~1.46%,matched
S09,"set (iii) failing, 2016 model (residual 24.2%)",results/trialpop/tp_residual_sensitivity.csv,38.8%,matched
S09,"set (iii) failing, 2016 model with residual 12%",results/trialpop/tp_residual_sensitivity.csv,27.2%,matched
S09,"proportional residual, 2016 model",results/trialpop/tp_residual_sensitivity.csv,24.2%,matched
S09,"proportional residual, variant",results/trialpop/tp_residual_sensitivity.csv,12.0%,consistent after rounding
S09,set (iv) failing,results/trialpop/tp_failure_by_set.csv,65.9~72.5%,matched
S09,"set (iv), residual 24.2%",results/trialpop/tp_residual_sensitivity.csv,65.9%,matched
S09,"set (iv), residual 12%",results/trialpop/tp_residual_sensitivity.csv,66.0%,matched
S09,subjects per model,results/trialpop/tp_failure_by_set.csv,"20,000",matched
S09,identical-product trials per model,results/trialpop/tp_retained_per_arm.csv,"10,000",not in key numbers
S09,criteria set (iv) span_ratio_min,config/prereg_20260926.yaml,3,file not cited
S09,"set (i) adjusted R-squared below 0.80 (hierarchical), two models",results/trialpop/tp_failure_reasons.csv,7.0~11.4%,file not cited
S09,"set (iii) adjusted R-squared below 0.90 (hierarchical), two models",results/trialpop/tp_failure_reasons.csv,32.1~36.8%,file not cited
S09,"set (ii) span below 2 (hierarchical), two models",results/trialpop/tp_failure_reasons.csv,5.8~7.9%,file not cited
S09,"set (iv) span below 3 (hierarchical), 2020 model",results/trialpop/tp_failure_reasons.csv,39.2%,file not cited
S09,"set (iv) adjusted R-squared below 0.90 (hierarchical), 2020 model",results/trialpop/tp_failure_reasons.csv,32.1%,file not cited
S10,"two or more samples on the cliff, fixed schedules, windowed days, max over schedules and models",results/cliff/cliff_points.csv,0.04%,not in key numbers
S10,"two or more samples on the cliff, fixed schedules, nominal days, max",results/cliff/cliff_points.csv,0.0%,matched
S10,"largest reliability gain versus B0 (set (i); set (ii) lower), trial population, D1 to D4",results/reliability/reliability_paired_vs_B0.csv,2.76,matched
S10,"median cliff length, 1-day definition, two models (60-90 kg)",results/cliff/cliff_summary.csv,1.38,not in key numbers
S10,lambda-z minimum points,config/nca_rules.yaml,3,file not cited
S10,"study day at LLOQ, 5th to 95th percentile, 2016 model",results/cliff/cliff_summary.csv,27.2~54.2,matched
S10,minimum sampling interval of B0 in the cliff window (days),results/cliff/cliff_points.csv,7,not in key numbers
S10,minimum interval after Day 22 with added samples (days),results/cliff/cliff_schedules.csv,3,file not cited
S10,"one or more samples on the cliff, B0, two models",results/cliff/cliff_points.csv,18.8~20.0%,not in key numbers
S10,"one or more samples on the cliff, D3, two models",results/cliff/cliff_points.csv,36.3~37.1%,not in key numbers
S10,"three or more samples on the cliff, daily sampling, two models",results/cliff/cliff_points.csv,0.0%,matched
S10,"three or more samples on the cliff, daily sampling, windowed, two models",results/cliff/cliff_points.csv,7.49~7.72%,not in key numbers
S10,"reliability change versus B0, set (i), two models, D1 to D4",results/reliability/reliability_paired_vs_B0.csv,-1.02~2.76,not in key numbers
S10,"reliability change versus B0, set (ii), two models, D1 to D4",results/reliability/reliability_paired_vs_B0.csv,-3.50~1.69,not in key numbers
S10,"schedule-model combinations where reliability under set (ii) falls, trial population",results/reliability/reliability_paired_vs_B0.csv,7,not in key numbers
S10,"added-sampling schedule-model combinations, trial population (two models x D1 to D4)",results/reliability/reliability_paired_vs_B0.csv,8,not in key numbers
S10,criterion (c) threshold (points),config/trial_design.yaml,5,file not cited
S10,schedule D1: study days added to B0,config/trial_design.yaml,"39, 46",file not cited
S10,schedule D2: study days added to B0,config/trial_design.yaml,"39, 46, 53",file not cited
S10,schedule D3: study days added to B0,config/trial_design.yaml,"32, 39, 46, 53",file not cited
S10,schedule D4: study days added to B0,config/trial_design.yaml,"40, 47",file not cited
S10,"reliability change versus B0, set (i), k2016, D1",results/reliability/reliability_paired_vs_B0.csv,0.38,not in key numbers
S10,"reliability change versus B0, set (i), k2016, D2",results/reliability/reliability_paired_vs_B0.csv,0.23,not in key numbers
S10,"reliability change versus B0, set (i), k2016, D3",results/reliability/reliability_paired_vs_B0.csv,2.76,matched
S10,"reliability change versus B0, set (i), k2016, D4",results/reliability/reliability_paired_vs_B0.csv,-0.26,not in key numbers
S10,"reliability change versus B0, set (i), k2020, D1",results/reliability/reliability_paired_vs_B0.csv,-0.26,not in key numbers
S10,"reliability change versus B0, set (i), k2020, D2",results/reliability/reliability_paired_vs_B0.csv,-0.60,not in key numbers
S10,"reliability change versus B0, set (i), k2020, D3",results/reliability/reliability_paired_vs_B0.csv,1.24,matched
S10,"reliability change versus B0, set (i), k2020, D4",results/reliability/reliability_paired_vs_B0.csv,-1.02,not in key numbers
S10,"reliability change versus B0, set (ii), k2016, D1",results/reliability/reliability_paired_vs_B0.csv,-0.60,not in key numbers
S10,"reliability change versus B0, set (ii), k2016, D2",results/reliability/reliability_paired_vs_B0.csv,-0.27,not in key numbers
S10,"reliability change versus B0, set (ii), k2016, D3",results/reliability/reliability_paired_vs_B0.csv,1.69,matched
S10,"reliability change versus B0, set (ii), k2016, D4",results/reliability/reliability_paired_vs_B0.csv,-0.83,not in key numbers
S10,"reliability change versus B0, set (ii), k2020, D1",results/reliability/reliability_paired_vs_B0.csv,-3.11,not in key numbers
S10,"reliability change versus B0, set (ii), k2020, D2",results/reliability/reliability_paired_vs_B0.csv,-2.29,not in key numbers
S10,"reliability change versus B0, set (ii), k2020, D3",results/reliability/reliability_paired_vs_B0.csv,-1.94,matched
S10,"reliability change versus B0, set (ii), k2020, D4",results/reliability/reliability_paired_vs_B0.csv,-3.50,not in key numbers
S10,body weight inclusion range (kg),config/trial_design.yaml,60~90,file not cited
S10,virtual subjects per model (cliff analysis),results/cliff/cliff_summary.csv,"20,000",not in key numbers
S10,study LLOQ (mg/L),config/assay.yaml,0.078,file not cited
S10,"cliff start: instantaneous half-life threshold, primary definition (days)",config/oc_design.yaml,1,file not cited
S10,cliff start: sensitivity definition (days),config/oc_design.yaml,2,file not cited
S10,daily sampling schedule: first and last study day (from schedule code),results/cliff/cliff_schedules.csv,29~57,file not cited
S10,"median study day at LLOQ, 2016 model",results/cliff/cliff_summary.csv,38.5,matched
S10,"median study day at LLOQ, 2020 model",results/cliff/cliff_summary.csv,40.8,not in key numbers
S10,"study day at LLOQ, 5th to 95th percentile, 2020 model",results/cliff/cliff_summary.csv,28.7~57.6,not in key numbers
S10,study day in column name min_interval_day_from_day22,results/cliff/cliff_schedules.csv,22,file not cited
S10,minimum interval with daily sampling (days),results/cliff/cliff_schedules.csv,1,file not cited
S10,"one or more samples on the cliff, D1, two models",results/cliff/cliff_points.csv,29.8~30.0%,not in key numbers
S10,"one or more samples on the cliff, D2, two models",results/cliff/cliff_points.csv,31.4~31.8%,not in key numbers
S10,"one or more samples on the cliff, D4, two models",results/cliff/cliff_points.csv,29.3~29.4%,not in key numbers
S10,"two or more samples on the cliff, daily sampling, nominal, two models",results/cliff/cliff_points.csv,32.6~34.0%,not in key numbers
S10,"two or more samples on the cliff, fixed schedules, nominal, 2-day definition, max",results/cliff/cliff_points.csv,0.1%,not in key numbers
S10,"two or more samples on the cliff, fixed schedules, windowed, 2-day definition, max",results/cliff/cliff_points.csv,4.53%,not in key numbers
S10,"subjects per model, paired reliability comparison",results/reliability/reliability_paired_vs_B0.csv,"20,000",not in key numbers
S10,"reliability change versus B0, D3, set (i), k2016, with paired 95% CI",results/reliability/reliability_paired_vs_B0.csv,2.76%p (95% CI 2.25~3.26),matched
S10,"reliability change versus B0, D3, set (i), k2020, with paired 95% CI",results/reliability/reliability_paired_vs_B0.csv,1.24%p (95% CI 0.80~1.67),matched
S10,"reliability change versus B0, D3, set (ii), k2016, with paired 95% CI",results/reliability/reliability_paired_vs_B0.csv,1.69%p (95% CI 1.07~2.31),matched
S10,"reliability change versus B0, D3, set (ii), k2020, with paired 95% CI",results/reliability/reliability_paired_vs_B0.csv,-1.94%p (95% CI -2.58~-1.29),matched
S10,"lowest set (ii) change, 2020 model D4, with paired 95% CI",results/reliability/reliability_paired_vs_B0.csv,-3.50%p (95% CI -4.02~-2.98),not in key numbers
S10,criteria set (ii) span_ratio_min,config/prereg_20260926.yaml,2,file not cited
S10,"shortest three-point nominal window after Day 22, B0 (days)",results/reliability/reliability_lz_window_by_schedule.csv,14,matched
S10,"shortest three-point nominal window, D1 to D4 (days)",results/reliability/reliability_lz_window_by_schedule.csv,7,matched
S10,"median lambda-z window, B0, two models (days)",results/reliability/reliability_lz_window_by_schedule.csv,14.9~15.0,not in key numbers
S10,"median lambda-z window, D3, two models (days)",results/reliability/reliability_lz_window_by_schedule.csv,10.1~11.3,not in key numbers
S11,"set (iv) failing, 2016 model (residual as estimated)",results/trialpop/tp_residual_sensitivity.csv,65.9%,matched
S11,"set (iv) failing, 2016 model with proportional residual 12%",results/trialpop/tp_residual_sensitivity.csv,66.0%,matched
S11,"proportional residual, 2016 model",results/trialpop/tp_residual_sensitivity.csv,24.2%,matched
S11,"proportional residual, sensitivity variant",results/trialpop/tp_residual_sensitivity.csv,12.0%,consistent after rounding
S11,"set (iii) failing, 2016 model (residual as estimated)",results/trialpop/tp_residual_sensitivity.csv,38.8%,matched
S11,"set (iii) failing, 2016 model with residual 12%",results/trialpop/tp_residual_sensitivity.csv,27.2%,matched
S11,"meeting set (iii) but failing span 3 = set (iv) minus set (iii) failing, k2016 (points)",results/trialpop/tp_residual_sensitivity.csv,27.1,not in key numbers
S11,"meeting set (iii) but failing span 3 = set (iv) minus set (iii) failing, resid12 (points)",results/trialpop/tp_residual_sensitivity.csv,38.8,matched
S11,criteria set (iv) span_ratio_min,config/prereg_20260926.yaml,3,file not cited
S11,"median lambda-z window, B0, two models (days)",results/reliability/reliability_lz_window_by_schedule.csv,14.9~15.0,not in key numbers
S11,"median half-life from lambda-z, B0, two models (days)",results/reliability/reliability_lz_window_by_schedule.csv,5.3~5.8,not in key numbers
S11,"span ratio below 3 (any flag), two models",results/trialpop/tp_failure_reasons.csv,38.5~46.8%,file not cited
S11,"median span ratio, B0, two models",results/reliability/reliability_lz_window_by_schedule.csv,3.07~3.29,not in key numbers
S11,study LLOQ (mg/L),config/assay.yaml,0.078,file not cited
S11,lowest LLOQ in the sensitivity grid (mg/L),results/lloq/lloq_individual_table.csv,0.02,matched
S11,"set (i) reliability change, lowest LLOQ vs study LLOQ, k2016, residual fixed (points)",results/lloq/lloq_individual_table.csv,-2.33,not in key numbers
S11,"set (i) reliability change, lowest LLOQ vs study LLOQ, k2020, residual fixed (points)",results/lloq/lloq_individual_table.csv,-5.93,not in key numbers
S11,"set (i) reliability change, lowest LLOQ vs study LLOQ, k2016, residual scaled (points)",results/lloq/lloq_individual_table.csv,-1.93,not in key numbers
S11,"set (i) reliability change, lowest LLOQ vs study LLOQ, k2020, residual scaled (points)",results/lloq/lloq_individual_table.csv,-2.43,not in key numbers
S11,"additive residual SD (mg/L), both models",config/params_variability.yaml,0.03,file not cited
S11,"adjusted R-squared below 0.80, 2016 model, study LLOQ (%)",results/lloq/lloq_individual_k2016.csv,11.4%,file not cited
S11,"adjusted R-squared below 0.80, 2016 model, lowest LLOQ (%)",results/lloq/lloq_individual_k2016.csv,14.8%,file not cited
S11,"set (ii) reliability change with paired 95% CI, lowest LLOQ vs study LLOQ, 2016 model, residual as estimated",results/lloq/lloq_individual_table.csv,0.16%p (95% CI -0.32~0.64),not in key numbers
S11,body weight inclusion range (kg),config/trial_design.yaml,60~90,file not cited
S11,"subjects per model, trial population",results/trialpop/tp_failure_by_set.csv,"20,000",matched
S11,criteria set (i) adj_r2_min,config/prereg_20260926.yaml,0.80,file not cited
S11,"proportional residual, 2020 model",results/trialpop/tp_residual_sensitivity.csv,15.0%,not in key numbers
S11,"set (i) failing, 2016 model",results/trialpop/tp_residual_sensitivity.csv,13.4%,matched
S11,"set (i) failing, residual 12%",results/trialpop/tp_residual_sensitivity.csv,5.8%,matched
S11,"set (ii) failing, 2016 model",results/trialpop/tp_residual_sensitivity.csv,19.3%,not in key numbers
S11,"set (ii) failing, residual 12%",results/trialpop/tp_residual_sensitivity.csv,12.1%,not in key numbers
S11,"set (iv) failing, Wilson 95% interval, 2016 model",results/trialpop/tp_residual_sensitivity.csv,65.2~66.5,not in key numbers
S11,"set (iv) failing, Wilson 95% interval, residual 12%",results/trialpop/tp_residual_sensitivity.csv,65.4~66.7,not in key numbers
S11,"median adjusted R-squared, 2016 model",results/trialpop/tp_residual_sensitivity.csv,0.930,not in key numbers
S11,"median adjusted R-squared, residual 12%",results/trialpop/tp_residual_sensitivity.csv,0.946,not in key numbers
S11,"set (iv) failing, 2020 model",results/trialpop/tp_residual_sensitivity.csv,72.5%,not in key numbers
S11,"set (iii) failing, 2020 model",results/trialpop/tp_residual_sensitivity.csv,33.2%,not in key numbers
S11,criteria set (ii) span_ratio_min,config/prereg_20260926.yaml,2,file not cited
S11,"span below 3 (hierarchical), two models",results/trialpop/tp_failure_reasons.csv,27.1~39.2%,file not cited
S11,"shortest three-point nominal window after Day 22, B0 (days)",results/reliability/reliability_lz_window_by_schedule.csv,14,matched
S11,highest LLOQ in the sensitivity grid (mg/L),results/lloq/lloq_individual_table.csv,0.5,matched
S11,"set (i) reliability change with paired 95% CI, lowest LLOQ vs study LLOQ, k2016, residual fixed",results/lloq/lloq_individual_table.csv,-2.33%p (95% CI -2.80~-1.86),not in key numbers
S11,"set (i) reliability change with paired 95% CI, lowest LLOQ vs study LLOQ, k2020, residual fixed",results/lloq/lloq_individual_table.csv,-5.93%p (95% CI -6.39~-5.47),not in key numbers
S11,"set (i) reliability change with paired 95% CI, lowest LLOQ vs study LLOQ, k2016, residual scaled",results/lloq/lloq_individual_table.csv,-1.93%p (95% CI -2.16~-1.69),not in key numbers
S11,"set (i) reliability change with paired 95% CI, lowest LLOQ vs study LLOQ, k2020, residual scaled",results/lloq/lloq_individual_table.csv,-2.43%p (95% CI -2.66~-2.19),not in key numbers
S11,"reliable_no_span_pct, k2016, residual fixed, LLOQ 0.02",results/lloq/lloq_individual_table.csv,84.2%,matched
S11,"reliable_no_span_pct, k2016, residual fixed, LLOQ 0.078",results/lloq/lloq_individual_table.csv,86.6%,matched
S11,"reliable_no_span_pct, k2016, residual fixed, LLOQ 0.5",results/lloq/lloq_individual_table.csv,88.0%,matched
S11,"reliable_no_span_pct, k2020, residual fixed, LLOQ 0.02",results/lloq/lloq_individual_table.csv,85.9%,not in key numbers
S11,"reliable_no_span_pct, k2020, residual fixed, LLOQ 0.078",results/lloq/lloq_individual_table.csv,91.8%,not in key numbers
S11,"reliable_no_span_pct, k2020, residual fixed, LLOQ 0.5",results/lloq/lloq_individual_table.csv,95.0%,not in key numbers
S11,"set (ii) reliability change, lowest LLOQ, 2020 model, residual as estimated",results/lloq/lloq_individual_table.csv,-2.52%p,not in key numbers
S11,"set (ii) reliability change, lowest LLOQ, 2016 model, residual scaled",results/lloq/lloq_individual_table.csv,-1.27%p,not in key numbers
S11,"set (ii) reliability change, lowest LLOQ, 2020 model, residual scaled",results/lloq/lloq_individual_table.csv,-1.62%p,not in key numbers
S11,"median last quantifiable time, 2016 model, study LLOQ (days after dose)",results/lloq/lloq_individual_k2016.csv,34.7,file not cited
S11,"median last quantifiable time, 2016 model, lowest LLOQ (days after dose)",results/lloq/lloq_individual_k2016.csv,41.6,file not cited
S11,"quantifiable at the last planned sample, 2016 model, study LLOQ (%)",results/lloq/lloq_individual_k2016.csv,3.4%,file not cited
S11,"quantifiable at the last planned sample, 2016 model, lowest LLOQ (%)",results/lloq/lloq_individual_k2016.csv,17.2%,file not cited
S11,"span ratio below 2, 2016 model, study LLOQ (%)",results/lloq/lloq_individual_k2016.csv,8.3%,file not cited
S11,"span ratio below 2, 2016 model, lowest LLOQ (%)",results/lloq/lloq_individual_k2016.csv,4.5%,file not cited
S11,"adjusted R-squared below 0.80, 2020 model, study LLOQ (%)",results/lloq/lloq_individual_k2020.csv,7.0%,file not cited
S11,"adjusted R-squared below 0.80, 2020 model, lowest LLOQ (%)",results/lloq/lloq_individual_k2020.csv,13.5%,file not cited
S11,subjects per model and LLOQ,results/lloq/lloq_individual_table.csv,"20,000",not in key numbers
S12,"failing versus retained, set i, true_aucinf_gmr",results/trialpop/tp_characteristics.csv,0.786~0.815,matched
S12,"true AUC0-inf of failing subjects lower than retained, set i, two models (percent)",results/trialpop/tp_characteristics.csv,18.5~21.4%,not in key numbers
S12,"failing versus retained, set iii, true_aucinf_gmr",results/trialpop/tp_characteristics.csv,0.895~0.928,matched
S12,"stratum difference, set i, diff_pp",results/trialpop/tp_strata_individual.csv,1.5~2.7,consistent after rounding
S12,"stratum difference, set iii, diff_pp",results/trialpop/tp_strata_individual.csv,2.0~2.3,consistent after rounding
S12,"failing versus retained, set i, wt_diff_kg",results/trialpop/tp_characteristics.csv,0.81~1.13,matched
S12,randomization stratum split (kg),config/trial_design.yaml,75,file not cited
S12,threshold in column name armdiff_abs_gt5_pct (points),results/trialpop/tp_strata_composition.csv,5,matched
S12,"armdiff, S00, auclast: 5th to 95th percentile, two models",results/trialpop/tp_strata_composition.csv,-0.9~0.9,consistent after rounding
S12,"armdiff, S00, i: 5th to 95th percentile, two models",results/trialpop/tp_strata_composition.csv,-4.4~4.6,consistent after rounding
S12,"armdiff, S00, iii: 5th to 95th percentile, two models",results/trialpop/tp_strata_composition.csv,-8.7~8.5,not in key numbers
S12,"share of trials with a between-arm heavier-stratum difference above 5 points, S00, auclast",results/trialpop/tp_strata_composition.csv,0.0%,not in key numbers
S12,"share of trials with a between-arm heavier-stratum difference above 5 points, S00, i",results/trialpop/tp_strata_composition.csv,1.6~6.5%,matched
S12,"share of trials with a between-arm heavier-stratum difference above 5 points, S00, iii",results/trialpop/tp_strata_composition.csv,28.6~33.4%,matched
S12,regenerated trials per scenario,results/trialpop/tp_strata_composition.csv,"2,000",not in key numbers
S12,largest between-arm difference in the heavier-stratum share at randomization (points),results/trialpop/tp_strata_composition.csv,0.9,consistent after rounding
S12,body weight inclusion range (kg),config/trial_design.yaml,60~90,file not cited
S12,dose (mg),config/trial_design.yaml,300,file not cited
S12,subjects per model,results/trialpop/tp_failure_by_set.csv,"20,000",matched
S12,"true AUC0-inf GMR failing to retained, set i, k2016",results/trialpop/tp_characteristics.csv,0.815,matched
S12,"true AUC0-inf GMR failing to retained, set i, k2020",results/trialpop/tp_characteristics.csv,0.786,matched
S12,"failing versus retained, set ii, true_aucinf_gmr, two models",results/trialpop/tp_characteristics.csv,0.842~0.847,matched
S12,"failing versus retained, set iv, true_aucinf_gmr, two models",results/trialpop/tp_characteristics.csv,0.909~0.934,matched
S12,"failing minus retained body weight with Welch 95% CI, set i, k2016",results/trialpop/tp_characteristics.csv,1.13 kg (95% CI 0.84~1.42),not in key numbers
S12,"failing minus retained body weight with Welch 95% CI, set i, k2020",results/trialpop/tp_characteristics.csv,0.81 kg (95% CI 0.44~1.18),not in key numbers
S12,"failing minus retained body weight, set iii, two models",results/trialpop/tp_characteristics.csv,0.35~0.42 kg,not in key numbers
S12,"AUC0-last GMR failing to retained, set i, two models",results/trialpop/tp_characteristics.csv,0.772~0.783,not in key numbers
S12,"failing, lighter stratum, set i, k2016",results/trialpop/tp_strata_individual.csv,12.1%,not in key numbers
S12,"failing, heavier stratum, set i, k2016",results/trialpop/tp_strata_individual.csv,14.8%,not in key numbers
S12,"failing, lighter stratum, set i, k2020",results/trialpop/tp_strata_individual.csv,7.4%,not in key numbers
S12,"failing, heavier stratum, set i, k2020",results/trialpop/tp_strata_individual.csv,8.9%,not in key numbers
S12,"stratum difference with Newcombe 95% CI, set i, k2016",results/trialpop/tp_strata_individual.csv,2.7%p (95% CI 1.7~3.6),not in key numbers
S12,"stratum difference with Newcombe 95% CI, set i, k2020",results/trialpop/tp_strata_individual.csv,1.5%p (95% CI 0.7~2.2),not in key numbers
S12,evaluable subjects per arm,config/trial_design.yaml,117,file not cited
S12,"armdiff median, S00, rule A sets i and iii, two models",results/trialpop/tp_strata_composition.csv,-0.07~0.05,not in key numbers
S13,reference value: no between-arm difference in the share failing (points),results/trialpop/tp_arm_difference.csv,0,consistent after rounding
S13,largest absolute test minus reference difference in the share failing set i over the test scenarios of both models (points),results/trialpop/tp_arm_difference.csv,12.3,consistent after rounding
S13,"widest 95% CI of the mean arm difference, sets i and iii, all scenarios, two models (points)",results/trialpop/tp_arm_difference.csv,0.57,not in key numbers
S13,"true AUC0-inf ratio, boundary cells at 0.80, two models",results/trialpop/tp_arm_difference.csv,0.80,matched
S13,"true AUC0-inf ratio, boundary cells at 1.25, two models",results/trialpop/tp_arm_difference.csv,1.25,not in key numbers
S13,scenario F097 multiplier on F,config/scenarios.yaml,0.97,file not cited
S13,scenario KE110 multiplier on ke,config/scenarios.yaml,1.10,file not cited
S13,scenario KE120 multiplier on ke,config/scenarios.yaml,1.20,file not cited
S13,scenario VM125 multiplier on Vmax,config/scenarios.yaml,1.25,file not cited
S13,"largest absolute mean arm difference, identical products, sets i and iii, two models (points)",results/trialpop/tp_arm_difference.csv,0.17,not in key numbers
S13,"test minus reference failing, VM125, set i, diff_mean",results/trialpop/tp_arm_difference.csv,4.27~6.64,matched
S13,"test minus reference failing, ka_down_080, set i, diff_mean",results/trialpop/tp_arm_difference.csv,10.26~12.29,matched
S13,"reference minus test failing (magnitude), V2_up_080, set i, -diff_mean",results/trialpop/tp_arm_difference.csv,3.49~4.06,matched
S13,"arm difference per 10% lower true ratio, set i, r_squared",results/trialpop/tp_arm_difference_fit.csv,0.23~0.36,file not cited
S13,"arm difference per 10% lower true ratio, set iii, r_squared",results/trialpop/tp_arm_difference_fit.csv,0.17~0.18,file not cited
S13,"regenerated per-arm counts identical to section1 (rows compared, both models)",results/trialpop/tp_identity_check.csv,"264,000",file not cited
S13,body weight inclusion range (kg),config/trial_design.yaml,60~90,file not cited
S13,regenerated trials per scenario,results/trialpop/tp_arm_difference.csv,"2,000",not in key numbers
S13,"reference-arm mean share failing, set i, two models",results/trialpop/tp_arm_difference.csv,8.36~13.80%,not in key numbers
S13,"reference-arm mean share failing, set iii, two models",results/trialpop/tp_arm_difference.csv,33.86~38.64%,not in key numbers
S13,"true AUC0-inf ratio, product scenarios, two models",results/trialpop/tp_arm_difference.csv,0.86~0.95,not in key numbers
S13,boundary cells per model,results/trialpop/tp_arm_difference.csv,8,not in key numbers
S13,"per-trial arm difference, identical products, set i, 5th to 95th percentile, two models",results/trialpop/tp_arm_difference.csv,-7.69~7.69,not in key numbers
S13,"test minus reference failing, S00, set i, diff_mean",results/trialpop/tp_arm_difference.csv,-0.09~0.00,matched
S13,"test minus reference failing, S00, set iii, diff_mean",results/trialpop/tp_arm_difference.csv,-0.17~0.06,not in key numbers
S13,"test minus reference failing, KE120, set i, diff_mean",results/trialpop/tp_arm_difference.csv,-0.16~0.05,matched
S13,"reference minus test failing (magnitude), V2_up_080, set iii, -diff_mean",results/trialpop/tp_arm_difference.csv,8.45~9.38,not in key numbers
S13,"test minus reference failing, ka_down_080, set iii, diff_mean",results/trialpop/tp_arm_difference.csv,12.60~12.96,not in key numbers
S13,"reference minus test failing (magnitude), ke scenarios, set iii, two models",results/trialpop/tp_arm_difference.csv,0.46~0.76,not in key numbers
S13,scenario means per linear fit,results/trialpop/tp_arm_difference_fit.csv,13,file not cited
S14,reference ratio of the bias direction toward 1 (identical products),results/criteria/criteria_bias.csv,1,file not cited
S14,nominal type I error per one-sided test (%) = (1 - be.ci_level) / 2,config/trial_design.yaml,5%,file not cited
S14,boundary cells per variant (M1),results/criteria/criteria_g2_type1.csv,16,matched
S14,"M1 rules A (i) to (iv) and B: cells above 5% (point), range over variants",results/criteria/criteria_g2_type1.csv,10~12,not in key numbers
S14,"M1 rule C (i) to (iv): cells above 5% (point), same count in every set",results/criteria/criteria_g2_type1.csv,1,matched
S14,M1 G2_A_i cells above 5% (point),results/criteria/criteria_g2_type1.csv,10,not in key numbers
S14,M0 G2_A_i cells above 5% (point),results/criteria/criteria_g2_type1.csv,8,matched
S14,M1 G2_A_i cells with Wilson lower bound above 5%,results/criteria/criteria_g2_type1.csv,8,matched
S14,M0 G2_A_i cells with Wilson lower bound above 5%,results/criteria/criteria_g2_type1.csv,8,matched
S14,M1 G2_A_i largest boundary pass rate,results/criteria/criteria_g2_type1.csv,20.27%,not in key numbers
S14,"M1 AUC0-inf GMR bias against the true ratio, A_i",results/criteria/criteria_bias.csv,-2.63~7.96%,file not cited
S14,M1 A_i cells with AUC0-inf GMR biased toward 1,results/criteria/criteria_bias.csv,10,file not cited
S14,M1 G2_A_ii cells above 5% (point),results/criteria/criteria_g2_type1.csv,12,matched
S14,M0 G2_A_ii cells above 5% (point),results/criteria/criteria_g2_type1.csv,12,matched
S14,M1 G2_A_ii cells with Wilson lower bound above 5%,results/criteria/criteria_g2_type1.csv,12,matched
S14,M0 G2_A_ii cells with Wilson lower bound above 5%,results/criteria/criteria_g2_type1.csv,12,matched
S14,M1 G2_A_ii largest boundary pass rate,results/criteria/criteria_g2_type1.csv,27.44%,not in key numbers
S14,"M1 AUC0-inf GMR bias against the true ratio, A_ii",results/criteria/criteria_bias.csv,-5.26~8.08%,file not cited
S14,M1 A_ii cells with AUC0-inf GMR biased toward 1,results/criteria/criteria_bias.csv,14,file not cited
S14,M1 G2_A_iii cells above 5% (point),results/criteria/criteria_g2_type1.csv,10,not in key numbers
S14,M0 G2_A_iii cells above 5% (point),results/criteria/criteria_g2_type1.csv,9,matched
S14,M1 G2_A_iii cells with Wilson lower bound above 5%,results/criteria/criteria_g2_type1.csv,9,matched
S14,M0 G2_A_iii cells with Wilson lower bound above 5%,results/criteria/criteria_g2_type1.csv,8,matched
S14,M1 G2_A_iii largest boundary pass rate,results/criteria/criteria_g2_type1.csv,17.47%,not in key numbers
S14,"M1 AUC0-inf GMR bias against the true ratio, A_iii",results/criteria/criteria_bias.csv,-2.64~10.81%,file not cited
S14,M1 A_iii cells with AUC0-inf GMR biased toward 1,results/criteria/criteria_bias.csv,11,file not cited
S14,M1 G2_A_iv cells above 5% (point),results/criteria/criteria_g2_type1.csv,12,matched
S14,M0 G2_A_iv cells above 5% (point),results/criteria/criteria_g2_type1.csv,12,matched
S14,M1 G2_A_iv cells with Wilson lower bound above 5%,results/criteria/criteria_g2_type1.csv,11,not in key numbers
S14,M0 G2_A_iv cells with Wilson lower bound above 5%,results/criteria/criteria_g2_type1.csv,9,matched
S14,M1 G2_A_iv largest boundary pass rate,results/criteria/criteria_g2_type1.csv,27.19%,not in key numbers
S14,"M1 AUC0-inf GMR bias against the true ratio, A_iv",results/criteria/criteria_bias.csv,-8.36~10.89%,file not cited
S14,M1 A_iv cells with AUC0-inf GMR biased toward 1,results/criteria/criteria_bias.csv,15,file not cited
S14,M1 G2_B cells above 5% (point),results/criteria/criteria_g2_type1.csv,10,not in key numbers
S14,M0 G2_B cells above 5% (point),results/criteria/criteria_g2_type1.csv,8,matched
S14,M1 G2_B cells with Wilson lower bound above 5%,results/criteria/criteria_g2_type1.csv,8,matched
S14,M0 G2_B cells with Wilson lower bound above 5%,results/criteria/criteria_g2_type1.csv,6,matched
S14,M1 G2_B largest boundary pass rate,results/criteria/criteria_g2_type1.csv,16.03%,not in key numbers
S14,"M1 AUC0-inf GMR bias against the true ratio, B",results/criteria/criteria_bias.csv,-0.87~3.83%,file not cited
S14,M1 B cells with AUC0-inf GMR biased toward 1,results/criteria/criteria_bias.csv,11,file not cited
S14,M1 G2_C_i cells above 5% (point),results/criteria/criteria_g2_type1.csv,1,matched
S14,M0 G2_C_i cells above 5% (point),results/criteria/criteria_g2_type1.csv,0,matched
S14,M1 G2_C_i cells with Wilson lower bound above 5%,results/criteria/criteria_g2_type1.csv,0,matched
S14,M0 G2_C_i cells with Wilson lower bound above 5%,results/criteria/criteria_g2_type1.csv,0,matched
S14,M1 G2_C_i largest boundary pass rate,results/criteria/criteria_g2_type1.csv,5.06%,not in key numbers
S14,"M1 AUC0-inf GMR bias against the true ratio, C_i",results/criteria/criteria_bias.csv,-0.93~0.44%,file not cited
S14,M1 C_i cells with AUC0-inf GMR biased toward 1,results/criteria/criteria_bias.csv,1,file not cited
S14,M1 rules A and B: largest boundary pass rate,results/criteria/criteria_g2_type1.csv,27.44%,not in key numbers
S14,"M1 AUC0-last + Cmax, 2020 model V2 up cell",results/oc_models/type1_models.csv,5.63%,matched
S14,"M1 G2_C_i, 2020 model V2 up cell",results/criteria/criteria_g2_type1.csv,5.06%,not in key numbers
S14,"M1 G2_C_ii to G2_C_iv, 2020 model V2 up cell, range over sets (ii) to (iv)",results/criteria/criteria_g2_type1.csv,5.39~6.65%,not in key numbers
S14,ka-down boundary cells (M1),results/criteria/criteria_instability.csv,2,not in key numbers
S14,"decision instability in the ka-down cells, M1",results/criteria/criteria_instability.csv,0%,not in key numbers
S14,informative boundary cells (M1),results/criteria/criteria_instability.csv,14,not in key numbers
S14,number of AUC0-inf + Cmax variants (rule x criteria set),results/criteria/criteria_g2_type1.csv,9,matched
S14,"decision instability inst_all, median over 16 boundary cells, M1",results/criteria/criteria_instability.csv,13.3%,not in key numbers
S14,"decision instability inst_all, median over 14 boundary cells, M1",results/criteria/criteria_instability.csv,14.0%,not in key numbers
S14,"decision instability inst_all, max over 16 boundary cells, M1",results/criteria/criteria_instability.csv,39.4%,not in key numbers
S14,"decision instability inst_all, median over 16 boundary cells, M0",results/criteria/criteria_instability.csv,12.6%,matched
S14,"decision instability inst_all, max over 16 boundary cells, M0",results/criteria/criteria_instability.csv,39.6%,matched
S14,"decision instability inst_sets_C, max over 16 boundary cells, M1",results/criteria/criteria_instability.csv,2.0%,not in key numbers
S14,"decision instability inst_sets_A, median over 16 boundary cells, M1",results/criteria/criteria_instability.csv,12.1%,not in key numbers
S14,"decision instability inst_sets_A, max over 16 boundary cells, M1",results/criteria/criteria_instability.csv,37.0%,not in key numbers
S14,"decision instability inst_sets_C, median over 16 boundary cells, M1",results/criteria/criteria_instability.csv,1.3%,not in key numbers
S14,M1 G2_C_i cells above 5% (point),results/criteria/criteria_g2_type1.csv,1,matched
S14,M0 G2_C_i cells above 5% (point),results/criteria/criteria_g2_type1.csv,0,matched
S14,M1 G2_C_i cells with Wilson lower bound above 5%,results/criteria/criteria_g2_type1.csv,0,matched
S14,M0 G2_C_i cells with Wilson lower bound above 5%,results/criteria/criteria_g2_type1.csv,0,matched
S14,"M1 AUC0-inf GMR bias against the true ratio, C_i",results/criteria/criteria_bias.csv,-0.93~0.44%,file not cited
S14,M1 C_i cells with AUC0-inf GMR biased toward 1,results/criteria/criteria_bias.csv,1,file not cited
S14,M0 G2_C_i largest boundary pass rate,results/criteria/criteria_g2_type1.csv,4.63%,not in key numbers
S14,M1 G2_C_ii cells above 5% (point),results/criteria/criteria_g2_type1.csv,1,matched
S14,M0 G2_C_ii cells above 5% (point),results/criteria/criteria_g2_type1.csv,1,matched
S14,M1 G2_C_ii cells with Wilson lower bound above 5%,results/criteria/criteria_g2_type1.csv,1,matched
S14,M0 G2_C_ii cells with Wilson lower bound above 5%,results/criteria/criteria_g2_type1.csv,0,matched
S14,"M1 AUC0-inf GMR bias against the true ratio, C_ii",results/criteria/criteria_bias.csv,-1.38~0.44%,file not cited
S14,M1 C_ii cells with AUC0-inf GMR biased toward 1,results/criteria/criteria_bias.csv,1,file not cited
S14,M0 G2_C_ii largest boundary pass rate,results/criteria/criteria_g2_type1.csv,5.01%,not in key numbers
S14,M1 G2_C_iii cells above 5% (point),results/criteria/criteria_g2_type1.csv,1,matched
S14,M0 G2_C_iii cells above 5% (point),results/criteria/criteria_g2_type1.csv,1,matched
S14,M1 G2_C_iii cells with Wilson lower bound above 5%,results/criteria/criteria_g2_type1.csv,1,matched
S14,M0 G2_C_iii cells with Wilson lower bound above 5%,results/criteria/criteria_g2_type1.csv,0,matched
S14,"M1 AUC0-inf GMR bias against the true ratio, C_iii",results/criteria/criteria_bias.csv,-1.13~0.49%,file not cited
S14,M1 C_iii cells with AUC0-inf GMR biased toward 1,results/criteria/criteria_bias.csv,1,file not cited
S14,M0 G2_C_iii largest boundary pass rate,results/criteria/criteria_g2_type1.csv,5.21%,matched
S14,M1 G2_C_iv cells above 5% (point),results/criteria/criteria_g2_type1.csv,1,matched
S14,M0 G2_C_iv cells above 5% (point),results/criteria/criteria_g2_type1.csv,1,matched
S14,M1 G2_C_iv cells with Wilson lower bound above 5%,results/criteria/criteria_g2_type1.csv,1,matched
S14,M0 G2_C_iv cells with Wilson lower bound above 5%,results/criteria/criteria_g2_type1.csv,1,matched
S14,"M1 AUC0-inf GMR bias against the true ratio, C_iv",results/criteria/criteria_bias.csv,-1.65~0.96%,file not cited
S14,M1 C_iv cells with AUC0-inf GMR biased toward 1,results/criteria/criteria_bias.csv,1,file not cited
S14,M0 G2_C_iv largest boundary pass rate,results/criteria/criteria_g2_type1.csv,6.05%,not in key numbers
S14,body weight inclusion range (kg),config/trial_design.yaml,60~90,file not cited
S14,evaluable subjects per arm,config/trial_design.yaml,117,file not cited
S14,trials per boundary scenario (pre-specified),config/oc_design.yaml,"10,000",file not cited
S14,"trials, 2020 model V2 up cell",results/criteria/criteria_g2_type1.csv,"20,000",not in key numbers
S14,M1 G2_A_i cells above 5% (point),results/criteria/criteria_g2_type1.csv,10,not in key numbers
S14,M1 G2_A_i cells with Wilson lower bound above 5%,results/criteria/criteria_g2_type1.csv,8,matched
S14,M1 G2_B cells above 5% (point),results/criteria/criteria_g2_type1.csv,10,not in key numbers
S14,M1 G2_B cells with Wilson lower bound above 5%,results/criteria/criteria_g2_type1.csv,8,matched
S14,M1 G2_C_i cells above 5% (point),results/criteria/criteria_g2_type1.csv,1,matched
S14,M1 G2_C_i cells with Wilson lower bound above 5%,results/criteria/criteria_g2_type1.csv,0,matched
S14,"M1 G2_C_i, k2020 V2_up_080",results/criteria/criteria_g2_type1.csv,5.06% (95% CI 4.76~5.37),not in key numbers
S14,"M1 G2_C_ii, k2020 V2_up_080",results/criteria/criteria_g2_type1.csv,5.39% (95% CI 5.09~5.71),not in key numbers
S14,"M1 G2_C_iii, k2020 V2_up_080",results/criteria/criteria_g2_type1.csv,5.65% (95% CI 5.33~5.97),not in key numbers
S14,"M1 G2_C_iv, k2020 V2_up_080",results/criteria/criteria_g2_type1.csv,6.65% (95% CI 6.31~7.00),not in key numbers
S14,"M1 AUC0-last + Cmax, 2020 model V2 up cell",results/oc_models/type1_models.csv,5.63% (95% CI 5.31~5.95),matched
S14,"M1 G2_A_ii, k2020 Vmax_down_125",results/criteria/criteria_g2_type1.csv,27.44% (95% CI 26.57~28.32),not in key numbers
S14,"M1 G2_B, k2016 Vmax_up_080",results/criteria/criteria_g2_type1.csv,16.03% (95% CI 15.32~16.76),not in key numbers
S14,M0 G2_A_ii largest boundary pass rate,results/criteria/criteria_g2_type1.csv,27.60%,not in key numbers
S14,M0 G2_B largest boundary pass rate,results/criteria/criteria_g2_type1.csv,15.06%,matched
S14,boundary true AUC0-inf ratios,config/oc_design.yaml,"0.80, 1.25",file not cited
S14,lower boundary true AUC0-inf ratio,config/oc_design.yaml,0.80,file not cited
S14,upper boundary true AUC0-inf ratio,config/oc_design.yaml,1.25,file not cited
S14,"M1 AUC0-inf GMR bias, A_ii, without ka cells",results/criteria/criteria_bias.csv,-5.26~5.37%,file not cited
S14,"M1 AUC0-inf GMR bias, B, without ka cells",results/criteria/criteria_bias.csv,-0.87~3.27%,file not cited
S14,"M0 AUC0-inf GMR bias, A_ii",results/criteria/criteria_bias.csv,-5.44~8.22%,file not cited
S14,"M0 AUC0-inf GMR bias, C_i",results/criteria/criteria_bias.csv,-0.93~0.43%,file not cited
S14,"decision instability inst_rules_i, median over 16 boundary cells, M1",results/criteria/criteria_instability.csv,4.9%,not in key numbers
S14,"decision instability inst_rules_ii, median over 16 boundary cells, M1",results/criteria/criteria_instability.csv,6.8%,not in key numbers
S14,"decision instability inst_rules_iii, median over 16 boundary cells, M1",results/criteria/criteria_instability.csv,6.4%,not in key numbers
S14,"decision instability inst_rules_iv, median over 16 boundary cells, M1",results/criteria/criteria_instability.csv,8.7%,not in key numbers
S14,"decision instability, identical products, M1, two models",results/criteria/criteria_instability.csv,24.6~45.9%,not in key numbers
S14,"instability across sets within rule A, identical products, M1",results/criteria/criteria_instability.csv,24.4~45.6%,not in key numbers
S14,"instability across rules with set (i), identical products, M1",results/criteria/criteria_instability.csv,0.4~0.8%,not in key numbers
S14,"power, identical products, M1, G2_A_iv, two models",results/criteria/criteria_g2_power.csv,54.9~76.2%,file not cited
S15,M1 P2 boundary cells,results/oc_models/type1_models.csv,16,not in key numbers
S15,"P2 cells at or below nominal, M1",results/oc_models/type1_models.csv,15,matched
S15,nominal type I error per one-sided test (%) = (1 - be.ci_level) / 2,config/trial_design.yaml,5%,file not cited
S15,"M1 AUC0-inf + Cmax, rules A (i), A (ii) and B: cells above 5% (point), range over configurations",results/oc_models/type1_models.csv,10~12,not in key numbers
S15,"M1 P2, 2020 model V2 up cell",results/oc_models/type1_models.csv,5.63% (95% CI 5.31~5.95),matched
S15,M1 P2 cells classified exceeding,results/oc_models/type1_models.csv,1,matched
S15,"M1 P2, 2020 model V2 up cell",results/oc_models/type1_models.csv,5.63%,matched
S15,"P2 cells at or below nominal, M0",results/oc_models/type1_models.csv,16,not in key numbers
S15,"M0 P2, 2020 model V2 up cell",results/oc_models/type1_models.csv,5.18%,matched
S15,M1 G2_Ai cells above 5% (point),results/oc_models/type1_models.csv,10,not in key numbers
S15,M1 G2_Aii cells above 5% (point),results/oc_models/type1_models.csv,12,not in key numbers
S15,M1 G2_B cells above 5% (point),results/oc_models/type1_models.csv,10,not in key numbers
S15,M1 G2_Ci cells above 5% (point),results/oc_models/type1_models.csv,1,matched
S15,M1 P2 cells above 5% (point),results/oc_models/type1_models.csv,1,matched
S15,M1 G2_Ai largest boundary pass rate,results/oc_models/type1_models.csv,20.27%,not in key numbers
S15,M1 G2_Aii largest boundary pass rate,results/oc_models/type1_models.csv,27.44%,not in key numbers
S15,M1 G2_B largest boundary pass rate,results/oc_models/type1_models.csv,16.03%,not in key numbers
S15,M1 G2_Ci largest boundary pass rate,results/oc_models/type1_models.csv,5.06%,not in key numbers
S15,M1 P2 largest boundary pass rate,results/oc_models/type1_models.csv,5.63%,matched
S15,M0 G2_Ai cells above 5% (point),results/oc_models/type1_models.csv,8,not in key numbers
S15,M0 G2_Aii cells above 5% (point),results/oc_models/type1_models.csv,12,not in key numbers
S15,M0 G2_B cells above 5% (point),results/oc_models/type1_models.csv,8,not in key numbers
S15,M0 G2_Ci cells above 5% (point),results/oc_models/type1_models.csv,0,matched
S15,M0 P2 cells above 5% (point),results/oc_models/type1_models.csv,1,matched
S15,M0 G2_Ai largest boundary pass rate,results/oc_models/type1_models.csv,19.91%,not in key numbers
S15,M0 G2_Aii largest boundary pass rate,results/oc_models/type1_models.csv,27.60%,not in key numbers
S15,M0 G2_B largest boundary pass rate,results/oc_models/type1_models.csv,15.06%,not in key numbers
S15,M0 G2_Ci largest boundary pass rate,results/oc_models/type1_models.csv,4.63%,not in key numbers
S15,M0 P2 largest boundary pass rate,results/oc_models/type1_models.csv,5.18%,matched
S15,"M1 G2_Aii, Vmax cells, range",results/oc_models/type1_models.csv,22.52~27.44%,not in key numbers
S15,boundary true AUC0-inf ratios,config/oc_design.yaml,"0.80, 1.25",file not cited
S15,"Vmax multiplier, 2016 model, ratio 0.80 cell",results/oc_models/type1_models.csv,1.39,not in key numbers
S15,target ratio of the Vmax up cell,results/oc_models/type1_models.csv,0.80,not in key numbers
S15,boundary cells per PK model,results/oc_models/type1_models.csv,8,not in key numbers
S15,M1 P2 cells conservative,results/oc_models/type1_models.csv,15,matched
S15,M1 P2 cells nominal,results/oc_models/type1_models.csv,0,matched
S15,M1 P2 cells exceeding,results/oc_models/type1_models.csv,1,matched
S15,M1 P2 boundary range,results/oc_models/type1_models.csv,0.00~5.63%,matched
S15,"V2 multiplier, 2020 model",results/oc_models/type1_models.csv,2.28,not in key numbers
S15,"true AUC0-inf ratio, 2020 model V2 cell",results/oc_models/type1_models.csv,0.7998,not in key numbers
S15,"trials, 2020 model V2 cell",results/oc_models/type1_models.csv,"20,000",not in key numbers
S15,trials per boundary scenario (pre-specified),config/oc_design.yaml,"10,000",file not cited
S15,"M1 P2, 2020 model V2 cell, first 10,000 trials",results/oc_models/type1_models.csv,5.74% (95% CI 5.30~6.21),not in key numbers
S15,"V2 multiplier, 2016 model",results/oc_models/type1_models.csv,3.21,not in key numbers
S15,"M1 P2, 2016 model V2 cell",results/oc_models/type1_models.csv,4.33%,not in key numbers
S15,M0 P2 cells conservative,results/oc_models/type1_models.csv,15,matched
S15,M0 P2 cells nominal,results/oc_models/type1_models.csv,1,matched
S15,"M0 P2, 2020 model V2 cell",results/oc_models/type1_models.csv,5.18% (95% CI 4.88~5.50),matched
S15,M1 G2_Ci largest,results/oc_models/type1_models.csv,5.06% (95% CI 4.76~5.37),not in key numbers
S15,M0 G2_Ci largest,results/oc_models/type1_models.csv,4.63% (95% CI 4.34~4.92),not in key numbers
S15,M1 G2_Cii largest,results/oc_models/type1_models.csv,5.39% (95% CI 5.09~5.71),not in key numbers
S15,M0 G2_Cii largest,results/oc_models/type1_models.csv,5.01% (95% CI 4.71~5.32),not in key numbers
S15,"M1 G2_A_iii, 2016 model V2 up cell",results/criteria/criteria_g2_type1.csv,6.22%,not in key numbers
S15,"M1 G2_A_iv, 2016 model V2 up cell",results/criteria/criteria_g2_type1.csv,11.16%,not in key numbers
S15,"true Cmax ratio, ka-down cells",results/oc_models/type1_models.csv,0.632~0.633,not in key numbers
S15,P2 in the ka-down cells,results/oc_models/type1_models.csv,0%,matched
S15,informative boundary cells,results/oc_models/type1_models.csv,14,not in key numbers
S15,M1 G2_Aii largest,results/oc_models/type1_models.csv,27.44% (95% CI 26.57~28.32),not in key numbers
S15,M1 G2_B largest,results/oc_models/type1_models.csv,16.03% (95% CI 15.32~16.76),not in key numbers
S15,M0 G2_Aii largest,results/oc_models/type1_models.csv,27.60% (95% CI 26.73~28.48),not in key numbers
S15,M0 G2_B largest,results/oc_models/type1_models.csv,15.06% (95% CI 14.37~15.77),not in key numbers
S15,M1 G2_Aii cells with lower bound above 5%,results/oc_models/type1_models.csv,12,not in key numbers
S15,M1 G2_Ai cells with lower bound above 5%,results/oc_models/type1_models.csv,8,not in key numbers
S15,M1 G2_B cells with lower bound above 5%,results/oc_models/type1_models.csv,8,not in key numbers
S15,M0 G2_Aii cells with lower bound above 5%,results/oc_models/type1_models.csv,12,not in key numbers
S15,M0 G2_Ai cells with lower bound above 5%,results/oc_models/type1_models.csv,8,not in key numbers
S15,M0 G2_B cells with lower bound above 5%,results/oc_models/type1_models.csv,6,consistent after rounding
S15,"M0 AUC0-inf + Cmax, rules A (i), A (ii) and B: cells above 5% (point), range over configurations",results/oc_models/type1_models.csv,8~12,not in key numbers
S15,M1 unbiased reference (true AUC0-inf) boundary range,results/oc_models/type1_models.csv,4.53~5.83%,not in key numbers
S15,SD/SE AUCinf_true M0,results/oc_models/sd_se_models.csv,0.961~0.993,matched
S15,SD/SE AUCinf_true M1,results/oc_models/sd_se_models.csv,0.991~1.020,matched
S15,P2 paired change M1 minus M0 (points),results/oc_models/type1_paired_change.csv,0.00~0.45,file not cited
S15,"V2 cells with AUC0-inf GMR bias away from 1, rules A (i), A (ii) and B, M1",results/criteria/criteria_bias.csv,6,file not cited
S16,"window coverage, median, two models",results/trialpop/tp_coverage_individual.csv,99.3~99.4%,matched
S16,"window coverage, smallest subject over both models",results/trialpop/tp_coverage_individual.csv,84.3%,matched
S16,window coverage threshold in column name coverage_lt80_pct_ci (percent),results/rationale/pillar1_coverage_B0.csv,80,matched
S16,"window coverage, median, k2016",results/trialpop/tp_coverage_individual.csv,99.3%,matched
S16,"window coverage, median, k2020",results/trialpop/tp_coverage_individual.csv,99.4%,matched
S16,"window coverage, p05, k2016",results/trialpop/tp_coverage_individual.csv,96.4%,not in key numbers
S16,"window coverage, p05, k2020",results/trialpop/tp_coverage_individual.csv,96.5%,not in key numbers
S16,"window coverage, p95, k2016",results/trialpop/tp_coverage_individual.csv,100.0%,not in key numbers
S16,"window coverage, p95, k2020",results/trialpop/tp_coverage_individual.csv,100.0%,not in key numbers
S16,"window coverage, min, k2016",results/trialpop/tp_coverage_individual.csv,84.8%,not in key numbers
S16,"window coverage, min, k2020",results/trialpop/tp_coverage_individual.csv,84.3%,matched
S16,"subjects with window coverage below 80 percent, k2016",results/trialpop/tp_coverage_individual.csv,0,not in key numbers
S16,"share of subjects with window coverage below 80 percent, Wilson 95% CI, k2016",results/rationale/pillar1_coverage_B0.csv,0.00~0.02%,matched
S16,"subjects with window coverage below 80 percent, k2020",results/trialpop/tp_coverage_individual.csv,0,not in key numbers
S16,"share of subjects with window coverage below 80 percent, Wilson 95% CI, k2020",results/rationale/pillar1_coverage_B0.csv,0.00~0.02%,matched
S16,"observed-to-true, AUClast (lambda-z estimable), median, k2016",results/trialpop/tp_coverage_individual.csv,0.963,not in key numbers
S16,"observed-to-true, AUClast (lambda-z estimable), median, k2020",results/trialpop/tp_coverage_individual.csv,0.967,not in key numbers
S16,"observed-to-true, AUCinf rule B (lambda-z estimable), median, k2016",results/trialpop/tp_coverage_individual.csv,1.003,not in key numbers
S16,"observed-to-true, AUCinf rule B (lambda-z estimable), median, k2020",results/trialpop/tp_coverage_individual.csv,1.007,not in key numbers
S16,"observed-to-true, AUClast (meeting set (i)), median, k2016",results/trialpop/tp_coverage_individual.csv,0.967,not in key numbers
S16,"observed-to-true, AUClast (meeting set (i)), median, k2020",results/trialpop/tp_coverage_individual.csv,0.968,not in key numbers
S16,"observed-to-true, AUCinf rule A (meeting set (i)), median, k2016",results/trialpop/tp_coverage_individual.csv,1.005,not in key numbers
S16,"observed-to-true, AUCinf rule A (meeting set (i)), median, k2020",results/trialpop/tp_coverage_individual.csv,1.009,not in key numbers
S16,"observed-to-true, AUClast (lambda-z estimable), max, k2016",results/trialpop/tp_coverage_individual.csv,1.32,not in key numbers
S16,"observed-to-true, AUClast (lambda-z estimable), max, k2020",results/trialpop/tp_coverage_individual.csv,1.19,not in key numbers
S16,"observed-to-true, AUCinf rule B (lambda-z estimable), max, k2016",results/trialpop/tp_coverage_individual.csv,5.28,not in key numbers
S16,"observed-to-true, AUCinf rule B (lambda-z estimable), max, k2020",results/trialpop/tp_coverage_individual.csv,1.87,not in key numbers
S16,"observed-to-true, AUClast (meeting set (i)), max, k2016",results/trialpop/tp_coverage_individual.csv,1.32,not in key numbers
S16,"observed-to-true, AUClast (meeting set (i)), max, k2020",results/trialpop/tp_coverage_individual.csv,1.19,not in key numbers
S16,"observed-to-true, AUCinf rule A (meeting set (i)), max, k2016",results/trialpop/tp_coverage_individual.csv,1.40,not in key numbers
S16,"observed-to-true, AUCinf rule A (meeting set (i)), max, k2020",results/trialpop/tp_coverage_individual.csv,1.29,not in key numbers
S16,"observed-to-true, AUCinf rule B (lambda-z estimable), max, k2016",results/trialpop/tp_coverage_individual.csv,5.28,not in key numbers
S16,"observed-to-true, AUCinf rule B (lambda-z estimable), max, k2020",results/trialpop/tp_coverage_individual.csv,1.87,not in key numbers
S16,"observed-to-true, AUCinf rule A (meeting set (i)), max, k2016",results/trialpop/tp_coverage_individual.csv,1.40,not in key numbers
S16,"observed-to-true, AUCinf rule A (meeting set (i)), max, k2020",results/trialpop/tp_coverage_individual.csv,1.29,not in key numbers
S16,"subjects per model, trial population B0",results/trialpop/tp_coverage_individual.csv,"20,000",not in key numbers
S16,body weight inclusion range (kg),config/trial_design.yaml,60~90,file not cited
S16,dose (mg),config/trial_design.yaml,300,file not cited
S16,"window coverage, p95 (upper tail), k2016",results/trialpop/tp_coverage_individual.csv,1.000,not in key numbers
S16,"window coverage, p95 (upper tail), k2020",results/trialpop/tp_coverage_individual.csv,1.000,not in key numbers
S16,"true extrapolation, 95th percentile, k2016",results/rationale/pillar1_coverage_B0.csv,3.63%,matched
S16,"true extrapolation, 95th percentile, k2020",results/rationale/pillar1_coverage_B0.csv,3.54%,matched
S16,"true extrapolation, median, k2016",results/rationale/pillar1_coverage_B0.csv,0.65%,matched
S16,"true extrapolation, median, k2020",results/rationale/pillar1_coverage_B0.csv,0.64%,matched
S16,"lambda-z estimable subjects, k2016",results/trialpop/tp_coverage_individual.csv,"19,708",not in key numbers
S16,"lambda-z estimable subjects, k2020",results/trialpop/tp_coverage_individual.csv,"19,877",not in key numbers
S16,"subjects meeting set (i), k2016",results/trialpop/tp_coverage_individual.csv,"17,313",not in key numbers
S16,"subjects meeting set (i), k2020",results/trialpop/tp_coverage_individual.csv,"18,367",not in key numbers
S16,"observed-to-true, AUClast (lambda-z estimable), sd_log, k2016",results/trialpop/tp_coverage_individual.csv,0.096,not in key numbers
S16,"observed-to-true, AUCinf rule B (lambda-z estimable), sd_log, k2016",results/trialpop/tp_coverage_individual.csv,0.101,not in key numbers
S16,"observed-to-true, AUClast (lambda-z estimable), sd_log, k2020",results/trialpop/tp_coverage_individual.csv,0.058,not in key numbers
S16,"observed-to-true, AUCinf rule B (lambda-z estimable), sd_log, k2020",results/trialpop/tp_coverage_individual.csv,0.063,not in key numbers
S16,"observed-to-true, AUClast (meeting set (i)), sd_log, k2016",results/trialpop/tp_coverage_individual.csv,0.094,not in key numbers
S16,"observed-to-true, AUCinf rule A (meeting set (i)), sd_log, k2016",results/trialpop/tp_coverage_individual.csv,0.094,not in key numbers
S16,"observed-to-true, AUClast (all subjects), min, k2016",results/trialpop/tp_coverage_individual.csv,0.598,matched
S16,"observed-to-true, AUClast (all subjects), min, k2020",results/trialpop/tp_coverage_individual.csv,0.742,matched
S16,"extrapolation factor AUCinf/AUClast, max, k2016",results/trialpop/tp_coverage_individual.csv,7.19,not in key numbers
S16,"extrapolation factor AUCinf/AUClast, max, k2020",results/trialpop/tp_coverage_individual.csv,2.31,not in key numbers
S16,criteria set (i) adj_r2_min,config/prereg_20260926.yaml,0.80,file not cited
S16,criteria set (i) extrap_max_pct,config/prereg_20260926.yaml,20,file not cited
S16,"observed-to-true, AUCinf rule B (lambda-z estimable), max, k2016",results/trialpop/tp_coverage_individual.csv,5.28,not in key numbers
S16,lower edge of the open histogram bin of the observed-to-true ratio,results/deck_inputs/coverage_hist.csv,1.5,file not cited
S16,"subjects in the open bin, rule B, k2016",results/deck_inputs/coverage_hist.csv,20,file not cited
S16,"subjects in the open bin, rule B, k2020",results/deck_inputs/coverage_hist.csv,1,file not cited
S17,lower equivalence limit,config/trial_design.yaml,0.80,file not cited
S17,upper equivalence limit,config/trial_design.yaml,1.25,file not cited
S17,"boundary cells (both models), M1",results/oc_models/sd_se_models.csv,16,not in key numbers
S17,"AUC0-last: largest absolute bias of the geometric mean trial GMR vs the true AUC0-inf ratio, 16 boundary cells, M1",results/oc_models/sd_se_models.csv,1.50%,not in key numbers
S17,"NCA AUC0-inf rules A (i), A (ii), B: largest absolute bias, 16 boundary cells, M1",results/oc_models/sd_se_models.csv,8.08%,not in key numbers
S17,"NCA AUC0-inf rule A criteria sets (iii) and (iv): largest absolute bias, 16 boundary cells, M1",results/criteria/criteria_bias.csv,10.89%,file not cited
S17,"AUC0-last bias, 2020 model V2 up (true ratio 0.80), M1",results/oc_models/sd_se_models.csv,0.41%,not in key numbers
S17,"AUC0-last cells biased away from 1, M1",results/oc_models/sd_se_models.csv,15,not in key numbers
S17,"cells biased toward 1, NCA rules A (i), A (ii), B, M1: range of the three counts",results/oc_models/sd_se_models.csv,10~14,not in key numbers
S17,"cells biased toward 1 (Monte Carlo interval excludes 0), AUCinf_Ci, M1",results/oc_models/sd_se_models.csv,1,consistent after rounding
S17,trials per boundary cell,results/oc_models/sd_se_models.csv,"10,000",not in key numbers
S17,common virtual subjects for the true ratio,config/oc_design.yaml,"200,000",file not cited
S17,"F multiplier of the F097 product scenario, test arm",config/prereg_20260926.yaml,0.97,file not cited
S17,"cells biased toward 1 (Monte Carlo interval excludes 0), AUCinf_true, M1",results/oc_models/sd_se_models.csv,0,not in key numbers
S17,"cells biased toward 1 (Monte Carlo interval excludes 0), AUClast, M1",results/oc_models/sd_se_models.csv,1,consistent after rounding
S17,"cells biased toward 1 (Monte Carlo interval excludes 0), AUCinf_Ai, M1",results/oc_models/sd_se_models.csv,10,not in key numbers
S17,"cells biased toward 1 (Monte Carlo interval excludes 0), AUCinf_A, M1",results/oc_models/sd_se_models.csv,14,not in key numbers
S17,"cells biased toward 1 (Monte Carlo interval excludes 0), AUCinf_B, M1",results/oc_models/sd_se_models.csv,11,not in key numbers
S17,"cells biased toward 1 (Monte Carlo interval excludes 0), AUCinf_Ci, M1",results/oc_models/sd_se_models.csv,1,consistent after rounding
S17,"geometric mean of trial GMRs, AUCinf_true, k2016, Vmax_up_080, M1",results/oc_models/sd_se_models.csv,0.7996,not in key numbers
S17,"geometric mean of trial GMRs, AUClast, k2016, Vmax_up_080, M1",results/oc_models/sd_se_models.csv,0.7874,not in key numbers
S17,"geometric mean of trial GMRs, AUCinf_Ai, k2016, Vmax_up_080, M1",results/oc_models/sd_se_models.csv,0.8343,not in key numbers
S17,"geometric mean of trial GMRs, AUCinf_A, k2016, Vmax_up_080, M1",results/oc_models/sd_se_models.csv,0.8396,not in key numbers
S17,"geometric mean of trial GMRs, AUCinf_B, k2016, Vmax_up_080, M1",results/oc_models/sd_se_models.csv,0.8256,not in key numbers
S17,"geometric mean of trial GMRs, AUCinf_Ci, k2016, Vmax_up_080, M1",results/oc_models/sd_se_models.csv,0.7920,not in key numbers
S17,"geometric mean of trial GMRs, AUCinf_true, k2020, ka_down_080, M1",results/oc_models/sd_se_models.csv,0.8008,not in key numbers
S17,"geometric mean of trial GMRs, AUClast, k2020, ka_down_080, M1",results/oc_models/sd_se_models.csv,0.7986,not in key numbers
S17,"geometric mean of trial GMRs, AUCinf_Ai, k2020, ka_down_080, M1",results/oc_models/sd_se_models.csv,0.8643,not in key numbers
S17,"geometric mean of trial GMRs, AUCinf_A, k2020, ka_down_080, M1",results/oc_models/sd_se_models.csv,0.8653,not in key numbers
S17,"geometric mean of trial GMRs, AUCinf_B, k2020, ka_down_080, M1",results/oc_models/sd_se_models.csv,0.8312,not in key numbers
S17,"geometric mean of trial GMRs, AUCinf_Ci, k2020, ka_down_080, M1",results/oc_models/sd_se_models.csv,0.7988,not in key numbers
S17,"geometric mean of trial GMRs, AUCinf_true, k2016, F097, M1",results/oc_models/sd_se_models.csv,0.9522,not in key numbers
S17,"geometric mean of trial GMRs, AUClast, k2016, F097, M1",results/oc_models/sd_se_models.csv,0.9514,not in key numbers
S17,"geometric mean of trial GMRs, AUCinf_Ai, k2016, F097, M1",results/oc_models/sd_se_models.csv,0.9550,not in key numbers
S17,"geometric mean of trial GMRs, AUCinf_A, k2016, F097, M1",results/oc_models/sd_se_models.csv,0.9557,not in key numbers
S17,"geometric mean of trial GMRs, AUCinf_B, k2016, F097, M1",results/oc_models/sd_se_models.csv,0.9543,not in key numbers
S17,"geometric mean of trial GMRs, AUCinf_Ci, k2016, F097, M1",results/oc_models/sd_se_models.csv,0.9521,not in key numbers
S17,"true AUC0-inf ratio (common virtual subjects), k2016, Vmax_up_080",results/oc_models/sd_se_models.csv,0.7994,not in key numbers
S17,"true AUC0-inf ratio (common virtual subjects), k2020, ka_down_080",results/oc_models/sd_se_models.csv,0.8006,not in key numbers
S17,"true AUC0-inf ratio (common virtual subjects), k2016, F097",results/oc_models/sd_se_models.csv,0.9521,not in key numbers
S17,"correlation of trial log GMR, AUC0-last vs true AUC0-inf (trial subjects), v1.0 product scenarios (minimum over both models)",results/trials/products_concordance.csv,0.96,file not cited
S17,"correlation of trial log GMR, AUC0-last vs true AUC0-inf (trial subjects), v1.0 product scenarios (maximum over both models)",results/trials/products_concordance_struct2020.csv,0.99,file not cited
S17,"decision agreement AUC0-last vs NCA AUC0-inf rule B (lambda-z estimable), v1.0 product scenarios (minimum over both models)",results/trials/products_concordance.csv,72.4%,file not cited
S17,"decision agreement AUC0-last vs NCA AUC0-inf rule B (lambda-z estimable), v1.0 product scenarios (maximum over both models)",results/trials/products_concordance.csv,100.0%,file not cited
S17,"trials per product scenario, concordance file",results/trials/products_concordance.csv,500,file not cited
S17,"trials per product scenario, concordance file",results/trials/products_concordance_struct2020.csv,500,file not cited
S17,"decision agreement AUC0-last vs NCA AUC0-inf rule A (ii), product scenarios, two models",results/rationale/pillar2_products_B0.csv,68.6~99.2%,file not cited
S17,"trials, 2020 model V2 cell",results/oc_models/sd_se_models.csv,"20,000",not in key numbers
S17,evaluable subjects per arm,config/trial_design.yaml,117,file not cited
S17,body weight inclusion range (kg),config/trial_design.yaml,60~90,file not cited
S17,"bias range, 16 boundary cells, AUCinf_true, M1",results/oc_models/sd_se_models.csv,-0.01~0.03%,not in key numbers
S17,"bias range, 16 boundary cells, AUClast, M1",results/oc_models/sd_se_models.csv,-1.50~0.92%,not in key numbers
S17,"bias range, 16 boundary cells, AUClast, M0",results/oc_models/sd_se_models.csv,-1.50~0.92%,not in key numbers
S17,"bias range, 16 boundary cells, AUCinf_Ai, M1",results/oc_models/sd_se_models.csv,-2.63~7.96%,not in key numbers
S17,"bias range, 16 boundary cells, AUCinf_A, M1",results/oc_models/sd_se_models.csv,-5.26~8.08%,not in key numbers
S17,"bias range, 16 boundary cells, AUCinf_B, M1",results/oc_models/sd_se_models.csv,-0.87~3.83%,not in key numbers
S17,"bias range, 16 boundary cells, AUCinf_Ci, M1",results/oc_models/sd_se_models.csv,-0.93~0.44%,not in key numbers
S17,"bias range, 16 boundary cells, criteria set config A_iii, M1",results/criteria/criteria_bias.csv,-2.64~10.81%,file not cited
S17,"bias range, 16 boundary cells, criteria set config A_iv, M1",results/criteria/criteria_bias.csv,-8.36~10.89%,file not cited
S17,"bias range, 16 boundary cells, criteria set config C_ii, M1",results/criteria/criteria_bias.csv,-1.38~0.44%,file not cited
S17,"bias range, 16 boundary cells, criteria set config C_iii, M1",results/criteria/criteria_bias.csv,-1.13~0.49%,file not cited
S17,"bias range, 16 boundary cells, criteria set config C_iv, M1",results/criteria/criteria_bias.csv,-1.65~0.96%,file not cited
S17,"cells biased toward 1 (Monte Carlo interval excludes 0), AUCinf_true, M1",results/oc_models/sd_se_models.csv,0,not in key numbers
S17,"cells biased toward 1 (Monte Carlo interval excludes 0), AUCinf_true, M0",results/oc_models/sd_se_models.csv,0,not in key numbers
S17,"cells biased toward 1 (Monte Carlo interval excludes 0), AUClast, M1",results/oc_models/sd_se_models.csv,1,consistent after rounding
S17,"cells biased toward 1 (Monte Carlo interval excludes 0), AUClast, M0",results/oc_models/sd_se_models.csv,1,consistent after rounding
S17,"cells biased toward 1 (Monte Carlo interval excludes 0), AUCinf_Ai, M1",results/oc_models/sd_se_models.csv,10,not in key numbers
S17,"cells biased toward 1 (Monte Carlo interval excludes 0), AUCinf_Ai, M0",results/oc_models/sd_se_models.csv,11,not in key numbers
S17,"cells biased toward 1 (Monte Carlo interval excludes 0), AUCinf_A, M1",results/oc_models/sd_se_models.csv,14,not in key numbers
S17,"cells biased toward 1 (Monte Carlo interval excludes 0), AUCinf_A, M0",results/oc_models/sd_se_models.csv,14,not in key numbers
S17,"cells biased toward 1 (Monte Carlo interval excludes 0), AUCinf_B, M1",results/oc_models/sd_se_models.csv,11,not in key numbers
S17,"cells biased toward 1 (Monte Carlo interval excludes 0), AUCinf_B, M0",results/oc_models/sd_se_models.csv,11,not in key numbers
S17,"cells biased toward 1 (Monte Carlo interval excludes 0), AUCinf_Ci, M0",results/oc_models/sd_se_models.csv,1,consistent after rounding
S17,"identical products: geometric mean of trial GMRs, two models, AUCinf_true, M1",results/oc_models/sd_se_models.csv,1.0000~1.0001,not in key numbers
S17,"identical products: geometric mean of trial GMRs, two models, AUClast, M1",results/oc_models/sd_se_models.csv,1.0002~1.0005,not in key numbers
S17,"identical products: geometric mean of trial GMRs, two models, AUCinf_Ai, M1",results/oc_models/sd_se_models.csv,1.0000~1.0001,not in key numbers
S17,"identical products: geometric mean of trial GMRs, two models, AUCinf_B, M1",results/oc_models/sd_se_models.csv,1.0001~1.0004,not in key numbers
S17,"geometric mean of trial GMRs, AUClast, k2016, Vmax_up_080, M1",results/oc_models/sd_se_models.csv,0.7874,not in key numbers
S17,"geometric mean of trial GMRs, AUCinf_Ai, k2016, Vmax_up_080, M1",results/oc_models/sd_se_models.csv,0.8343,not in key numbers
S17,"geometric mean of trial GMRs, AUCinf_B, k2016, Vmax_up_080, M1",results/oc_models/sd_se_models.csv,0.8256,not in key numbers
S17,"geometric mean of trial GMRs, AUCinf_true, k2016, Vmax_up_080, M1",results/oc_models/sd_se_models.csv,0.7996,not in key numbers
S17,"true AUC0-inf ratio (common virtual subjects), k2016, Vmax_up_080",results/oc_models/sd_se_models.csv,0.7994,not in key numbers
S18,"Km multiplier search range, test arm",config/oc_design.yaml,0.01~100,file not cited
S18,true AUC0-inf ratio range over Km x0.01 to x100 (range ends and reached rows),results/oc/inversion_all.csv,0.999~1.059,matched
S18,lower equivalence limit,config/trial_design.yaml,0.80,file not cited
S18,upper equivalence limit,config/trial_design.yaml,1.25,file not cited
S18,"F multiplier reaching 0.80, k2016",results/oc/inversion_all.csv,0.87,not in key numbers
S18,"F multiplier reaching 0.80, k2020",results/oc/inversion_all.csv,0.87,not in key numbers
S18,"ka multiplier reaching 0.80, k2016",results/oc/inversion_all.csv,0.44,not in key numbers
S18,"ka multiplier reaching 0.80, k2020",results/oc/inversion_all.csv,0.42,not in key numbers
S18,"ke multiplier reaching 0.80, k2016",results/oc/inversion_all.csv,1.47,not in key numbers
S18,"ke multiplier reaching 0.80, k2020",results/oc/inversion_all.csv,1.46,not in key numbers
S18,"Vmax multiplier reaching 0.80, k2016",results/oc/inversion_all.csv,1.39,not in key numbers
S18,"Vmax multiplier reaching 0.80, k2020",results/oc/inversion_all.csv,1.40,not in key numbers
S18,"V2 multiplier reaching 0.80, k2016",results/oc/inversion_all.csv,3.21,not in key numbers
S18,"V2 multiplier reaching 0.80, k2020",results/oc/inversion_all.csv,2.28,not in key numbers
S18,Km: rows reaching target 0.80 (none),results/oc/inversion_all.csv,0,consistent after rounding
S18,"F multiplier reaching 1.25, k2016",results/oc/inversion_all.csv,1.15,not in key numbers
S18,"F multiplier reaching 1.25, k2020",results/oc/inversion_all.csv,1.15,not in key numbers
S18,ka: rows reaching target 1.25 (none),results/oc/inversion_all.csv,0,consistent after rounding
S18,"ke multiplier reaching 1.25, k2016",results/oc/inversion_all.csv,0.63,not in key numbers
S18,"ke multiplier reaching 1.25, k2020",results/oc/inversion_all.csv,0.64,not in key numbers
S18,"Vmax multiplier reaching 1.25, k2016",results/oc/inversion_all.csv,0.66,not in key numbers
S18,"Vmax multiplier reaching 1.25, k2020",results/oc/inversion_all.csv,0.65,not in key numbers
S18,V2: rows reaching target 1.25 (none),results/oc/inversion_all.csv,0,consistent after rounding
S18,Km: rows reaching target 1.25 (none),results/oc/inversion_all.csv,0,consistent after rounding
S18,common virtual subjects for the true ratio,config/oc_design.yaml,"200,000",file not cited
S18,Km multiplier search range (caption),config/oc_design.yaml,×0.01~×100,file not cited
S18,"search range of the other mechanisms (F, ka, ke, Vmax, V2)",config/oc_design.yaml,×0.1~×10,file not cited
S18,pre-specified target ratios,results/oc/inversion_all.csv,12,matched
S18,true Cmax ratio range over Km x0.01 to x100 (range ends and reached rows),results/oc/inversion_all.csv,1.000~1.010,not in key numbers
S18,"true AUC0-inf ratio range over Km x0.01 to x100, k2016",results/oc/inversion_all.csv,0.999~1.059,matched
S18,"true AUC0-inf ratio range over Km x0.01 to x100, k2020",results/oc/inversion_all.csv,0.999~1.054,not in key numbers
S18,"pre-specified target ratios, range",results/oc/inversion_all.csv,0.70~1.43,matched
S18,reachable Km target,results/oc/inversion_all.csv,1.05,matched
S18,"Km multiplier reaching 1.05, k2016",results/oc/inversion_all.csv,84,not in key numbers
S18,"Km multiplier reaching 1.05, k2020",results/oc/inversion_all.csv,92,not in key numbers
S18,screening subjects,config/oc_design.yaml,"20,000",file not cited
S18,body weight inclusion range (kg),config/trial_design.yaml,60~90,file not cited
S18,"true AUC0-inf ratio at Km x0.01, k2016",results/oc/inversion_all.csv,0.999,matched
S18,"true AUC0-inf ratio at Km x100, k2016",results/oc/inversion_all.csv,1.059,matched
S18,"true AUC0-inf ratio at Km x0.01, k2020",results/oc/inversion_all.csv,0.999,matched
S18,"true AUC0-inf ratio at Km x100, k2020",results/oc/inversion_all.csv,1.054,not in key numbers
S18,"true Cmax ratio at Km x100, k2016",results/oc/inversion_all.csv,1.010,not in key numbers
S18,"true Cmax ratio at Km x100, k2020",results/oc/inversion_all.csv,1.010,not in key numbers
S18,"true Cmax ratio at Km x0.01, k2016",results/oc/inversion_all.csv,1.000,not in key numbers
S18,"true Cmax ratio at Km x0.01, k2020",results/oc/inversion_all.csv,1.000,not in key numbers
S18,"Km multiplier reaching 1.05, k2016 (2 decimals)",results/oc/inversion_all.csv,84.04,not in key numbers
S18,"Km multiplier reaching 1.05, k2020 (2 decimals)",results/oc/inversion_all.csv,91.95,not in key numbers
S18,"smallest multiplier reaching 0.80 or 1.25, other mechanisms, two models",results/oc/inversion_all.csv,0.42,not in key numbers
S18,"largest multiplier reaching 0.80 or 1.25, other mechanisms, two models",results/oc/inversion_all.csv,3.21,not in key numbers
S19,nominal type I error per one-sided test (%) = (1 - be.ci_level) / 2,config/trial_design.yaml,5%,file not cited
S19,V2 multiplier k2020,results/oc_models/p2_decomposition_models.csv,2.28,file not cited
S19,"P2 boundary type I error, 2020 model V2 cell, M1, 20,000 trials",results/oc_models/type1_models.csv,5.63%,matched
S19,2020 V2 AUC0-last bias M1,results/oc_models/p2_decomposition_models.csv,0.41%,file not cited
S19,M1 G2_Ai boundary cells above 5% (point),results/oc_models/type1_models.csv,10,not in key numbers
S19,M1 G2_Aii boundary cells above 5% (point),results/oc_models/type1_models.csv,12,not in key numbers
S19,M1 G2_B boundary cells above 5% (point),results/oc_models/type1_models.csv,10,not in key numbers
S19,M1 G2_Ai boundary cells above 5% (Wilson lower bound),results/oc_models/type1_models.csv,8,not in key numbers
S19,M1 G2_Aii boundary cells above 5% (Wilson lower bound),results/oc_models/type1_models.csv,12,not in key numbers
S19,M1 G2_B boundary cells above 5% (Wilson lower bound),results/oc_models/type1_models.csv,8,not in key numbers
S19,boundary cells,results/oc_models/type1_models.csv,16,not in key numbers
S19,"AUC0-inf rules A (i) to (iv) and B + Cmax in the 2020 V2 cell, M1",results/criteria/criteria_g2_type1.csv,1.07~4.04%,not in key numbers
S19,"G2_C_i, 2020 V2 cell, M1",results/criteria/criteria_g2_type1.csv,5.06%,not in key numbers
S19,"G2_C_iv, 2020 V2 cell, M1",results/criteria/criteria_g2_type1.csv,6.65%,not in key numbers
S19,"M1 boundary cells above 5% (point), rules A (i), A (ii), B: range of the three counts",results/oc_models/type1_models.csv,10~12,not in key numbers
S19,"M1 boundary cells with Wilson lower bound above 5%, rules A (i), A (ii), B: range of the three counts",results/oc_models/type1_models.csv,8~12,not in key numbers
S19,M1 P2 boundary cells above 5% (point),results/oc_models/type1_models.csv,1,matched
S19,pre-specified trials,results/oc_models/extension_decision_models.csv,"10,000",file not cited
S19,trials after extension,results/oc_models/extension_decision_models.csv,"20,000",file not cited
S19,"P2 at the pre-specified 10,000 trials, 2020 V2 cell, M1",results/oc_models/extension_decision_models.csv,5.74%,file not cited
S19,"P2 at the pre-specified 10,000 trials, 2020 V2 cell, M0",results/oc_models/extension_decision_models.csv,5.32%,file not cited
S19,"Wilson lower bound, P2 at 10,000 trials, M0",results/oc_models/extension_decision_models.csv,4.90%,file not cited
S19,"Wilson upper bound, P2 at 10,000 trials, M0",results/oc_models/extension_decision_models.csv,5.78%,file not cited
S19,V2 multiplier k2016,results/oc_models/p2_decomposition_models.csv,3.21,file not cited
S19,true AUC0-inf ratio targeted in the V2 cells,results/oc_models/p2_decomposition_models.csv,0.80,file not cited
S19,"P2, 2016 model V2 cell, M1",results/oc_models/type1_models.csv,4.33%,not in key numbers
S19,"unbiased reference minus 5 (points), 2020 V2 cell, M1",results/oc_models/p2_decomposition_models.csv,-0.060,file not cited
S19,"AUC0-last effect (points), 2020 V2 cell, M1",results/oc_models/p2_decomposition_models.csv,0.705,file not cited
S19,"Cmax effect (points), 2020 V2 cell, M1",results/oc_models/p2_decomposition_models.csv,-0.020,file not cited
S19,"P2 minus 5 (points), 2020 V2 cell, M1",results/oc_models/p2_decomposition_models.csv,0.625,file not cited
S19,"unbiased reference minus 5 (points), 2020 V2 cell, M0",results/oc_models/p2_decomposition_models.csv,-0.415,file not cited
S19,"AUC0-last effect (points), 2020 V2 cell, M0",results/oc_models/p2_decomposition_models.csv,0.610,file not cited
S19,"Cmax effect (points), 2020 V2 cell, M0",results/oc_models/p2_decomposition_models.csv,-0.015,file not cited
S19,"P2 minus 5 (points), 2020 V2 cell, M0",results/oc_models/p2_decomposition_models.csv,0.180,file not cited
S19,boundary cells per model,results/oc_models/type1_models.csv,8,not in key numbers
S19,"true AUC0-inf ratio, 2020 V2 cell",results/oc_models/p2_decomposition_models.csv,0.800,file not cited
S19,"true Cmax ratio, 2020 V2 cell",results/oc_models/p2_decomposition_models.csv,0.891,file not cited
S19,2020 V2 cell P2 M0,results/oc_models/p2_decomposition_models.csv,5.18% (95% CI 4.88~5.50),file not cited
S19,2020 V2 cell P2 M1,results/oc_models/p2_decomposition_models.csv,5.63% (95% CI 5.31~5.95),file not cited
S19,2020 V2 cell P2 M2,results/oc_models/p2_decomposition_models.csv,5.75% (95% CI 5.43~6.08),file not cited
S19,class M0,results/oc_models/p2_decomposition_models.csv,nominal,file not cited
S19,class M1,results/oc_models/p2_decomposition_models.csv,exceeding,file not cited
S19,class M2,results/oc_models/p2_decomposition_models.csv,exceeding,file not cited
S19,"P2 first 10,000 trials, 2020 V2 cell, M0",results/oc_models/type1_models.csv,5.32% (95% CI 4.90~5.78),not in key numbers
S19,"P2 first 10,000 trials, 2020 V2 cell, M1",results/oc_models/type1_models.csv,5.74% (95% CI 5.30~6.21),not in key numbers
S19,"P2 first 10,000 trials, 2020 V2 cell, M2",results/oc_models/type1_models.csv,5.83% (95% CI 5.39~6.31),not in key numbers
S19,"P2 class at the first 10,000 trials, M0",results/oc_models/type1_models.csv,nominal,matched
S19,"P2 class at the first 10,000 trials, M1",results/oc_models/type1_models.csv,exceeding,matched
S19,"P2 class at the first 10,000 trials, M2",results/oc_models/type1_models.csv,exceeding,matched
S19,"AUC0-last bias with 95% interval, M1",results/oc_models/p2_decomposition_models.csv,0.41% (95% CI 0.34~0.48),file not cited
S19,"AUC0-last bias with 95% interval, M0",results/oc_models/p2_decomposition_models.csv,0.41% (95% CI 0.34~0.49),file not cited
S19,unbiased reference M0,results/oc_models/p2_decomposition_models.csv,4.59%,file not cited
S19,2020 V2 unbiased reference M1,results/oc_models/p2_decomposition_models.csv,4.94%,file not cited
S19,2020 V2 AUC0-last alone M1,results/oc_models/p2_decomposition_models.csv,5.65%,file not cited
S19,"SD/SE of the unbiased reference, M0",results/oc_models/p2_decomposition_models.csv,0.971,file not cited
S19,"SD/SE of the unbiased reference, M1",results/oc_models/p2_decomposition_models.csv,0.998,file not cited
S19,"G2_A_i, 2020 V2 cell, M1",results/criteria/criteria_g2_type1.csv,2.57%,not in key numbers
S19,"G2_A_ii, 2020 V2 cell, M1",results/criteria/criteria_g2_type1.csv,1.28%,not in key numbers
S19,"G2_A_iii, 2020 V2 cell, M1",results/criteria/criteria_g2_type1.csv,2.13%,not in key numbers
S19,"G2_A_iv, 2020 V2 cell, M1",results/criteria/criteria_g2_type1.csv,1.07%,not in key numbers
S19,"G2_B, 2020 V2 cell, M1",results/criteria/criteria_g2_type1.csv,4.04%,not in key numbers
S19,"G2_C_i, 2020 V2 cell, M1",results/criteria/criteria_g2_type1.csv,5.06%,not in key numbers
S19,"G2_C_ii, 2020 V2 cell, M1",results/criteria/criteria_g2_type1.csv,5.39%,not in key numbers
S19,"G2_C_iii, 2020 V2 cell, M1",results/criteria/criteria_g2_type1.csv,5.65%,not in key numbers
S19,"G2_C_iv, 2020 V2 cell, M1",results/criteria/criteria_g2_type1.csv,6.65%,not in key numbers
S19,"G2_A_i, 2020 V2 cell, M0",results/criteria/criteria_g2_type1.csv,2.30%,not in key numbers
S19,"G2_A_ii, 2020 V2 cell, M0",results/criteria/criteria_g2_type1.csv,1.06%,not in key numbers
S19,"G2_A_iii, 2020 V2 cell, M0",results/criteria/criteria_g2_type1.csv,1.86%,not in key numbers
S19,"G2_A_iv, 2020 V2 cell, M0",results/criteria/criteria_g2_type1.csv,0.94%,not in key numbers
S19,"G2_B, 2020 V2 cell, M0",results/criteria/criteria_g2_type1.csv,3.71%,not in key numbers
S19,"G2_C_i, 2020 V2 cell, M0",results/criteria/criteria_g2_type1.csv,4.63%,not in key numbers
S19,"G2_C_ii, 2020 V2 cell, M0",results/criteria/criteria_g2_type1.csv,5.01%,not in key numbers
S19,"G2_C_iii, 2020 V2 cell, M0",results/criteria/criteria_g2_type1.csv,5.21%,matched
S19,"G2_C_iv, 2020 V2 cell, M0",results/criteria/criteria_g2_type1.csv,6.05%,not in key numbers
S19,"NCA AUCinf_A bias, 2020 V2 cell, M1",results/oc_models/sd_se_models.csv,-3.12%,not in key numbers
S19,"NCA AUCinf_Ai bias, 2020 V2 cell, M1",results/oc_models/sd_se_models.csv,-1.51%,not in key numbers
S19,"NCA AUCinf_B bias, 2020 V2 cell, M1",results/oc_models/sd_se_models.csv,-0.46%,not in key numbers
S19,"NCA AUCinf_C bias, 2020 V2 cell, M1",results/oc_models/sd_se_models.csv,0.31%,not in key numbers
S19,"NCA AUCinf_Ci bias, 2020 V2 cell, M1",results/oc_models/sd_se_models.csv,0.14%,not in key numbers
S19,M1 G2_Ci boundary cells above 5% (point),results/oc_models/type1_models.csv,1,matched
S19,M1 G2_Ci boundary cells above 5% (Wilson lower bound),results/oc_models/type1_models.csv,0,matched
S19,M1 rule C (ii) cells above 5% (point),results/criteria/criteria_g2_type1.csv,1,matched
S19,"unbiased reference, 2016 ka down, M1",results/oc_models/type1_models.csv,5.60%,not in key numbers
S19,"unbiased reference, 2020 ka down, M1",results/oc_models/type1_models.csv,5.83%,not in key numbers
S19,"P2 in the ka down cells, M1",results/oc_models/type1_models.csv,0.00%,matched
S19,registered expectation for the V2 cell (criterion),results/oc_models/expectations_check.csv,point estimate within 5.6 +/- 0.3%,not in key numbers
S19,registered expectation consistent,results/oc_models/expectations_check.csv,TRUE,matched
S20,"schedule B0, last (study day = days after dose + 1)",config/trial_design.yaml,57,file not cited
S20,"schedule B0, n (study day = days after dose + 1)",config/trial_design.yaml,13,file not cited
S20,candidate schedules (added or removed samples),results/trials/schedule_decision_base.csv,5,not in key numbers
S20,criterion (a) threshold (%),config/trial_design.yaml,2,file not cited
S20,criterion (b) threshold (points),config/trial_design.yaml,2,file not cited
S20,criterion (c) threshold (points),config/trial_design.yaml,5,file not cited
S20,criterion (d) threshold (ratio to B0),config/trial_design.yaml,0.5,file not cited
S20,NCA extrapolation flag threshold (%),config/nca_rules.yaml,20,file not cited
S20,confidence level of the equivalence CI (%),config/trial_design.yaml,90,file not cited
S20,ke multiplier of the scenario for criterion (b),config/scenarios.yaml,1.10,file not cited
S20,added visits per added sample point,config/trial_design.yaml,260,file not cited
S20,schedule D1: study days added relative to B0,config/trial_design.yaml,"39, 46",file not cited
S20,schedule D2: study days added relative to B0,config/trial_design.yaml,"39, 46, 53",file not cited
S20,schedule D3: study days added relative to B0,config/trial_design.yaml,"32, 39, 46, 53",file not cited
S20,schedule D4: study days added relative to B0,config/trial_design.yaml,"40, 47",file not cited
S20,schedule Bminus: study days removed relative to B0,config/trial_design.yaml,50,file not cited
S20,"added visits, D1",results/trials/schedule_decision_base.csv,520,not in key numbers
S20,"added visits, D2",results/trials/schedule_decision_base.csv,780,not in key numbers
S20,"added visits, D3",results/trials/schedule_decision_base.csv,"1,040",not in key numbers
S20,"added visits, D4",results/trials/schedule_decision_base.csv,520,not in key numbers
S20,"added visits, Bminus",results/trials/schedule_decision_base.csv,-260,not in key numbers
S20,"(a) relative decrease of mean AUC0-last CI width (%), schedule D1, k2016",results/trials/schedule_decision_base.csv,-0.39,not in key numbers
S20,"(a) relative decrease of mean AUC0-last CI width (%), schedule D1, k2020",results/trials/schedule_decision_struct2020.csv,-0.32,file not cited
S20,"(a) relative decrease of mean AUC0-last CI width (%), schedule D2, k2016",results/trials/schedule_decision_base.csv,-0.47,not in key numbers
S20,"(a) relative decrease of mean AUC0-last CI width (%), schedule D2, k2020",results/trials/schedule_decision_struct2020.csv,-0.43,file not cited
S20,"(a) relative decrease of mean AUC0-last CI width (%), schedule D3, k2016",results/trials/schedule_decision_base.csv,-0.13,not in key numbers
S20,"(a) relative decrease of mean AUC0-last CI width (%), schedule D3, k2020",results/trials/schedule_decision_struct2020.csv,0.06,file not cited
S20,"(a) relative decrease of mean AUC0-last CI width (%), schedule D4, k2016",results/trials/schedule_decision_base.csv,-0.40,not in key numbers
S20,"(a) relative decrease of mean AUC0-last CI width (%), schedule D4, k2020",results/trials/schedule_decision_struct2020.csv,-0.34,file not cited
S20,"(a) relative decrease of mean AUC0-last CI width (%), schedule Bminus, k2016",results/trials/schedule_decision_base.csv,0.69,not in key numbers
S20,"(a) relative decrease of mean AUC0-last CI width (%), schedule Bminus, k2020",results/trials/schedule_decision_struct2020.csv,0.87,file not cited
S20,"(b) AUC0-last pass change at ke x1.10 (points), schedule D1, k2016",results/trials/schedule_decision_base.csv,-0.4,not in key numbers
S20,"(b) AUC0-last pass change at ke x1.10 (points), schedule D1, k2020",results/trials/schedule_decision_struct2020.csv,-0.4,file not cited
S20,"(b) AUC0-last pass change at ke x1.10 (points), schedule D2, k2016",results/trials/schedule_decision_base.csv,-0.4,not in key numbers
S20,"(b) AUC0-last pass change at ke x1.10 (points), schedule D2, k2020",results/trials/schedule_decision_struct2020.csv,-0.4,file not cited
S20,"(b) AUC0-last pass change at ke x1.10 (points), schedule D3, k2016",results/trials/schedule_decision_base.csv,-0.2,not in key numbers
S20,"(b) AUC0-last pass change at ke x1.10 (points), schedule D3, k2020",results/trials/schedule_decision_struct2020.csv,0.0,file not cited
S20,"(b) AUC0-last pass change at ke x1.10 (points), schedule D4, k2016",results/trials/schedule_decision_base.csv,0.0,not in key numbers
S20,"(b) AUC0-last pass change at ke x1.10 (points), schedule D4, k2020",results/trials/schedule_decision_struct2020.csv,-0.4,file not cited
S20,"(b) AUC0-last pass change at ke x1.10 (points), schedule Bminus, k2016",results/trials/schedule_decision_base.csv,0.2,not in key numbers
S20,"(b) AUC0-last pass change at ke x1.10 (points), schedule Bminus, k2020",results/trials/schedule_decision_struct2020.csv,0.4,file not cited
S20,"(c) reliability change, set (ii) (points), schedule D1, k2016",results/trials/schedule_decision_base.csv,-0.60,not in key numbers
S20,"(c) reliability change, set (ii) (points), schedule D1, k2020",results/trials/schedule_decision_struct2020.csv,-3.11,file not cited
S20,"(c) reliability change, set (ii) (points), schedule D2, k2016",results/trials/schedule_decision_base.csv,-0.27,not in key numbers
S20,"(c) reliability change, set (ii) (points), schedule D2, k2020",results/trials/schedule_decision_struct2020.csv,-2.29,file not cited
S20,"(c) reliability change, set (ii) (points), schedule D3, k2016",results/trials/schedule_decision_base.csv,1.69,not in key numbers
S20,"(c) reliability change, set (ii) (points), schedule D3, k2020",results/trials/schedule_decision_struct2020.csv,-1.94,file not cited
S20,"(c) reliability change, set (ii) (points), schedule D4, k2016",results/trials/schedule_decision_base.csv,-0.83,not in key numbers
S20,"(c) reliability change, set (ii) (points), schedule D4, k2020",results/trials/schedule_decision_struct2020.csv,-3.50,file not cited
S20,"(c) reliability change, set (ii) (points), schedule Bminus, k2016",results/trials/schedule_decision_base.csv,-1.82,not in key numbers
S20,"(c) reliability change, set (ii) (points), schedule Bminus, k2020",results/trials/schedule_decision_struct2020.csv,-3.18,file not cited
S20,"(d) share with NCA extrapolation above 20%, ratio to B0, schedule D1, k2016",results/trials/schedule_decision_base.csv,0.92,not in key numbers
S20,"(d) share with NCA extrapolation above 20%, ratio to B0, schedule D1, k2020",results/trials/schedule_decision_struct2020.csv,0.97,file not cited
S20,"(d) share with NCA extrapolation above 20%, ratio to B0, schedule D2, k2016",results/trials/schedule_decision_base.csv,0.93,not in key numbers
S20,"(d) share with NCA extrapolation above 20%, ratio to B0, schedule D2, k2020",results/trials/schedule_decision_struct2020.csv,0.97,file not cited
S20,"(d) share with NCA extrapolation above 20%, ratio to B0, schedule D3, k2016",results/trials/schedule_decision_base.csv,0.60,not in key numbers
S20,"(d) share with NCA extrapolation above 20%, ratio to B0, schedule D3, k2020",results/trials/schedule_decision_struct2020.csv,0.69,file not cited
S20,"(d) share with NCA extrapolation above 20%, ratio to B0, schedule D4, k2016",results/trials/schedule_decision_base.csv,0.93,not in key numbers
S20,"(d) share with NCA extrapolation above 20%, ratio to B0, schedule D4, k2020",results/trials/schedule_decision_struct2020.csv,0.97,file not cited
S20,"(d) share with NCA extrapolation above 20%, ratio to B0, schedule Bminus, k2016",results/trials/schedule_decision_base.csv,1.29,not in key numbers
S20,"(d) share with NCA extrapolation above 20%, ratio to B0, schedule Bminus, k2020",results/trials/schedule_decision_struct2020.csv,1.29,file not cited
S20,"share above the LLOQ after study Day 58, k2016",results/cliff/cliff_summary.csv,2.5%,matched
S20,"share above the LLOQ after study Day 58, k2020",results/cliff/cliff_summary.csv,4.6%,not in key numbers
S20,"relative decrease of the mean AUC0-last CI width with added samples (%), range over D1 to D4, two models",results/trials/schedule_decision_base.csv,-0.47~+0.06,not in key numbers
S20,"largest relative decrease of the mean AUC0-last CI width with added samples (%), two models",results/trials/schedule_decision_base.csv,0.06,not in key numbers
S20,"largest reliability gain versus B0, set (i), trial population, D1 to D4",results/reliability/reliability_paired_vs_B0.csv,2.76,matched
S20,"largest reliability gain versus B0, set (ii), trial population, D1 to D4",results/reliability/reliability_paired_vs_B0.csv,1.69,matched
S20,"(a) CI width decrease when Day 50 is removed (%), schedule Bminus, k2016",results/trials/schedule_decision_base.csv,0.69,not in key numbers
S20,"(a) CI width decrease when Day 50 is removed (%), schedule Bminus, k2020",results/trials/schedule_decision_struct2020.csv,0.87,file not cited
S20,"(d) ratio of the share above 20% extrapolation when Day 50 is removed, schedule Bminus, k2016",results/trials/schedule_decision_base.csv,1.29,not in key numbers
S20,"(d) ratio of the share above 20% extrapolation when Day 50 is removed, schedule Bminus, k2020",results/trials/schedule_decision_struct2020.csv,1.29,file not cited
S20,"(c) reliability change, set (ii), when Day 50 is removed (points), schedule Bminus, k2016",results/trials/schedule_decision_base.csv,-1.82,not in key numbers
S20,"(c) reliability change, set (ii), when Day 50 is removed (points), schedule Bminus, k2020",results/trials/schedule_decision_struct2020.csv,-3.18,file not cited
S20,schedule Bminus: study days removed relative to B0,config/trial_design.yaml,50,file not cited
S20,study-day threshold in column name lloq_after_day58_pct,results/cliff/cliff_summary.csv,58,matched
S20,added visits per added sample point,config/trial_design.yaml,260,file not cited
S20,subjects per model and variant,config/trial_design.yaml,"20,000",file not cited
S20,trials per model and variant,config/trial_design.yaml,500,file not cited
S20,schedule decision date,config/schedule_decision.yaml,2026-09-24,file not cited
S20,"reliability change set (i), D3, k2016 (points)",results/reliability/reliability_paired_vs_B0.csv,2.76%p (95% CI 2.25~3.26),matched
S20,"reliability change set (i), D3, k2020 (points)",results/reliability/reliability_paired_vs_B0.csv,1.24%p,matched
S20,"reliability change set (i), D1 to D4, two models (points)",results/reliability/reliability_paired_vs_B0.csv,-1.02~2.76,not in key numbers
S20,"reliability change set (ii), D1 to D4, two models (points)",results/reliability/reliability_paired_vs_B0.csv,-3.50~1.69,not in key numbers
S20,"(d) D3 ratio, schedule D3, k2016",results/trials/schedule_decision_base.csv,0.60,not in key numbers
S20,"(d) D3 ratio, schedule D3, k2020",results/trials/schedule_decision_struct2020.csv,0.69,file not cited
S20,"(d) D3 ratio with bootstrap interval, base",results/trials/schedule_decision_base.csv,0.60 (95% CI 0.53~0.67),not in key numbers
S20,"(d) D3 ratio with bootstrap interval, struct2020",results/trials/schedule_decision_struct2020.csv,0.69 (95% CI 0.61~0.76),file not cited
S20,subjects in the criterion (d) re-evaluation,results/individual200k/criterion_d_200k_base.csv,"200,000",file not cited
S20,"criterion (d) at 200,000 subjects, D3, k2016",results/individual200k/criterion_d_200k_base.csv,0.603 (95% CI 0.583~0.624),file not cited
S20,"criterion (d) at 200,000 subjects, D3, k2020",results/individual200k/criterion_d_200k_struct2020.csv,0.725 (95% CI 0.701~0.748),file not cited
S20,Vmax multiplier of the curvature variant (both arms),config/scenarios.yaml,0.8,file not cited
S20,"criterion (d), Vmax x0.8 both arms, D3, 20,000 subjects",results/trials/schedule_decision_vmax080_both.csv,0.488 (95% CI 0.371~0.620),file not cited
S20,"criterion (d) at 200,000 subjects, Vmax x0.8 both arms, D3",results/individual200k/criterion_d_200k_vmax080_both.csv,0.586 (95% CI 0.552~0.623),file not cited
S20,"absolute change per arm at 200,000 subjects, Vmax x0.8, D3",results/individual200k/criterion_d_200k_vmax080_both.csv,-0.23,file not cited
S20,"added visits, D3",results/trials/schedule_decision_vmax080_both.csv,"1,040",file not cited
S20,"median study day at LLOQ, k2016",results/cliff/cliff_summary.csv,38.5,matched
S20,"median study day at LLOQ, k2020",results/cliff/cliff_summary.csv,40.8,not in key numbers
S20,"95th percentile study day at LLOQ, k2016",results/cliff/cliff_summary.csv,54.2,matched
S20,"95th percentile study day at LLOQ, k2020",results/cliff/cliff_summary.csv,57.6,not in key numbers
S20,"quantifiable at the last planned sample, k2016",results/individual/individual_base.csv,3.4%,file not cited
S20,"quantifiable at the last planned sample, k2020",results/individual/individual_struct2020.csv,5.5%,file not cited
S20,"alternative weight distribution, truncation (kg), outside the trial population",config/trial_design.yaml,50~90,file not cited
S21,nominal type I error per one-sided test (%) = (1 - be.ci_level) / 2,config/trial_design.yaml,5%,file not cited
S21,"proportional residual, variant",results/trialpop/tp_residual_sensitivity.csv,12%,matched
S21,boundary cells per model,results/oc_models/type1_models.csv,8,not in key numbers
S21,trials per boundary scenario (pre-specified),config/oc_design.yaml,"10,000",file not cited
S21,trials after extension,config/prereg_20260926.yaml,"20,000",file not cited
S21,"largest P2 boundary type I error, k2016, M1",results/oc_models/type1_models.csv,4.33%,not in key numbers
S21,"largest P2 boundary type I error, k2020, M1",results/oc_models/type1_models.csv,5.63%,matched
S21,"M1 G2_Ai cells above 5%, k2016",results/oc_models/type1_models.csv,6,consistent after rounding
S21,"M1 G2_Ai cells above 5%, k2020",results/oc_models/type1_models.csv,4,not in key numbers
S21,"M1 G2_Ai cells with Wilson lower bound above 5%, k2016",results/oc_models/type1_models.csv,4,not in key numbers
S21,"M1 G2_Ai cells with Wilson lower bound above 5%, k2020",results/oc_models/type1_models.csv,4,not in key numbers
S21,"Km multiplier search range, test arm",config/oc_design.yaml,0.01~×100,file not cited
S21,true AUC0-inf ratio range over Km x0.01 to x100 (range ends and reached rows),results/oc/inversion_all.csv,0.999~1.059,matched
S21,window coverage threshold in column name coverage_lt80_pct (percent),results/curve_shape/curve_shape_B0.csv,80,file not cited
S21,"Km multiplier, variant km05_both (both arms)",config/scenarios.yaml,0.5,file not cited
S21,"Km multiplier, variant km10_both (both arms)",config/scenarios.yaml,10,file not cited
S21,"Vmax multiplier, variant vmax080_both (both arms)",config/scenarios.yaml,0.8,file not cited
S21,"Vmax multiplier, variant vmax125_both (both arms)",config/scenarios.yaml,1.25,file not cited
S21,subjects per curve-shape variant,results/curve_shape/curve_shape_B0.csv,"20,000",file not cited
S21,"share below 80% window coverage, non-stress curve-shape variants",results/curve_shape/curve_shape_B0.csv,0%,file not cited
S21,"95th percentile of true extrapolation, non-stress curve-shape variants",results/curve_shape/curve_shape_B0.csv,2.79~5.29%,file not cited
S21,LLOQ sensitivity range (mg/L),config/assay.yaml,0.02~0.50,file not cited
S21,LLOQ trials per cell,results/lloq/lloq_trial_type1.csv,"5,000",not in key numbers
S21,LLOQ grid M1 P2 range,results/lloq/lloq_trial_type1.csv,2.60~4.62%,matched
S21,LLOQ grid M0 P2 range,results/lloq/lloq_trial_type1.csv,2.22~4.22%,matched
S21,LLOQ grid M1 P2 cells with Wilson lower bound above 5%,results/lloq/lloq_trial_type1.csv,0,not in key numbers
S21,LLOQ grid M1 P2 cells with Wilson lower bound above 5% (denominator),results/lloq/lloq_trial_type1.csv,18,not in key numbers
S21,LLOQ grid M1 G2_Aii range,results/lloq/lloq_trial_type1.csv,6.84~28.52%,not in key numbers
S21,LLOQ grid M1 G2_Aii cells with Wilson lower bound above 5%,results/lloq/lloq_trial_type1.csv,18,not in key numbers
S21,LLOQ grid M1 G2_Aii cells with Wilson lower bound above 5% (denominator),results/lloq/lloq_trial_type1.csv,18,not in key numbers
S21,number of LLOQ values in the sensitivity grid,config/assay.yaml,6,file not cited
S21,boundary cells in the LLOQ trials,results/lloq/lloq_trial_type1.csv,3,consistent after rounding
S21,"proportional residual, 2016 model",results/trialpop/tp_residual_sensitivity.csv,24.2%,matched
S21,"set (i) failing, residual 24.2%",results/trialpop/tp_residual_sensitivity.csv,13.4%,matched
S21,"set (i) failing, residual 12%",results/trialpop/tp_residual_sensitivity.csv,5.8%,matched
S21,"set (iii) failing, residual 24.2%",results/trialpop/tp_residual_sensitivity.csv,38.8%,matched
S21,"set (iii) failing, residual 12%",results/trialpop/tp_residual_sensitivity.csv,27.2%,matched
S21,"set (iv) failing, residual 24.2%",results/trialpop/tp_residual_sensitivity.csv,65.9%,matched
S21,"set (iv) failing, residual 12%",results/trialpop/tp_residual_sensitivity.csv,66.0%,matched
S21,"trials per scenario, residual 12%",results/trials/schedules_per_endpoint_resid12.csv,500,file not cited
S21,boundary cells,results/oc_models/type1_models.csv,16,not in key numbers
S21,M0 P2 boundary range,results/oc_models/type1_models.csv,0.00~5.18%,matched
S21,M1 P2 boundary range,results/oc_models/type1_models.csv,0.00~5.63%,matched
S21,M2 P2 boundary range,results/oc_models/type1_models.csv,0.00~5.75%,matched
S21,M0 P2 cells conservative,results/oc_models/type1_models.csv,15,matched
S21,M1 P2 cells conservative,results/oc_models/type1_models.csv,15,matched
S21,M2 P2 cells conservative,results/oc_models/type1_models.csv,15,matched
S21,"P2, 2020 V2 cell, M0",results/oc_models/type1_models.csv,5.18%,matched
S21,"P2, 2020 V2 cell, M1",results/oc_models/type1_models.csv,5.63%,matched
S21,"P2, 2020 V2 cell, M2",results/oc_models/type1_models.csv,5.75%,matched
S21,"P2 largest, 2016 model, M1",results/oc_models/type1_models.csv,4.33% (95% CI 3.95~4.75),not in key numbers
S21,"P2 largest, 2020 model, M1",results/oc_models/type1_models.csv,5.63% (95% CI 5.31~5.95),matched
S21,"largest P2 boundary type I error, k2016, M0",results/oc_models/type1_models.csv,3.97%,not in key numbers
S21,"largest P2 boundary type I error, k2020, M0",results/oc_models/type1_models.csv,5.18%,matched
S21,"largest G2_Ai, 2016 model, M1",results/oc_models/type1_models.csv,20.27%,not in key numbers
S21,"largest G2_Ai, 2020 model, M1",results/oc_models/type1_models.csv,17.89%,not in key numbers
S21,"set (i) failing, 2016 model",results/trialpop/tp_failure_by_set.csv,13.4%,matched
S21,"set (i) failing, 2020 model",results/trialpop/tp_failure_by_set.csv,8.2%,matched
S21,"95th percentile true extrapolation, Km x10",results/curve_shape/curve_shape_B0.csv,2.79%,file not cited
S21,"95th percentile true extrapolation, Vmax x1.25",results/curve_shape/curve_shape_B0.csv,5.29%,file not cited
S21,"Vmax multiplier, variant vmax050_both (both arms)",config/scenarios.yaml,0.5,file not cited
S21,"95th percentile true extrapolation, Vmax x0.5 stress test",results/curve_shape/curve_shape_B0.csv,6.41%,file not cited
S21,"share below 80% coverage, Vmax x0.5 stress test",results/curve_shape/curve_shape_B0.csv,0.035%,file not cited
S21,exposure gate: AUClast mean within +/- tolerance (%),config/design_clot2021.yaml,15,file not cited
S21,"AUClast simulated / observed, Vmax x0.8 both arms",results/curve_shape/curve_shape_B0.csv,1.18,file not cited
S21,"AUClast simulated / observed, Vmax x0.5 stress test",results/curve_shape/curve_shape_B0.csv,1.48,file not cited
S21,LLOQ grid M0 P2 cells with Wilson lower bound above 5%,results/lloq/lloq_trial_type1.csv,0,not in key numbers
S21,LLOQ grid M0 P2 cells with Wilson lower bound above 5% (denominator),results/lloq/lloq_trial_type1.csv,18,not in key numbers
S21,LLOQ grid M0 G2_Aii range,results/lloq/lloq_trial_type1.csv,6.74~28.70%,not in key numbers
S21,LLOQ grid M0 G2_Aii cells with Wilson lower bound above 5%,results/lloq/lloq_trial_type1.csv,18,not in key numbers
S21,LLOQ grid M0 G2_Aii cells with Wilson lower bound above 5% (denominator),results/lloq/lloq_trial_type1.csv,18,not in key numbers
S21,LLOQ grid M1 G2_B range,results/lloq/lloq_trial_type1.csv,3.92~18.36%,not in key numbers
S21,"LLOQ grid, share below 80% window coverage, 2016 model",results/lloq/lloq_individual_table.csv,0.00~0.01%,matched
S21,"LLOQ grid, reliability set (i), 2016 model",results/lloq/lloq_individual_table.csv,84.2~88.0%,matched
S21,study LLOQ (mg/L),config/assay.yaml,0.078,file not cited
S21,"M1 G2_Ai cells above 5% (point estimate), both models",results/oc_models/type1_models.csv,10,not in key numbers
S21,"M1 G2_Ai cells with Wilson lower bound above 5%, both models",results/oc_models/type1_models.csv,8,not in key numbers
S21,"residual 12%, D2, criterion (a) (%)",results/trials/schedule_decision_resid12.csv,-0.50%,file not cited
S21,"residual 12%, D2, criterion (c) (points)",results/trials/schedule_decision_resid12.csv,-2.33,file not cited
S21,"residual 12%, D2, criterion (d) ratio",results/trials/schedule_decision_resid12.csv,0.99,file not cited
S21,"AUC0-last pass rate S00, residual 12%",results/trials/schedules_per_endpoint_resid12.csv,100.0%,file not cited
S21,"AUC0-last pass rate KE110, residual 12%",results/trials/schedules_per_endpoint_resid12.csv,96.4%,file not cited
S21,"AUC0-last pass rate F090, residual 12%",results/trials/schedules_per_endpoint_resid12.csv,21.8%,file not cited
S21,"ke multiplier, scenario KE110",config/scenarios.yaml,1.10,file not cited
S21,"F multiplier, scenario F090",config/scenarios.yaml,0.90,file not cited
S21,"AUC0-last pass rate S00, base",results/trials/schedules_per_endpoint_base.csv,99.6%,file not cited
S21,"AUC0-last pass rate KE110, base",results/trials/schedules_per_endpoint_base.csv,96.0%,file not cited
S21,"AUC0-last pass rate F090, base",results/trials/schedules_per_endpoint_base.csv,22.4%,file not cited
S21,"P2, M1 minus M0, paired (points)",results/oc_models/type1_paired_change.csv,0.00~0.45,file not cited
S21,cells where P2 rises under M1,results/oc_models/type1_paired_change.csv,14,file not cited
S21,SD/SE AUCinf_true M0,results/oc_models/sd_se_models.csv,0.961~0.993,matched
S21,SD/SE AUCinf_true M1,results/oc_models/sd_se_models.csv,0.991~1.020,matched
S21,power k2016 S00 M0 P2,results/oc_models/power_models.csv,99.6% (95% CI 99.4~99.7),matched
S21,power k2016 S00 M1 P2,results/oc_models/power_models.csv,99.7% (95% CI 99.5~99.7),matched
S22,randomized subjects per arm,config/trial_design.yaml,130,file not cited
S22,evaluable subjects per arm,config/trial_design.yaml,117,file not cited
S22,true GMR of the power table,results/sample_size/ss_table_power.csv,0.95,not in key numbers
S22,target power (%),results/sample_size/ss_table_n_needed.csv,90,matched
S22,"largest grid CV with power at the target, protocol n (%)",results/sample_size/ss_table_power.csv,46,not in key numbers
S22,P2 power n 117 CV 46 GMR 0.95 M1,results/sample_size/ss_table_power.csv,92.0%,not in key numbers
S22,sensitivity CV (%),results/sample_size/ss_table_power.csv,50,matched
S22,P2 power n 117 CV 50 GMR 0.95 M1,results/sample_size/ss_table_power.csv,88.0%,matched
S22,protocol CV (%),results/sample_size/ss_table_power.csv,43,matched
S22,P2 power n 117 CV 43 GMR 0.95 M1,results/sample_size/ss_table_power.csv,94.5%,matched
S22,grid CV 35 (%),results/sample_size/ss_table_power.csv,35,not in key numbers
S22,grid CV 40 (%),results/sample_size/ss_table_power.csv,40,not in key numbers
S22,grid CV 43 (%),results/sample_size/ss_table_power.csv,43,matched
S22,grid CV 46 (%),results/sample_size/ss_table_power.csv,46,not in key numbers
S22,grid CV 50 (%),results/sample_size/ss_table_power.csv,50,matched
S22,grid CV 52 (%),results/sample_size/ss_table_power.csv,52,not in key numbers
S22,P2 power n 100 CV 35 GMR 0.95 M1,results/sample_size/ss_table_power.csv,96.8,not in key numbers
S22,P2 power n 100 CV 40 GMR 0.95 M1,results/sample_size/ss_table_power.csv,93.8,not in key numbers
S22,P2 power n 100 CV 43 GMR 0.95 M1,results/sample_size/ss_table_power.csv,91.0,not in key numbers
S22,P2 power n 100 CV 46 GMR 0.95 M1,results/sample_size/ss_table_power.csv,87.7,not in key numbers
S22,P2 power n 100 CV 50 GMR 0.95 M1,results/sample_size/ss_table_power.csv,82.7,not in key numbers
S22,P2 power n 100 CV 52 GMR 0.95 M1,results/sample_size/ss_table_power.csv,80.0,not in key numbers
S22,P2 power n 117 CV 35 GMR 0.95 M1,results/sample_size/ss_table_power.csv,98.5,not in key numbers
S22,P2 power n 117 CV 40 GMR 0.95 M1,results/sample_size/ss_table_power.csv,96.5,not in key numbers
S22,P2 power n 117 CV 43 GMR 0.95 M1,results/sample_size/ss_table_power.csv,94.5,matched
S22,P2 power n 117 CV 46 GMR 0.95 M1,results/sample_size/ss_table_power.csv,92.0,not in key numbers
S22,P2 power n 117 CV 50 GMR 0.95 M1,results/sample_size/ss_table_power.csv,88.0,matched
S22,P2 power n 117 CV 52 GMR 0.95 M1,results/sample_size/ss_table_power.csv,85.7,not in key numbers
S22,P2 power n 130 CV 35 GMR 0.95 M1,results/sample_size/ss_table_power.csv,99.2,not in key numbers
S22,P2 power n 130 CV 40 GMR 0.95 M1,results/sample_size/ss_table_power.csv,97.8,not in key numbers
S22,P2 power n 130 CV 43 GMR 0.95 M1,results/sample_size/ss_table_power.csv,96.3,not in key numbers
S22,P2 power n 130 CV 46 GMR 0.95 M1,results/sample_size/ss_table_power.csv,94.3,not in key numbers
S22,P2 power n 130 CV 50 GMR 0.95 M1,results/sample_size/ss_table_power.csv,90.9,not in key numbers
S22,P2 power n 130 CV 52 GMR 0.95 M1,results/sample_size/ss_table_power.csv,89.0,not in key numbers
S22,P2 power n 140 CV 35 GMR 0.95 M1,results/sample_size/ss_table_power.csv,99.5,not in key numbers
S22,P2 power n 140 CV 40 GMR 0.95 M1,results/sample_size/ss_table_power.csv,98.5,not in key numbers
S22,P2 power n 140 CV 43 GMR 0.95 M1,results/sample_size/ss_table_power.csv,97.3,not in key numbers
S22,P2 power n 140 CV 46 GMR 0.95 M1,results/sample_size/ss_table_power.csv,95.6,not in key numbers
S22,P2 power n 140 CV 50 GMR 0.95 M1,results/sample_size/ss_table_power.csv,92.6,not in key numbers
S22,P2 power n 140 CV 52 GMR 0.95 M1,results/sample_size/ss_table_power.csv,91.0,not in key numbers
S22,P2 power n 117 CV 35 GMR 0.95 M0,results/sample_size/ss_table_power.csv,98.3,not in key numbers
S22,P2 power n 117 CV 40 GMR 0.95 M0,results/sample_size/ss_table_power.csv,96.1,not in key numbers
S22,P2 power n 117 CV 43 GMR 0.95 M0,results/sample_size/ss_table_power.csv,94.0,matched
S22,P2 power n 117 CV 46 GMR 0.95 M0,results/sample_size/ss_table_power.csv,91.4,not in key numbers
S22,P2 power n 117 CV 50 GMR 0.95 M0,results/sample_size/ss_table_power.csv,87.2,matched
S22,P2 power n 117 CV 52 GMR 0.95 M0,results/sample_size/ss_table_power.csv,85.0,not in key numbers
S22,evaluable subjects per arm (grid column),results/sample_size/ss_table_power.csv,100,not in key numbers
S22,evaluable subjects per arm (grid column),results/sample_size/ss_table_power.csv,117,matched
S22,evaluable subjects per arm (grid column),results/sample_size/ss_table_power.csv,130,not in key numbers
S22,evaluable subjects per arm (grid column),results/sample_size/ss_table_power.csv,140,not in key numbers
S22,evaluable subjects per arm (grid column),results/sample_size/ss_table_power.csv,117,matched
S22,n M1 CV 43 GMR 0.95 target 90,results/sample_size/ss_table_n_needed.csv,97,matched
S22,n M1 CV 50 GMR 0.95 target 90,results/sample_size/ss_table_n_needed.csv,126,matched
S22,n randomized M1 CV 50 GMR 0.95 target 90,results/sample_size/ss_table_n_needed.csv,140,matched
S22,n randomized M1 CV 43 GMR 0.95 target 90,results/sample_size/ss_table_n_needed.csv,108,matched
S22,"AUC0-last CV, 2016 model (%)",results/sample_size/ss_inputs.csv,40.3%,file not cited
S22,"AUC0-last CV, 2020 model (%)",results/sample_size/ss_inputs.csv,42.8%,file not cited
S22,"Li 2020 Table 3, 300 mg arms, SD/mean range (%)",config/design_clot2021.yaml,35~51,file not cited
S22,Cohen 2022 implied AUC0-last CV (%),results/fallback/sample_size_logsd.csv,52%,file not cited
S22,true GMR of the PK-model check band 0.85 to 0.92,results/sample_size/ss_pk_check.csv,0.90,file not cited
S22,"analytic minus PK-model power, true GMR 0.85 to 0.92 (points)",results/sample_size/ss_pk_check.csv,1.15~2.48,file not cited
S22,true GMRs of the PK-model check band 0.93 to 1.01,results/sample_size/ss_pk_check.csv,0.95~1.00,file not cited
S22,"largest absolute analytic minus PK-model power, true GMR 0.93 to 1.01 (points)",results/sample_size/ss_pk_check.csv,0.61,file not cited
S22,"Cmax CV, 2016 model (%)",results/sample_size/ss_inputs.csv,34.3%,file not cited
S22,"correlation of log AUC0-last and log Cmax, 2016 model",results/sample_size/ss_inputs.csv,0.75,file not cited
S22,share of AUC0-last variance explained by the weight stratum (%),results/sample_size/ss_inputs.csv,5.5%,file not cited
S22,grid cells with the analytic power inside the Wilson interval of the statistical simulation,results/sample_size/ss_power_mc.csv,277,file not cited
S22,grid cells simulated,results/sample_size/ss_power_mc.csv,288,file not cited
S22,trials per grid cell (statistical simulation),results/sample_size/ss_power_mc.csv,"5,000",file not cited
S22,"largest absolute difference, analytic versus statistical simulation (points)",results/sample_size/ss_power_mc.csv,1.50,file not cited
S22,n M0 CV 43 GMR 0.95 target 90,results/sample_size/ss_table_n_needed.csv,100,matched
S22,n randomized M0 CV 43 GMR 0.95 target 90,results/sample_size/ss_table_n_needed.csv,112,matched
S22,n randomized M1 CV 43 GMR 0.95 target 90,results/sample_size/ss_table_n_needed.csv,108,matched
S22,n M0 CV 50 GMR 0.95 target 90,results/sample_size/ss_table_n_needed.csv,129,matched
S22,n randomized M0 CV 50 GMR 0.95 target 90,results/sample_size/ss_table_n_needed.csv,144,matched
S22,P2 power n 117 CV 43 GMR 0.95 M1,results/sample_size/ss_table_power.csv,94.5%,matched
S22,P2 power n 117 CV 43 GMR 0.95 M0,results/sample_size/ss_table_power.csv,94.0%,matched
S22,P2 power n 117 CV 50 GMR 0.95 M0,results/sample_size/ss_table_power.csv,87.2%,matched
S22,"P2 power, next grid n above the protocol n, sensitivity CV, M1",results/sample_size/ss_table_power.csv,90.9%,not in key numbers
S22,next grid n above the protocol n,results/sample_size/ss_table_power.csv,130,not in key numbers
S22,"PK-model trials per check cell, F-decrease cells (true GMR 0.90 and 0.95)",results/sample_size/ss_pk_check.csv,"5,000",file not cited
S22,"PK-model trials per check cell, S00 and F097",results/sample_size/ss_pk_check.csv,"10,000",file not cited
S23,M1 P2 boundary type I error range,results/oc_models/type1_models.csv,0.00~5.63%,matched
S23,M0 P2 boundary type I error range,results/oc_models/type1_models.csv,0.00~5.18%,matched
S23,M1 P2 cells classified conservative,results/oc_models/type1_models.csv,15,matched
S23,M1 P2 cells classified exceeding,results/oc_models/type1_models.csv,1,matched
S23,criteria set (i) adj_r2_min,config/prereg_20260926.yaml,0.80,file not cited
S23,criteria set (i) extrap_max_pct,config/prereg_20260926.yaml,20,file not cited
S23,criteria set (iii) adj_r2_min,config/prereg_20260926.yaml,0.90,file not cited
S23,criteria set (iii) extrap_max_pct,config/prereg_20260926.yaml,20,file not cited
S23,"trial population, set (i) failing, two models",results/trialpop/tp_failure_by_set.csv,8.2~13.4%,matched
S23,"trial population, set (iii) failing, two models",results/trialpop/tp_failure_by_set.csv,33.2~38.8%,matched
S23,M0 rule C set (i) largest boundary value,results/criteria/criteria_g2_type1.csv,4.63%,not in key numbers
S23,M1 rule C set (i) largest boundary value,results/criteria/criteria_g2_type1.csv,5.06%,not in key numbers
S23,M1 F3B boundary type I error range,results/oc_models/type1_models.csv,0.00~3.95%,not in key numbers
S23,M1 G2_B cells with point estimate above 5%,results/oc_models/type1_models.csv,10,not in key numbers
S23,M1 G2_B cells with Wilson lower bound above 5%,results/oc_models/type1_models.csv,8,not in key numbers
S23,boundary cells per configuration (M1),results/oc_models/type1_models.csv,16,not in key numbers
S23,nominal type I error per one-sided test (%) = (1 - be.ci_level) / 2,config/trial_design.yaml,5%,file not cited
S23,randomization stratum split (kg),config/trial_design.yaml,75,file not cited
S23,body weight inclusion range (kg),config/trial_design.yaml,60~90,file not cited
S23,SD/SE M0 AUCinf_true boundary cells,results/oc_models/sd_se_models.csv,0.961~0.993,matched
S23,SD/SE M1 AUCinf_true boundary cells,results/oc_models/sd_se_models.csv,0.991~1.020,matched
S23,power k2016 S00 M1 P2,results/oc_models/power_models.csv,99.7% (95% CI 99.5~99.7),matched
S23,power k2016 S00 M0 P2,results/oc_models/power_models.csv,99.6% (95% CI 99.4~99.7),matched
S23,power k2016 S00 M1 F3B,results/oc_models/power_models.csv,99.6% (95% CI 99.5~99.7),matched
S23,M1 P2 maximum,results/oc_models/type1_models.csv,5.63% (95% CI 5.31~5.95),matched
S23,M0 P2 maximum,results/oc_models/type1_models.csv,5.18% (95% CI 4.88~5.50),matched
S23,"lambda-z estimable, two models",results/reliability/reliability_two_flag_sets_summary.csv,98.5~99.4%,not in key numbers
S23,"reliability criteria (i), two models",results/reliability/reliability_two_flag_sets_summary.csv,86.6~91.8%,matched
S23,criteria (i) exclusion k2016 wt_diff,results/sap/sap_exclusion_support.csv,1.1,file not cited
S23,criteria (i) exclusion k2020 wt_diff,results/sap/sap_exclusion_support.csv,0.8,file not cited
S23,criteria (i) exclusion k2016 true AUC0-inf GM ratio,results/sap/sap_exclusion_support.csv,0.81,file not cited
S23,criteria (i) exclusion k2020 true AUC0-inf GM ratio,results/sap/sap_exclusion_support.csv,0.79,file not cited
S23,rule B exclusion k2016,results/sap/sap_exclusion_support.csv,1.5,file not cited
S23,rule B exclusion k2020,results/sap/sap_exclusion_support.csv,0.6,file not cited
S23,M0 rule C set (i) largest with CI,results/criteria/criteria_g2_type1.csv,4.63% (95% CI 4.34~4.92),not in key numbers
S23,M1 rule C set (i) largest with CI,results/criteria/criteria_g2_type1.csv,5.06% (95% CI 4.76~5.37),not in key numbers
S23,M1 G2_C_i cells above 5% (point),results/criteria/criteria_g2_type1.csv,1,matched
S23,M1 G2_C_i cells with Wilson lower bound above 5%,results/criteria/criteria_g2_type1.csv,0,matched
S23,M0 rule C set (ii) largest (not used),results/criteria/criteria_g2_type1.csv,5.01%,not in key numbers
S23,M1 rule C set (ii) largest (not used),results/criteria/criteria_g2_type1.csv,5.39%,not in key numbers
S23,ADA sampling days after the pre-dose sample (non-zero entries),config/trial_design.yaml,"15, 29, 57",file not cited
S23,ADA-like subgroup share (%),config/trial_design.yaml,10%,file not cited
S23,ADA-like subgroup onset (day),config/trial_design.yaml,14,file not cited
S23,ADA-like subgroup linear elimination multiplier,config/trial_design.yaml,2,file not cited
S23,ADA-like subgroup median tlast (days),results/individual/individual_ada10_by_subgroup.csv,28.4,file not cited
S23,other subjects median tlast (days),results/individual/individual_ada10_by_subgroup.csv,34.7,file not cited
S23,ADA-like subgroup median true extrapolation (%),results/individual/individual_ada10_by_subgroup.csv,0.65,file not cited
S23,other subjects median true extrapolation (%),results/individual/individual_ada10_by_subgroup.csv,0.68,file not cited
S23,M0 F3B boundary type I error range,results/oc_models/type1_models.csv,0.00~3.57%,not in key numbers
S23,M1 F3B maximum,results/oc_models/type1_models.csv,3.95% (95% CI 3.59~4.35),not in key numbers
S23,M1 G2_B maximum,results/oc_models/type1_models.csv,16.03% (95% CI 15.32~16.76),not in key numbers
S23,M0 G2_B cells with point estimate above 5%,results/oc_models/type1_models.csv,8,not in key numbers
S23,M0 G2_B cells with Wilson lower bound above 5%,results/oc_models/type1_models.csv,6,consistent after rounding
S23,M1 F3A (set ii) boundary type I error range,results/oc_models/type1_models.csv,0.00~3.39%,not in key numbers
S23,M1 F3C (set ii) boundary type I error range,results/oc_models/type1_models.csv,0.00~5.16%,not in key numbers
S24,nominal type I error per one-sided test (%) = (1 - be.ci_level) / 2,config/trial_design.yaml,5%,file not cited
S24,criteria set (i) adj_r2_min,config/prereg_20260926.yaml,0.80,file not cited
S24,criteria set (iii) adj_r2_min,config/prereg_20260926.yaml,0.90,file not cited
S24,criteria set (i) extrap_max_pct,config/prereg_20260926.yaml,20,file not cited
S24,criteria set (iii) extrap_max_pct,config/prereg_20260926.yaml,20,file not cited
S24,"schedule B0, last (study day = days after dose + 1)",config/trial_design.yaml,57,file not cited
S24,"median true extrapolation, 2016 model (%)",results/rationale/pillar1_coverage_B0.csv,0.65%,matched
S24,"trial population, set (i) failing, two models",results/trialpop/tp_failure_by_set.csv,8.2~13.4%,matched
S24,boundary cells per configuration (M1),results/oc_models/type1_models.csv,16,not in key numbers
S24,M1 G2_Ai cells with point estimate above 5%,results/oc_models/type1_models.csv,10,not in key numbers
S24,M1 G2_Ai cells with Wilson lower bound above 5%,results/oc_models/type1_models.csv,8,not in key numbers
S24,M1 P2 cells classified conservative,results/oc_models/type1_models.csv,15,matched
S24,M1 P2 cells classified exceeding,results/oc_models/type1_models.csv,1,matched
S24,M1 P2 range,results/oc_models/type1_models.csv,0.00~5.63%,matched
S24,2020 V2 cell multiplier,results/oc_models/p2_decomposition_models.csv,2.28,file not cited
S24,2020 V2 cell P2 M1,results/oc_models/p2_decomposition_models.csv,5.63% (95% CI 5.31~5.95),file not cited
S24,2020 V2 AUC0-last bias M1,results/oc_models/p2_decomposition_models.csv,0.41%,file not cited
S24,2020 V2 cell P2 M0,results/oc_models/p2_decomposition_models.csv,5.18%,file not cited
S24,"trial population, set (iii) failing, two models",results/trialpop/tp_failure_by_set.csv,33.2~38.8%,matched
S24,"cliff length median, 2016 model (days)",results/cliff/cliff_summary.csv,1.38,not in key numbers
S24,daily sampling window of the cliff check (study days = days after dose + 1),config/oc_design.yaml,29~57,file not cited
S24,sample-count threshold in column name pct_ge3,results/cliff/cliff_points.csv,3,not in key numbers
S24,"daily sampling, 3 or more samples on the cliff, nominal days (%)",results/cliff/cliff_points.csv,0.0%,matched
S24,"daily sampling, 3 or more samples on the cliff, windowed times (%)",results/cliff/cliff_points.csv,7.5%,not in key numbers
S24,"LLOQ study day median, 2016 model",results/cliff/cliff_summary.csv,38.5,matched
S24,study-day threshold in column name lloq_after_day58_pct,results/cliff/cliff_summary.csv,58,matched
S24,"above LLOQ after Day 58, 2016 model (%)",results/cliff/cliff_summary.csv,2.5%,matched
S24,protocol CV (%),results/sample_size/ss_table_power.csv,43,matched
S24,sensitivity CV (%),results/sample_size/ss_table_power.csv,50,matched
S24,true GMR of the power table,results/sample_size/ss_table_power.csv,0.95,not in key numbers
S24,evaluable subjects per arm,config/trial_design.yaml,117,file not cited
S24,power n117 CV 43 M1,results/sample_size/ss_table_power.csv,94.5%,matched
S24,power n117 CV 43 M0,results/sample_size/ss_table_power.csv,94.0%,matched
S24,power n117 CV 50 M1,results/sample_size/ss_table_power.csv,88.0%,matched
S24,SD/SE M0,results/oc_models/sd_se_models.csv,0.961~0.993,matched
S24,SD/SE M1,results/oc_models/sd_se_models.csv,0.991~1.020,matched
S24,"95th percentile true extrapolation, 2016 model (%)",results/rationale/pillar1_coverage_B0.csv,3.63%,matched
S24,"median NCA extrapolation, 2016 model (%)",results/rationale/pillar1_coverage_B0.csv,2.7%,not in key numbers
S24,M1 G2_Aii cells with point estimate above 5%,results/oc_models/type1_models.csv,12,not in key numbers
S24,M1 G2_Aii maximum,results/oc_models/type1_models.csv,27.44% (95% CI 26.57~28.32),not in key numbers
S24,M0 G2_Ai cells with point estimate above 5%,results/oc_models/type1_models.csv,8,not in key numbers
S24,"true AUC0-inf ratio target, exceeding cell",results/oc_models/type1_models.csv,0.80,not in key numbers
S24,2016 model V2 multiplier for the same target,results/oc_models/type1_models.csv,3.21,not in key numbers
S24,2020 V2 cell trials M1,results/oc_models/p2_decomposition_models.csv,"20,000",file not cited
S24,"M1 P2 V2 cell at the pre-specified 10,000 trials",results/oc_models/extension_decision_models.csv,5.74% (95% CI 5.30~6.21),file not cited
S24,2020 V2 unbiased reference M1,results/oc_models/p2_decomposition_models.csv,4.94%,file not cited
S24,2020 V2 AUC0-last alone M1,results/oc_models/p2_decomposition_models.csv,5.65%,file not cited
S24,2020 V2 Cmax term M1 (points),results/oc_models/p2_decomposition_models.csv,-0.02,file not cited
S24,2020 V2 cell P2 M0,results/oc_models/p2_decomposition_models.csv,5.18% (95% CI 4.88~5.50),file not cited
S24,"trial population, set (iv) failing, two models",results/trialpop/tp_failure_by_set.csv,65.9~72.5%,matched
S24,"LLOQ study day median, 2020 model",results/cliff/cliff_summary.csv,40.8,not in key numbers
S24,"above LLOQ after Day 58, 2020 model (%)",results/cliff/cliff_summary.csv,4.6%,not in key numbers
S24,power n117 CV 50 M0,results/sample_size/ss_table_power.csv,87.2%,matched
S24,target power (%),results/sample_size/ss_table_n_needed.csv,90,matched
S24,n_evaluable_per_arm M1 CV 43 target 90,results/sample_size/ss_table_n_needed.csv,97,matched
S24,n_evaluable_per_arm M0 CV 43 target 90,results/sample_size/ss_table_n_needed.csv,100,matched
S24,n_evaluable_per_arm M1 CV 50 target 90,results/sample_size/ss_table_n_needed.csv,126,matched
S24,n_evaluable_per_arm M0 CV 50 target 90,results/sample_size/ss_table_n_needed.csv,129,matched
S24,power k2016 S00 M1 P2,results/oc_models/power_models.csv,99.7% (95% CI 99.5~99.7),matched
S24,power k2016 S00 M0 P2,results/oc_models/power_models.csv,99.6% (95% CI 99.4~99.7),matched
S24,"P2 M1 minus M0, range (points)",results/oc_models/type1_paired_change.csv,0.00~0.45,file not cited
S24,"P2 M1 minus M0, mean (points)",results/oc_models/type1_paired_change.csv,0.30,file not cited
S25,window coverage threshold (%) of the column coverage_lt80_pct,results/curve_shape/curve_shape_B0.csv,80,file not cited
S25,"Km (mg/L), fixed in both models",config/params_typical.yaml,0.01,file not cited
S25,"Km multipliers, both arms, curve-shape variants",config/scenarios.yaml,0.5~10,file not cited
S25,"Vmax multipliers, both arms, non-stress curve-shape variants",config/scenarios.yaml,0.8~1.25,file not cited
S25,"share below 80% window coverage, non-stress curve-shape variants (all equal)",results/curve_shape/curve_shape_B0.csv,0.00%,file not cited
S25,smallest 95th-percentile coverage (100 - max 95th percentile of true extrapolation) over both models and non-stress curve-shape variants,results/curve_shape/curve_shape_B0.csv,94.7,file not cited
S25,Km multipliers searched in the test arm (range ends),results/oc/inversion_all.csv,0.01~100,matched
S25,true AUC0-inf ratio range over Km x0.01 to x100 (range ends and reached rows),results/oc/inversion_all.csv,0.999~1.059,matched
S25,"Cmax sim/obs range, 2016",results/step1/step1b_quant_gate.csv,1.08~1.27,file not cited
S25,"Cmax sim/obs range, 2020",results/step1_k2020/step1b_quant_gate.csv,1.00~1.17,file not cited
S25,"largest Cmax over-prediction (%), 2016 model, study presentation",results/step1/step1b_quant_gate.csv,27,file not cited
S25,"largest Cmax over-prediction (%), 2016 model, 300 mg data sets",results/step1/step1b_quant_gate.csv,16,file not cited
S25,"largest Cmax over-prediction (%), 2020 model, study presentation",results/step1_k2020/step1b_quant_gate.csv,17,file not cited
S25,"largest Cmax over-prediction (%), 2020 model, 300 mg data sets",results/step1_k2020/step1b_quant_gate.csv,7,file not cited
S25,dose of the data set with the largest Cmax ratio (mg),results/step1/step1b_quant_gate.csv,600,file not cited
S25,dose (mg),config/trial_design.yaml,300,file not cited
S25,dose of the 175 mg/mL external data sets (mg),results/step1/step1b_quant_gate.csv,200,file not cited
S25,concentration of the 200 mg presentation (mg/mL),results/step1/step1b_quant_gate.csv,175,file not cited
S25,concentration of the study presentation (mg/mL),results/step1/step1b_quant_gate.csv,150,file not cited
S25,volume of the study presentation (mL),results/step1/step1b_quant_gate.csv,2,file not cited
S25,"observed median tmax, 200 mg (175 mg/mL) data sets (day)",results/step1/step1b_quant_gate.csv,3.0~3.1,file not cited
S25,"simulated median tmax, 200 mg data sets, 2016 (day)",results/step1/step1b_quant_gate.csv,7,file not cited
S25,"observed median tmax, study presentation (day)",results/step1/step1b_quant_gate.csv,7.0,file not cited
S25,"AUC0-last sim/obs, 200 mg (175 mg/mL) data sets, 2016",results/step1/step1b_quant_gate.csv,0.82~0.91,file not cited
S25,"AUC0-last sim/obs, 200 mg (175 mg/mL) data sets, 2020",results/step1_k2020/step1b_quant_gate.csv,0.90~1.00,file not cited
S25,ADA-like subgroup share (%),config/trial_design.yaml,10,file not cited
S25,ADA-like onset (day after dose),config/trial_design.yaml,14,file not cited
S25,ADA-like ke multiplier,config/trial_design.yaml,2,file not cited
S25,"ADA-like subgroup, median true extrapolation (%)",results/individual/individual_ada10_by_subgroup.csv,0.65,file not cited
S25,"other subjects, median true extrapolation (%)",results/individual/individual_ada10_by_subgroup.csv,0.68,file not cited
S25,"ADA-like subgroup, window coverage below 80% (%)",results/individual/individual_ada10_by_subgroup.csv,0.00,file not cited
S25,lambda-z windows identical over all comparisons,results/nca_engine/engine_validation_summary.csv,"3,054 / 3,054",matched
S25,largest relative parameter difference,results/nca_engine/engine_validation_summary.csv,4.9×10⁻¹³,not in key numbers
S25,independent human QC status,regulatory/tables/verification_qc.csv,PENDING (sponsor),file not cited
S25,percentile level of the column extrap_true_p95,results/curve_shape/curve_shape_B0.csv,95,file not cited
S25,"Km variants, median true extrapolation",results/curve_shape/curve_shape_B0.csv,0.40~0.67%,file not cited
S25,"Km variants, 95th percentile of true extrapolation",results/curve_shape/curve_shape_B0.csv,2.79~3.67%,file not cited
S25,"Vmax variants, 95th percentile of true extrapolation",results/curve_shape/curve_shape_B0.csv,2.80~5.29%,file not cited
S25,Vmax multiplier of the stress test,config/scenarios.yaml,0.5,file not cited
S25,"stress test, 95th percentile of true extrapolation",results/curve_shape/curve_shape_B0.csv,6.41%,file not cited
S25,"stress test, window coverage below 80%",results/curve_shape/curve_shape_B0.csv,0.035%,file not cited
S25,only reachable Km target ratio,results/oc/inversion_all.csv,1.05,matched
S25,"Km multiplier reaching the target, 2016",results/oc/inversion_all.csv,84,not in key numbers
S25,"Km multiplier reaching the target, 2020",results/oc/inversion_all.csv,92,not in key numbers
S25,"Cmax sim/obs, 200 mg data sets, 2016",results/step1/step1b_quant_gate.csv,0.92~1.01,file not cited
S25,"Cmax sim/obs, 200 mg data sets, 2020",results/step1_k2020/step1b_quant_gate.csv,0.86~0.94,file not cited
S25,"ADA-like subgroup, median tlast (day)",results/individual/individual_ada10_by_subgroup.csv,28.4,file not cited
S25,"other subjects, median tlast (day)",results/individual/individual_ada10_by_subgroup.csv,34.7,file not cited
S25,study-presentation data sets,results/step1/step1b_quant_gate.csv,5,file not cited
S25,Vmax multiplier of the non-stress variant outside the exposure check,config/scenarios.yaml,0.8,file not cited
S25,evaluable subjects per arm,config/trial_design.yaml,117,file not cited
S26,study LLOQ (mg/L),config/assay.yaml,0.078,file not cited
S26,LLOQ sensitivity range (mg/L),config/assay.yaml,0.02~0.50,file not cited
S26,window coverage threshold (%) of the column coverage_lt80_pct,results/lloq/lloq_individual_table.csv,80,matched
S26,"LLOQ grid, window coverage below 80%, 2016 model",results/lloq/lloq_individual_table.csv,0.00~0.01%,matched
S26,LLOQ grid M1 P2 range,results/lloq/lloq_trial_type1.csv,2.60~4.62%,matched
S26,Day 1 post-dose sampling time (day after dose),config/trial_design.yaml,0.25,file not cited
S26,Day 1 post-dose sampling time (hours after dose = value x 24),config/trial_design.yaml,6,file not cited
S26,body weight mean (kg),config/trial_design.yaml,75,file not cited
S26,body weight SD (kg),config/trial_design.yaml,9,file not cited
S26,boundary cells in the LLOQ trials,results/lloq/lloq_trial_type1.csv,3,consistent after rounding
S26,LLOQ trials per cell,results/lloq/lloq_trial_type1.csv,"5,000",not in key numbers
S26,randomized subjects per arm,config/trial_design.yaml,130,file not cited
S26,"visit window, first post-dose interval (hours)",config/trial_design.yaml,2,file not cited
S26,visit window thereafter (days),config/trial_design.yaml,1,file not cited
S26,randomization stratum split (kg),config/trial_design.yaml,75,file not cited
S26,evaluable subjects per arm,config/trial_design.yaml,117,file not cited
S26,protocol CV (%),config/prereg_20260926.yaml,43,file not cited
S26,true GMR of the power row,results/sample_size/ss_table_power.csv,0.95,not in key numbers
S26,"P2 power at the protocol n, M1",results/sample_size/ss_table_power.csv,94.5%,matched
S26,target power (%),results/sample_size/ss_table_n_needed.csv,90,matched
S26,"n per arm for the higher target, M1",results/sample_size/ss_table_n_needed.csv,97,matched
S26,target power (%),results/sample_size/ss_table_n_needed.csv,85,matched
S26,"n per arm for the lower target, M1",results/sample_size/ss_table_n_needed.csv,83,matched
S26,assay LLOQ status,config/assay.yaml,assumption,file not cited
S26,LLOQ 0.02 fixed k2016 reliable_no_span_pct,results/lloq/lloq_individual_table.csv,84.2%,matched
S26,LLOQ 0.078 fixed k2016 reliable_no_span_pct,results/lloq/lloq_individual_table.csv,86.6%,matched
S26,LLOQ 0.5 fixed k2016 reliable_no_span_pct,results/lloq/lloq_individual_table.csv,88.0%,matched
S26,LLOQ grid M0 P2 range,results/lloq/lloq_trial_type1.csv,2.22~4.22%,matched
S26,"visit window, end of first interval (day after dose)",config/trial_design.yaml,1,file not cited
S26,"visit window, end of second interval (day after dose)",config/trial_design.yaml,14,file not cited
S26,"visit window, second interval (hours)",config/trial_design.yaml,6,file not cited
S26,body weight inclusion range (kg),config/trial_design.yaml,60~90,file not cited
S26,share male,config/trial_design.yaml,0.5,file not cited
S26,"P2 power at the protocol n, M0",results/sample_size/ss_table_power.csv,94.0%,matched
S26,"n per arm for the higher target, M0",results/sample_size/ss_table_n_needed.csv,100,matched
S26,"n per arm for the lower target, M0",results/sample_size/ss_table_n_needed.csv,85,matched
S26,sensitivity CV (%),config/prereg_20260926.yaml,50,file not cited
S26,"n per arm, higher target, sensitivity CV, M1",results/sample_size/ss_table_n_needed.csv,126,matched
A1,"agreement tolerance of the NCA mean ratio (points), from the judgment label",results/literature/literature_numeric.csv,3,file not cited
A1,"c300, simulated NCA minus published mean ratio (points), 2016 and 2020",results/literature/literature_numeric.csv,-1.5 / -1.5,file not cited
A1,"c300, mean body weight of the simulated cohort (kg)",results/step1/step1g_literature_coverage.csv,59.9,file not cited
A1,"c300, source label",results/step1/step1g_literature_coverage.csv,Clot 2021 Table 3,file not cited
A1,"c300, dose (mg)",results/literature/literature_numeric.csv,300,file not cited
A1,"c300, published mean AUC0-last/AUC0-inf ratio",results/literature/literature_numeric.csv,98.1%,file not cited
A1,"c300, simulated NCA mean ratio, 2016",results/literature/literature_numeric.csv,96.7%,file not cited
A1,"c300, simulated NCA mean ratio, 2020",results/literature/literature_numeric.csv,96.7%,file not cited
A1,"c300, simulated true mean ratio, 2016",results/literature/literature_numeric.csv,99.2%,file not cited
A1,"c300, simulated true mean ratio, 2020",results/literature/literature_numeric.csv,99.1%,file not cited
A1,"pkm, simulated NCA minus published mean ratio (points), 2016 and 2020",results/literature/literature_numeric.csv,0.3 / 0.4,file not cited
A1,"pkm, mean body weight of the simulated cohort (kg)",results/step1/step1g_literature_coverage.csv,78.0,file not cited
A1,"pkm, source label",results/step1/step1g_literature_coverage.csv,FDA BLA 761055 Table 4.2.c (PKM12350),file not cited
A1,"pkm, dose (mg)",results/literature/literature_numeric.csv,300,file not cited
A1,"pkm, published mean AUC0-last/AUC0-inf ratio",results/literature/literature_numeric.csv,96.0%,file not cited
A1,"pkm, simulated NCA mean ratio, 2016",results/literature/literature_numeric.csv,96.2%,file not cited
A1,"pkm, simulated NCA mean ratio, 2020",results/literature/literature_numeric.csv,96.4%,file not cited
A1,"pkm, simulated true mean ratio, 2016",results/literature/literature_numeric.csv,99.0%,file not cited
A1,"pkm, simulated true mean ratio, 2020",results/literature/literature_numeric.csv,99.1%,file not cited
A1,"c600, simulated NCA minus published mean ratio (points), 2016 and 2020",results/literature/literature_numeric.csv,-5.8 / -5.3,file not cited
A1,"c600, mean body weight of the simulated cohort (kg)",results/step1/step1g_literature_coverage.csv,58.3,file not cited
A1,"c600, source label",results/step1/step1g_literature_coverage.csv,Clot 2021 Table 3,file not cited
A1,"c600, dose (mg)",results/literature/literature_numeric.csv,600,file not cited
A1,"c600, published mean AUC0-last/AUC0-inf ratio",results/literature/literature_numeric.csv,98.1%,file not cited
A1,"c600, simulated NCA mean ratio, 2016",results/literature/literature_numeric.csv,92.3%,file not cited
A1,"c600, simulated NCA mean ratio, 2020",results/literature/literature_numeric.csv,92.8%,file not cited
A1,"c600, simulated true mean ratio, 2016",results/literature/literature_numeric.csv,96.8%,file not cited
A1,"c600, simulated true mean ratio, 2020",results/literature/literature_numeric.csv,96.9%,file not cited
A1,"c200, simulated NCA minus published mean ratio (points), 2016 and 2020",results/literature/literature_numeric.csv,0.0 / 0.4,file not cited
A1,"c200, mean body weight of the simulated cohort (kg)",results/step1/step1g_literature_coverage.csv,62.2,file not cited
A1,"c200, source label",results/step1/step1g_literature_coverage.csv,Clot 2021 Table 3,file not cited
A1,"c200, dose (mg)",results/literature/literature_numeric.csv,200,file not cited
A1,"c200, published mean AUC0-last/AUC0-inf ratio",results/literature/literature_numeric.csv,94.6%,file not cited
A1,"c200, simulated NCA mean ratio, 2016",results/literature/literature_numeric.csv,94.6%,file not cited
A1,"c200, simulated NCA mean ratio, 2020",results/literature/literature_numeric.csv,95.0%,file not cited
A1,"c200, simulated true mean ratio, 2016",results/literature/literature_numeric.csv,98.6%,file not cited
A1,"c200, simulated true mean ratio, 2020",results/literature/literature_numeric.csv,98.7%,file not cited
A1,dose (mg),config/trial_design.yaml,300,file not cited
A1,dose of the lower-coverage literature row (mg),results/literature/literature_numeric.csv,600,file not cited
A1,"Clot 300 mg, simulated NCA mean ratio in subjects meeting the criteria, 2016",results/step1/step1g_literature_coverage.csv,97.2%,file not cited
A1,"Clot 300 mg, median of simulated cohort median tlast, 2016 (day)",results/step1/step1g_literature_coverage.csv,38.5,file not cited
A1,"Clot 300 mg, median of simulated cohort median tlast, 2020 (day)",results/step1_k2020/step1g_literature_coverage.csv,42.0,file not cited
A1,"Clot 300 mg, published median tlast (day), from the literature label",results/literature/literature_numeric.csv,42,file not cited
A1,PKM12350 test arm published AUC0-t and AUC0-inf (from the note),results/literature/literature_numeric.csv,488 / 554,file not cited
A1,"simulated subjects per literature condition, 2016",results/step1/step1g_literature_coverage.csv,"16,000",file not cited
A2,"PKM14161 test arm, published mean AUC0-last (Li 2020 Table 3)",config/design_clot2021.yaml,587,file not cited
A2,"PKM14161 reference arm, published mean AUC0-last (Li 2020 Table 3)",config/design_clot2021.yaml,575,file not cited
A2,"PKM14161 published median tmax (day), same in both arms",config/design_clot2021.yaml,7.0,file not cited
A2,dose (mg),config/trial_design.yaml,300,file not cited
A2,"PKM14161 test, sim/obs AUC0-last, 2016",results/step1/step1f_300mg_arm_check.csv,0.97,file not cited
A2,"PKM14161 reference, sim/obs AUC0-last, 2016",results/step1/step1f_300mg_arm_check.csv,0.99,file not cited
A2,"PKM14161 test, sim/obs AUC0-last, 2020",results/step1_k2020/step1f_300mg_arm_check.csv,1.06,file not cited
A2,"PKM14161 reference, sim/obs AUC0-last, 2020",results/step1_k2020/step1f_300mg_arm_check.csv,1.08,file not cited
A2,AUC0-last mean tolerance of the validation (%),config/design_clot2021.yaml,15,file not cited
A2,Cohen 2022 dose (mg),config/design_clot2021.yaml,200,file not cited
A2,Cohen 2022 concentration (mg/mL),results/step1/step1b_quant_gate.csv,175,file not cited
A2,Cohen 2022 autoinjector n,config/design_clot2021.yaml,62,file not cited
A2,Cohen 2022 prefilled syringe n,config/design_clot2021.yaml,63,file not cited
A2,"Cohen 2022 autoinjector, published mean AUC0-last (Table 2)",config/design_clot2021.yaml,311,file not cited
A2,"Cohen 2022 prefilled syringe, published mean AUC0-last (Table 2)",config/design_clot2021.yaml,284,file not cited
A2,Cohen 2022 AUC0-last GMR,config/design_clot2021.yaml,1.11,file not cited
A2,Cohen 2022 AUC0-last GMR 90% CI,config/design_clot2021.yaml,0.96~1.28,file not cited
A2,Cohen 2022 implied log SD of AUC0-last,results/step1/step1d_cohen2022_logsd.csv,0.49,file not cited
A2,"MSB11456 IV study, randomized healthy adults",config/literature_precedents.yaml,128,file not cited
A2,"MSB11456 IV study, test arm n",config/literature_precedents.yaml,62,file not cited
A2,"MSB11456 IV study, reference arm n",config/literature_precedents.yaml,66,file not cited
A2,"MSB11456 IV study, dose (mg/kg)",config/literature_precedents.yaml,8,file not cited
A2,"MSB11456 IV study, last sampling day",config/literature_precedents.yaml,48,file not cited
A2,"MSB11456 IV study, infusion duration (h)",config/literature_precedents.yaml,1,file not cited
A2,"MSB11456 IV study, geometric LS mean ratio (%) and 90% CI, AUC0-last",config/literature_precedents.yaml,103.34% (98.53~108.37),file not cited
A2,"MSB11456 IV study, geometric LS mean ratio (%) and 90% CI, AUC0-inf",config/literature_precedents.yaml,103.15% (97.86~108.73),file not cited
A2,"MSB11456 IV study, geometric LS mean ratio (%) and 90% CI, Cmax",config/literature_precedents.yaml,101.48% (97.23~105.92),file not cited
A2,Cohen 2022 mean body weight (kg),config/design_clot2021.yaml,80.6,file not cited
A2,Cohen 2022 median tmax (day),config/design_clot2021.yaml,3.00,file not cited
A2,"Cohen 2022 sim/obs AUC0-last, 2016",results/step1/step1b_quant_gate.csv,0.84~0.91,file not cited
A2,"MSB11456 IV study, DOI",config/literature_precedents.yaml,10.1080/1744666X.2023.2174104,file not cited
A2,"MSB11456 IV study, publication year",config/literature_precedents.yaml,2023,file not cited
A2,"MSB11456 IV study, published online",config/literature_precedents.yaml,2023-02-13,file not cited
A2,"MSB11456 IV study, PubMed ID",config/literature_precedents.yaml,36715299,file not cited
A3,"reference body weight for Vc (kg), both models",config/params_typical.yaml,75,file not cited
A3,"2016 model, Vc (L at 75 kg)",config/params_typical.yaml,2.74,file not cited
A3,"2016 model, weight exponent on Vc",config/params_typical.yaml,0.705,file not cited
A3,"2016 model, ke (1/day)",config/params_typical.yaml,0.0459,file not cited
A3,"2016 model, k12 (1/day)",config/params_typical.yaml,0.0652,file not cited
A3,"2016 model, k21 (1/day)",config/params_typical.yaml,0.129,file not cited
A3,"2016 model, ka (1/day)",config/params_typical.yaml,0.254,file not cited
A3,"2016 model, F",config/params_typical.yaml,0.607,file not cited
A3,"2016 model, Vmax (mg/L/day)",config/params_typical.yaml,0.968,file not cited
A3,"2016 model, Km (mg/L), fixed",config/params_typical.yaml,0.01,file not cited
A3,"2016 model, IIV variance Vc",config/params_variability.yaml,0.0225,file not cited
A3,"2016 model, IIV variance ke",config/params_variability.yaml,0.131,file not cited
A3,"2016 model, IIV variance ka",config/params_variability.yaml,0.251,file not cited
A3,"2016 model, IIV variance Vmax",config/params_variability.yaml,0.0428,file not cited
A3,"2020 Model 1, Vc (L at 75 kg)",config/params_k2020_model1.yaml,2.48,file not cited
A3,"2020 Model 1, weight exponent on Vc",config/params_k2020_model1.yaml,0.711,file not cited
A3,"2020 Model 1, ke (1/day)",config/params_k2020_model1.yaml,0.0534,file not cited
A3,"2020 Model 1, k12 (1/day)",config/params_k2020_model1.yaml,0.213,file not cited
A3,"2020 Model 1, k21 (1/day)",config/params_k2020_model1.yaml,0.310,file not cited
A3,"2020 Model 1, ka (1/day)",config/params_k2020_model1.yaml,0.256,file not cited
A3,"2020 Model 1, F",config/params_k2020_model1.yaml,0.643,file not cited
A3,"2020 Model 1, Vmax (mg/L/day)",config/params_k2020_model1.yaml,1.07,file not cited
A3,"2020 Model 1, Km (mg/L), fixed",config/params_k2020_model1.yaml,0.01,file not cited
A3,"2020 Model 1, IIV variance Vc",config/params_k2020_model1.yaml,0.0369,file not cited
A3,"2020 Model 1, IIV variance ke",config/params_k2020_model1.yaml,0.0812,file not cited
A3,"2020 Model 1, IIV variance ka",config/params_k2020_model1.yaml,0.2247,file not cited
A3,"2020 Model 1, IIV variance Vmax",config/params_k2020_model1.yaml,0.0557,file not cited
A3,"2016 model, CL = ke x Vc at 75 kg (L/day), derived",config/params_typical.yaml,0.126,file not cited
A3,"2016 model, Q = k12 x Vc at 75 kg (L/day), derived",config/params_typical.yaml,0.179,file not cited
A3,"2016 model, peripheral volume = Vc x k12 / k21 at 75 kg (L), derived",config/params_typical.yaml,1.38,file not cited
A3,"2020 Model 1, CL = ke x Vc at 75 kg (L/day), derived",config/params_k2020_model1.yaml,0.132,file not cited
A3,"2020 Model 1, Q = k12 x Vc at 75 kg (L/day), derived",config/params_k2020_model1.yaml,0.528,file not cited
A3,"2020 Model 1, peripheral volume = Vc x k12 / k21 at 75 kg (L), derived",config/params_k2020_model1.yaml,1.70,file not cited
A3,"2020 Model 1, number of transit compartments",config/params_k2020_model1.yaml,3,file not cited
A3,"2020 Model 1, mean transit time (day)",config/params_k2020_model1.yaml,0.105,file not cited
A3,"2020 Model 1, IIV variance MTT",config/params_k2020_model1.yaml,0.2756,file not cited
A3,"2016 model, proportional residual (%)",config/params_variability.yaml,24.2%,file not cited
A3,"2020 Model 1, proportional residual (%)",config/params_k2020_model1.yaml,15.0%,file not cited
A3,"additive residual SD (mg/L), fixed, both models",config/params_variability.yaml,0.03,file not cited
A3,study LLOQ (mg/L),config/assay.yaml,0.078,file not cited
A3,"2020 Model 1, IIV SD Vc (Supplementary Table 2)",config/params_k2020_model1.yaml,0.192,file not cited
A3,"2020 Model 1, IIV SD ke (Supplementary Table 2)",config/params_k2020_model1.yaml,0.285,file not cited
A3,"2020 Model 1, IIV SD ka (Supplementary Table 2)",config/params_k2020_model1.yaml,0.474,file not cited
A3,"2020 Model 1, IIV SD Vmax (Supplementary Table 2)",config/params_k2020_model1.yaml,0.236,file not cited
A3,"2020 Model 1, IIV SD MTT (Supplementary Table 2)",config/params_k2020_model1.yaml,0.525,file not cited
A3,variability sensitivity: multiplier on all IIV variances,config/params_variability.yaml,1.5,file not cited
A3,residual sensitivity: alternative proportional residual (%),config/params_variability.yaml,12%,file not cited
A4,criteria set (i) adj_r2_min,config/prereg_20260926.yaml,0.80,file not cited
A4,criteria set (iii) adj_r2_min,config/prereg_20260926.yaml,0.90,file not cited
A4,public SAP NCT04117607: adjusted R-squared at least,config/prereg_20260926.yaml,0.90,file not cited
A4,public SAP NCT04441905: adjusted R-squared at least,config/prereg_20260926.yaml,0.90,file not cited
A4,public SAP NCT04700163: adjusted R-squared above,config/prereg_20260926.yaml,0.90,file not cited
A4,lambda-z minimum points,config/nca_rules.yaml,3,file not cited
A4,lambda-z adjusted R-squared tie tolerance,config/nca_rules.yaml,0.0001,file not cited
A4,BLQ before the first quantifiable value is set to zero,config/nca_rules.yaml,0,file not cited
A4,lambda-z windows identical over all comparisons,results/nca_engine/engine_validation_summary.csv,"3,054/3,054",matched
A4,largest relative parameter difference (scientific notation),results/nca_engine/engine_validation_summary.csv,4.9×10⁻¹³,not in key numbers
A4,NonCompart version (renv.lock),regulatory/tables/software_environment.csv,0.8.4,file not cited
A4,PKNCA version (renv.lock),regulatory/tables/software_environment.csv,0.12.1,file not cited
A4,Theoph profiles,results/nca_engine/engine_validation_summary.csv,12,not in key numbers
A4,Indometh profiles,results/nca_engine/engine_validation_summary.csv,6,not in key numbers
A4,simulated profiles,results/nca_engine/engine_validation_summary.csv,"1,000",not in key numbers
A4,profiles per engine comparison (Theoph + Indometh + simulated),results/nca_engine/engine_validation_summary.csv,"1,018",not in key numbers
A4,engine pairs compared per data set,results/nca_engine/engine_validation_summary.csv,3,not in key numbers
A4,criteria set (i) adj_r2_min,config/prereg_20260926.yaml,0.80,file not cited
A4,criteria set (ii) adj_r2_min,config/prereg_20260926.yaml,0.80,file not cited
A4,criteria set (iii) adj_r2_min,config/prereg_20260926.yaml,0.90,file not cited
A4,criteria set (iv) adj_r2_min,config/prereg_20260926.yaml,0.90,file not cited
A4,criteria set (i) extrap_max_pct,config/prereg_20260926.yaml,20,file not cited
A4,criteria set (ii) extrap_max_pct,config/prereg_20260926.yaml,20,file not cited
A4,criteria set (iii) extrap_max_pct,config/prereg_20260926.yaml,20,file not cited
A4,criteria set (iv) extrap_max_pct,config/prereg_20260926.yaml,20,file not cited
A4,criteria set (ii) span_ratio_min,config/prereg_20260926.yaml,2,file not cited
A4,criteria set (iv) span_ratio_min,config/prereg_20260926.yaml,3,file not cited
A4,criteria set (i) extrap_max_pct,config/prereg_20260926.yaml,20,file not cited
A4,criteria set (ii) span_ratio_min,config/prereg_20260926.yaml,2,file not cited
A4,criteria set (iv) span_ratio_min,config/prereg_20260926.yaml,3,file not cited
A5,"smallest coverage of the true AUC0-inf by the sampling window in patients failing criteria set (iii), three model variants, rounded down to 0.1 (%)",results/atopic/atopic_coverage_failing.csv,78.9,not in key numbers
A5,body weight inclusion range (kg),config/trial_design.yaml,60~90,file not cited
A5,lower bound of the weight band flagged as possibly outside the model development data (kg),results/weight_generalization/weight_bands_B0_abcd.csv,130,file not cited
A5,"weight bands, 2016 model, reliable under set (i), lightest band",results/weight_generalization/weight_bands_B0_abcd.csv,90.8%,file not cited
A5,"weight bands, 2016 model, reliable under set (i), heaviest band",results/weight_generalization/weight_bands_B0_abcd.csv,70.9%,file not cited
A5,"weight bands, 2020 Model 1, reliable under set (i), lightest band",results/weight_generalization/weight_bands_B0_abcd.csv,94.1%,file not cited
A5,"weight bands, 2020 Model 1, reliable under set (i), heaviest band",results/weight_generalization/weight_bands_B0_abcd.csv,82.0%,file not cited
A5,true extrapolation median range across weight bands,results/weight_generalization/weight_bands_B0_abcd.csv,0.51~1.40%,file not cited
A5,largest coverage below 80% across weight bands (%),results/weight_generalization/weight_bands_B0_abcd.csv,0.01%,file not cited
A5,window coverage threshold in column name coverage_lt80_pct (percent),results/weight_generalization/weight_bands_B0_abcd.csv,80,file not cited
A5,"uniform weight bands, lowest and highest bound (kg)",results/weight_generalization/weight_bands_B0_abcd.csv,40~150,file not cited
A5,subjects per weight band,results/weight_generalization/weight_bands_B0_abcd.csv,"20,000",file not cited
A5,dropouts heavier than retained subjects (kg),results/weight_generalization/obese_trials_dropout_a.csv,3.2~6.4,file not cited
A5,weight threshold in column name below_60 (kg),results/atopic/atopic_weight_table.csv,60,matched
A5,weight threshold in column name above_90 (kg),results/atopic/atopic_weight_table.csv,90,matched
A5,"atopic population, 2016 model, share failing criteria set (i)",results/atopic/atopic_criteria_by_band.csv,14.9%,matched
A5,"atopic population, 2016 model, share failing criteria set (iii)",results/atopic/atopic_criteria_by_band.csv,39.5%,matched
A5,"atopic, three variants, set i, band all, fail_pct",results/atopic/atopic_criteria_by_band.csv,8.9~15.3%,matched
A5,"atopic, three variants, set iii, band all, fail_pct",results/atopic/atopic_criteria_by_band.csv,33.6~39.8%,matched
A5,"patients failing set iii: window_fail_median x 100, three variants",results/atopic/atopic_coverage_failing.csv,99.5~99.8%,matched
A5,"primary weight distribution, simulated, share outside 60 to 90 kg",results/atopic/atopic_weight_table.csv,40.4%,not in key numbers
A5,"primary weight distribution, simulated, share below 60 kg",results/atopic/atopic_weight_table.csv,16.2%,matched
A5,"primary weight distribution, simulated, share above 90 kg",results/atopic/atopic_weight_table.csv,24.2%,matched
A5,"atopic placeholder distribution, mean (kg)",config/population_atopic.yaml,78,file not cited
A5,"atopic placeholder distribution, SD (kg)",config/population_atopic.yaml,19,file not cited
A5,"share of the primary distribution above 130 kg (analytic, truncated)",config/population_atopic.yaml,1.2,file not cited
A5,"atopic placeholder distribution, truncation (kg)",config/population_atopic.yaml,40~180,file not cited
A5,"primary weight distribution, simulated, share above 100 kg",results/atopic/atopic_weight_table.csv,12.9%,matched
A5,weight threshold in column name above_100 (kg),results/atopic/atopic_weight_table.csv,100,matched
A5,"sensitivity weight distributions, set i",results/atopic/atopic_criteria_by_band.csv,8.5~15.6%,not in key numbers
A5,"sensitivity weight distributions, set iii",results/atopic/atopic_criteria_by_band.csv,33.1~40.1%,not in key numbers
A5,"atopic, base, set i, band below 60",results/atopic/atopic_criteria_by_band.csv,9.7%,matched
A5,"atopic, base, set i, band above 100",results/atopic/atopic_criteria_by_band.csv,23.6%,matched
A5,"atopic trials, bias of AUClast GMR, M0",results/atopic/atopic_trials_bias.csv,-0.94~0.39%,matched
A5,"atopic trials, bias of AUCinf_Ai GMR, M0",results/atopic/atopic_trials_bias.csv,-2.56~3.97%,matched
A5,"atopic trials, P2 and G2 A_i decision agreement, M0",results/atopic/atopic_trials_concordance.csv,66.9~96.7%,file not cited
A5,"atopic trials, test minus reference failing set i, VM125 (points)",results/atopic/atopic_trials_arm_failure.csv,4.59~6.99,file not cited
A5,atopic trials per scenario (pre-registered),config/prereg_20260926.yaml,"2,000",file not cited
A6,"runs before the fix, run numbers",results/ci/ci_failures_before.csv,1~71,file not cited
A6,runs before the fix (failed before any test),results/ci/ci_failures_before.csv,71,file not cited
A6,runs failed: no renv.lock in commit,results/ci/ci_failure_summary.csv,1,file not cited
A6,runs failed: xml2 missing for JunitReporter,results/ci/ci_failure_summary.csv,70,file not cited
A6,first run after the fix,results/ci/ci_runs_after_fix.csv,72,file not cited
A6,last tests run of the v1.0.1 record (v1.0.1 package commit),results/ci/ci_runs_v101.csv,98,file not cited
A6,"failed runs after the fix (strict-skip rule), run numbers",results/ci/ci_runs_v101.csv,87~91,file not cited
A6,run that fixed the strict-skip failures,results/ci/ci_runs_v101.csv,92,file not cited
A6,failed run of the deck record (environment setup),results/ci/ci_runs_deck.csv,99,file not cited
A6,run that fixed the deck-record failure,results/ci/ci_runs_deck.csv,100,file not cited
A6,latest tests run recorded (deck record),results/ci/ci_runs_deck.csv,101,file not cited
A6,tests runs after the fix with conclusion success (after_fix + v101 + deck),results/ci/ci_runs_v101.csv,21,file not cited
A6,tests runs after the fix with conclusion cancelled (after_fix + v101 + deck),results/ci/ci_runs_v101.csv,3,file not cited
A6,tests runs after the fix with conclusion failure (after_fix + v101 + deck),results/ci/ci_runs_v101.csv,6,file not cited
A6,GitHub reproducibility run: n_pass_github,results/repro/repro_github_run.csv,7,file not cited
A6,GitHub reproducibility run: n_items,results/repro/repro_github_run.csv,7,file not cited
A6,"GitHub reproducibility run: items (all pass, title)",results/repro/repro_github_run.csv,7,file not cited
A6,GitHub reproducibility run: n_identical_to_local_8sig,results/repro/repro_github_run.csv,7,file not cited
A6,significant digits in column name identical_to_local_8sig,results/repro/repro_github_items.csv,8,file not cited
A6,reproducibility items passing locally,results/repro/repro_check.csv,7,file not cited
A6,GitHub reproducibility run: run_number,results/repro/repro_github_run.csv,1,file not cited
A6,GitHub runner image,results/repro/repro_github_run.csv,ubuntu‑24.04,file not cited
A6,R version on the clean runner,results/repro/repro_github_run.csv,4.3.3,file not cited
A6,automated tests in the clean-environment run,results/repro/repro_github_run.csv,87,file not cited
A6,failed tests in the clean-environment run,results/repro/repro_github_run.csv,0,file not cited
A6,skipped tests in the clean-environment run,results/repro/repro_github_run.csv,5,file not cited
A6,printed values in the three regulatory documents,regulatory/tables/trace_summary.csv,656,file not cited
A6,"printed values, M&S report",regulatory/tables/trace_summary.csv,447,file not cited
A6,"printed values, FDA questions",regulatory/tables/trace_summary.csv,131,file not cited
A6,"printed values, SAP text proposals",regulatory/tables/trace_summary.csv,78,file not cited
A6,"source files, M&S report",regulatory/tables/trace_summary.csv,108,file not cited
A6,"table rows, M&S report",regulatory/tables/trace_summary.csv,68,file not cited
A6,"figure rows, M&S report",regulatory/tables/trace_summary.csv,12,file not cited
A6,"register oc: registered (UTC, commit)",regulatory/tables/prespecification_register.csv,09-24 13:28 (779e068),file not cited
A6,"register oc: first results (UTC, commit)",regulatory/tables/prespecification_register.csv,09-25 00:55 (b8a5351),file not cited
A6,"register s1: registered (UTC, commit)",regulatory/tables/prespecification_register.csv,09-25 10:00 (521645a),file not cited
A6,"register s1: first results (UTC, commit)",regulatory/tables/prespecification_register.csv,09-25 15:40 (5b94d3e),file not cited
A6,"register s2: registered (UTC, commit)",regulatory/tables/prespecification_register.csv,09-25 10:26 (211e8ed),file not cited
A6,"register s2: first results (UTC, commit)",regulatory/tables/prespecification_register.csv,09-25 15:18 (b207bf2),file not cited
A6,"register s3: registered (UTC, commit)",regulatory/tables/prespecification_register.csv,09-25 10:26 (211e8ed),file not cited
A6,"register s3: first results (UTC, commit)",regulatory/tables/prespecification_register.csv,09-25 15:45 (c0957a6),file not cited
A6,"register s4: registered (UTC, commit)",regulatory/tables/prespecification_register.csv,09-25 11:04 (325e63b),file not cited
A6,"register s4: first results (UTC, commit)",regulatory/tables/prespecification_register.csv,09-25 15:40 (5b94d3e),file not cited
A6,"register s6: registered (UTC, commit)",regulatory/tables/prespecification_register.csv,09-25 12:45 (bae3574),file not cited
A6,"register s6: first results (UTC, commit)",regulatory/tables/prespecification_register.csv,09-25 15:18 (b207bf2),file not cited
A6,"register s5: registered (UTC, commit)",regulatory/tables/prespecification_register.csv,09-25 11:04 (325e63b),file not cited
A6,"register s5: first results (UTC, commit)",regulatory/tables/prespecification_register.csv,09-25 12:12 (fa60914),file not cited
A6,year of every registration and first-result date in the table,regulatory/tables/prespecification_register.csv,2026,file not cited
A6,rows of the pre-specification register,regulatory/tables/prespecification_register.csv,23,file not cited
A6,register rows pre-specified,regulatory/tables/prespecification_register.csv,4,file not cited
A6,register rows pre-registered,regulatory/tables/prespecification_register.csv,6,file not cited
A6,register rows post hoc,regulatory/tables/prespecification_register.csv,7,file not cited
A6,"register rows with other statuses (changes, amendments, decisions)",regulatory/tables/prespecification_register.csv,6,file not cited
A6,GitHub reproducibility run: job duration (s),results/repro/repro_github_run.csv,143,file not cited
A6,rxode2 version on the clean runner,results/repro/repro_github_run.csv,5.1.7,file not cited
